node_id,actual_label,gcn_prediction,graphsage_prediction,actual_category,gcn_predicted_category,graphsage_predicted_category
346,24,24,10,,,
398,10,16,16,,,
451,24,24,24,,,
480,4,23,4,,,
488,20,34,20,,,
490,28,28,28,,,
526,16,16,16,,,
537,16,16,16,,,
540,16,16,16,,,
602,19,19,5,,,
616,16,16,16,,,
666,18,23,2,,,
682,24,24,10,,,
683,24,16,16,,,
685,24,36,24,,,
688,30,16,16,,,
690,16,16,16,,,
691,28,8,8,,,
692,27,27,27,,,
693,16,16,16,,,
694,25,16,16,,,
696,9,9,9,,,
697,39,19,36,,,
698,27,24,27,,,
699,8,28,4,,,
700,28,8,8,,,
701,24,16,16,,,
702,31,26,26,,,
703,24,24,24,,,
704,24,24,24,,,
705,28,8,28,,,
706,16,16,16,,,
707,26,26,31,,,
708,19,24,24,,,
709,5,5,5,,,
710,24,24,4,,,
711,24,24,24,,,
712,20,16,16,,,
713,16,16,16,,,
714,16,16,16,,,
715,16,16,16,,,
716,13,24,24,,,
717,34,34,34,,,
718,24,10,10,,,
719,16,24,24,,,
720,16,16,16,,,
721,16,16,16,,,
722,16,16,16,,,
723,24,24,24,,,
724,16,16,16,,,
725,28,28,28,,,
726,18,4,4,,,
727,24,24,24,,,
728,24,16,16,,,
729,16,16,16,,,
730,16,16,16,,,
731,30,30,30,,,
732,19,19,2,,,
733,26,26,26,,,
734,4,16,24,,,
735,28,28,28,,,
736,19,19,19,,,
737,19,19,19,,,
738,16,16,16,,,
739,24,10,10,,,
740,27,38,23,,,
741,6,16,16,,,
742,24,16,16,,,
743,16,16,16,,,
744,4,4,4,,,
745,16,16,16,,,
747,5,23,5,,,
748,16,16,16,,,
749,28,28,28,,,
750,16,16,16,,,
751,30,30,30,,,
752,16,16,16,,,
753,16,16,16,,,
754,22,34,34,,,
755,30,16,24,,,
756,16,16,16,,,
757,16,16,16,,,
758,4,4,4,,,
759,24,16,16,,,
760,2,19,19,,,
761,30,30,30,,,
762,16,16,16,,,
763,16,16,4,,,
764,28,28,28,,,
765,24,24,16,,,
766,30,30,26,,,
767,24,16,16,,,
768,16,16,16,,,
769,24,24,24,,,
770,24,16,24,,,
771,16,16,16,,,
772,16,16,16,,,
773,34,34,34,,,
774,16,16,16,,,
775,16,16,16,,,
776,3,38,3,,,
777,30,30,31,,,
778,24,24,24,,,
779,5,36,36,,,
780,39,2,2,,,
781,30,30,30,,,
782,24,16,16,,,
783,34,20,20,,,
784,4,4,4,,,
785,13,34,37,,,
786,24,24,24,,,
787,30,30,30,,,
788,24,24,24,,,
789,38,38,38,,,
790,24,16,16,,,
791,16,16,16,,,
792,24,24,24,,,
793,24,30,30,,,
794,24,30,31,,,
795,24,24,24,,,
796,24,24,24,,,
797,27,16,27,,,
798,24,30,30,,,
799,16,16,16,,,
800,24,24,24,,,
801,16,16,16,,,
802,3,3,4,,,
804,30,16,24,,,
811,30,30,30,,,
814,27,27,27,,,
829,30,30,30,,,
830,24,24,24,,,
832,24,24,24,,,
861,3,4,4,,,
870,29,28,28,,,
872,31,36,36,,,
877,23,4,4,,,
879,30,30,16,,,
882,16,16,16,,,
888,8,28,28,,,
897,6,24,24,,,
898,30,30,30,,,
906,31,16,16,,,
937,30,30,16,,,
962,24,16,16,,,
976,30,30,30,,,
977,24,24,24,,,
978,24,24,24,,,
984,16,16,16,,,
993,2,37,37,,,
995,30,30,30,,,
1004,1,16,16,,,
1011,10,31,23,,,
1012,39,9,2,,,
1018,24,24,24,,,
1033,22,2,22,,,
1045,5,23,10,,,
1046,20,20,20,,,
1071,27,16,27,,,
1089,24,24,24,,,
1091,31,30,30,,,
1092,16,16,16,,,
1093,24,16,16,,,
1094,16,16,16,,,
1095,11,26,26,,,
1096,27,24,27,,,
1098,16,16,24,,,
1099,30,30,30,,,
1100,24,16,16,,,
1101,30,30,30,,,
1102,16,16,16,,,
1103,27,24,10,,,
1104,34,34,34,,,
1105,4,4,4,,,
1106,16,16,16,,,
1107,23,23,23,,,
1108,36,36,36,,,
1109,16,16,16,,,
1112,24,24,24,,,
1113,7,28,28,,,
1114,8,28,28,,,
1117,24,10,24,,,
1118,37,26,26,,,
1119,24,24,24,,,
1120,24,24,24,,,
1121,2,10,2,,,
1122,30,30,30,,,
1123,34,34,34,,,
1124,24,10,10,,,
1125,24,24,24,,,
1126,16,16,16,,,
1127,16,16,16,,,
1128,9,9,9,,,
1129,5,8,8,,,
1130,24,24,10,,,
1131,23,23,23,,,
1132,16,16,16,,,
1133,16,16,30,,,
1134,24,16,16,,,
1135,30,30,30,,,
1136,31,30,30,,,
1137,16,16,16,,,
1138,33,2,33,,,
1139,5,34,34,,,
1140,16,16,16,,,
1141,16,16,16,,,
1142,8,8,37,,,
1143,24,10,10,,,
1144,4,4,4,,,
1145,16,16,16,,,
1146,24,16,16,,,
1147,28,28,28,,,
1148,10,3,10,,,
1149,2,2,2,,,
1150,16,16,16,,,
1151,30,30,30,,,
1152,24,16,16,,,
1153,16,16,16,,,
1154,16,16,16,,,
1155,36,36,36,,,
1156,16,30,16,,,
1157,20,20,20,,,
1158,16,16,16,,,
1159,24,30,16,,,
1160,24,24,16,,,
1161,27,10,27,,,
1162,4,24,4,,,
1163,24,24,24,,,
1164,11,19,19,,,
1165,9,34,34,,,
1166,16,16,16,,,
1167,6,38,26,,,
1168,4,24,24,,,
1170,16,16,16,,,
1171,16,16,16,,,
1172,16,16,16,,,
1173,10,24,19,,,
1174,24,24,24,,,
1175,10,37,37,,,
1176,30,30,30,,,
1177,10,10,10,,,
1178,16,16,16,,,
1179,30,30,30,,,
1180,8,5,8,,,
1181,28,28,28,,,
1182,24,24,24,,,
1183,34,34,34,,,
1184,34,34,34,,,
1185,6,10,36,,,
1186,24,24,24,,,
1187,5,4,4,,,
1189,24,16,16,,,
1190,24,16,16,,,
1191,30,30,30,,,
1192,2,24,10,,,
1193,16,16,16,,,
1194,2,33,33,,,
1195,24,24,26,,,
1196,4,16,16,,,
1197,6,10,10,,,
1198,34,34,34,,,
1199,16,16,16,,,
1200,34,34,34,,,
1201,24,24,24,,,
1202,30,30,30,,,
1203,27,24,27,,,
1204,16,16,16,,,
1205,16,16,16,,,
1206,8,5,5,,,
1207,22,2,2,,,
1208,24,16,16,,,
1209,39,20,20,,,
1210,10,16,16,,,
1211,30,30,10,,,
1212,24,10,2,,,
1213,26,34,34,,,
1214,24,24,10,,,
1215,24,16,16,,,
1216,24,30,30,,,
1217,30,30,16,,,
1218,24,5,5,,,
1219,36,10,36,,,
1220,24,24,24,,,
1221,30,30,30,,,
1222,24,24,16,,,
1223,16,16,16,,,
1224,16,16,16,,,
1225,24,24,24,,,
1226,30,26,26,,,
1227,11,10,27,,,
1228,34,34,34,,,
1229,28,28,28,,,
1230,27,16,27,,,
1231,16,16,16,,,
1232,16,23,28,,,
1233,38,38,38,,,
1234,16,16,16,,,
1235,24,24,24,,,
1236,16,16,16,,,
1237,18,24,13,,,
1238,16,30,16,,,
1239,24,24,24,,,
1240,16,16,16,,,
1241,16,16,16,,,
1242,5,5,5,,,
1243,28,28,28,,,
1244,24,30,30,,,
1245,34,24,24,,,
1246,16,16,16,,,
1247,31,30,30,,,
1248,27,24,24,,,
1249,16,16,16,,,
1250,23,23,38,,,
1251,16,16,16,,,
1252,16,16,16,,,
1253,16,16,16,,,
1254,24,24,10,,,
1255,24,24,10,,,
1256,16,16,16,,,
1257,24,16,24,,,
1258,24,16,16,,,
1259,16,24,24,,,
1260,24,24,24,,,
1261,25,16,25,,,
1262,39,34,34,,,
1263,8,28,28,,,
1264,30,16,16,,,
1265,24,24,24,,,
1266,5,5,5,,,
1267,2,2,2,,,
1268,9,34,9,,,
1269,28,28,28,,,
1270,16,16,16,,,
1271,7,16,24,,,
1272,27,5,27,,,
1273,28,28,28,,,
1274,31,4,30,,,
1275,28,28,28,,,
1276,30,24,30,,,
1277,4,23,4,,,
1278,11,36,36,,,
1279,34,34,34,,,
1280,16,16,16,,,
1281,30,30,30,,,
1282,28,28,28,,,
1283,16,16,16,,,
1284,28,8,8,,,
1285,15,5,5,,,
1286,24,24,10,,,
1287,4,4,4,,,
1288,27,24,10,,,
1289,24,24,10,,,
1290,4,5,8,,,
1291,16,16,16,,,
1292,10,24,10,,,
1293,28,28,28,,,
1294,25,16,30,,,
1295,24,24,24,,,
1296,36,36,36,,,
1297,11,24,10,,,
1298,16,16,16,,,
1299,16,16,16,,,
1300,9,34,34,,,
1301,2,2,2,,,
1302,16,16,16,,,
1303,15,24,24,,,
1304,28,28,28,,,
1305,24,30,30,,,
1306,4,4,16,,,
1307,36,34,36,,,
1308,5,5,5,,,
1309,29,19,8,,,
1310,27,24,27,,,
1311,16,16,16,,,
1312,24,24,24,,,
1313,24,10,10,,,
1314,10,10,10,,,
1315,34,34,34,,,
1316,24,10,24,,,
1317,34,34,34,,,
1318,30,30,30,,,
1319,16,16,27,,,
1320,16,16,16,,,
1321,34,9,26,,,
1322,30,30,30,,,
1323,30,30,30,,,
1324,16,16,16,,,
1325,24,24,24,,,
1327,24,24,24,,,
1328,16,16,16,,,
1329,16,16,16,,,
1330,20,20,34,,,
1707,27,19,19,,,
1833,4,26,26,,,
1874,34,34,34,,,
1875,16,16,16,,,
1912,16,16,16,,,
1921,23,23,23,,,
1930,30,30,30,,,
1938,16,16,16,,,
1940,28,28,28,,,
1944,16,16,16,,,
1956,18,4,4,,,
1958,16,16,16,,,
1965,8,28,28,,,
1978,31,36,36,,,
1980,4,4,4,,,
1984,30,24,30,,,
1985,16,16,16,,,
1991,20,20,20,,,
1993,24,16,24,,,
1995,37,31,31,,,
1996,30,30,30,,,
1997,24,24,24,,,
1998,5,16,16,,,
1999,24,24,24,,,
2000,31,30,31,,,
2001,16,16,16,,,
2002,16,16,16,,,
2003,24,24,24,,,
2004,16,16,16,,,
2005,16,16,16,,,
2006,16,16,16,,,
2007,16,16,16,,,
2008,8,8,5,,,
2009,8,16,28,,,
2010,8,8,8,,,
2011,30,30,30,,,
2012,16,16,16,,,
2013,5,5,5,,,
2014,28,28,28,,,
2015,37,37,5,,,
2016,4,4,4,,,
2017,34,9,9,,,
2018,26,26,26,,,
2019,36,26,26,,,
2020,9,34,34,,,
2021,24,24,24,,,
2022,5,5,5,,,
2023,10,10,27,,,
2024,32,5,5,,,
2025,36,4,4,,,
2026,1,16,16,,,
2027,27,16,27,,,
2028,28,28,28,,,
2029,26,26,26,,,
2030,27,16,27,,,
2031,16,24,24,,,
2032,16,16,16,,,
2033,16,16,16,,,
2034,5,5,5,,,
2035,16,24,16,,,
2036,16,16,16,,,
2037,27,16,16,,,
2038,8,5,8,,,
2039,36,5,24,,,
2041,16,16,16,,,
2042,24,24,24,,,
2043,16,24,16,,,
2044,30,30,30,,,
2045,16,16,16,,,
2046,28,4,4,,,
2047,16,16,16,,,
2048,24,16,16,,,
2049,39,39,39,,,
2050,16,16,16,,,
2051,24,10,10,,,
2052,16,16,16,,,
2053,24,24,10,,,
2054,24,24,24,,,
2055,29,16,16,,,
2056,16,16,16,,,
2057,30,30,30,,,
2058,24,24,24,,,
2059,24,10,10,,,
2060,16,16,16,,,
2061,30,30,30,,,
2062,16,30,30,,,
2063,16,30,16,,,
2064,16,16,16,,,
2065,8,8,8,,,
2066,30,30,30,,,
2067,34,34,34,,,
2068,24,31,31,,,
2069,4,4,4,,,
2070,31,24,30,,,
2071,24,16,16,,,
2072,5,23,5,,,
2073,24,16,16,,,
2074,24,10,10,,,
2075,16,16,16,,,
2076,16,16,16,,,
2078,36,36,36,,,
2079,8,24,24,,,
2080,16,16,16,,,
2081,24,16,16,,,
2082,4,28,28,,,
2083,33,10,10,,,
2084,24,24,24,,,
2085,10,30,30,,,
2086,28,24,28,,,
2087,16,16,16,,,
2088,36,36,36,,,
2089,22,10,10,,,
2090,30,30,30,,,
2091,10,37,37,,,
2092,24,30,30,,,
2093,24,24,24,,,
2095,16,16,16,,,
2096,24,24,24,,,
2097,24,16,16,,,
2098,24,24,10,,,
2099,16,16,16,,,
2100,19,4,4,,,
2101,4,28,4,,,
2102,24,24,4,,,
2103,24,34,24,,,
2104,10,10,10,,,
2105,24,16,16,,,
2106,30,30,30,,,
2107,4,4,4,,,
2108,24,24,24,,,
2109,28,28,28,,,
2110,24,16,16,,,
2111,16,16,16,,,
2112,16,16,16,,,
2117,16,16,24,,,
2128,24,16,16,,,
2156,30,30,30,,,
2158,24,24,24,,,
2182,24,16,24,,,
2184,16,16,16,,,
2187,23,30,30,,,
2202,37,5,5,,,
2208,30,30,30,,,
2218,20,34,20,,,
2231,20,20,20,,,
2243,30,30,30,,,
2244,28,28,28,,,
2245,16,24,16,,,
2250,16,16,16,,,
2259,2,2,2,,,
2262,24,24,24,,,
2266,26,26,26,,,
2278,39,34,34,,,
2293,26,26,26,,,
2294,34,34,34,,,
2298,2,37,2,,,
2318,30,30,30,,,
2321,10,10,24,,,
2347,30,30,30,,,
2366,8,5,8,,,
2367,30,30,30,,,
2368,16,16,16,,,
2378,16,16,16,,,
2379,29,28,28,,,
2381,16,16,16,,,
2383,10,10,10,,,
2384,24,16,16,,,
2386,28,8,8,,,
2387,34,34,34,,,
2388,32,34,34,,,
2389,24,16,16,,,
2390,6,24,37,,,
2391,16,16,24,,,
2392,16,16,16,,,
2393,16,16,16,,,
2394,9,28,9,,,
2395,16,16,16,,,
2396,24,16,16,,,
2397,34,34,34,,,
2398,16,16,16,,,
2402,24,10,10,,,
2403,30,30,30,,,
2404,38,38,38,,,
2405,10,3,10,,,
2408,16,16,16,,,
2409,24,24,24,,,
2410,24,16,16,,,
2411,30,30,30,,,
2412,24,24,24,,,
2413,30,30,30,,,
2414,16,16,16,,,
2415,16,16,16,,,
2416,16,16,16,,,
2417,23,10,30,,,
2418,16,24,24,,,
2419,4,4,8,,,
2420,5,5,5,,,
2421,31,30,30,,,
2422,4,4,4,,,
2423,24,10,24,,,
2424,24,16,16,,,
2425,3,26,3,,,
2426,24,30,30,,,
2427,16,16,16,,,
2428,6,26,3,,,
2429,24,24,24,,,
2430,24,16,30,,,
2431,2,2,2,,,
2432,30,30,30,,,
2433,16,16,16,,,
2434,2,10,10,,,
2435,23,4,8,,,
2436,16,16,16,,,
2437,16,16,16,,,
2438,4,4,4,,,
2439,30,30,30,,,
2440,13,16,16,,,
2441,16,16,16,,,
2442,16,16,16,,,
2443,16,16,16,,,
2444,30,30,30,,,
2445,10,23,19,,,
2446,23,24,31,,,
2447,16,16,16,,,
2448,34,34,34,,,
2449,36,36,36,,,
2451,30,30,30,,,
2452,16,16,16,,,
2453,27,16,27,,,
2454,27,27,27,,,
2455,24,24,24,,,
2456,10,10,10,,,
2457,8,8,8,,,
2458,24,24,24,,,
2459,4,23,4,,,
2460,16,16,16,,,
2461,28,9,24,,,
2462,16,16,16,,,
2463,27,27,27,,,
2464,36,36,36,,,
2465,27,19,27,,,
2466,16,16,16,,,
2467,24,26,26,,,
2468,24,24,24,,,
2469,28,28,28,,,
2471,24,24,24,,,
2472,34,34,34,,,
2473,28,16,28,,,
2474,36,36,36,,,
2475,15,5,5,,,
2476,11,24,10,,,
2477,24,24,24,,,
2478,28,9,9,,,
2479,24,24,10,,,
2480,16,16,16,,,
2481,24,24,24,,,
2482,3,36,36,,,
2483,24,16,16,,,
2484,27,27,27,,,
2485,16,16,16,,,
2486,16,16,16,,,
2487,25,16,16,,,
2488,24,24,30,,,
2489,26,26,26,,,
2490,24,16,24,,,
2491,27,24,10,,,
2492,27,16,16,,,
2493,24,24,24,,,
2494,1,16,16,,,
2495,16,16,16,,,
2496,24,16,16,,,
2497,5,24,24,,,
2498,24,24,24,,,
2499,2,2,2,,,
2500,16,30,30,,,
2501,5,8,8,,,
2502,13,24,24,,,
2503,28,28,28,,,
2504,31,24,31,,,
2505,16,16,16,,,
2506,23,2,2,,,
2507,27,27,27,,,
2508,16,16,16,,,
2509,28,28,28,,,
2510,27,16,16,,,
2511,4,4,4,,,
2512,16,16,16,,,
2513,16,16,16,,,
2514,27,16,27,,,
2515,10,36,26,,,
2516,2,2,2,,,
2517,18,26,13,,,
2518,4,8,8,,,
2519,34,34,34,,,
2520,34,33,9,,,
2521,30,30,30,,,
2522,34,24,34,,,
2523,24,16,16,,,
2524,16,16,16,,,
2525,16,16,30,,,
2526,27,16,27,,,
2527,16,16,16,,,
2528,24,16,16,,,
2529,16,16,16,,,
2530,16,16,16,,,
2531,16,16,16,,,
2532,34,34,34,,,
2533,16,24,24,,,
2534,31,26,26,,,
2535,28,28,28,,,
2536,24,24,24,,,
2537,2,2,2,,,
2538,10,30,16,,,
2539,24,24,10,,,
2540,3,10,10,,,
2541,31,24,31,,,
2542,8,16,16,,,
2543,16,16,16,,,
2544,16,16,16,,,
2545,26,16,16,,,
2546,24,16,16,,,
2547,16,16,16,,,
2548,28,28,28,,,
2549,16,16,16,,,
2550,8,5,8,,,
2551,9,9,9,,,
2552,25,16,30,,,
2553,16,16,16,,,
2554,24,24,16,,,
2555,16,16,16,,,
2556,8,8,5,,,
2557,8,26,26,,,
2558,23,23,22,,,
2559,24,16,13,,,
2560,7,16,5,,,
2561,25,16,16,,,
2562,28,28,28,,,
2563,4,4,4,,,
2564,16,16,16,,,
2565,27,24,27,,,
2566,19,9,2,,,
2567,24,30,30,,,
2568,8,8,8,,,
2569,30,30,30,,,
2570,4,16,16,,,
2571,24,24,24,,,
2572,16,16,16,,,
2573,24,16,24,,,
2574,24,24,24,,,
2575,30,16,16,,,
2576,36,36,36,,,
2577,16,16,16,,,
2578,16,16,16,,,
2579,10,10,10,,,
2580,16,16,16,,,
2581,26,26,26,,,
2582,16,16,16,,,
2583,24,24,24,,,
2584,28,8,28,,,
2585,16,16,16,,,
2586,28,28,28,,,
2588,24,24,24,,,
2589,30,30,30,,,
2590,4,4,4,,,
2591,5,24,24,,,
2592,26,26,26,,,
2593,38,30,30,,,
2594,22,23,23,,,
2595,28,28,28,,,
2596,24,24,24,,,
2597,18,10,13,,,
2598,24,16,24,,,
2599,18,24,24,,,
2600,16,30,24,,,
2601,24,16,16,,,
2602,6,3,36,,,
2603,22,24,10,,,
2604,16,16,16,,,
2605,13,24,24,,,
2606,28,8,8,,,
2607,4,4,4,,,
2608,16,16,16,,,
2609,4,2,10,,,
2610,34,34,34,,,
2611,24,24,10,,,
2612,27,16,16,,,
2613,11,24,10,,,
2614,30,24,30,,,
2615,27,27,27,,,
2616,2,24,10,,,
2617,28,28,28,,,
2618,30,30,30,,,
2619,16,16,16,,,
2620,4,4,4,,,
2621,36,4,36,,,
2622,16,16,16,,,
2623,4,4,4,,,
2624,29,5,30,,,
2625,16,16,16,,,
2626,2,2,2,,,
2627,16,16,16,,,
2628,16,16,16,,,
2629,16,16,16,,,
2630,16,16,16,,,
2979,16,16,16,,,
3098,1,16,16,,,
3102,16,16,16,,,
3141,16,16,16,,,
3173,19,24,24,,,
3200,26,16,26,,,
3206,37,16,16,,,
3248,16,16,16,,,
3256,25,16,16,,,
3262,16,16,16,,,
3271,31,24,31,,,
3296,30,30,30,,,
3297,10,24,10,,,
3298,19,24,24,,,
3299,33,2,2,,,
3300,16,16,16,,,
3301,16,16,16,,,
3302,28,28,28,,,
3303,16,16,16,,,
3304,24,16,16,,,
3305,24,16,16,,,
3306,31,24,24,,,
3307,16,16,16,,,
3308,13,16,24,,,
3309,16,16,16,,,
3310,28,28,28,,,
3311,4,5,8,,,
3314,24,16,16,,,
3315,30,30,30,,,
3316,28,28,28,,,
3317,24,24,24,,,
3318,16,16,16,,,
3319,4,24,24,,,
3320,24,24,16,,,
3321,38,38,38,,,
3322,30,24,30,,,
3323,16,16,16,,,
3324,16,16,16,,,
3325,34,34,34,,,
3326,16,16,16,,,
3327,6,30,30,,,
3328,34,36,36,,,
3329,19,19,8,,,
3330,19,19,19,,,
3331,26,26,31,,,
3332,9,34,39,,,
3334,16,16,24,,,
3335,16,16,16,,,
3336,23,23,23,,,
3337,16,16,16,,,
3338,16,16,16,,,
3339,16,16,16,,,
3340,3,23,4,,,
3341,28,28,28,,,
3342,28,28,28,,,
3343,8,24,24,,,
3344,16,16,16,,,
3345,16,16,24,,,
3346,16,16,16,,,
3347,28,8,8,,,
3348,24,10,10,,,
3349,16,24,16,,,
3350,27,16,27,,,
3351,5,34,5,,,
3352,23,22,22,,,
3353,10,10,10,,,
3354,19,19,19,,,
3355,16,16,27,,,
3356,16,16,16,,,
3357,27,27,27,,,
3358,24,24,24,,,
3359,16,16,16,,,
3360,16,16,16,,,
3361,24,24,10,,,
3362,24,24,24,,,
3363,13,24,24,,,
3364,24,24,24,,,
3365,30,30,30,,,
3366,16,16,16,,,
3367,16,16,16,,,
3368,24,24,24,,,
3369,24,24,24,,,
3370,29,34,5,,,
3371,37,5,4,,,
3372,4,4,4,,,
3373,24,16,16,,,
3374,7,16,16,,,
3375,24,24,24,,,
3376,16,16,16,,,
3377,26,26,26,,,
3378,24,24,24,,,
3379,24,24,24,,,
3380,16,16,16,,,
3381,16,16,16,,,
3382,13,16,24,,,
3383,23,3,23,,,
3384,16,16,16,,,
3385,24,24,24,,,
3386,5,5,5,,,
3387,24,24,24,,,
3388,30,30,30,,,
3389,5,8,8,,,
3390,27,30,16,,,
3391,24,10,24,,,
3392,24,34,34,,,
3393,16,16,16,,,
3394,24,24,4,,,
3395,4,5,5,,,
3396,24,16,4,,,
3397,16,16,16,,,
3398,16,16,16,,,
3399,28,28,28,,,
3401,37,37,37,,,
3402,16,16,16,,,
3411,28,28,8,,,
3439,10,24,10,,,
3441,24,24,24,,,
3450,16,16,16,,,
3453,24,24,24,,,
3488,36,36,36,,,
3499,34,34,39,,,
3510,28,28,28,,,
3512,27,27,27,,,
3517,16,30,30,,,
3521,24,24,24,,,
3529,30,30,30,,,
3541,24,24,24,,,
3555,24,10,10,,,
3574,16,24,16,,,
3579,39,39,39,,,
3585,30,30,30,,,
3586,16,16,16,,,
3593,23,23,23,,,
3599,33,2,33,,,
3609,16,16,16,,,
3619,24,24,24,,,
3642,16,16,16,,,
3652,24,24,30,,,
3653,26,30,30,,,
3655,4,4,4,,,
3656,16,16,24,,,
3658,30,16,16,,,
3660,16,16,16,,,
3661,28,10,24,,,
3662,3,26,26,,,
3663,34,34,34,,,
3664,16,16,16,,,
3665,2,2,2,,,
3666,16,16,16,,,
3667,24,24,24,,,
3668,28,28,28,,,
3669,26,26,26,,,
3670,16,16,16,,,
3671,13,24,24,,,
3672,13,24,24,,,
3673,30,30,30,,,
3674,30,30,30,,,
3676,30,30,30,,,
3678,6,16,16,,,
3680,16,16,16,,,
3681,27,24,10,,,
3682,24,24,16,,,
3683,6,10,24,,,
3684,30,30,30,,,
3685,7,28,27,,,
3686,16,16,16,,,
3687,3,3,6,,,
3688,30,30,30,,,
3689,24,24,19,,,
3690,24,16,16,,,
3691,24,24,24,,,
3692,6,16,16,,,
3693,27,27,27,,,
3694,4,4,8,,,
3695,16,16,16,,,
3696,24,26,23,,,
3697,34,34,10,,,
3698,16,16,16,,,
3699,24,30,30,,,
3700,30,30,16,,,
3701,24,10,10,,,
3702,18,13,5,,,
3703,30,30,30,,,
3704,16,16,16,,,
3705,10,30,30,,,
3706,30,30,30,,,
3707,31,30,30,,,
3708,16,16,16,,,
3709,11,10,10,,,
3710,24,24,24,,,
3711,23,23,5,,,
3712,16,16,16,,,
3713,34,34,34,,,
3714,24,24,4,,,
3715,16,16,16,,,
3716,15,16,16,,,
3717,30,30,30,,,
3718,27,16,27,,,
3719,30,30,30,,,
3720,13,16,16,,,
3721,37,37,30,,,
3722,24,24,24,,,
3723,6,23,30,,,
3724,16,16,16,,,
3725,24,24,24,,,
3726,24,16,16,,,
3727,24,24,24,,,
3728,8,28,28,,,
3729,16,16,16,,,
3730,24,30,30,,,
3731,16,16,16,,,
3732,16,16,16,,,
3733,24,16,24,,,
3734,24,24,24,,,
3735,24,24,19,,,
3736,36,36,36,,,
3737,24,24,26,,,
3738,30,30,30,,,
3739,24,24,24,,,
3740,16,16,16,,,
3741,30,16,24,,,
3742,39,34,9,,,
3743,30,31,4,,,
3744,24,10,10,,,
3745,30,30,30,,,
3746,34,34,34,,,
3747,24,10,10,,,
3748,4,4,4,,,
3749,16,16,16,,,
3750,13,24,24,,,
3751,27,27,27,,,
3752,30,30,30,,,
3753,28,28,28,,,
3754,10,30,30,,,
3755,16,16,16,,,
3756,30,30,30,,,
3757,4,26,26,,,
3758,30,30,30,,,
3759,16,16,16,,,
3760,24,24,24,,,
3761,31,16,16,,,
3762,16,16,16,,,
3763,16,16,16,,,
3764,4,4,4,,,
3765,11,24,19,,,
3766,24,24,24,,,
3767,30,30,30,,,
3768,28,28,28,,,
3769,5,24,24,,,
3770,28,28,28,,,
3771,16,16,16,,,
3772,5,24,24,,,
3773,16,16,16,,,
3774,24,10,24,,,
3775,30,30,30,,,
3776,27,16,16,,,
3777,24,24,24,,,
3778,16,24,24,,,
3779,30,30,30,,,
3780,16,16,16,,,
3781,5,34,34,,,
3782,10,10,10,,,
3783,24,24,24,,,
3784,30,30,30,,,
3785,10,10,10,,,
3786,36,36,36,,,
3787,4,24,4,,,
3788,30,30,30,,,
3789,24,24,24,,,
3790,10,30,30,,,
3791,24,24,24,,,
3792,16,16,16,,,
3793,16,16,16,,,
3794,24,24,24,,,
3795,23,23,37,,,
3796,30,30,30,,,
3797,13,24,24,,,
3798,28,28,28,,,
3799,16,24,16,,,
3800,34,34,34,,,
3801,24,24,24,,,
3802,28,8,28,,,
3803,24,24,26,,,
3804,24,24,10,,,
3805,30,30,30,,,
3806,28,28,28,,,
3807,27,27,27,,,
3810,28,28,28,,,
3811,30,30,30,,,
3812,28,5,8,,,
3813,24,24,24,,,
3814,25,16,16,,,
3815,24,24,24,,,
3817,24,16,24,,,
3818,28,28,28,,,
3819,26,26,26,,,
3820,16,16,16,,,
3821,4,4,4,,,
3822,5,5,26,,,
3823,16,16,16,,,
3824,13,16,16,,,
3825,29,23,5,,,
3826,24,24,24,,,
3827,24,16,24,,,
3828,31,30,30,,,
3829,24,24,24,,,
3830,16,16,16,,,
3831,30,30,30,,,
3832,24,24,24,,,
3833,24,16,16,,,
3834,16,16,16,,,
3835,24,30,30,,,
3836,28,28,28,,,
3837,28,28,28,,,
3838,17,16,16,,,
3839,27,27,27,,,
3840,38,38,38,,,
3841,4,4,4,,,
3842,6,31,30,,,
3843,6,16,16,,,
3844,16,16,16,,,
3845,10,2,2,,,
3846,28,28,28,,,
3847,4,16,4,,,
3848,31,10,10,,,
3849,30,30,30,,,
3850,24,30,30,,,
3851,16,16,16,,,
3852,30,30,30,,,
3853,16,16,16,,,
3854,24,4,4,,,
3855,16,16,16,,,
3856,26,24,26,,,
3857,30,30,30,,,
3858,24,10,10,,,
3859,16,30,16,,,
3860,36,36,36,,,
3861,3,4,4,,,
3862,8,8,8,,,
3863,8,8,8,,,
3864,36,10,36,,,
3865,16,16,16,,,
3866,24,24,24,,,
3867,16,16,16,,,
3868,36,36,36,,,
3869,16,16,16,,,
3870,16,16,16,,,
3871,30,30,30,,,
3872,24,24,24,,,
3873,30,30,30,,,
3874,16,16,16,,,
3875,16,16,16,,,
3876,16,16,16,,,
3877,27,16,27,,,
3878,30,30,30,,,
3879,24,24,24,,,
3880,16,16,16,,,
3881,21,16,16,,,
3882,16,16,16,,,
3883,16,16,16,,,
3884,8,5,4,,,
3885,4,4,8,,,
3886,24,24,10,,,
3887,34,34,34,,,
3888,36,36,34,,,
3889,16,16,16,,,
3890,34,26,26,,,
3891,16,30,30,,,
3892,3,24,10,,,
4281,16,16,24,,,
4433,7,19,5,,,
4442,29,8,28,,,
4449,28,28,28,,,
4530,30,30,30,,,
4535,10,24,24,,,
4536,24,16,16,,,
4538,28,28,28,,,
4562,8,8,26,,,
4564,1,16,16,,,
4570,16,16,16,,,
4581,8,8,8,,,
4585,24,24,24,,,
4589,16,16,16,,,
4594,16,16,16,,,
4596,10,10,10,,,
4597,21,4,8,,,
4598,16,24,24,,,
4599,16,16,16,,,
4600,27,16,27,,,
4601,9,34,34,,,
4603,27,16,16,,,
4604,24,10,10,,,
4605,24,24,24,,,
4606,4,36,4,,,
4607,33,34,34,,,
4608,30,30,30,,,
4609,8,26,4,,,
4610,16,16,16,,,
4611,16,24,16,,,
4612,16,16,16,,,
4613,33,16,5,,,
4614,16,16,16,,,
4615,23,4,4,,,
4616,16,16,16,,,
4617,4,26,4,,,
4618,27,24,16,,,
4619,28,28,28,,,
4620,8,8,28,,,
4621,27,24,10,,,
4622,24,24,10,,,
4623,16,16,16,,,
4624,9,34,34,,,
4626,19,19,19,,,
4627,13,16,16,,,
4628,27,16,16,,,
4629,28,16,28,,,
4630,24,24,24,,,
4631,24,24,24,,,
4632,16,16,16,,,
4633,37,24,37,,,
4634,16,16,16,,,
4635,24,16,24,,,
4636,10,2,2,,,
4637,16,16,16,,,
4638,24,24,24,,,
4639,16,16,16,,,
4640,24,16,16,,,
4641,16,16,16,,,
4642,34,34,24,,,
4643,19,27,27,,,
4644,16,16,16,,,
4645,27,10,19,,,
4646,36,36,4,,,
4647,16,16,16,,,
4648,34,34,34,,,
4649,16,24,27,,,
4650,16,16,16,,,
4651,27,10,10,,,
4652,32,16,16,,,
4653,16,16,16,,,
4654,30,30,30,,,
4655,34,34,34,,,
4656,27,24,27,,,
4657,13,26,10,,,
4658,28,28,8,,,
4659,24,34,24,,,
4660,16,16,16,,,
4661,23,23,22,,,
4662,16,16,16,,,
4663,8,8,8,,,
4664,30,30,30,,,
4665,8,8,8,,,
4666,24,24,26,,,
4667,27,16,16,,,
4668,24,24,16,,,
4669,8,8,8,,,
4670,26,26,26,,,
4671,24,24,10,,,
4672,16,16,16,,,
4673,11,27,27,,,
4674,19,10,10,,,
4675,16,16,16,,,
4676,24,16,16,,,
4677,37,34,37,,,
4678,24,16,16,,,
4679,16,16,16,,,
4680,16,16,16,,,
4681,16,16,16,,,
4682,30,30,30,,,
4683,16,16,16,,,
4684,24,16,16,,,
4685,34,34,20,,,
4686,24,24,24,,,
4687,19,19,19,,,
4688,34,34,39,,,
4689,30,30,30,,,
4709,16,16,16,,,
4724,30,30,30,,,
4729,16,16,16,,,
4730,30,30,30,,,
4760,16,16,20,,,
4766,30,30,30,,,
4794,26,24,24,,,
4795,30,30,30,,,
4797,16,16,16,,,
4803,10,10,10,,,
4813,16,16,16,,,
4819,28,5,28,,,
4825,30,30,30,,,
4833,31,24,24,,,
4860,4,4,16,,,
4865,30,30,30,,,
4900,1,16,16,,,
4910,30,30,30,,,
4918,31,30,30,,,
4926,24,10,10,,,
4934,30,30,30,,,
4938,1,31,4,,,
4950,4,4,4,,,
4954,19,5,8,,,
4955,10,16,16,,,
4956,24,24,24,,,
4957,24,24,24,,,
4960,28,8,28,,,
4961,22,30,30,,,
4962,4,4,4,,,
4963,16,16,16,,,
4964,8,28,28,,,
4965,4,4,4,,,
4966,16,16,16,,,
4967,16,16,16,,,
4968,6,16,16,,,
4969,34,34,20,,,
4970,16,16,16,,,
4971,31,31,31,,,
4972,16,16,16,,,
4973,34,34,34,,,
4974,5,34,34,,,
4975,24,30,30,,,
4978,16,16,16,,,
4979,24,24,24,,,
4980,36,10,10,,,
4981,5,4,8,,,
4984,24,24,24,,,
4985,6,30,30,,,
4986,27,16,16,,,
4987,34,5,5,,,
4988,16,16,16,,,
4989,16,24,24,,,
4990,24,10,10,,,
4991,34,34,34,,,
4992,16,16,16,,,
4993,1,24,24,,,
4994,26,24,26,,,
4995,22,2,22,,,
4996,4,24,10,,,
4997,34,34,34,,,
4998,4,4,4,,,
4999,16,16,16,,,
5000,16,16,16,,,
5001,4,36,4,,,
5002,3,4,4,,,
5003,16,16,16,,,
5004,18,24,24,,,
5005,24,10,10,,,
5006,16,16,16,,,
5007,23,3,30,,,
5008,5,4,4,,,
5009,16,16,16,,,
5010,30,30,30,,,
5011,24,24,24,,,
5012,30,30,30,,,
5013,16,16,16,,,
5014,24,24,10,,,
5015,27,24,24,,,
5016,8,8,8,,,
5017,4,16,26,,,
5018,2,28,9,,,
5019,24,24,24,,,
5020,34,34,34,,,
5021,16,16,16,,,
5022,28,28,28,,,
5023,31,24,24,,,
5024,16,16,16,,,
5025,32,19,5,,,
5026,16,16,16,,,
5027,30,30,30,,,
5028,24,24,10,,,
5029,24,16,27,,,
5030,24,24,24,,,
5031,33,2,2,,,
5032,16,16,16,,,
5033,30,30,30,,,
5034,6,31,3,,,
5035,24,24,24,,,
5036,16,16,16,,,
5037,24,24,4,,,
5038,16,16,16,,,
5039,24,24,10,,,
5040,16,16,16,,,
5041,5,5,5,,,
5042,28,28,28,,,
5043,28,8,28,,,
5044,24,16,24,,,
5045,13,24,24,,,
5046,24,24,24,,,
5047,27,16,27,,,
5048,24,24,24,,,
5049,16,16,16,,,
5050,13,24,24,,,
5051,16,16,16,,,
5052,4,5,5,,,
5053,30,30,30,,,
5054,24,24,24,,,
5055,4,37,37,,,
5056,24,24,24,,,
5057,30,30,30,,,
5058,24,24,24,,,
5059,30,30,30,,,
5060,24,24,19,,,
5061,24,36,36,,,
5062,24,16,16,,,
5063,30,30,30,,,
5064,13,24,24,,,
5065,2,2,2,,,
5066,30,30,30,,,
5067,24,24,10,,,
5068,4,23,23,,,
5069,31,24,31,,,
5070,24,24,30,,,
5071,30,30,30,,,
5072,16,16,16,,,
5073,4,4,4,,,
5074,16,16,16,,,
5075,30,16,16,,,
5076,24,24,10,,,
5077,16,16,16,,,
5078,24,16,24,,,
5079,24,24,27,,,
5080,24,24,24,,,
5081,38,38,38,,,
5082,24,24,24,,,
5083,26,26,26,,,
5084,1,30,24,,,
5085,27,30,27,,,
5086,8,8,8,,,
5087,16,16,16,,,
5088,28,28,28,,,
5089,28,4,28,,,
5090,34,34,34,,,
5091,4,16,16,,,
5092,10,24,10,,,
5093,24,10,10,,,
5094,2,10,10,,,
5095,30,16,16,,,
5096,24,24,4,,,
5097,24,24,24,,,
5098,24,24,24,,,
5099,16,16,16,,,
5100,24,24,24,,,
5101,16,16,16,,,
5102,30,30,30,,,
5103,30,30,30,,,
5104,30,10,10,,,
5105,28,28,28,,,
5106,30,30,10,,,
5107,28,28,34,,,
5108,30,30,30,,,
5109,16,16,16,,,
5110,24,24,24,,,
5111,9,34,36,,,
5112,10,30,16,,,
5113,4,36,4,,,
5114,30,16,16,,,
5115,11,19,19,,,
5116,16,16,16,,,
5117,16,16,16,,,
5118,16,16,16,,,
5119,36,36,36,,,
5120,16,16,16,,,
5121,16,16,16,,,
5122,8,28,28,,,
5123,16,16,16,,,
5124,27,30,27,,,
5125,16,16,16,,,
5126,24,24,24,,,
5127,16,16,16,,,
5128,13,10,24,,,
5129,16,16,16,,,
5130,5,4,5,,,
5131,16,16,16,,,
5132,16,16,16,,,
5133,24,24,24,,,
5134,26,24,24,,,
5135,4,4,4,,,
5136,16,16,16,,,
5137,31,30,24,,,
5138,16,16,16,,,
5139,16,16,16,,,
5140,16,16,16,,,
5141,28,28,28,,,
5142,28,28,28,,,
5143,16,16,16,,,
5144,31,30,30,,,
5145,24,24,28,,,
5146,8,8,8,,,
5147,16,16,16,,,
5148,32,37,24,,,
5149,24,24,26,,,
5150,28,28,28,,,
5151,24,24,24,,,
5152,16,16,16,,,
5153,30,30,30,,,
5154,16,16,16,,,
5155,28,28,28,,,
5156,24,30,30,,,
5157,30,30,30,,,
5158,3,30,30,,,
5159,24,24,24,,,
5160,24,24,24,,,
5161,4,4,4,,,
5162,24,24,24,,,
5163,16,16,16,,,
5164,24,16,16,,,
5165,28,28,28,,,
5166,10,24,24,,,
5167,25,30,30,,,
5168,9,9,9,,,
5169,24,36,36,,,
5170,24,24,24,,,
5171,3,10,10,,,
5172,28,28,28,,,
5173,30,30,30,,,
5174,27,16,27,,,
5175,37,16,16,,,
5176,6,24,10,,,
5177,4,16,16,,,
5178,24,24,24,,,
5179,10,30,30,,,
5180,24,24,24,,,
5181,24,26,3,,,
5182,30,30,30,,,
5183,24,24,24,,,
5184,30,30,30,,,
5185,26,30,30,,,
5186,16,16,24,,,
5187,24,24,24,,,
5188,24,16,16,,,
5189,28,16,16,,,
5190,4,24,4,,,
5191,4,16,4,,,
5192,16,16,16,,,
5193,30,30,30,,,
5194,23,30,30,,,
5195,24,16,24,,,
5196,16,16,16,,,
5197,16,16,16,,,
5198,8,8,8,,,
5199,16,16,16,,,
5453,30,30,30,,,
5718,4,4,4,,,
5771,24,24,24,,,
5782,16,16,16,,,
5788,8,8,8,,,
5789,27,16,16,,,
5791,4,4,4,,,
5816,8,28,8,,,
5827,16,16,27,,,
5844,28,28,28,,,
5848,16,16,16,,,
5849,16,24,24,,,
5850,13,16,24,,,
5851,19,19,24,,,
5852,1,16,16,,,
5853,4,4,4,,,
5854,24,24,24,,,
5855,5,24,24,,,
5856,28,28,28,,,
5857,23,30,30,,,
5858,16,16,16,,,
5859,16,16,16,,,
5860,27,10,10,,,
5861,6,30,30,,,
5862,16,16,16,,,
5863,13,34,24,,,
5865,24,30,30,,,
5866,24,24,24,,,
5867,10,30,30,,,
5868,16,16,16,,,
5869,9,34,34,,,
5870,25,16,16,,,
5871,31,26,31,,,
5872,28,28,28,,,
5873,24,24,24,,,
5874,27,27,27,,,
5875,33,2,9,,,
5876,16,16,16,,,
5877,6,16,16,,,
5878,28,28,8,,,
5879,16,16,16,,,
5880,24,16,4,,,
5881,19,24,24,,,
5882,6,30,30,,,
5883,26,38,38,,,
5884,28,28,28,,,
5885,24,24,24,,,
5886,24,24,24,,,
5887,28,28,28,,,
5888,36,34,28,,,
5889,16,16,16,,,
5890,16,16,16,,,
5891,16,16,16,,,
5892,16,16,16,,,
5893,16,16,16,,,
5894,10,10,10,,,
5895,16,16,16,,,
5896,27,27,27,,,
5897,10,10,10,,,
5898,1,16,16,,,
5899,16,16,16,,,
5900,24,24,24,,,
5901,8,28,8,,,
5902,4,4,4,,,
5903,16,16,16,,,
5904,34,34,5,,,
5905,16,16,16,,,
5906,16,16,16,,,
5907,4,4,4,,,
5908,7,16,27,,,
5909,34,34,34,,,
5910,28,28,28,,,
5911,24,30,30,,,
5913,27,24,27,,,
5914,25,16,16,,,
5915,13,24,24,,,
5916,16,16,16,,,
5917,16,16,16,,,
5918,23,30,30,,,
5919,20,34,34,,,
5920,24,24,24,,,
5921,16,16,16,,,
5922,16,16,16,,,
5923,39,9,9,,,
5924,4,4,4,,,
5925,28,8,8,,,
5926,34,34,34,,,
5927,3,5,19,,,
5928,24,34,34,,,
5929,21,36,36,,,
5930,16,16,16,,,
5931,23,23,5,,,
5932,24,24,24,,,
5933,16,16,16,,,
5934,16,16,16,,,
5935,24,5,5,,,
5936,28,28,28,,,
5937,31,16,16,,,
5938,28,28,28,,,
5939,3,24,24,,,
5940,16,16,16,,,
5941,19,19,19,,,
5942,27,24,27,,,
5943,24,24,24,,,
5944,24,10,36,,,
5945,16,16,16,,,
5946,16,16,16,,,
5947,16,16,16,,,
5948,37,5,4,,,
5949,11,24,10,,,
5950,24,24,24,,,
5951,37,37,5,,,
5952,24,16,16,,,
5953,16,16,16,,,
5954,16,16,16,,,
5956,19,19,19,,,
5957,16,16,16,,,
5959,16,16,16,,,
5960,30,30,30,,,
5961,24,16,16,,,
5962,30,30,30,,,
5966,30,30,30,,,
5967,24,16,16,,,
5978,30,30,30,,,
5986,8,8,8,,,
5987,24,24,10,,,
5994,13,16,27,,,
5997,36,34,34,,,
6007,16,16,16,,,
6017,30,30,30,,,
6030,39,34,39,,,
6033,24,34,34,,,
6053,28,28,28,,,
6069,34,34,34,,,
6088,16,16,16,,,
6093,16,16,16,,,
6095,30,30,30,,,
6103,27,16,27,,,
6126,15,5,5,,,
6133,16,16,16,,,
6139,4,8,4,,,
6142,28,28,28,,,
6148,6,10,10,,,
6152,27,5,8,,,
6153,36,28,36,,,
6158,24,16,24,,,
6184,16,16,16,,,
6187,25,16,16,,,
6203,34,34,39,,,
6207,36,36,36,,,
6216,30,30,30,,,
6218,30,30,30,,,
6220,31,24,31,,,
6221,23,2,22,,,
6222,16,16,16,,,
6224,16,16,16,,,
6225,2,2,2,,,
6226,4,23,23,,,
6227,16,16,16,,,
6228,16,16,16,,,
6229,10,24,24,,,
6230,26,26,26,,,
6231,4,24,10,,,
6232,16,16,16,,,
6233,22,10,10,,,
6234,16,16,16,,,
6235,27,27,27,,,
6236,16,16,16,,,
6237,34,34,34,,,
6239,16,16,16,,,
6240,30,30,30,,,
6241,16,16,16,,,
6242,16,16,16,,,
6243,37,10,10,,,
6244,30,30,30,,,
6245,16,16,16,,,
6246,3,16,24,,,
6247,28,28,28,,,
6248,30,30,30,,,
6249,16,16,16,,,
6250,28,24,28,,,
6251,16,16,16,,,
6252,30,30,30,,,
6253,24,16,16,,,
6254,24,24,24,,,
6255,16,16,27,,,
6256,16,16,16,,,
6257,24,31,26,,,
6258,20,20,20,,,
6259,16,16,16,,,
6260,30,30,30,,,
6261,28,28,28,,,
6262,28,28,28,,,
6263,11,26,11,,,
6264,16,16,16,,,
6265,16,24,24,,,
6266,8,4,8,,,
6267,16,24,16,,,
6268,4,4,4,,,
6269,30,24,30,,,
6270,24,24,24,,,
6271,16,16,16,,,
6272,30,30,30,,,
6273,20,20,20,,,
6274,24,24,24,,,
6275,24,34,34,,,
6276,27,5,27,,,
6277,24,24,24,,,
6278,26,26,26,,,
6279,24,24,24,,,
6280,30,24,30,,,
6281,16,16,16,,,
6282,27,16,19,,,
6283,24,16,16,,,
6284,27,27,27,,,
6285,16,16,16,,,
6286,16,16,16,,,
6287,10,2,2,,,
6288,16,16,16,,,
6289,24,24,24,,,
6290,4,16,16,,,
6291,24,24,24,,,
6292,27,5,19,,,
6293,28,28,28,,,
6294,27,27,27,,,
6295,24,24,24,,,
6296,24,16,24,,,
6297,24,24,24,,,
6298,9,34,34,,,
6299,37,4,4,,,
6300,24,30,30,,,
6301,11,30,10,,,
6302,8,16,16,,,
6303,16,16,16,,,
6304,24,24,10,,,
6305,6,23,27,,,
6306,2,2,2,,,
6307,16,16,16,,,
6308,4,4,4,,,
6309,28,28,28,,,
6310,4,4,4,,,
6311,31,16,16,,,
6312,37,37,37,,,
6313,24,24,24,,,
6314,30,26,30,,,
6315,30,30,30,,,
6316,8,19,24,,,
6317,16,16,16,,,
6318,24,24,24,,,
6319,16,16,16,,,
6320,23,23,10,,,
6321,23,24,24,,,
6322,16,16,16,,,
6323,16,16,16,,,
6324,30,30,31,,,
6325,17,16,16,,,
6326,24,24,24,,,
6327,23,30,30,,,
6328,5,23,5,,,
6329,25,16,16,,,
6330,3,3,3,,,
6331,28,28,28,,,
6332,30,30,30,,,
6333,24,24,30,,,
6334,24,24,24,,,
6335,34,34,34,,,
6336,16,16,16,,,
6337,27,24,24,,,
6338,16,16,16,,,
6339,24,30,10,,,
6340,24,24,24,,,
6341,4,23,23,,,
6342,16,16,16,,,
6343,30,24,10,,,
6345,16,16,16,,,
6346,28,28,8,,,
6347,24,16,16,,,
6348,16,16,16,,,
6349,24,24,24,,,
6350,16,16,16,,,
6351,28,28,28,,,
6352,16,16,16,,,
6353,16,16,16,,,
6354,24,24,24,,,
6355,5,5,5,,,
6356,10,16,16,,,
6357,16,16,16,,,
6359,27,16,24,,,
6360,23,23,23,,,
6361,34,34,34,,,
6362,6,16,16,,,
6363,24,16,24,,,
6364,24,10,6,,,
6365,4,28,28,,,
6366,13,24,10,,,
6367,5,4,4,,,
6368,24,24,16,,,
6369,24,10,10,,,
6370,30,30,30,,,
6371,27,16,16,,,
6372,16,16,16,,,
6373,16,24,27,,,
6375,16,16,16,,,
6376,10,23,10,,,
6377,24,24,24,,,
6378,36,36,4,,,
6379,8,8,8,,,
6380,23,23,23,,,
6381,24,24,24,,,
6382,28,28,28,,,
6383,24,24,24,,,
6384,5,10,10,,,
6385,24,16,16,,,
6386,16,16,16,,,
6387,24,24,10,,,
6388,2,2,2,,,
6389,27,10,27,,,
6390,24,16,16,,,
6391,36,10,10,,,
6392,5,5,5,,,
6393,16,24,24,,,
6394,30,30,30,,,
6395,16,16,16,,,
6396,28,28,28,,,
6397,8,8,8,,,
6398,22,24,24,,,
6399,14,28,28,,,
6400,16,16,16,,,
6401,8,28,28,,,
6402,16,16,16,,,
6403,9,9,9,,,
6404,33,28,9,,,
6405,10,26,34,,,
6406,9,34,24,,,
6407,24,24,24,,,
6408,10,24,34,,,
6409,16,24,24,,,
6410,16,16,16,,,
6411,27,24,24,,,
6412,36,36,36,,,
6413,19,16,27,,,
6414,34,34,34,,,
6415,24,24,16,,,
6416,24,24,24,,,
6417,28,28,28,,,
6418,35,24,10,,,
6419,24,24,24,,,
6420,24,24,24,,,
6421,16,16,16,,,
6422,30,30,30,,,
6423,23,23,4,,,
6424,10,24,27,,,
6425,24,10,36,,,
6426,24,16,16,,,
6427,16,16,16,,,
6428,16,16,16,,,
6429,3,10,10,,,
6430,4,24,4,,,
6431,26,26,26,,,
6432,24,24,24,,,
6433,5,24,24,,,
6434,24,24,24,,,
6435,24,24,24,,,
6437,9,2,2,,,
6438,16,16,16,,,
6439,2,2,2,,,
6440,16,16,16,,,
6441,16,16,16,,,
6442,24,10,10,,,
6443,17,16,16,,,
6444,31,16,16,,,
6445,16,16,16,,,
6446,30,30,30,,,
6793,2,10,10,,,
6904,19,19,19,,,
6969,24,34,24,,,
6985,16,16,16,,,
6990,28,28,28,,,
7000,16,30,24,,,
7058,10,36,36,,,
7068,17,16,16,,,
7069,16,16,16,,,
7080,5,28,5,,,
7082,16,16,16,,,
7084,24,24,26,,,
7085,25,28,28,,,
7086,16,16,16,,,
7087,29,5,8,,,
7088,27,16,16,,,
7090,30,30,30,,,
7091,4,4,4,,,
7092,27,24,24,,,
7093,24,24,30,,,
7095,25,30,24,,,
7096,28,28,28,,,
7097,24,24,24,,,
7098,16,16,16,,,
7099,28,28,28,,,
7100,1,26,6,,,
7101,22,19,19,,,
7102,16,16,16,,,
7103,10,24,10,,,
7104,24,24,30,,,
7105,16,16,16,,,
7106,24,36,36,,,
7107,16,16,16,,,
7108,24,24,24,,,
7109,23,23,4,,,
7110,28,28,28,,,
7111,16,16,16,,,
7112,4,4,4,,,
7113,6,37,5,,,
7114,34,28,28,,,
7115,27,16,27,,,
7116,28,28,28,,,
7117,16,16,16,,,
7118,6,30,30,,,
7119,16,16,16,,,
7120,19,5,8,,,
7121,8,8,8,,,
7122,26,30,26,,,
7123,26,26,26,,,
7124,16,16,16,,,
7125,22,37,5,,,
7126,16,16,16,,,
7127,19,19,19,,,
7128,16,16,16,,,
7129,24,28,28,,,
7130,24,24,24,,,
7131,30,30,30,,,
7133,16,16,16,,,
7134,28,28,28,,,
7135,16,16,16,,,
7136,4,30,31,,,
7138,28,28,28,,,
7139,16,16,16,,,
7140,27,16,16,,,
7141,37,24,10,,,
7142,16,16,16,,,
7143,13,16,16,,,
7145,24,24,27,,,
7146,16,16,16,,,
7147,2,2,2,,,
7148,2,2,33,,,
7149,7,23,31,,,
7150,19,27,27,,,
7152,6,26,24,,,
7153,23,10,10,,,
7154,16,16,16,,,
7155,16,16,16,,,
7156,4,31,4,,,
7157,30,30,30,,,
7158,20,34,34,,,
7159,16,16,16,,,
7160,24,24,24,,,
7161,28,28,28,,,
7162,24,24,24,,,
7163,28,28,28,,,
7164,30,30,30,,,
7165,27,24,24,,,
7166,10,26,10,,,
7167,8,8,8,,,
7168,24,24,24,,,
7169,16,16,16,,,
7170,13,16,24,,,
7171,24,24,24,,,
7172,30,30,30,,,
7173,16,16,16,,,
7175,24,10,36,,,
7176,24,16,16,,,
7177,27,16,27,,,
7179,23,4,4,,,
7181,24,24,24,,,
7182,24,24,16,,,
7183,5,4,4,,,
7184,19,19,19,,,
7185,30,30,30,,,
7186,24,24,24,,,
7187,9,34,34,,,
7188,19,34,34,,,
7189,26,30,30,,,
7190,30,30,30,,,
7191,24,24,24,,,
7192,5,24,24,,,
7223,24,24,24,,,
7230,16,16,16,,,
7235,24,24,24,,,
7247,24,24,24,,,
7257,24,24,24,,,
7262,8,4,8,,,
7265,24,24,24,,,
7268,8,8,8,,,
7271,24,16,16,,,
7273,4,28,28,,,
7279,24,24,24,,,
7317,28,28,28,,,
7336,16,16,16,,,
7340,38,4,31,,,
7348,30,30,30,,,
7359,22,10,2,,,
7366,22,2,2,,,
7377,10,30,24,,,
7392,5,28,28,,,
7398,28,28,28,,,
7404,30,30,30,,,
7422,30,30,30,,,
7426,30,30,24,,,
7447,3,30,31,,,
7454,27,16,10,,,
7460,22,9,33,,,
7475,5,5,5,,,
7476,28,28,28,,,
7477,16,16,16,,,
7478,24,16,24,,,
7479,24,16,16,,,
7481,30,30,30,,,
7482,31,24,24,,,
7483,3,23,10,,,
7484,16,16,16,,,
7485,34,26,26,,,
7486,6,10,10,,,
7487,16,16,16,,,
7488,10,5,8,,,
7490,24,24,24,,,
7491,24,24,30,,,
7494,34,36,34,,,
7495,24,16,24,,,
7496,34,34,34,,,
7499,29,34,5,,,
7500,4,23,5,,,
7501,16,16,16,,,
7502,16,16,16,,,
7503,23,38,36,,,
7504,3,26,38,,,
7505,8,5,8,,,
7506,26,24,26,,,
7507,28,28,28,,,
7508,28,10,10,,,
7509,16,16,16,,,
7510,9,39,9,,,
7511,5,4,4,,,
7512,30,30,30,,,
7513,30,30,30,,,
7514,13,16,19,,,
7515,16,16,16,,,
7516,16,16,16,,,
7517,30,30,30,,,
7518,37,24,37,,,
7519,24,24,24,,,
7520,27,16,27,,,
7521,16,16,16,,,
7522,24,24,24,,,
7523,4,4,4,,,
7524,23,23,23,,,
7525,5,24,16,,,
7526,24,24,24,,,
7527,16,16,16,,,
7529,36,36,36,,,
7530,24,16,24,,,
7531,10,24,24,,,
7532,16,16,16,,,
7533,27,16,27,,,
7534,16,24,24,,,
7535,24,10,10,,,
7536,16,16,16,,,
7537,30,30,30,,,
7538,16,16,16,,,
7539,16,16,16,,,
7540,4,24,24,,,
7541,1,30,30,,,
7542,27,16,16,,,
7543,24,16,16,,,
7544,5,4,4,,,
7545,16,16,24,,,
7546,24,16,16,,,
7547,24,16,24,,,
7548,24,24,24,,,
7549,16,16,16,,,
7550,10,30,10,,,
7551,34,4,37,,,
7552,24,24,24,,,
7553,26,30,26,,,
7554,11,24,10,,,
7555,16,16,16,,,
7556,24,24,19,,,
7557,24,24,24,,,
7558,10,24,4,,,
7559,16,16,16,,,
7560,10,30,10,,,
7561,24,30,24,,,
7562,24,24,10,,,
7563,10,24,10,,,
7564,28,28,28,,,
7565,25,16,16,,,
7566,24,16,24,,,
7567,30,30,30,,,
7568,28,28,28,,,
7569,16,16,16,,,
7570,16,16,16,,,
7571,24,30,30,,,
7572,16,16,16,,,
7573,31,26,26,,,
7574,34,34,34,,,
7575,28,28,28,,,
7576,16,16,16,,,
7577,16,30,16,,,
7578,16,16,16,,,
7579,24,24,10,,,
7580,26,24,16,,,
7581,22,2,22,,,
7582,34,34,34,,,
7583,30,30,30,,,
7584,16,16,16,,,
7585,4,4,4,,,
7586,37,24,37,,,
7587,24,24,24,,,
7588,16,16,16,,,
7589,24,24,24,,,
7590,8,4,8,,,
7591,24,24,24,,,
7592,28,28,28,,,
7593,27,27,27,,,
7594,36,26,36,,,
7595,16,16,16,,,
7596,28,28,28,,,
7597,16,30,16,,,
7598,30,30,30,,,
7599,22,2,22,,,
7600,28,5,19,,,
7601,5,5,4,,,
7602,16,16,16,,,
7603,16,16,16,,,
7604,8,28,28,,,
7605,25,30,30,,,
7606,8,8,8,,,
7607,4,4,4,,,
7608,30,30,30,,,
7609,24,24,24,,,
7610,16,16,16,,,
7611,30,30,30,,,
7612,24,24,24,,,
7613,37,16,16,,,
7614,4,4,4,,,
7615,36,36,36,,,
7616,31,30,30,,,
7617,11,5,8,,,
7618,28,28,28,,,
7619,34,34,34,,,
7620,24,24,24,,,
7621,5,5,5,,,
7622,24,16,16,,,
7623,34,34,34,,,
7624,32,24,28,,,
7625,8,5,8,,,
7626,24,24,16,,,
7627,28,28,28,,,
7628,16,16,16,,,
7629,16,16,16,,,
7630,31,38,38,,,
7631,24,24,24,,,
7632,16,16,16,,,
7633,24,24,24,,,
7634,8,5,8,,,
7635,10,23,23,,,
7636,24,16,16,,,
7637,27,24,27,,,
7638,10,23,19,,,
7639,28,28,28,,,
7640,3,24,24,,,
7641,4,8,8,,,
7642,24,24,24,,,
7643,6,4,4,,,
7644,4,16,16,,,
7645,24,24,24,,,
7646,16,24,24,,,
7647,8,8,28,,,
7648,9,2,33,,,
7649,16,16,16,,,
7650,8,8,8,,,
7651,5,34,34,,,
7652,24,24,10,,,
7653,16,16,16,,,
7654,24,16,16,,,
7655,24,10,10,,,
7656,34,24,28,,,
7657,30,30,30,,,
7658,28,28,28,,,
7659,8,24,24,,,
7660,26,26,30,,,
7661,34,5,5,,,
7662,16,16,16,,,
7663,24,24,24,,,
7664,16,16,16,,,
7665,4,4,4,,,
7666,16,16,16,,,
7667,16,16,16,,,
7668,30,30,30,,,
7669,24,24,10,,,
7670,8,8,8,,,
7671,27,16,16,,,
7672,24,16,16,,,
7673,16,16,16,,,
7674,34,34,34,,,
7675,24,24,24,,,
7676,16,24,24,,,
7677,24,24,24,,,
7678,16,16,16,,,
7679,16,16,16,,,
7680,27,24,10,,,
7681,24,24,24,,,
7682,24,24,24,,,
7683,16,16,16,,,
7684,27,24,10,,,
7685,10,30,31,,,
7686,24,24,30,,,
7687,10,24,24,,,
7688,34,24,24,,,
7689,24,24,24,,,
7690,23,23,23,,,
7691,4,4,4,,,
7692,8,4,8,,,
7693,24,16,24,,,
7694,33,2,9,,,
7695,24,24,24,,,
7696,10,16,16,,,
7697,26,38,38,,,
7698,24,16,16,,,
7995,24,24,24,,,
8020,28,28,28,,,
8120,16,16,16,,,
8168,2,2,10,,,
8203,16,16,16,,,
8247,13,24,24,,,
8336,16,16,16,,,
8339,16,16,16,,,
8346,23,23,23,,,
8369,16,24,16,,,
8370,16,16,16,,,
8373,24,24,24,,,
8374,16,16,16,,,
8375,16,16,16,,,
8376,27,27,27,,,
8377,28,28,28,,,
8378,30,30,30,,,
8379,28,28,28,,,
8380,28,8,28,,,
8381,2,2,2,,,
8382,16,16,16,,,
8383,28,28,28,,,
8384,24,16,16,,,
8385,30,30,30,,,
8386,27,5,28,,,
8387,28,28,28,,,
8388,24,24,24,,,
8389,16,16,16,,,
8390,4,4,4,,,
8391,24,30,24,,,
8392,16,16,16,,,
8393,24,24,24,,,
8394,30,30,30,,,
8395,19,19,19,,,
8396,28,39,28,,,
8397,29,5,5,,,
8398,28,28,28,,,
8399,28,8,8,,,
8400,28,28,28,,,
8401,28,8,8,,,
8402,24,24,16,,,
8404,8,8,8,,,
8405,24,16,16,,,
8406,16,16,16,,,
8407,26,26,26,,,
8408,16,16,16,,,
8409,34,8,28,,,
8410,27,34,19,,,
8411,24,24,24,,,
8412,27,16,27,,,
8413,16,16,16,,,
8414,24,24,10,,,
8415,16,16,16,,,
8416,37,5,5,,,
8417,16,16,16,,,
8418,5,5,5,,,
8419,24,30,30,,,
8420,24,16,16,,,
8421,28,28,28,,,
8422,16,16,16,,,
8423,30,30,30,,,
8424,16,16,16,,,
8425,28,28,28,,,
8426,27,27,27,,,
8427,5,4,4,,,
8428,16,16,16,,,
8429,23,16,16,,,
8430,28,28,28,,,
8432,16,16,16,,,
8433,4,4,4,,,
8434,15,5,5,,,
8435,33,2,2,,,
8436,8,8,8,,,
8437,27,24,27,,,
8438,0,24,24,,,
8439,30,30,30,,,
8440,24,16,16,,,
8441,34,34,34,,,
8442,27,16,16,,,
8443,16,16,16,,,
8444,28,28,28,,,
8445,16,4,4,,,
8446,3,26,10,,,
8447,16,16,16,,,
8448,16,16,16,,,
8449,2,23,4,,,
8450,24,16,16,,,
8451,24,24,24,,,
8452,16,16,16,,,
8453,24,24,24,,,
8454,6,24,10,,,
8455,16,16,16,,,
8456,16,16,16,,,
8457,17,16,16,,,
8458,4,26,4,,,
8459,24,10,10,,,
8460,24,24,24,,,
8461,36,10,36,,,
8462,34,36,36,,,
8463,8,5,5,,,
8464,24,5,8,,,
8465,4,23,4,,,
8466,26,34,34,,,
8467,24,24,24,,,
8468,24,24,24,,,
8469,24,16,16,,,
8470,19,19,19,,,
8471,16,16,16,,,
8473,27,16,27,,,
8474,24,16,16,,,
8475,27,10,27,,,
8476,2,10,10,,,
8477,36,36,36,,,
8478,11,19,19,,,
8479,28,5,8,,,
8480,24,24,24,,,
8481,24,16,16,,,
8482,30,30,10,,,
8483,30,30,30,,,
8484,24,24,24,,,
8485,37,26,26,,,
8486,24,24,24,,,
8487,30,30,30,,,
8488,16,16,16,,,
8489,16,16,16,,,
8490,10,30,30,,,
8494,13,16,16,,,
8502,5,5,5,,,
8520,34,34,34,,,
8532,4,16,31,,,
8535,24,10,10,,,
8538,16,16,16,,,
8539,16,16,16,,,
8543,24,24,24,,,
8544,24,16,24,,,
8545,30,30,30,,,
8568,8,5,19,,,
8576,24,24,24,,,
8589,10,30,16,,,
8597,30,30,30,,,
8602,30,30,30,,,
8612,37,26,31,,,
8617,16,24,16,,,
8635,24,24,24,,,
8641,24,24,16,,,
8646,31,26,26,,,
8652,36,26,31,,,
8654,16,16,16,,,
8700,24,24,24,,,
8703,5,5,24,,,
8724,30,30,9,,,
8728,30,30,30,,,
8733,16,16,16,,,
8736,24,24,24,,,
8741,30,30,30,,,
8762,8,4,4,,,
8771,16,16,16,,,
8779,16,16,16,,,
8788,16,16,16,,,
8789,24,16,16,,,
8791,30,30,30,,,
8792,28,28,28,,,
8793,26,26,26,,,
8794,24,10,10,,,
8795,16,16,16,,,
8796,13,16,27,,,
8797,30,30,30,,,
8798,30,30,30,,,
8799,24,16,16,,,
8800,14,9,9,,,
8801,28,28,28,,,
8802,30,30,30,,,
8803,16,4,4,,,
8805,16,16,16,,,
8806,16,16,16,,,
8807,24,24,10,,,
8808,24,24,24,,,
8809,24,24,10,,,
8810,10,10,10,,,
8811,16,16,16,,,
8813,28,28,28,,,
8814,3,26,26,,,
8815,16,16,16,,,
8816,16,16,16,,,
8817,24,26,30,,,
8818,30,30,30,,,
8820,24,16,16,,,
8821,28,28,28,,,
8822,23,23,23,,,
8823,24,16,16,,,
8824,31,24,24,,,
8825,18,16,24,,,
8826,5,5,4,,,
8827,28,28,28,,,
8828,16,16,16,,,
8829,5,24,24,,,
8830,9,34,9,,,
8831,30,30,30,,,
8832,30,30,30,,,
8833,31,30,30,,,
8834,30,30,30,,,
8835,26,24,26,,,
8836,27,30,10,,,
8837,24,26,24,,,
8838,16,16,16,,,
8839,27,24,27,,,
8840,28,28,28,,,
8841,10,30,10,,,
8842,16,16,16,,,
8843,30,30,30,,,
8844,30,30,30,,,
8845,16,16,16,,,
8846,23,24,24,,,
8847,34,34,34,,,
8848,24,30,30,,,
8849,16,16,16,,,
8850,30,24,24,,,
8851,16,16,16,,,
8852,5,16,24,,,
8853,16,16,16,,,
8854,24,30,30,,,
8855,25,16,16,,,
8856,36,34,24,,,
8857,28,28,28,,,
8858,18,24,24,,,
8859,16,16,16,,,
8860,24,16,30,,,
8861,24,16,16,,,
8862,16,16,16,,,
8863,24,16,16,,,
8864,24,24,24,,,
8865,24,24,10,,,
8866,24,16,16,,,
8867,16,16,16,,,
8868,16,16,16,,,
8869,1,30,30,,,
8870,23,30,30,,,
8871,28,28,28,,,
8873,24,24,10,,,
8874,26,30,26,,,
8875,24,24,24,,,
8876,24,24,24,,,
8877,16,16,16,,,
8878,30,30,30,,,
8879,30,30,30,,,
8880,4,23,4,,,
8881,27,24,27,,,
8882,24,24,24,,,
8883,24,24,24,,,
8884,24,34,34,,,
8885,37,23,31,,,
8886,27,16,27,,,
8887,1,16,16,,,
8888,6,10,10,,,
8889,24,10,24,,,
8890,33,2,2,,,
8891,24,16,30,,,
8892,24,16,24,,,
8893,16,16,16,,,
8894,16,16,16,,,
8895,10,24,10,,,
8896,24,16,16,,,
8897,33,24,2,,,
8898,8,28,8,,,
8899,28,5,24,,,
8900,10,10,10,,,
8901,31,30,30,,,
8902,30,30,30,,,
8903,8,28,8,,,
8905,24,10,10,,,
8906,24,24,24,,,
8907,34,34,34,,,
8908,8,5,5,,,
8909,26,20,39,,,
8910,27,16,16,,,
8911,13,24,24,,,
8912,24,24,24,,,
8913,5,23,23,,,
8914,8,38,4,,,
8915,37,37,37,,,
8916,30,30,30,,,
8917,30,30,30,,,
8918,28,28,28,,,
8919,28,24,28,,,
8920,16,16,16,,,
8921,24,16,16,,,
8922,28,28,28,,,
8923,16,16,16,,,
8924,24,10,10,,,
8925,16,24,16,,,
8926,24,24,24,,,
8927,27,27,27,,,
8928,36,36,4,,,
8929,24,10,10,,,
8930,17,16,16,,,
8931,24,24,30,,,
8932,10,24,24,,,
8933,16,24,16,,,
8934,16,16,16,,,
8935,24,24,24,,,
8936,16,16,16,,,
8937,36,4,8,,,
8938,16,16,16,,,
8939,16,16,16,,,
8940,11,16,10,,,
8942,13,24,13,,,
8943,4,4,4,,,
8945,8,8,8,,,
8946,24,34,34,,,
8947,30,30,30,,,
8948,37,26,26,,,
8949,24,30,30,,,
8951,24,16,27,,,
8952,13,24,24,,,
8953,16,16,24,,,
8954,33,9,9,,,
8955,5,5,5,,,
8956,16,16,16,,,
8957,24,16,16,,,
8958,24,16,24,,,
8959,24,16,24,,,
8961,16,16,16,,,
8962,8,5,8,,,
8963,2,10,10,,,
8964,24,24,24,,,
8965,8,5,5,,,
8966,8,5,5,,,
8967,16,16,16,,,
8968,16,16,16,,,
8969,25,16,25,,,
8970,4,4,4,,,
8971,30,30,30,,,
8972,23,36,10,,,
8973,24,24,24,,,
8974,16,16,16,,,
8975,4,24,24,,,
8976,9,34,28,,,
8977,1,16,30,,,
8978,28,28,28,,,
8979,16,16,16,,,
8980,16,30,27,,,
8981,28,28,28,,,
8982,28,28,28,,,
8983,4,4,4,,,
8984,24,16,16,,,
8985,37,5,5,,,
8986,26,26,31,,,
8987,15,23,5,,,
8988,26,5,26,,,
8989,4,4,4,,,
8990,16,16,16,,,
8991,16,16,16,,,
8992,24,16,16,,,
8993,26,5,26,,,
8994,31,31,31,,,
8995,8,5,5,,,
8996,24,24,24,,,
8997,30,30,30,,,
8998,5,34,34,,,
8999,24,16,24,,,
9000,24,24,4,,,
9001,16,16,16,,,
9002,24,24,24,,,
9003,27,27,27,,,
9004,16,16,16,,,
9005,30,30,30,,,
9006,7,28,5,,,
9007,16,16,16,,,
9008,2,9,2,,,
9009,16,16,16,,,
9010,24,10,10,,,
9011,8,8,8,,,
9012,16,16,16,,,
9013,10,30,30,,,
9014,10,24,24,,,
9015,30,30,30,,,
9016,34,34,19,,,
9017,27,27,27,,,
9018,5,4,8,,,
9019,16,16,16,,,
9020,24,30,30,,,
9021,24,24,16,,,
9022,24,24,24,,,
9023,27,16,27,,,
9024,34,34,34,,,
9025,16,16,16,,,
9026,24,24,24,,,
9027,24,24,24,,,
9028,37,34,37,,,
9029,5,4,4,,,
9030,16,16,16,,,
9031,27,27,27,,,
9032,6,30,30,,,
9033,9,9,9,,,
9034,10,16,16,,,
9035,30,30,30,,,
9036,27,16,16,,,
9037,28,8,28,,,
9038,5,24,24,,,
9039,24,24,24,,,
9041,27,16,27,,,
9042,16,16,16,,,
9043,27,27,27,,,
9044,16,16,16,,,
9045,16,16,16,,,
9046,23,26,26,,,
9047,30,30,30,,,
9048,28,28,28,,,
9049,18,24,13,,,
9050,27,28,27,,,
9051,24,24,24,,,
9052,31,30,30,,,
9053,24,24,24,,,
9054,16,16,16,,,
9519,37,37,37,,,
9527,10,5,8,,,
9576,18,4,5,,,
9590,28,28,28,,,
9614,28,28,28,,,
9622,19,4,8,,,
9644,10,10,10,,,
9651,10,2,10,,,
9654,2,2,2,,,
9659,23,23,23,,,
9663,24,16,16,,,
9680,26,26,38,,,
9689,4,4,4,,,
9694,24,24,24,,,
9717,28,28,28,,,
9735,34,34,34,,,
9744,16,16,16,,,
9745,8,8,8,,,
9746,28,28,28,,,
9747,13,10,10,,,
9748,16,16,16,,,
9749,16,16,16,,,
9750,8,4,8,,,
9751,34,34,9,,,
9752,3,10,10,,,
9753,36,10,10,,,
9754,24,24,24,,,
9755,31,16,16,,,
9756,16,16,16,,,
9757,16,16,16,,,
9758,28,28,28,,,
9759,16,16,16,,,
9760,16,16,16,,,
9761,6,4,4,,,
9762,5,4,4,,,
9764,23,10,10,,,
9765,24,24,4,,,
9766,16,16,16,,,
9767,27,16,27,,,
9768,6,4,8,,,
9770,24,10,10,,,
9772,28,28,28,,,
9773,24,24,24,,,
9774,28,5,8,,,
9775,4,4,4,,,
9776,24,24,24,,,
9777,5,8,5,,,
9778,28,28,28,,,
9779,24,24,5,,,
9780,16,16,16,,,
9781,27,16,16,,,
9782,3,36,10,,,
9783,19,2,2,,,
9784,28,28,28,,,
9785,16,16,16,,,
9786,24,24,24,,,
9787,19,19,19,,,
9788,26,26,26,,,
9789,16,16,16,,,
9791,30,24,30,,,
9792,16,16,16,,,
9793,27,10,27,,,
9794,30,30,30,,,
9795,9,34,9,,,
9796,31,30,24,,,
9797,10,16,16,,,
9798,22,2,22,,,
9799,30,30,30,,,
9800,34,34,34,,,
9801,24,24,24,,,
9802,16,16,16,,,
9803,16,16,16,,,
9804,16,16,16,,,
9805,24,30,30,,,
9806,24,24,24,,,
9807,5,4,4,,,
9808,16,16,16,,,
9809,16,16,16,,,
9810,20,34,34,,,
9811,16,16,16,,,
9812,24,24,24,,,
9813,19,19,19,,,
9815,16,16,16,,,
9816,13,24,24,,,
9817,24,16,16,,,
9818,5,5,5,,,
9819,34,34,34,,,
9820,30,30,30,,,
9821,26,26,26,,,
9822,24,24,16,,,
9823,16,16,16,,,
9824,4,4,4,,,
9826,24,24,24,,,
9827,4,4,4,,,
9828,24,24,24,,,
9830,24,24,30,,,
9831,24,30,30,,,
9832,10,34,10,,,
9833,16,16,16,,,
9834,16,16,16,,,
9835,16,24,24,,,
9836,8,4,4,,,
9837,30,30,30,,,
9838,28,28,28,,,
9876,26,26,26,,,
9919,16,16,16,,,
9954,24,24,24,,,
9962,24,16,16,,,
9978,24,24,24,,,
9986,24,24,16,,,
9988,30,30,30,,,
10003,30,30,30,,,
10010,2,2,2,,,
10016,27,27,27,,,
10022,8,4,4,,,
10028,30,30,30,,,
10043,16,16,16,,,
10046,27,24,10,,,
10056,24,24,24,,,
10098,24,24,24,,,
10122,6,16,16,,,
10127,10,24,10,,,
10128,3,23,5,,,
10129,31,30,30,,,
10131,28,28,28,,,
10132,30,30,30,,,
10133,24,24,10,,,
10134,16,16,24,,,
10135,34,34,34,,,
10136,36,36,4,,,
10137,24,10,10,,,
10140,5,5,5,,,
10141,24,24,24,,,
10142,10,2,2,,,
10143,26,26,26,,,
10144,24,24,24,,,
10145,24,16,28,,,
10147,10,10,10,,,
10148,16,16,16,,,
10149,24,16,16,,,
10150,30,30,30,,,
10151,26,30,31,,,
10152,27,24,10,,,
10153,28,28,28,,,
10154,20,34,34,,,
10155,5,24,24,,,
10157,13,16,16,,,
10158,25,16,16,,,
10159,26,31,31,,,
10160,10,2,2,,,
10161,34,34,34,,,
10162,16,16,16,,,
10163,34,9,34,,,
10164,10,10,27,,,
10165,8,5,8,,,
10166,34,28,28,,,
10167,16,16,16,,,
10168,16,16,16,,,
10169,4,4,4,,,
10170,34,34,34,,,
10171,30,30,30,,,
10172,16,16,16,,,
10174,30,30,30,,,
10175,4,4,4,,,
10176,16,16,16,,,
10177,30,30,30,,,
10178,24,24,24,,,
10179,16,16,31,,,
10180,30,30,30,,,
10181,16,16,16,,,
10182,24,24,24,,,
10183,24,24,24,,,
10184,34,34,34,,,
10185,30,30,30,,,
10186,26,30,30,,,
10187,16,16,16,,,
10188,4,16,16,,,
10189,24,24,10,,,
10190,24,24,26,,,
10191,30,30,24,,,
10192,24,16,16,,,
10193,30,30,30,,,
10194,27,16,16,,,
10195,24,24,24,,,
10196,24,30,10,,,
10197,24,24,24,,,
10199,22,37,23,,,
10200,1,16,16,,,
10201,4,4,4,,,
10202,24,24,16,,,
10203,30,30,30,,,
10204,24,24,24,,,
10205,30,30,30,,,
10206,23,30,30,,,
10207,26,4,4,,,
10208,24,16,16,,,
10209,8,28,28,,,
10210,16,16,16,,,
10212,31,24,24,,,
10213,30,30,30,,,
10214,16,16,16,,,
10215,5,5,5,,,
10216,30,30,30,,,
10217,8,16,24,,,
10218,30,30,30,,,
10219,5,5,5,,,
10220,30,30,30,,,
10221,24,5,5,,,
10222,27,24,10,,,
10223,34,28,9,,,
10224,16,16,16,,,
10225,24,16,24,,,
10227,24,16,24,,,
10228,16,16,16,,,
10229,10,34,34,,,
10230,16,16,16,,,
10231,5,24,24,,,
10232,11,24,10,,,
10233,24,24,24,,,
10234,2,10,10,,,
10235,28,5,8,,,
10236,31,30,30,,,
10237,36,36,36,,,
10238,39,34,34,,,
10239,24,24,24,,,
10240,13,16,16,,,
10241,25,16,16,,,
10242,8,8,8,,,
10243,26,24,24,,,
10244,28,28,28,,,
10245,18,19,19,,,
10246,24,36,4,,,
10247,30,30,30,,,
10248,30,30,30,,,
10249,4,16,16,,,
10250,30,30,30,,,
10251,16,16,16,,,
10252,16,16,16,,,
10253,24,24,24,,,
10254,34,34,34,,,
10255,30,30,16,,,
10256,10,10,10,,,
10257,24,4,5,,,
10258,16,16,16,,,
10259,16,16,16,,,
10260,16,16,16,,,
10261,16,16,16,,,
10262,39,34,9,,,
10263,25,16,16,,,
10264,24,24,24,,,
10265,24,16,16,,,
10266,4,4,4,,,
10267,16,16,16,,,
10268,16,16,16,,,
10270,24,5,5,,,
10271,24,24,24,,,
10272,27,16,16,,,
10273,16,16,16,,,
10274,22,5,5,,,
10275,24,24,24,,,
10276,16,24,24,,,
10277,30,30,30,,,
10278,10,24,10,,,
10279,16,16,16,,,
10280,28,28,28,,,
10281,34,34,34,,,
10282,4,24,4,,,
10283,2,2,2,,,
10285,5,5,19,,,
10286,9,34,34,,,
10287,16,16,16,,,
10288,31,26,38,,,
10289,31,24,30,,,
10290,24,24,24,,,
10291,30,30,30,,,
10292,10,24,10,,,
10293,24,16,24,,,
10294,16,16,16,,,
10295,24,28,28,,,
10296,28,28,28,,,
10297,24,10,10,,,
10298,24,24,24,,,
10299,24,28,16,,,
10300,24,16,24,,,
10301,31,30,31,,,
10302,24,36,4,,,
10303,24,16,26,,,
10304,28,28,28,,,
10305,16,16,16,,,
10306,16,24,24,,,
10307,16,16,16,,,
10308,24,24,34,,,
10309,24,24,10,,,
10310,23,23,23,,,
10311,16,16,16,,,
10312,4,8,8,,,
10313,10,24,16,,,
10314,3,5,8,,,
10315,24,10,10,,,
10316,24,16,16,,,
10317,5,5,5,,,
10318,16,16,24,,,
10319,24,30,16,,,
10320,27,10,27,,,
10321,24,24,10,,,
10322,26,26,26,,,
10323,30,30,30,,,
10324,31,24,30,,,
10325,16,16,16,,,
10326,2,2,2,,,
10327,30,30,30,,,
10328,2,2,2,,,
10329,5,5,5,,,
10330,16,16,16,,,
10331,25,30,16,,,
10332,4,26,4,,,
10333,30,30,30,,,
10334,30,30,30,,,
10335,28,28,28,,,
10336,24,8,8,,,
10337,16,16,16,,,
10338,0,24,24,,,
10339,24,24,24,,,
10340,16,16,16,,,
10341,24,16,16,,,
10342,27,10,27,,,
10343,22,2,22,,,
10344,6,16,27,,,
10345,24,24,24,,,
10346,24,24,24,,,
10347,16,16,16,,,
10348,24,16,24,,,
10349,37,37,37,,,
10883,23,34,10,,,
10905,28,28,8,,,
10977,24,24,24,,,
10981,16,16,16,,,
10988,28,28,28,,,
10996,16,16,16,,,
11012,30,30,26,,,
11013,16,16,16,,,
11027,16,16,16,,,
11028,24,24,24,,,
11029,10,10,10,,,
11031,37,4,4,,,
11033,27,16,27,,,
11034,24,24,10,,,
11035,5,5,28,,,
11037,30,30,30,,,
11038,24,24,24,,,
11039,30,30,30,,,
11040,24,16,24,,,
11041,7,19,19,,,
11042,16,16,16,,,
11043,34,34,34,,,
11044,24,24,24,,,
11045,13,24,24,,,
11046,16,16,16,,,
11047,16,16,16,,,
11048,28,28,28,,,
11050,0,28,28,,,
11051,24,4,4,,,
11052,5,16,16,,,
11053,28,28,28,,,
11054,24,24,24,,,
11055,24,34,34,,,
11056,34,34,34,,,
11057,24,16,16,,,
11058,39,9,28,,,
11059,4,23,4,,,
11060,2,2,2,,,
11061,10,24,10,,,
11062,31,24,31,,,
11063,24,16,16,,,
11064,27,27,27,,,
11065,26,38,38,,,
11066,10,24,10,,,
11067,10,10,10,,,
11068,28,28,28,,,
11069,27,27,27,,,
11070,24,16,16,,,
11071,4,4,4,,,
11072,24,24,10,,,
11073,28,28,28,,,
11074,16,16,16,,,
11075,13,24,24,,,
11076,16,16,16,,,
11077,8,8,8,,,
11078,16,16,16,,,
11079,36,36,36,,,
11080,16,34,24,,,
11081,3,4,8,,,
11082,16,24,24,,,
11083,28,28,28,,,
11084,16,16,16,,,
11085,4,4,4,,,
11086,16,16,16,,,
11087,16,16,16,,,
11088,24,16,24,,,
11089,5,4,4,,,
11090,16,16,16,,,
11091,16,16,16,,,
11092,30,30,30,,,
11093,16,16,16,,,
11094,4,4,4,,,
11095,24,24,24,,,
11096,24,24,24,,,
11097,16,16,16,,,
11098,34,34,34,,,
11099,34,34,10,,,
11100,36,36,36,,,
11101,16,16,16,,,
11102,17,16,16,,,
11103,16,16,16,,,
11104,24,24,24,,,
11105,10,24,24,,,
11106,24,24,10,,,
11107,34,28,34,,,
11108,24,24,10,,,
11109,3,23,23,,,
11110,28,28,28,,,
11111,27,27,27,,,
11112,16,24,16,,,
11113,36,36,36,,,
11114,37,16,37,,,
11115,30,30,10,,,
11116,24,24,10,,,
11117,24,16,16,,,
11118,30,30,30,,,
11120,21,16,16,,,
11121,24,24,24,,,
11122,30,30,30,,,
11123,13,24,24,,,
11124,4,16,4,,,
11125,24,24,24,,,
11126,24,16,16,,,
11127,4,24,24,,,
11128,30,30,30,,,
11129,16,16,16,,,
11160,24,10,10,,,
11164,17,16,16,,,
11167,28,28,28,,,
11194,27,16,27,,,
11200,16,16,16,,,
11207,10,10,10,,,
11211,24,19,10,,,
11219,16,16,16,,,
11227,30,30,30,,,
11232,30,30,30,,,
11238,28,28,28,,,
11241,10,10,10,,,
11285,24,16,16,,,
11289,30,30,30,,,
11303,16,16,16,,,
11316,30,16,16,,,
11344,34,2,9,,,
11357,30,30,30,,,
11364,26,4,36,,,
11369,27,27,27,,,
11373,23,23,23,,,
11380,26,26,26,,,
11384,24,30,10,,,
11411,31,30,30,,,
11412,30,30,30,,,
11413,2,2,2,,,
11414,2,2,2,,,
11415,28,28,28,,,
11416,16,16,16,,,
11417,16,16,16,,,
11418,30,30,30,,,
11419,16,24,16,,,
11420,10,24,10,,,
11421,34,34,34,,,
11422,30,30,30,,,
11423,16,16,16,,,
11424,16,16,16,,,
11425,24,16,16,,,
11426,16,16,16,,,
11427,34,34,34,,,
11428,4,4,4,,,
11429,24,16,16,,,
11430,34,34,34,,,
11431,4,4,4,,,
11432,5,34,5,,,
11433,11,36,19,,,
11434,28,28,8,,,
11435,16,16,16,,,
11436,4,4,4,,,
11437,16,16,16,,,
11438,27,16,27,,,
11439,27,27,27,,,
11440,24,24,24,,,
11444,27,27,27,,,
11445,31,10,30,,,
11446,2,2,10,,,
11447,30,16,16,,,
11448,5,5,5,,,
11449,28,28,28,,,
11450,34,34,34,,,
11451,27,24,27,,,
11452,24,16,16,,,
11453,16,16,16,,,
11454,25,16,16,,,
11455,16,16,16,,,
11456,16,16,16,,,
11457,28,28,28,,,
11458,16,16,16,,,
11459,23,10,24,,,
11460,28,28,28,,,
11461,24,16,16,,,
11462,24,24,24,,,
11463,24,24,24,,,
11464,26,26,26,,,
11465,30,30,30,,,
11466,34,34,34,,,
11468,24,24,24,,,
11469,28,10,24,,,
11470,8,8,8,,,
11471,16,16,16,,,
11472,30,30,30,,,
11473,30,30,30,,,
11474,2,2,9,,,
11475,34,8,8,,,
11476,16,16,16,,,
11477,30,30,30,,,
11478,16,16,16,,,
11479,16,16,16,,,
11480,24,24,10,,,
11481,16,16,16,,,
11482,30,30,30,,,
11483,30,30,30,,,
11484,1,30,30,,,
11485,31,24,24,,,
11486,24,24,10,,,
11487,24,24,24,,,
11488,27,16,16,,,
11489,10,24,10,,,
11490,33,2,22,,,
11491,20,34,34,,,
11492,16,16,16,,,
11493,34,34,5,,,
11494,4,4,4,,,
11495,7,28,5,,,
11496,24,26,26,,,
11497,4,23,22,,,
11498,24,24,24,,,
11499,27,16,27,,,
11500,16,16,16,,,
11501,24,24,24,,,
11502,30,30,30,,,
11503,16,16,16,,,
11504,34,34,9,,,
11505,16,16,16,,,
11506,30,30,30,,,
11507,8,16,24,,,
11508,30,24,30,,,
11509,24,16,16,,,
11510,24,24,24,,,
11511,16,16,4,,,
11512,4,24,4,,,
11513,24,24,24,,,
11514,24,16,16,,,
11515,8,4,4,,,
11516,30,30,30,,,
11517,24,24,24,,,
11518,4,30,6,,,
11519,24,24,24,,,
11520,16,16,16,,,
11521,30,30,30,,,
11522,24,16,16,,,
11523,4,23,4,,,
11524,30,30,30,,,
11525,36,10,36,,,
11526,30,30,30,,,
11527,34,34,28,,,
11529,9,9,34,,,
11530,4,16,24,,,
11531,4,26,36,,,
11532,16,16,16,,,
11533,30,30,30,,,
11535,38,38,38,,,
11536,24,16,16,,,
11537,24,24,24,,,
11538,16,30,30,,,
11539,37,37,37,,,
11540,23,23,31,,,
11541,16,16,16,,,
11542,24,16,16,,,
11543,24,24,24,,,
11544,16,16,16,,,
11545,30,30,30,,,
11546,24,24,24,,,
11547,30,16,30,,,
11548,26,24,26,,,
11549,23,5,5,,,
11550,24,24,24,,,
11551,16,16,27,,,
11552,24,16,24,,,
11553,2,2,2,,,
11554,30,30,30,,,
11555,23,30,30,,,
11556,26,24,24,,,
11557,23,4,38,,,
11558,30,30,31,,,
11559,24,24,24,,,
11560,20,20,20,,,
11561,28,28,28,,,
11562,28,28,28,,,
11563,3,3,10,,,
11564,24,4,4,,,
11566,24,16,16,,,
11567,11,33,26,,,
11568,24,24,24,,,
11569,30,30,30,,,
11570,16,16,16,,,
11571,16,16,16,,,
11572,24,16,24,,,
11573,24,24,24,,,
11574,16,16,16,,,
11575,8,5,5,,,
11576,24,31,24,,,
11577,8,28,28,,,
11578,24,24,24,,,
11579,16,16,16,,,
11580,24,24,24,,,
11581,25,16,25,,,
11582,30,30,30,,,
11583,34,34,34,,,
11584,5,16,16,,,
11585,3,23,19,,,
11586,28,28,28,,,
11588,27,16,16,,,
11589,24,36,36,,,
11590,16,16,16,,,
11591,11,24,10,,,
11592,24,24,24,,,
11593,8,8,8,,,
11594,5,24,24,,,
11595,5,5,8,,,
11596,24,24,16,,,
11597,16,16,16,,,
11598,16,16,16,,,
11599,27,24,10,,,
11600,33,2,2,,,
11601,16,16,16,,,
11602,16,16,16,,,
11603,36,34,36,,,
11604,30,30,30,,,
11605,27,16,27,,,
11606,25,16,16,,,
11607,30,30,30,,,
11608,10,24,10,,,
11609,37,36,37,,,
11610,16,16,16,,,
11611,5,5,5,,,
11612,4,4,37,,,
11613,30,30,30,,,
11614,16,16,16,,,
11615,28,28,28,,,
11616,3,26,26,,,
11617,24,36,36,,,
11618,20,34,34,,,
11619,24,24,24,,,
11620,10,30,27,,,
11621,16,16,16,,,
11622,16,16,16,,,
11623,16,16,16,,,
11624,23,23,3,,,
11625,27,24,27,,,
11626,24,24,19,,,
11627,16,16,16,,,
11628,30,30,30,,,
11629,24,24,4,,,
11630,5,16,16,,,
11631,24,24,24,,,
11632,27,24,10,,,
11633,30,30,30,,,
11634,10,36,36,,,
11635,6,26,26,,,
11636,28,8,28,,,
11637,24,24,24,,,
11638,16,16,16,,,
11639,24,24,24,,,
11640,16,16,16,,,
11641,8,4,4,,,
11642,31,30,30,,,
11643,10,19,10,,,
11644,16,16,16,,,
11645,16,16,16,,,
11646,27,27,27,,,
12022,28,28,28,,,
12079,34,24,24,,,
12127,3,10,10,,,
12171,24,24,24,,,
12188,28,28,16,,,
12193,19,19,19,,,
12216,26,26,26,,,
12269,16,16,16,,,
12273,30,30,30,,,
12317,28,8,8,,,
12355,20,37,37,,,
12371,2,2,2,,,
12389,31,24,24,,,
12403,8,4,4,,,
12417,16,16,16,,,
12424,16,16,16,,,
12426,26,30,26,,,
12427,4,26,3,,,
12431,3,26,30,,,
12432,28,28,28,,,
12434,28,4,28,,,
12435,5,24,24,,,
12436,18,28,28,,,
12437,28,28,28,,,
12438,24,24,24,,,
12439,24,36,36,,,
12440,24,24,16,,,
12441,30,30,30,,,
12442,16,16,16,,,
12443,1,16,16,,,
12444,4,4,4,,,
12445,24,24,10,,,
12446,24,24,24,,,
12447,28,28,28,,,
12448,16,16,16,,,
12449,6,30,10,,,
12450,24,24,24,,,
12451,16,16,16,,,
12452,16,16,16,,,
12453,37,37,37,,,
12454,13,24,10,,,
12455,16,16,16,,,
12456,36,36,36,,,
12457,24,28,4,,,
12458,16,16,16,,,
12459,16,24,24,,,
12460,28,28,28,,,
12461,24,10,10,,,
12462,24,24,24,,,
12463,28,28,28,,,
12464,16,16,16,,,
12465,24,30,30,,,
12466,13,16,16,,,
12467,4,4,4,,,
12468,3,4,4,,,
12469,24,34,10,,,
12471,4,36,4,,,
12472,24,24,24,,,
12473,16,16,16,,,
12474,16,16,16,,,
12475,30,30,30,,,
12476,16,16,16,,,
12478,16,16,27,,,
12479,24,24,24,,,
12480,16,16,16,,,
12481,30,30,30,,,
12482,37,10,37,,,
12483,24,24,24,,,
12484,16,16,16,,,
12485,16,16,16,,,
12486,6,27,8,,,
12488,11,27,27,,,
12489,24,30,31,,,
12490,8,8,8,,,
12491,8,8,8,,,
12492,16,16,16,,,
12493,16,16,16,,,
12494,16,16,16,,,
12495,16,16,16,,,
12496,16,16,16,,,
12497,4,4,4,,,
12498,19,36,36,,,
12499,10,30,10,,,
12500,25,16,16,,,
12501,16,16,16,,,
12502,30,30,30,,,
12503,16,16,16,,,
12504,38,9,36,,,
12505,3,30,30,,,
12506,16,16,16,,,
12507,10,10,27,,,
12508,16,16,16,,,
12509,34,28,34,,,
12510,30,30,30,,,
12511,24,30,10,,,
12512,24,24,24,,,
12513,5,23,5,,,
12514,16,16,16,,,
12515,8,8,8,,,
12516,16,16,16,,,
12517,10,24,10,,,
12518,24,16,16,,,
12519,27,10,10,,,
12520,31,26,3,,,
12521,26,10,26,,,
12522,23,2,22,,,
12523,16,16,16,,,
12524,22,26,24,,,
12525,30,16,16,,,
12526,24,16,16,,,
12527,34,34,34,,,
12528,24,24,24,,,
12529,19,19,19,,,
12530,16,16,16,,,
12531,8,19,8,,,
12532,16,16,16,,,
12533,24,24,24,,,
12534,13,24,24,,,
12535,24,24,24,,,
12536,25,30,30,,,
12537,24,16,16,,,
12538,28,28,28,,,
12539,2,2,2,,,
12540,16,24,16,,,
12541,16,16,16,,,
12542,30,30,30,,,
12543,30,30,30,,,
12544,16,16,16,,,
12545,24,24,24,,,
12546,30,30,30,,,
12548,24,24,24,,,
12557,18,24,24,,,
12564,17,16,27,,,
12596,30,16,16,,,
12625,30,30,30,,,
12635,3,4,4,,,
12636,8,23,4,,,
12646,10,10,23,,,
12658,19,19,19,,,
12664,24,24,24,,,
12674,16,16,16,,,
12683,4,10,10,,,
12713,24,16,16,,,
12729,30,30,30,,,
12751,38,31,30,,,
12754,16,16,16,,,
12759,30,16,16,,,
12776,25,16,16,,,
12784,16,16,16,,,
12793,36,36,36,,,
12799,36,36,36,,,
12802,36,10,36,,,
12807,8,28,8,,,
12811,31,30,30,,,
12824,16,16,16,,,
12837,30,30,30,,,
12839,16,16,16,,,
12840,24,24,16,,,
12842,8,4,4,,,
12843,36,34,34,,,
12844,16,16,16,,,
12845,16,16,16,,,
12846,10,10,10,,,
12847,16,16,16,,,
12849,30,30,30,,,
12850,28,28,28,,,
12851,26,26,26,,,
12852,38,38,38,,,
12853,23,23,31,,,
12854,24,24,24,,,
12855,28,28,28,,,
12856,24,16,16,,,
12857,24,16,24,,,
12859,16,16,27,,,
12861,31,24,24,,,
12862,24,10,16,,,
12863,39,28,20,,,
12864,9,9,9,,,
12865,27,16,27,,,
12866,16,16,27,,,
12867,13,30,30,,,
12868,20,20,20,,,
12870,24,24,24,,,
12871,34,34,24,,,
12872,22,10,10,,,
12873,27,24,27,,,
12874,16,16,16,,,
12875,16,16,16,,,
12877,10,36,36,,,
12878,16,16,16,,,
12879,30,30,30,,,
12880,24,16,16,,,
12881,24,24,24,,,
12882,13,24,24,,,
12883,16,16,16,,,
12884,28,28,28,,,
12885,28,28,28,,,
12886,31,24,24,,,
12888,34,28,28,,,
12889,30,30,30,,,
12890,16,16,16,,,
12891,28,28,28,,,
12892,16,16,16,,,
12893,30,16,16,,,
12894,8,28,28,,,
12895,4,9,28,,,
12896,16,16,16,,,
12897,30,30,30,,,
12898,28,28,28,,,
12899,16,16,16,,,
12900,10,24,24,,,
12901,30,30,30,,,
12902,30,30,16,,,
12903,24,24,24,,,
12904,30,30,30,,,
12905,16,16,16,,,
12906,24,24,24,,,
12907,24,16,16,,,
12908,26,24,24,,,
12909,30,30,30,,,
12910,27,27,27,,,
12911,30,30,30,,,
12912,28,28,28,,,
12913,24,16,24,,,
12914,5,16,16,,,
12915,30,30,30,,,
12916,34,28,28,,,
12917,22,4,4,,,
12918,16,16,16,,,
12919,27,16,27,,,
12920,24,24,24,,,
12921,24,24,24,,,
12922,16,16,16,,,
12923,10,30,10,,,
12924,30,16,16,,,
12925,24,16,16,,,
12926,30,30,30,,,
12927,30,30,30,,,
12928,30,30,30,,,
12929,28,28,28,,,
12930,24,24,24,,,
12931,27,27,27,,,
12932,34,34,34,,,
12933,5,5,5,,,
12934,24,24,27,,,
12935,6,27,16,,,
12936,16,16,16,,,
12937,28,28,28,,,
12938,26,24,24,,,
12939,24,16,16,,,
12940,24,24,27,,,
12941,17,16,16,,,
12942,23,38,23,,,
12943,24,16,16,,,
12944,13,36,36,,,
12945,27,24,10,,,
12946,28,28,28,,,
12947,24,24,24,,,
12948,24,24,30,,,
12949,16,16,16,,,
12950,30,30,30,,,
12951,3,30,30,,,
12952,27,24,27,,,
12953,10,36,10,,,
12954,10,36,36,,,
12955,24,24,24,,,
12956,3,24,24,,,
12957,30,30,30,,,
12958,16,16,16,,,
12959,22,2,2,,,
12960,24,24,24,,,
12961,24,24,24,,,
12962,24,24,24,,,
12963,34,24,16,,,
12964,24,36,34,,,
12965,24,24,24,,,
12966,16,16,16,,,
12967,16,16,16,,,
12968,25,16,16,,,
12969,24,24,24,,,
12970,9,9,9,,,
12971,3,26,26,,,
12972,33,2,33,,,
12973,24,16,24,,,
12974,34,34,4,,,
12975,16,16,16,,,
12976,16,16,16,,,
12977,16,24,16,,,
12978,10,10,10,,,
12979,16,16,16,,,
12980,30,30,30,,,
12981,30,30,30,,,
12982,16,16,16,,,
12983,16,16,16,,,
12984,34,34,34,,,
12986,3,30,30,,,
12987,16,16,16,,,
12988,24,24,24,,,
12989,10,24,24,,,
12990,16,16,16,,,
12991,24,16,16,,,
12992,24,24,10,,,
12994,4,23,4,,,
12995,28,28,28,,,
12996,16,30,16,,,
12997,37,10,36,,,
12998,24,16,16,,,
12999,9,9,9,,,
13000,4,4,4,,,
13001,27,24,10,,,
13002,16,16,16,,,
13003,37,5,5,,,
13004,16,16,16,,,
13005,28,8,8,,,
13006,31,26,38,,,
13007,24,24,16,,,
13008,27,27,27,,,
13009,16,16,16,,,
13010,24,30,16,,,
13011,30,30,30,,,
13012,28,28,28,,,
13013,26,36,36,,,
13014,37,26,37,,,
13015,30,30,30,,,
13016,31,30,30,,,
13017,30,30,30,,,
13018,28,28,28,,,
13019,16,16,16,,,
13020,30,30,30,,,
13021,2,2,2,,,
13022,16,16,16,,,
13023,24,24,24,,,
13024,37,37,37,,,
13025,28,28,28,,,
13026,16,16,16,,,
13027,34,34,34,,,
13028,16,16,16,,,
13029,10,10,19,,,
13030,5,37,31,,,
13031,24,24,24,,,
13032,6,5,23,,,
13033,27,27,27,,,
13034,16,16,16,,,
13035,5,5,5,,,
13036,34,5,5,,,
13037,30,30,30,,,
13038,24,36,36,,,
13039,27,16,27,,,
13040,24,24,24,,,
13041,5,28,5,,,
13042,14,9,9,,,
13043,27,10,10,,,
13044,24,16,16,,,
13045,34,34,34,,,
13046,16,16,16,,,
13047,16,16,16,,,
13048,16,16,16,,,
13049,30,30,30,,,
13050,34,28,20,,,
13051,24,24,24,,,
13052,24,16,16,,,
13053,24,24,24,,,
13054,23,24,30,,,
13055,31,24,24,,,
13056,24,24,24,,,
13057,16,16,16,,,
13058,37,5,5,,,
13059,28,28,28,,,
13060,24,24,24,,,
13061,16,16,16,,,
13062,24,24,24,,,
13063,24,16,16,,,
13064,16,16,16,,,
13065,3,26,26,,,
13066,16,16,16,,,
13067,16,16,16,,,
13068,24,10,36,,,
13069,30,30,30,,,
13070,16,16,16,,,
13071,16,16,16,,,
13072,6,38,38,,,
13073,10,36,36,,,
13074,23,23,31,,,
13075,16,16,16,,,
13474,34,24,34,,,
13489,2,2,2,,,
13502,31,30,26,,,
13590,28,28,28,,,
13598,28,16,28,,,
13621,34,34,34,,,
13625,28,4,8,,,
13655,16,16,16,,,
13710,18,28,28,,,
13716,16,16,16,,,
13722,33,2,2,,,
13755,16,16,16,,,
13767,24,24,24,,,
13768,24,24,24,,,
13770,23,24,31,,,
13775,24,16,16,,,
13776,16,16,16,,,
13777,3,36,10,,,
13778,28,8,28,,,
13779,16,16,16,,,
13780,36,36,36,,,
13781,26,24,26,,,
13782,30,30,30,,,
13783,24,24,24,,,
13784,16,16,16,,,
13785,32,24,34,,,
13786,28,28,28,,,
13787,16,16,16,,,
13788,13,34,34,,,
13789,1,16,16,,,
13790,28,28,28,,,
13791,24,16,16,,,
13792,16,16,16,,,
13793,28,24,24,,,
13794,27,10,27,,,
13795,5,28,28,,,
13796,30,30,30,,,
13797,16,16,16,,,
13798,26,34,26,,,
13799,30,30,30,,,
13800,16,16,16,,,
13801,7,30,30,,,
13802,16,16,16,,,
13803,24,16,16,,,
13804,30,30,30,,,
13805,16,16,16,,,
13806,0,28,34,,,
13807,16,16,16,,,
13808,37,5,5,,,
13809,16,16,16,,,
13810,16,16,16,,,
13811,36,36,36,,,
13812,11,10,10,,,
13813,25,16,16,,,
13815,30,30,30,,,
13816,10,10,27,,,
13817,27,27,27,,,
13819,36,10,36,,,
13820,16,16,16,,,
13821,16,16,16,,,
13822,27,24,10,,,
13823,24,10,10,,,
13824,19,26,26,,,
13825,24,16,24,,,
13826,16,16,16,,,
13827,24,24,16,,,
13828,19,19,27,,,
13829,16,16,16,,,
13830,28,28,28,,,
13831,6,30,26,,,
13832,16,16,16,,,
13833,16,16,16,,,
13834,24,16,24,,,
13835,22,23,2,,,
13836,13,19,24,,,
13837,30,30,30,,,
13838,27,24,19,,,
13839,8,8,8,,,
13840,16,16,16,,,
13841,26,26,26,,,
13842,16,16,24,,,
13843,34,34,9,,,
13844,22,23,5,,,
13845,24,10,10,,,
13846,16,16,16,,,
13847,19,24,24,,,
13848,16,16,16,,,
13850,27,19,27,,,
13851,16,26,8,,,
13852,16,16,16,,,
13853,6,16,16,,,
13854,39,28,28,,,
13855,31,24,24,,,
13856,8,8,8,,,
13857,34,34,34,,,
13858,31,26,26,,,
13859,16,16,16,,,
13860,16,16,16,,,
13861,26,26,26,,,
13862,24,16,16,,,
13863,26,26,4,,,
13864,6,23,27,,,
13865,30,30,30,,,
13866,4,23,4,,,
13867,24,24,24,,,
13868,16,16,16,,,
13869,4,16,16,,,
13870,24,16,16,,,
13871,4,16,16,,,
13872,6,8,8,,,
13873,30,30,30,,,
13874,16,16,16,,,
13875,10,10,10,,,
13876,31,24,30,,,
13877,16,16,16,,,
13878,4,24,5,,,
13879,19,28,28,,,
13880,30,30,30,,,
13881,24,36,36,,,
13882,4,10,10,,,
13888,16,16,16,,,
13896,16,16,16,,,
13923,16,16,16,,,
13929,31,24,24,,,
13943,24,24,24,,,
13964,30,16,30,,,
13968,7,24,24,,,
13991,4,19,19,,,
13996,4,4,4,,,
13997,10,10,10,,,
14005,5,5,5,,,
14010,30,30,30,,,
14019,24,24,24,,,
14025,30,30,30,,,
14031,30,30,30,,,
14034,27,24,10,,,
14039,16,16,16,,,
14046,28,28,28,,,
14054,27,16,16,,,
14060,5,23,23,,,
14066,34,34,39,,,
14081,30,30,30,,,
14094,16,16,16,,,
14100,16,16,16,,,
14131,24,24,24,,,
14136,30,24,30,,,
14139,28,28,28,,,
14140,4,4,4,,,
14148,30,30,30,,,
14163,30,24,30,,,
14197,10,10,10,,,
14200,24,16,24,,,
14204,16,16,16,,,
14205,28,28,28,,,
14206,16,16,16,,,
14208,16,16,16,,,
14209,29,37,5,,,
14210,26,36,24,,,
14212,28,28,28,,,
14213,18,16,16,,,
14215,28,28,28,,,
14216,23,23,23,,,
14217,10,10,10,,,
14218,16,16,16,,,
14219,30,30,30,,,
14220,16,24,24,,,
14221,24,24,16,,,
14222,16,16,16,,,
14223,27,24,24,,,
14224,16,16,16,,,
14226,2,2,2,,,
14227,23,23,23,,,
14228,16,16,16,,,
14229,27,27,27,,,
14230,16,16,16,,,
14231,16,16,16,,,
14233,10,2,2,,,
14234,28,24,24,,,
14235,16,16,16,,,
14238,16,16,16,,,
14239,18,16,24,,,
14240,24,24,24,,,
14241,27,24,27,,,
14242,24,16,16,,,
14243,24,24,24,,,
14244,24,10,10,,,
14245,5,5,5,,,
14246,30,30,30,,,
14247,16,30,27,,,
14248,24,24,31,,,
14249,16,16,16,,,
14250,16,16,16,,,
14251,30,30,30,,,
14252,16,16,16,,,
14253,26,26,26,,,
14254,16,16,16,,,
14255,16,16,16,,,
14256,16,16,24,,,
14257,31,30,30,,,
14258,13,16,24,,,
14259,31,16,24,,,
14260,16,16,16,,,
14261,4,4,4,,,
14262,16,16,24,,,
14263,28,28,28,,,
14264,31,30,30,,,
14265,30,30,30,,,
14266,16,16,16,,,
14267,22,2,2,,,
14268,16,16,16,,,
14269,33,33,9,,,
14270,30,30,30,,,
14271,30,30,30,,,
14273,24,24,24,,,
14274,24,24,16,,,
14275,10,10,10,,,
14276,30,30,30,,,
14277,30,30,30,,,
14279,16,16,16,,,
14280,20,20,20,,,
14281,30,30,30,,,
14282,27,16,16,,,
14283,11,10,10,,,
14284,24,24,10,,,
14285,27,27,27,,,
14286,20,34,20,,,
14287,16,16,16,,,
14288,26,34,34,,,
14289,23,23,23,,,
14290,8,8,8,,,
14291,4,4,4,,,
14292,4,4,4,,,
14293,27,16,16,,,
14294,16,16,16,,,
14295,30,24,24,,,
14296,27,27,27,,,
14297,24,16,16,,,
14298,28,28,28,,,
14299,16,16,16,,,
14300,37,34,37,,,
14301,28,28,28,,,
14302,30,30,30,,,
14303,16,16,16,,,
14304,21,4,4,,,
14306,30,30,30,,,
14307,24,16,16,,,
14308,9,34,34,,,
14309,27,27,27,,,
14310,9,34,34,,,
14311,24,24,24,,,
14312,16,16,16,,,
14313,24,34,34,,,
14314,5,4,4,,,
14315,26,36,26,,,
14316,4,36,4,,,
14317,24,27,27,,,
14318,31,30,24,,,
14319,16,16,16,,,
14320,24,24,24,,,
14321,24,16,16,,,
14322,24,24,24,,,
14323,16,16,16,,,
14324,5,24,24,,,
14325,3,10,24,,,
14326,33,2,2,,,
14327,4,36,4,,,
14328,30,30,30,,,
14329,24,24,24,,,
14330,30,30,30,,,
14331,28,28,28,,,
14332,16,16,16,,,
14333,24,24,24,,,
14334,2,2,2,,,
14335,30,30,30,,,
14336,24,9,20,,,
14337,24,16,16,,,
14338,16,16,16,,,
14339,9,9,9,,,
14340,30,30,30,,,
14341,20,20,39,,,
14343,26,26,30,,,
14344,27,24,10,,,
14345,24,28,34,,,
14346,24,24,28,,,
14347,4,4,4,,,
14348,4,4,4,,,
14349,16,16,16,,,
14350,13,24,24,,,
14351,24,4,4,,,
14352,4,4,4,,,
14353,28,28,28,,,
14354,28,28,28,,,
14355,4,28,4,,,
14356,24,16,16,,,
14357,27,27,27,,,
14358,13,24,24,,,
14359,31,30,26,,,
14360,16,16,16,,,
14361,16,16,16,,,
14362,16,24,24,,,
14363,16,16,16,,,
14364,16,16,16,,,
14365,16,16,16,,,
14366,24,24,4,,,
14367,4,28,4,,,
14368,30,30,30,,,
14369,1,16,16,,,
14370,24,16,24,,,
14371,30,38,30,,,
14372,11,36,34,,,
14373,24,24,24,,,
14374,27,16,16,,,
14375,16,24,16,,,
14376,16,16,16,,,
14377,2,34,9,,,
14378,24,16,16,,,
14379,16,16,16,,,
14380,16,16,16,,,
14381,25,16,25,,,
14382,24,24,24,,,
14383,26,38,38,,,
14384,17,16,16,,,
14385,32,5,5,,,
14386,34,34,34,,,
14387,16,16,16,,,
14388,37,2,2,,,
14389,16,16,16,,,
14390,24,24,26,,,
14392,16,16,16,,,
14393,20,20,20,,,
14394,16,16,16,,,
14395,24,30,30,,,
14396,4,4,4,,,
14397,28,28,28,,,
14398,26,26,26,,,
14399,25,30,30,,,
14400,34,26,26,,,
14401,24,24,24,,,
14402,16,16,16,,,
14403,24,30,10,,,
14404,6,30,30,,,
14405,16,16,16,,,
14406,3,26,26,,,
14407,24,5,24,,,
14408,25,16,16,,,
14409,16,16,16,,,
14410,30,16,30,,,
14411,25,16,25,,,
14412,31,30,30,,,
14413,16,16,16,,,
14414,28,28,28,,,
14415,13,24,30,,,
14416,4,2,22,,,
14417,24,24,24,,,
14418,16,16,16,,,
14419,25,30,24,,,
14420,25,16,24,,,
14421,9,2,34,,,
14422,24,24,24,,,
14423,5,4,4,,,
14424,9,34,34,,,
14425,34,34,34,,,
14426,30,30,30,,,
14427,16,16,16,,,
14428,4,4,8,,,
14429,10,16,16,,,
14430,31,24,24,,,
14431,24,24,24,,,
14432,4,4,4,,,
14433,16,16,16,,,
14434,22,2,22,,,
14435,28,28,28,,,
14436,16,16,16,,,
14437,22,23,10,,,
14438,8,28,8,,,
14439,5,24,10,,,
14440,27,16,16,,,
14441,34,34,34,,,
14442,4,5,5,,,
14443,31,24,24,,,
14444,34,9,39,,,
14445,16,16,16,,,
14446,4,36,4,,,
14447,24,30,30,,,
14448,16,16,16,,,
14449,24,28,28,,,
14450,28,19,28,,,
14451,17,16,16,,,
14452,24,10,10,,,
14453,24,24,24,,,
14454,30,30,30,,,
14455,12,24,10,,,
14456,2,34,9,,,
14457,30,30,30,,,
14458,26,26,26,,,
14459,5,37,5,,,
14460,4,4,4,,,
14461,24,24,24,,,
14462,16,16,16,,,
14463,23,23,10,,,
14464,10,24,24,,,
14465,16,28,28,,,
14466,24,10,10,,,
14467,16,16,16,,,
14468,16,16,16,,,
14469,4,4,4,,,
14886,24,24,24,,,
14943,28,19,19,,,
14987,16,16,16,,,
15003,10,10,10,,,
15083,23,38,38,,,
15096,36,36,36,,,
15104,23,23,5,,,
15139,6,6,6,,,
15140,16,16,16,,,
15158,25,16,16,,,
15166,5,13,27,,,
15205,24,24,24,,,
15214,16,16,16,,,
15215,24,16,16,,,
15216,16,16,27,,,
15217,28,28,28,,,
15218,16,16,16,,,
15219,3,26,26,,,
15220,28,28,28,,,
15221,30,30,30,,,
15222,24,16,16,,,
15224,20,34,34,,,
15225,6,26,3,,,
15226,23,24,24,,,
15227,13,28,19,,,
15228,27,27,27,,,
15229,27,16,16,,,
15230,16,16,16,,,
15231,27,24,24,,,
15232,24,24,24,,,
15233,5,5,5,,,
15234,9,34,34,,,
15235,8,8,8,,,
15236,27,27,27,,,
15237,16,16,16,,,
15238,16,16,16,,,
15239,27,16,27,,,
15240,26,26,26,,,
15241,19,19,19,,,
15242,24,24,24,,,
15243,24,16,24,,,
15244,16,16,28,,,
15245,19,16,27,,,
15246,24,24,24,,,
15248,16,16,16,,,
15249,5,5,5,,,
15250,16,16,16,,,
15251,24,24,24,,,
15252,16,16,16,,,
15253,27,16,16,,,
15254,17,16,16,,,
15255,16,16,16,,,
15256,8,5,5,,,
15257,19,4,4,,,
15258,4,4,4,,,
15259,24,24,24,,,
15260,16,16,16,,,
15261,36,36,36,,,
15262,24,16,16,,,
15263,16,16,16,,,
15264,28,8,8,,,
15265,27,16,16,,,
15266,19,19,19,,,
15267,16,16,16,,,
15268,30,30,16,,,
15269,2,2,2,,,
15270,36,36,36,,,
15271,24,16,24,,,
15272,34,34,34,,,
15273,8,8,8,,,
15274,16,16,16,,,
15275,16,16,16,,,
15276,4,4,8,,,
15277,2,2,2,,,
15278,16,16,16,,,
15279,16,16,16,,,
15280,28,28,28,,,
15281,31,16,30,,,
15282,16,16,16,,,
15283,28,28,28,,,
15284,24,19,24,,,
15285,13,16,24,,,
15286,36,36,36,,,
15287,24,24,24,,,
15288,26,26,26,,,
15290,10,10,10,,,
15291,30,30,30,,,
15292,30,30,30,,,
15293,16,16,16,,,
15294,24,30,10,,,
15295,24,36,4,,,
15296,23,23,4,,,
15297,31,30,30,,,
15298,30,30,30,,,
15299,30,30,30,,,
15300,30,30,30,,,
15302,24,24,24,,,
15303,16,16,16,,,
15304,16,16,16,,,
15305,34,34,34,,,
15306,10,24,10,,,
15307,24,24,24,,,
15308,24,24,24,,,
15309,16,16,16,,,
15310,27,24,19,,,
15311,24,16,16,,,
15312,24,24,27,,,
15313,24,16,16,,,
15314,24,24,10,,,
15315,16,16,16,,,
15316,28,28,28,,,
15325,30,30,30,,,
15335,24,10,24,,,
15337,28,4,4,,,
15353,24,24,24,,,
15367,20,16,20,,,
15381,16,16,16,,,
15393,23,23,23,,,
15412,30,30,30,,,
15413,24,30,30,,,
15433,16,24,16,,,
15434,3,5,36,,,
15445,25,16,16,,,
15460,28,28,28,,,
15470,8,28,28,,,
15495,16,16,16,,,
15512,31,26,26,,,
15520,13,26,24,,,
15526,24,24,10,,,
15531,30,30,30,,,
15533,37,24,24,,,
15536,16,16,16,,,
15549,24,24,24,,,
15566,24,34,34,,,
15568,24,24,24,,,
15573,28,28,28,,,
15577,24,24,24,,,
15578,16,16,16,,,
15587,16,16,16,,,
15601,19,19,19,,,
15607,36,10,36,,,
15615,16,16,16,,,
15619,16,16,16,,,
15620,24,34,34,,,
15621,28,8,8,,,
15622,39,4,34,,,
15623,13,24,27,,,
15624,4,5,37,,,
15625,24,16,16,,,
15626,4,4,8,,,
15627,16,16,16,,,
15628,24,24,24,,,
15630,34,28,28,,,
15631,28,28,28,,,
15632,34,34,34,,,
15633,27,24,27,,,
15634,28,28,5,,,
15635,16,16,16,,,
15636,34,34,34,,,
15640,30,30,30,,,
15641,24,24,24,,,
15642,16,16,16,,,
15643,23,4,4,,,
15644,25,16,16,,,
15645,9,9,9,,,
15646,36,36,36,,,
15647,6,16,6,,,
15648,16,16,16,,,
15649,8,28,28,,,
15650,16,16,16,,,
15651,16,16,16,,,
15652,30,30,30,,,
15653,16,16,16,,,
15654,27,24,27,,,
15655,24,24,24,,,
15656,15,5,5,,,
15657,30,30,30,,,
15658,24,16,16,,,
15659,4,24,4,,,
15660,16,16,16,,,
15661,28,34,28,,,
15662,30,30,30,,,
15663,30,30,30,,,
15664,30,30,30,,,
15665,28,28,28,,,
15666,16,16,16,,,
15667,30,30,30,,,
15668,27,16,27,,,
15669,2,2,2,,,
15670,5,5,19,,,
15671,6,38,4,,,
15672,30,30,30,,,
15673,28,28,28,,,
15674,27,16,27,,,
15675,30,30,30,,,
15676,9,34,34,,,
15677,24,24,24,,,
15678,26,30,30,,,
15679,16,24,24,,,
15680,22,34,34,,,
15681,16,16,24,,,
15682,20,20,20,,,
15683,30,30,30,,,
15684,28,28,28,,,
15685,16,16,16,,,
15686,11,16,27,,,
15687,38,38,38,,,
15688,24,24,24,,,
15689,24,24,24,,,
15690,2,2,2,,,
15691,24,24,24,,,
15692,24,30,30,,,
15693,24,24,24,,,
15695,27,24,24,,,
15696,29,5,5,,,
15697,30,30,30,,,
15698,30,30,30,,,
15699,6,3,3,,,
15700,4,28,28,,,
15701,34,34,34,,,
15702,27,24,24,,,
15703,8,8,8,,,
15704,16,16,16,,,
15705,34,24,24,,,
15706,16,16,16,,,
15707,16,16,16,,,
15708,3,4,4,,,
15709,16,16,16,,,
15710,8,28,28,,,
15711,39,24,24,,,
15712,16,16,16,,,
15713,6,16,10,,,
15714,24,24,24,,,
15715,16,16,16,,,
15716,5,4,4,,,
15717,16,16,16,,,
15718,8,8,8,,,
15719,30,30,30,,,
15720,24,16,24,,,
15721,3,26,30,,,
15722,24,34,34,,,
15723,16,16,16,,,
15724,16,16,16,,,
15725,4,4,4,,,
15726,24,24,31,,,
15727,24,24,24,,,
15728,28,28,28,,,
15729,16,16,16,,,
15730,16,16,16,,,
15731,24,16,16,,,
15732,16,16,16,,,
15733,37,30,30,,,
15734,16,16,16,,,
15735,30,30,30,,,
15736,4,4,4,,,
15737,30,16,16,,,
15738,16,16,16,,,
15739,26,26,26,,,
15740,27,16,16,,,
15741,24,16,16,,,
15742,34,34,34,,,
15743,24,36,36,,,
15744,24,24,24,,,
15745,16,16,16,,,
15746,16,16,16,,,
15747,34,34,34,,,
15748,36,36,36,,,
15749,30,30,30,,,
15750,23,30,30,,,
15751,36,4,8,,,
15752,16,16,16,,,
15753,16,16,16,,,
15754,4,4,4,,,
15755,16,16,16,,,
15756,30,26,30,,,
15757,30,30,30,,,
15758,26,26,26,,,
15759,30,30,30,,,
15760,30,26,31,,,
15761,16,16,16,,,
15762,34,34,34,,,
15763,5,23,5,,,
15764,3,24,30,,,
15765,16,24,16,,,
15766,16,16,16,,,
15767,16,24,16,,,
15768,24,16,16,,,
15769,24,24,24,,,
15770,34,5,34,,,
15771,16,16,16,,,
15772,24,24,24,,,
15773,23,30,30,,,
15774,24,16,16,,,
15775,16,16,16,,,
15776,16,16,16,,,
15777,34,34,34,,,
15778,6,24,30,,,
15779,6,30,30,,,
15780,37,10,30,,,
15781,8,8,8,,,
15782,24,16,16,,,
15783,16,16,16,,,
15784,16,16,16,,,
15785,4,24,24,,,
15786,24,16,16,,,
15787,34,24,37,,,
15788,22,37,5,,,
15789,10,10,10,,,
15790,31,30,30,,,
15791,16,24,24,,,
15792,36,10,10,,,
15793,4,4,4,,,
15795,16,16,16,,,
15796,10,10,10,,,
15797,28,28,28,,,
15798,16,16,27,,,
15799,24,24,24,,,
15800,34,24,34,,,
15801,31,30,30,,,
15802,23,23,10,,,
15803,24,24,24,,,
15805,6,16,27,,,
15806,28,28,28,,,
15807,16,16,16,,,
15808,28,28,28,,,
15809,24,16,24,,,
15810,36,36,36,,,
15811,16,16,16,,,
15812,24,24,24,,,
15813,24,24,24,,,
15814,30,30,30,,,
15815,2,2,2,,,
15816,24,24,24,,,
15817,5,37,37,,,
15818,24,24,31,,,
15819,24,30,30,,,
15820,36,36,36,,,
15821,30,30,16,,,
15822,24,24,24,,,
15823,16,24,24,,,
15824,36,36,36,,,
15825,5,34,34,,,
15826,28,28,8,,,
15827,10,24,24,,,
15828,27,27,27,,,
15829,24,5,5,,,
15830,16,16,16,,,
15831,24,36,10,,,
15832,24,24,24,,,
15833,34,34,34,,,
15834,23,23,23,,,
15835,10,24,10,,,
15836,6,26,16,,,
15837,36,36,36,,,
15838,27,16,16,,,
15839,16,16,16,,,
15840,24,24,24,,,
15841,30,30,30,,,
15842,16,16,16,,,
15843,11,24,10,,,
15844,34,34,34,,,
15845,16,16,16,,,
15846,28,28,28,,,
15847,16,16,16,,,
15848,27,16,27,,,
15849,24,24,24,,,
15850,16,16,16,,,
15851,30,30,30,,,
15852,28,4,4,,,
15853,19,27,27,,,
15854,8,28,28,,,
15855,2,2,2,,,
15856,5,4,4,,,
15857,36,4,4,,,
15882,14,10,10,,,
16222,6,4,4,,,
16306,24,16,16,,,
16433,16,16,16,,,
16434,16,16,16,,,
16471,16,16,16,,,
16479,16,16,16,,,
16500,16,16,16,,,
16508,26,26,38,,,
16533,16,16,16,,,
16540,34,34,34,,,
16552,16,16,16,,,
16553,2,2,2,,,
16556,8,5,5,,,
16557,16,16,16,,,
16558,30,30,30,,,
16559,13,24,24,,,
16560,16,16,16,,,
16561,16,16,16,,,
16562,16,16,16,,,
16563,16,16,16,,,
16564,30,10,2,,,
16565,4,4,8,,,
16566,24,24,24,,,
16567,24,24,24,,,
16568,28,28,28,,,
16569,34,34,34,,,
16571,24,16,16,,,
16572,28,28,28,,,
16573,24,24,24,,,
16574,14,9,9,,,
16575,23,30,30,,,
16576,19,24,10,,,
16577,13,24,34,,,
16578,29,5,5,,,
16579,28,28,28,,,
16580,24,24,24,,,
16581,24,24,24,,,
16582,31,16,24,,,
16583,4,4,4,,,
16584,16,16,16,,,
16585,10,34,9,,,
16586,16,16,16,,,
16587,24,24,24,,,
16588,3,24,30,,,
16589,36,36,36,,,
16590,16,16,16,,,
16592,16,16,16,,,
16593,23,23,23,,,
16594,27,10,27,,,
16595,16,16,16,,,
16596,30,30,30,,,
16597,30,30,30,,,
16598,8,5,5,,,
16599,34,34,34,,,
16600,24,24,24,,,
16601,8,5,8,,,
16602,16,16,16,,,
16603,24,16,16,,,
16604,3,26,26,,,
16605,24,24,24,,,
16606,28,28,28,,,
16607,28,28,28,,,
16608,4,4,4,,,
16609,30,30,30,,,
16610,24,24,16,,,
16611,30,30,30,,,
16612,34,37,5,,,
16613,2,36,2,,,
16614,16,24,27,,,
16615,16,16,16,,,
16616,31,24,30,,,
16617,37,26,37,,,
16618,24,16,16,,,
16619,8,5,8,,,
16620,13,24,24,,,
16621,30,30,30,,,
16622,34,26,34,,,
16623,16,16,16,,,
16624,31,24,31,,,
16626,10,2,2,,,
16627,4,16,4,,,
16628,26,26,26,,,
16630,17,16,16,,,
16631,2,2,2,,,
16632,39,2,20,,,
16633,30,30,30,,,
16634,4,2,22,,,
16635,16,16,16,,,
16636,37,24,24,,,
16638,16,16,16,,,
16639,16,24,24,,,
16640,34,34,34,,,
16641,2,2,2,,,
16642,16,16,16,,,
16643,5,34,19,,,
16644,34,34,34,,,
16645,16,16,24,,,
16646,16,16,16,,,
16648,5,34,5,,,
16649,24,24,16,,,
16650,11,4,8,,,
16651,26,24,31,,,
16652,6,16,26,,,
16653,24,16,16,,,
16654,30,30,30,,,
16655,24,16,27,,,
16656,10,10,37,,,
16657,16,16,16,,,
16658,28,28,28,,,
16659,24,16,16,,,
16660,24,16,16,,,
16661,30,30,30,,,
16662,30,30,16,,,
16663,27,16,16,,,
16664,24,10,24,,,
16665,30,30,16,,,
16666,24,24,24,,,
16667,19,19,19,,,
16668,28,24,28,,,
16669,24,24,24,,,
16670,10,30,30,,,
16671,16,16,16,,,
16672,10,30,30,,,
16719,4,4,4,,,
16733,16,16,16,,,
16743,24,24,24,,,
16745,5,8,8,,,
16752,16,16,16,,,
16767,16,16,16,,,
16786,1,16,16,,,
16787,23,23,23,,,
16790,24,30,30,,,
16804,4,4,4,,,
16858,30,30,30,,,
16869,24,24,24,,,
16887,4,4,4,,,
16890,28,28,28,,,
16907,5,37,5,,,
16944,28,8,8,,,
16949,16,16,16,,,
16960,30,30,30,,,
16968,30,30,30,,,
16974,24,16,24,,,
16975,28,28,28,,,
16981,24,16,16,,,
16990,1,28,4,,,
16994,16,16,16,,,
16995,24,24,10,,,
16999,28,28,28,,,
17000,6,38,6,,,
17001,24,24,24,,,
17002,30,30,30,,,
17003,26,16,16,,,
17004,8,5,19,,,
17005,9,2,2,,,
17006,13,24,24,,,
17007,16,16,16,,,
17009,31,30,30,,,
17010,24,16,16,,,
17011,24,10,10,,,
17012,3,16,4,,,
17013,6,16,16,,,
17014,24,16,16,,,
17015,28,28,28,,,
17016,5,5,5,,,
17017,16,16,16,,,
17018,8,8,8,,,
17019,24,24,24,,,
17020,16,16,16,,,
17021,16,16,16,,,
17022,30,30,27,,,
17023,24,24,10,,,
17024,16,16,16,,,
17025,24,24,24,,,
17026,30,30,30,,,
17028,10,30,30,,,
17030,27,16,16,,,
17031,27,19,27,,,
17032,16,16,16,,,
17033,34,8,8,,,
17034,30,30,30,,,
17035,24,16,16,,,
17036,5,5,5,,,
17037,16,16,16,,,
17039,30,30,30,,,
17040,17,16,16,,,
17041,5,2,5,,,
17042,36,36,36,,,
17043,5,5,23,,,
17044,30,30,30,,,
17045,28,28,28,,,
17046,1,16,16,,,
17047,16,16,16,,,
17048,22,2,2,,,
17049,24,24,24,,,
17051,29,23,5,,,
17052,27,16,27,,,
17053,34,20,20,,,
17054,4,4,4,,,
17055,30,30,30,,,
17057,4,23,4,,,
17058,24,16,16,,,
17059,8,5,8,,,
17060,5,4,4,,,
17061,24,24,24,,,
17062,3,30,10,,,
17063,16,16,16,,,
17064,16,16,16,,,
17065,24,30,30,,,
17066,16,16,8,,,
17067,1,16,16,,,
17068,6,26,26,,,
17069,16,16,16,,,
17070,27,27,27,,,
17071,24,24,24,,,
17072,28,28,28,,,
17073,16,16,16,,,
17074,30,30,30,,,
17075,30,30,30,,,
17076,24,16,24,,,
17077,10,24,24,,,
17078,20,34,20,,,
17079,10,24,10,,,
17080,30,30,30,,,
17081,16,16,16,,,
17082,28,28,28,,,
17083,9,34,34,,,
17084,30,30,30,,,
17085,24,24,24,,,
17086,4,16,4,,,
17087,24,24,24,,,
17088,8,8,8,,,
17089,16,16,16,,,
17090,28,10,24,,,
17091,24,24,16,,,
17092,16,16,16,,,
17093,8,28,8,,,
17094,16,16,16,,,
17095,24,24,24,,,
17096,10,37,22,,,
17097,30,30,30,,,
17098,7,19,28,,,
17100,4,4,4,,,
17101,4,16,16,,,
17102,10,9,9,,,
17103,38,38,38,,,
17104,16,16,16,,,
17105,30,30,30,,,
17106,24,30,30,,,
17107,33,2,9,,,
17108,16,16,16,,,
17109,24,16,16,,,
17110,16,30,30,,,
17111,26,28,26,,,
17112,24,34,26,,,
17113,16,16,16,,,
17114,16,16,16,,,
17115,16,16,16,,,
17116,16,16,16,,,
17117,28,28,28,,,
17118,24,24,24,,,
17119,24,24,5,,,
17120,16,16,16,,,
17121,16,16,16,,,
17122,24,24,24,,,
17123,28,28,28,,,
17124,16,16,16,,,
17125,24,24,10,,,
17126,27,24,27,,,
17127,28,8,8,,,
17128,24,5,8,,,
17129,24,24,24,,,
17130,16,16,16,,,
17131,24,24,24,,,
17132,16,16,16,,,
17133,24,16,16,,,
17134,30,30,30,,,
17135,16,16,16,,,
17136,24,24,24,,,
17137,20,20,34,,,
17138,3,26,26,,,
17139,24,24,24,,,
17140,30,30,30,,,
17141,30,30,30,,,
17143,24,24,24,,,
17144,24,24,24,,,
17145,16,16,16,,,
17146,28,28,28,,,
17147,16,16,16,,,
17149,24,16,24,,,
17150,24,24,27,,,
17151,30,30,30,,,
17152,5,16,16,,,
17153,24,30,30,,,
17154,30,30,30,,,
17155,16,16,16,,,
17156,16,16,16,,,
17157,16,16,16,,,
17158,30,30,30,,,
17159,4,4,4,,,
17160,24,10,24,,,
17161,24,24,24,,,
17162,16,16,16,,,
17163,34,34,34,,,
17164,25,16,16,,,
17165,10,24,10,,,
17166,5,5,5,,,
17167,30,30,30,,,
17168,28,28,28,,,
17169,24,24,24,,,
17170,16,16,16,,,
17171,24,24,24,,,
17172,22,5,5,,,
17173,16,16,16,,,
17174,16,16,16,,,
17175,24,24,24,,,
17176,27,24,27,,,
17177,27,24,10,,,
17178,24,24,26,,,
17179,24,24,24,,,
17180,31,24,24,,,
17181,24,24,24,,,
17182,24,24,24,,,
17183,24,24,24,,,
17184,16,16,16,,,
17185,27,4,8,,,
17186,24,24,24,,,
17187,27,24,27,,,
17188,30,30,30,,,
17189,30,16,16,,,
17190,24,16,16,,,
17191,6,30,30,,,
17192,1,8,5,,,
17193,24,24,10,,,
17194,24,24,16,,,
17195,10,24,10,,,
17196,24,24,16,,,
17197,16,16,16,,,
17198,16,16,16,,,
17199,24,24,24,,,
17200,15,28,28,,,
17201,30,30,30,,,
17202,30,30,30,,,
17203,3,26,3,,,
17204,29,4,4,,,
17205,24,16,16,,,
17206,24,24,24,,,
17207,6,10,24,,,
17208,6,31,10,,,
17209,27,16,16,,,
17210,24,24,24,,,
17211,36,36,36,,,
17212,24,10,24,,,
17213,27,27,27,,,
17214,5,5,5,,,
17215,37,5,5,,,
17216,30,30,30,,,
17217,36,36,36,,,
17218,24,24,24,,,
17219,38,26,26,,,
17220,24,16,16,,,
17221,27,19,27,,,
17222,24,24,10,,,
17223,24,16,24,,,
17224,28,28,28,,,
17225,24,24,24,,,
17226,24,16,16,,,
17227,5,34,34,,,
17228,24,24,24,,,
17229,16,16,16,,,
17230,27,27,27,,,
17231,16,16,27,,,
17232,16,16,16,,,
17233,13,24,24,,,
17234,5,5,9,,,
17235,24,24,26,,,
17236,28,28,28,,,
17237,16,16,16,,,
17238,27,16,16,,,
17239,20,28,20,,,
17240,27,16,27,,,
17241,16,16,16,,,
17242,24,24,24,,,
17243,16,16,16,,,
17244,11,10,27,,,
17245,10,34,13,,,
17246,24,24,24,,,
17247,5,24,24,,,
17248,16,24,24,,,
17249,23,23,5,,,
17510,5,28,28,,,
17621,23,38,23,,,
17710,8,8,8,,,
17766,28,28,28,,,
17839,2,23,22,,,
17858,16,16,16,,,
17870,24,24,24,,,
17872,13,24,24,,,
17908,24,16,27,,,
17909,16,16,16,,,
17917,24,24,24,,,
17918,16,16,16,,,
17919,31,30,30,,,
17920,24,16,24,,,
17922,24,16,16,,,
17923,1,24,24,,,
17924,16,16,16,,,
17925,16,16,16,,,
17926,34,20,20,,,
17927,24,24,24,,,
17928,24,16,16,,,
17929,24,16,16,,,
17930,19,26,26,,,
17931,16,16,16,,,
17932,24,16,16,,,
17933,24,24,24,,,
17934,16,16,16,,,
17935,16,24,24,,,
17936,31,30,30,,,
17937,30,30,31,,,
17938,16,16,16,,,
17940,24,16,4,,,
17941,16,16,16,,,
17942,30,30,30,,,
17943,30,30,30,,,
17944,16,16,16,,,
17945,38,26,26,,,
17946,24,24,31,,,
17947,10,10,10,,,
17948,16,16,16,,,
17949,6,16,16,,,
17950,27,24,27,,,
17951,36,26,26,,,
17952,28,28,28,,,
17953,24,24,16,,,
17955,23,30,30,,,
17956,24,24,10,,,
17957,26,24,26,,,
17958,27,16,27,,,
17959,4,16,16,,,
17960,16,16,16,,,
17961,9,34,34,,,
17962,24,8,8,,,
17963,16,16,16,,,
17964,4,4,4,,,
17965,24,24,24,,,
17966,28,8,8,,,
17967,22,10,5,,,
17968,19,24,27,,,
17969,27,16,27,,,
17970,28,28,28,,,
17971,16,16,16,,,
17972,25,16,16,,,
17973,16,16,16,,,
17974,27,27,27,,,
17975,27,27,27,,,
17976,34,28,34,,,
17977,10,23,10,,,
17978,16,16,16,,,
17979,19,19,19,,,
17980,24,24,10,,,
17981,28,28,9,,,
17982,16,16,16,,,
17983,19,5,8,,,
17984,28,28,28,,,
17985,6,16,16,,,
17986,27,27,27,,,
17987,24,24,16,,,
17988,9,34,34,,,
17989,16,16,16,,,
17990,23,38,38,,,
17991,24,24,16,,,
17992,10,30,30,,,
17993,4,8,4,,,
17994,16,16,16,,,
17995,34,34,34,,,
17996,16,16,16,,,
17997,10,10,27,,,
17998,24,24,24,,,
17999,24,24,10,,,
18000,28,28,28,,,
18001,24,24,24,,,
18002,26,36,36,,,
18003,24,16,16,,,
18004,1,16,16,,,
18005,30,24,30,,,
18006,5,5,5,,,
18007,4,30,31,,,
18008,30,30,30,,,
18009,16,16,16,,,
18010,30,30,30,,,
18011,16,16,16,,,
18012,24,24,4,,,
18013,8,8,8,,,
18014,6,26,8,,,
18015,24,24,24,,,
18016,26,26,26,,,
18017,30,30,30,,,
18018,30,30,30,,,
18019,24,30,30,,,
18020,4,24,24,,,
18046,5,8,8,,,
18048,5,16,16,,,
18059,28,4,4,,,
18060,28,28,28,,,
18087,16,16,16,,,
18094,10,30,30,,,
18096,36,36,36,,,
18099,39,20,20,,,
18102,34,34,34,,,
18108,25,16,30,,,
18128,28,28,28,,,
18132,30,30,30,,,
18140,16,16,16,,,
18144,10,10,10,,,
18149,28,28,28,,,
18157,10,10,10,,,
18187,24,24,10,,,
18192,30,30,30,,,
18196,24,24,24,,,
18205,26,26,26,,,
18210,27,16,27,,,
18261,28,28,28,,,
18268,30,30,30,,,
18310,16,16,16,,,
18313,31,26,26,,,
18314,4,4,4,,,
18315,16,16,16,,,
18316,24,24,10,,,
18317,34,34,24,,,
18319,30,30,30,,,
18320,11,24,10,,,
18321,16,16,16,,,
18322,26,30,30,,,
18323,5,24,24,,,
18324,39,34,39,,,
18326,24,16,16,,,
18327,28,28,28,,,
18328,31,30,30,,,
18329,24,30,30,,,
18330,27,24,27,,,
18331,30,30,30,,,
18332,16,16,16,,,
18334,17,16,16,,,
18335,4,16,16,,,
18336,28,28,28,,,
18337,24,24,24,,,
18338,16,16,16,,,
18339,30,30,30,,,
18340,5,28,36,,,
18341,27,24,27,,,
18342,24,16,24,,,
18344,34,34,34,,,
18346,26,30,30,,,
18347,27,16,16,,,
18348,5,34,5,,,
18351,16,16,16,,,
18352,16,16,16,,,
18353,16,16,16,,,
18354,4,4,4,,,
18355,23,38,38,,,
18356,25,30,30,,,
18357,16,16,16,,,
18358,6,4,8,,,
18359,34,34,34,,,
18360,34,34,34,,,
18361,24,26,24,,,
18362,16,16,16,,,
18363,24,24,24,,,
18364,4,4,4,,,
18365,24,16,16,,,
18366,16,16,16,,,
18367,24,24,10,,,
18368,36,24,24,,,
18369,30,30,10,,,
18370,9,9,9,,,
18371,24,24,24,,,
18372,24,16,16,,,
18373,16,16,24,,,
18374,24,24,24,,,
18375,16,16,16,,,
18376,24,16,16,,,
18377,31,24,4,,,
18378,16,16,16,,,
18379,7,24,24,,,
18380,30,30,30,,,
18381,23,23,38,,,
18382,24,30,30,,,
18383,24,16,30,,,
18384,30,30,30,,,
18385,16,16,16,,,
18386,24,24,30,,,
18387,30,30,30,,,
18388,27,16,27,,,
18389,4,4,4,,,
18390,16,16,16,,,
18391,16,16,16,,,
18392,30,30,30,,,
18393,24,24,24,,,
18394,16,16,16,,,
18395,24,34,24,,,
18397,16,16,16,,,
18398,24,10,24,,,
18399,24,16,16,,,
18400,34,34,34,,,
18401,3,10,10,,,
18402,24,24,24,,,
18403,36,36,36,,,
18404,5,24,5,,,
18405,5,8,8,,,
18406,30,30,30,,,
18407,22,2,22,,,
18408,24,16,16,,,
18409,27,16,27,,,
18410,16,16,16,,,
18411,4,16,4,,,
18412,24,24,24,,,
18413,4,5,4,,,
18414,10,30,31,,,
18415,24,16,16,,,
18416,17,16,16,,,
18417,39,20,9,,,
18418,24,16,24,,,
18419,27,16,27,,,
18420,27,16,27,,,
18421,27,24,24,,,
18422,16,24,24,,,
18423,24,16,20,,,
18424,24,24,24,,,
18425,28,8,8,,,
18426,27,16,16,,,
18427,24,24,24,,,
18428,16,16,16,,,
18429,16,16,16,,,
18430,28,28,28,,,
18431,24,10,10,,,
18432,26,30,26,,,
18433,24,24,4,,,
18434,24,24,24,,,
18435,30,30,30,,,
18436,19,19,19,,,
18437,24,24,24,,,
18438,27,27,27,,,
18439,28,8,28,,,
18440,30,30,30,,,
18441,24,24,24,,,
18442,16,16,16,,,
18443,16,16,16,,,
18444,2,34,9,,,
18445,30,24,24,,,
18446,30,30,30,,,
18447,24,16,16,,,
18448,24,24,24,,,
18449,24,24,24,,,
18450,24,16,16,,,
18451,24,24,24,,,
18452,24,24,24,,,
18453,16,16,16,,,
18454,36,36,24,,,
18455,24,16,16,,,
18456,5,16,16,,,
18457,16,16,16,,,
18458,28,28,28,,,
18459,16,16,16,,,
18460,18,8,8,,,
18461,30,30,30,,,
18462,24,16,16,,,
18463,36,36,36,,,
18464,13,16,24,,,
18465,24,24,5,,,
18466,24,16,16,,,
18467,36,36,36,,,
18468,4,4,4,,,
18469,16,30,16,,,
18470,10,30,30,,,
18471,34,28,28,,,
18472,10,10,10,,,
18473,24,16,16,,,
18474,30,30,30,,,
18475,24,24,24,,,
18476,8,28,28,,,
18477,16,16,16,,,
18478,16,16,16,,,
18479,23,30,30,,,
18480,24,24,10,,,
18481,24,16,16,,,
18482,16,16,16,,,
18483,18,5,5,,,
18485,2,2,10,,,
18486,30,30,30,,,
18487,24,24,24,,,
18488,24,24,10,,,
18489,10,16,23,,,
18490,16,16,16,,,
18491,34,24,34,,,
18492,24,24,24,,,
18494,27,27,27,,,
18495,24,30,30,,,
18496,26,30,26,,,
18497,20,9,28,,,
18498,24,24,24,,,
18499,6,30,30,,,
18500,16,16,16,,,
18501,24,19,19,,,
18502,16,16,16,,,
18503,8,8,8,,,
18504,36,10,10,,,
18505,4,36,4,,,
18506,8,8,8,,,
18507,16,16,16,,,
18508,6,10,10,,,
18509,24,26,26,,,
18510,24,10,10,,,
18511,24,24,24,,,
18512,24,24,24,,,
18513,28,28,28,,,
18514,16,16,16,,,
18515,27,16,27,,,
18516,18,9,34,,,
18517,16,16,16,,,
18518,24,24,24,,,
18519,22,4,4,,,
18520,16,16,16,,,
18521,16,16,16,,,
18522,10,24,10,,,
18523,24,24,4,,,
18524,10,30,30,,,
18525,28,28,28,,,
18526,24,10,10,,,
18527,24,24,24,,,
18528,10,24,24,,,
18529,28,28,28,,,
18530,24,16,16,,,
18531,16,16,16,,,
18532,10,30,30,,,
18533,28,24,16,,,
18534,16,16,16,,,
18535,24,16,16,,,
18536,36,10,4,,,
18537,31,24,24,,,
18538,16,16,16,,,
18539,8,16,4,,,
18540,37,30,30,,,
18541,24,24,24,,,
18542,30,30,30,,,
18543,4,16,16,,,
18544,24,24,24,,,
18545,30,30,30,,,
18546,24,24,34,,,
18547,27,16,16,,,
18548,17,16,16,,,
18549,34,34,34,,,
18550,16,16,16,,,
18551,13,24,27,,,
18552,16,16,16,,,
18553,24,24,24,,,
18554,24,24,24,,,
18555,24,24,31,,,
18556,8,4,4,,,
18557,16,16,24,,,
18558,28,28,28,,,
18559,16,16,16,,,
18560,37,2,22,,,
19053,26,30,30,,,
19059,16,28,16,,,
19069,24,24,24,,,
19074,16,16,16,,,
19126,24,30,10,,,
19176,8,8,8,,,
19177,16,16,16,,,
19185,19,19,24,,,
19188,4,16,16,,,
19190,16,16,16,,,
19206,26,34,26,,,
19229,16,16,16,,,
19237,8,5,8,,,
19242,19,24,27,,,
19243,28,28,28,,,
19244,24,16,16,,,
19245,5,16,16,,,
19246,16,16,16,,,
19247,4,24,4,,,
19248,13,24,10,,,
19249,16,16,16,,,
19250,24,24,10,,,
19251,24,24,24,,,
19252,16,16,16,,,
19253,24,24,24,,,
19254,7,19,19,,,
19255,30,26,30,,,
19257,16,16,16,,,
19258,10,37,10,,,
19259,24,24,10,,,
19261,34,34,34,,,
19262,24,16,16,,,
19263,24,24,30,,,
19264,24,24,24,,,
19265,16,16,16,,,
19266,28,28,28,,,
19267,16,16,16,,,
19268,19,24,24,,,
19269,5,5,5,,,
19270,10,24,10,,,
19271,16,16,16,,,
19272,24,24,24,,,
19273,24,16,24,,,
19274,10,10,2,,,
19276,16,16,16,,,
19277,24,24,4,,,
19278,2,2,2,,,
19279,28,28,28,,,
19280,18,34,5,,,
19281,27,27,27,,,
19282,8,28,28,,,
19284,27,38,23,,,
19285,16,16,16,,,
19286,16,16,16,,,
19287,10,10,10,,,
19288,30,30,30,,,
19289,10,10,10,,,
19290,11,23,19,,,
19291,16,16,16,,,
19292,8,8,8,,,
19293,24,24,24,,,
19294,28,28,28,,,
19295,34,28,28,,,
19296,19,5,5,,,
19297,30,30,30,,,
19298,5,5,5,,,
19299,24,24,24,,,
19300,16,16,16,,,
19301,25,30,24,,,
19302,33,2,2,,,
19303,16,16,16,,,
19304,24,16,16,,,
19306,26,26,26,,,
19307,16,16,16,,,
19308,4,16,16,,,
19309,34,34,34,,,
19310,24,16,16,,,
19311,8,24,24,,,
19312,28,28,28,,,
19313,16,16,16,,,
19314,21,10,24,,,
19315,37,37,5,,,
19316,4,4,4,,,
19317,28,28,28,,,
19318,3,4,8,,,
19319,16,16,16,,,
19320,1,16,16,,,
19321,3,26,26,,,
19322,2,10,10,,,
19323,16,16,16,,,
19324,16,16,16,,,
19325,34,34,34,,,
19326,34,24,30,,,
19327,37,4,4,,,
19328,24,16,16,,,
19329,24,24,24,,,
19330,0,24,24,,,
19331,16,16,16,,,
19332,10,24,24,,,
19333,28,28,28,,,
19334,24,24,24,,,
19335,16,16,16,,,
19336,28,28,28,,,
19337,24,34,34,,,
19338,10,16,27,,,
19339,16,16,16,,,
19340,24,24,24,,,
19341,34,20,34,,,
19342,24,24,24,,,
19343,24,10,24,,,
19344,8,4,4,,,
19345,24,24,24,,,
19346,24,24,24,,,
19347,36,36,36,,,
19348,37,24,24,,,
19349,34,34,39,,,
19350,26,30,30,,,
19370,16,16,16,,,
19382,9,34,34,,,
19398,10,31,31,,,
19400,25,16,16,,,
19403,16,16,16,,,
19432,36,39,36,,,
19441,30,30,30,,,
19452,16,16,16,,,
19453,5,36,4,,,
19481,8,4,4,,,
19489,28,8,8,,,
19492,34,34,34,,,
19503,28,8,8,,,
19517,24,24,31,,,
19536,16,16,16,,,
19543,30,30,30,,,
19544,4,16,16,,,
19560,25,16,16,,,
19570,28,28,28,,,
19573,24,24,16,,,
19575,16,16,16,,,
19614,24,24,24,,,
19620,13,19,19,,,
19628,24,16,16,,,
19631,27,24,27,,,
19656,2,19,19,,,
19657,24,24,24,,,
19658,24,24,24,,,
19659,24,24,24,,,
19661,24,16,27,,,
19662,30,30,30,,,
19663,4,24,37,,,
19664,8,28,28,,,
19665,34,34,34,,,
19666,16,16,16,,,
19667,24,24,24,,,
19668,28,28,28,,,
19669,16,16,16,,,
19670,24,24,24,,,
19671,16,16,16,,,
19672,16,16,16,,,
19673,16,16,16,,,
19674,16,16,16,,,
19675,23,10,10,,,
19676,16,24,24,,,
19677,16,16,24,,,
19678,25,16,16,,,
19680,16,16,16,,,
19681,16,16,16,,,
19682,24,10,10,,,
19683,16,16,16,,,
19684,3,5,23,,,
19685,24,24,24,,,
19686,7,23,5,,,
19687,16,24,24,,,
19688,16,16,16,,,
19689,23,23,23,,,
19690,13,16,16,,,
19691,27,24,27,,,
19692,16,16,16,,,
19693,39,34,39,,,
19694,16,16,16,,,
19695,16,16,16,,,
19696,30,24,30,,,
19697,11,24,27,,,
19698,6,16,16,,,
19699,16,16,16,,,
19700,27,24,10,,,
19701,24,24,19,,,
19702,6,26,30,,,
19703,34,34,34,,,
19704,30,30,30,,,
19705,26,24,26,,,
19706,10,24,26,,,
19707,30,30,30,,,
19708,5,5,5,,,
19709,16,16,16,,,
19711,30,30,30,,,
19712,30,30,30,,,
19713,15,24,24,,,
19714,37,34,34,,,
19715,11,34,10,,,
19716,27,16,16,,,
19717,16,16,30,,,
19718,24,24,30,,,
19719,16,16,16,,,
19720,24,16,16,,,
19721,16,30,16,,,
19722,24,16,24,,,
19723,22,23,23,,,
19724,16,16,16,,,
19725,27,27,27,,,
19726,24,16,16,,,
19727,30,30,30,,,
19728,7,19,19,,,
19729,4,28,28,,,
19730,24,30,30,,,
19731,28,28,28,,,
19732,27,19,27,,,
19733,24,10,10,,,
19734,30,30,30,,,
19735,30,30,30,,,
19737,24,24,10,,,
19738,24,24,24,,,
19740,5,5,5,,,
19741,16,16,16,,,
19742,24,24,24,,,
19743,16,16,16,,,
19744,10,10,2,,,
19745,24,24,24,,,
19746,30,30,30,,,
19747,4,4,4,,,
19748,26,24,24,,,
19749,30,30,30,,,
19750,24,24,24,,,
19751,24,16,16,,,
19752,30,30,30,,,
19753,16,16,16,,,
19754,24,10,24,,,
19755,16,16,26,,,
19756,24,24,24,,,
19757,4,23,4,,,
19758,24,26,26,,,
19759,30,30,30,,,
19760,39,2,9,,,
19761,22,2,2,,,
19762,13,16,16,,,
19763,5,5,5,,,
19764,24,24,24,,,
19765,16,16,16,,,
19766,30,16,16,,,
19767,30,30,30,,,
19768,16,16,16,,,
19769,23,4,4,,,
19770,7,24,24,,,
19771,24,24,24,,,
19772,3,10,24,,,
19773,5,24,24,,,
19774,16,16,16,,,
19775,8,8,8,,,
19776,28,28,28,,,
19777,31,30,30,,,
19778,26,26,26,,,
19779,24,24,24,,,
19780,10,10,10,,,
19781,24,16,16,,,
19782,16,16,16,,,
19783,25,16,16,,,
19784,16,16,16,,,
19785,4,16,16,,,
19786,24,16,24,,,
19787,16,16,16,,,
19789,2,2,2,,,
19790,28,4,8,,,
19791,24,24,24,,,
19792,10,26,31,,,
19794,24,5,10,,,
19795,4,26,4,,,
19796,24,16,24,,,
19797,36,10,24,,,
19798,27,16,27,,,
19799,24,16,24,,,
19800,5,5,5,,,
19801,16,16,16,,,
19802,5,5,5,,,
19803,30,30,30,,,
19804,2,2,2,,,
19805,8,5,8,,,
19806,16,24,30,,,
19807,10,10,10,,,
19808,9,28,9,,,
19809,16,16,16,,,
19810,24,24,24,,,
19811,28,28,28,,,
19812,16,16,16,,,
19813,24,24,30,,,
19815,16,16,16,,,
19816,27,10,19,,,
19817,23,23,30,,,
19818,24,16,24,,,
19819,28,24,24,,,
19820,16,16,16,,,
19821,16,30,30,,,
19822,10,24,24,,,
19823,24,24,24,,,
19824,24,5,5,,,
19825,25,16,16,,,
19826,23,2,22,,,
19827,37,37,37,,,
19828,16,16,16,,,
19829,10,26,26,,,
19830,8,8,8,,,
19831,30,30,10,,,
19832,30,30,30,,,
19833,28,28,28,,,
19834,28,9,9,,,
19835,30,30,30,,,
19836,34,34,34,,,
19837,27,16,16,,,
19838,20,20,20,,,
19839,28,28,28,,,
19840,16,16,16,,,
19841,24,24,24,,,
19842,34,34,39,,,
19843,24,24,24,,,
19844,24,24,24,,,
19845,34,34,34,,,
19846,24,24,27,,,
19847,10,30,10,,,
19848,16,16,16,,,
19849,10,30,26,,,
19850,16,16,16,,,
19851,26,26,26,,,
19852,30,30,30,,,
19853,27,16,27,,,
19854,23,23,23,,,
19855,16,16,16,,,
19856,24,24,24,,,
19857,27,27,27,,,
19858,5,8,5,,,
19859,30,30,24,,,
19860,27,24,27,,,
19861,27,16,27,,,
19862,5,5,5,,,
19863,26,16,26,,,
19864,32,19,19,,,
19865,5,36,26,,,
19866,2,2,2,,,
19867,38,38,38,,,
19868,16,16,16,,,
19869,30,30,30,,,
19870,16,16,16,,,
19871,28,8,8,,,
19872,24,24,24,,,
19873,9,36,36,,,
19874,3,24,24,,,
20275,4,4,4,,,
20426,16,16,16,,,
20433,16,16,16,,,
20434,25,16,16,,,
20476,34,36,34,,,
20495,28,28,28,,,
20525,5,28,28,,,
20530,16,16,16,,,
20554,30,30,30,,,
20559,30,30,30,,,
20561,2,2,2,,,
20562,16,16,16,,,
20563,16,16,16,,,
20564,23,8,8,,,
20566,24,16,16,,,
20567,24,24,24,,,
20568,27,24,27,,,
20569,30,30,30,,,
20570,16,16,16,,,
20571,37,37,37,,,
20572,5,34,34,,,
20573,16,16,16,,,
20574,4,4,4,,,
20575,16,16,16,,,
20576,24,5,24,,,
20577,8,8,8,,,
20578,28,28,28,,,
20579,24,10,10,,,
20581,4,16,16,,,
20582,16,16,16,,,
20583,16,16,16,,,
20585,16,16,16,,,
20586,5,2,33,,,
20587,16,16,16,,,
20588,30,30,16,,,
20589,27,16,27,,,
20590,21,16,16,,,
20591,3,26,26,,,
20592,24,16,24,,,
20593,34,34,34,,,
20595,10,10,10,,,
20596,16,16,16,,,
20597,16,16,16,,,
20598,24,24,24,,,
20599,30,30,30,,,
20600,30,30,30,,,
20601,19,34,34,,,
20602,8,5,8,,,
20603,4,24,24,,,
20604,16,16,16,,,
20605,34,34,34,,,
20606,2,2,2,,,
20607,16,16,16,,,
20608,26,26,26,,,
20609,16,16,16,,,
20610,19,28,19,,,
20611,30,30,30,,,
20612,24,24,24,,,
20613,10,24,10,,,
20614,22,2,2,,,
20615,37,10,10,,,
20616,24,16,16,,,
20617,30,31,31,,,
20618,16,16,16,,,
20620,24,10,24,,,
20621,34,20,39,,,
20622,24,24,24,,,
20623,16,16,16,,,
20624,24,5,24,,,
20625,24,24,24,,,
20626,16,16,16,,,
20627,32,16,5,,,
20628,24,30,30,,,
20629,18,8,8,,,
20630,16,16,16,,,
20631,24,10,10,,,
20632,34,34,24,,,
20633,24,24,24,,,
20634,9,34,34,,,
20635,24,24,24,,,
20636,24,16,24,,,
20637,16,24,24,,,
20638,16,16,16,,,
20639,16,16,16,,,
20640,10,10,10,,,
20641,23,23,31,,,
20642,16,16,16,,,
20643,8,5,5,,,
20644,30,30,30,,,
20645,30,30,30,,,
20646,4,4,4,,,
20647,28,28,28,,,
20648,23,38,23,,,
20649,16,16,16,,,
20650,15,5,5,,,
20651,24,30,30,,,
20652,24,10,24,,,
20653,24,16,24,,,
20654,24,24,24,,,
20655,39,36,34,,,
20656,24,30,24,,,
20657,16,16,16,,,
20658,30,30,30,,,
20659,16,16,16,,,
20660,24,24,24,,,
20661,30,30,30,,,
20664,24,24,24,,,
20673,16,16,16,,,
20674,4,4,4,,,
20680,11,19,19,,,
20688,30,30,30,,,
20691,24,16,24,,,
20692,16,16,16,,,
20704,36,10,24,,,
20710,30,30,30,,,
20731,16,30,30,,,
20734,24,16,16,,,
20738,24,30,31,,,
20762,16,16,16,,,
20783,30,30,30,,,
20784,16,16,16,,,
20788,24,24,24,,,
20794,39,34,26,,,
20808,10,2,22,,,
20819,24,24,24,,,
20827,36,36,36,,,
20834,30,30,30,,,
20841,10,2,36,,,
20856,28,28,28,,,
20870,36,36,36,,,
20872,36,36,36,,,
20876,8,4,19,,,
20882,24,24,24,,,
20885,31,24,24,,,
20908,5,34,5,,,
20913,24,24,24,,,
20914,4,8,5,,,
20928,24,34,34,,,
20937,30,30,30,,,
20941,24,24,24,,,
20943,16,16,16,,,
20944,24,16,16,,,
20945,16,16,16,,,
20946,16,16,16,,,
20947,16,16,16,,,
20948,24,24,24,,,
20949,30,30,30,,,
20950,16,16,16,,,
20951,19,10,19,,,
20952,31,10,24,,,
20953,8,8,8,,,
20954,31,24,16,,,
20955,18,28,24,,,
20956,5,5,5,,,
20957,8,16,16,,,
20958,28,28,28,,,
20960,26,24,26,,,
20961,34,34,9,,,
20962,31,10,24,,,
20963,34,34,34,,,
20964,26,24,26,,,
20965,30,30,30,,,
20966,16,31,16,,,
20967,28,28,28,,,
20968,6,16,16,,,
20970,27,27,27,,,
20971,30,30,30,,,
20972,30,30,30,,,
20973,16,16,24,,,
20974,37,2,22,,,
20975,37,30,30,,,
20976,16,16,16,,,
20977,28,28,28,,,
20978,3,26,38,,,
20979,22,2,2,,,
20980,10,34,34,,,
20981,30,30,30,,,
20982,24,24,24,,,
20983,38,38,38,,,
20984,24,10,10,,,
20985,37,26,26,,,
20986,6,16,24,,,
20987,36,36,36,,,
20988,16,16,16,,,
20990,11,10,10,,,
20991,27,27,27,,,
20992,30,30,16,,,
20993,23,23,4,,,
20994,30,30,30,,,
20995,30,31,30,,,
20996,24,24,24,,,
20997,24,30,30,,,
20998,24,24,24,,,
20999,24,24,24,,,
21000,24,24,24,,,
21001,37,37,10,,,
21003,24,24,16,,,
21004,16,16,16,,,
21005,24,16,16,,,
21006,6,10,34,,,
21007,28,28,28,,,
21008,10,27,27,,,
21009,27,16,16,,,
21010,18,19,24,,,
21011,30,16,16,,,
21012,28,24,24,,,
21013,28,28,28,,,
21014,24,30,30,,,
21015,16,16,16,,,
21016,24,24,24,,,
21017,16,30,16,,,
21018,30,30,30,,,
21019,16,16,16,,,
21020,10,10,10,,,
21021,24,24,24,,,
21022,24,16,24,,,
21023,24,16,24,,,
21024,16,16,16,,,
21025,30,30,30,,,
21026,6,16,16,,,
21027,16,16,16,,,
21028,9,34,34,,,
21029,24,16,16,,,
21030,24,24,24,,,
21031,16,16,24,,,
21032,30,30,30,,,
21033,28,8,28,,,
21034,16,16,16,,,
21035,24,24,24,,,
21036,16,16,16,,,
21037,15,5,24,,,
21038,24,16,16,,,
21039,24,24,31,,,
21040,24,24,24,,,
21041,6,4,16,,,
21042,24,24,24,,,
21043,16,16,16,,,
21044,31,30,30,,,
21045,29,16,16,,,
21046,8,4,8,,,
21047,34,34,34,,,
21048,16,16,16,,,
21049,16,16,16,,,
21050,24,16,16,,,
21051,34,34,5,,,
21052,28,28,28,,,
21053,24,24,24,,,
21054,16,16,16,,,
21055,8,8,8,,,
21056,30,30,30,,,
21057,30,30,30,,,
21058,30,30,30,,,
21059,30,30,30,,,
21060,2,10,10,,,
21061,30,30,30,,,
21062,2,2,2,,,
21063,24,24,24,,,
21064,30,24,30,,,
21065,30,30,30,,,
21066,1,30,16,,,
21067,30,30,30,,,
21068,28,28,28,,,
21069,31,24,24,,,
21070,10,36,36,,,
21071,24,24,24,,,
21072,28,28,28,,,
21073,38,38,38,,,
21074,10,24,24,,,
21075,18,28,28,,,
21076,8,5,16,,,
21077,30,30,30,,,
21078,28,5,5,,,
21079,30,30,30,,,
21080,13,34,34,,,
21081,16,16,27,,,
21082,16,16,16,,,
21083,34,36,36,,,
21084,24,16,24,,,
21085,24,16,16,,,
21086,16,16,16,,,
21087,24,16,24,,,
21088,16,16,16,,,
21089,24,24,10,,,
21090,9,34,34,,,
21091,24,4,6,,,
21092,13,24,24,,,
21093,16,16,16,,,
21094,27,27,27,,,
21095,24,30,30,,,
21096,4,4,4,,,
21097,3,3,10,,,
21098,24,16,16,,,
21099,24,24,16,,,
21100,30,30,30,,,
21101,8,5,5,,,
21102,30,16,30,,,
21103,24,16,16,,,
21104,13,34,34,,,
21105,24,16,16,,,
21106,34,34,34,,,
21107,24,24,10,,,
21108,16,16,16,,,
21110,24,28,28,,,
21112,24,16,16,,,
21113,24,24,16,,,
21115,16,16,16,,,
21116,10,23,10,,,
21117,16,16,16,,,
21118,24,24,24,,,
21119,24,24,24,,,
21120,29,8,28,,,
21121,28,28,28,,,
21122,10,16,16,,,
21123,28,28,28,,,
21124,28,28,28,,,
21125,28,28,28,,,
21127,2,3,10,,,
21128,16,16,16,,,
21129,8,8,8,,,
21130,5,5,5,,,
21131,24,24,24,,,
21132,24,10,10,,,
21133,24,10,24,,,
21134,10,30,24,,,
21135,28,4,4,,,
21136,16,16,16,,,
21137,24,24,24,,,
21138,24,24,24,,,
21139,10,30,10,,,
21140,16,16,16,,,
21141,16,16,16,,,
21142,8,16,16,,,
21143,24,24,24,,,
21144,24,36,24,,,
21145,30,24,30,,,
21146,24,16,24,,,
21147,4,28,4,,,
21148,8,5,5,,,
21149,24,24,26,,,
21150,34,34,34,,,
21151,24,30,30,,,
21152,24,24,24,,,
21153,9,9,2,,,
21154,16,16,16,,,
21155,24,34,24,,,
21156,4,4,4,,,
21157,24,24,24,,,
21158,8,8,8,,,
21159,16,16,16,,,
21160,34,34,34,,,
21161,24,10,10,,,
21162,24,24,24,,,
21163,27,16,27,,,
21164,24,5,5,,,
21165,16,16,16,,,
21166,24,24,16,,,
21167,16,16,16,,,
21168,28,8,8,,,
21169,16,16,16,,,
21170,27,16,16,,,
21171,28,28,28,,,
21172,24,24,24,,,
21173,24,24,4,,,
21174,24,30,30,,,
21175,16,16,16,,,
21176,26,26,26,,,
21177,27,27,27,,,
21178,27,16,27,,,
21179,24,24,24,,,
21180,10,10,10,,,
21181,5,5,19,,,
21182,37,34,37,,,
21183,10,10,10,,,
21476,27,27,27,,,
21550,18,24,24,,,
21710,2,9,9,,,
21773,22,2,22,,,
21779,27,27,27,,,
21787,16,16,16,,,
21793,28,28,28,,,
21801,7,16,16,,,
21813,24,16,16,,,
21814,28,28,28,,,
21834,24,24,24,,,
21838,24,16,16,,,
21839,16,16,16,,,
21857,10,34,10,,,
21859,30,30,30,,,
21861,8,8,8,,,
21862,24,24,24,,,
21863,24,16,24,,,
21864,16,16,16,,,
21865,28,5,8,,,
21866,31,30,30,,,
21867,30,30,30,,,
21868,4,16,16,,,
21869,8,8,8,,,
21870,28,28,28,,,
21871,27,24,27,,,
21872,36,36,36,,,
21873,24,10,10,,,
21874,24,16,24,,,
21875,10,10,10,,,
21876,28,28,28,,,
21877,28,28,28,,,
21878,24,30,30,,,
21879,30,30,30,,,
21880,4,4,4,,,
21881,16,16,16,,,
21882,28,28,28,,,
21883,16,16,16,,,
21884,27,24,27,,,
21885,4,4,4,,,
21886,33,9,9,,,
21887,27,34,27,,,
21888,24,24,24,,,
21889,37,30,30,,,
21890,16,16,16,,,
21891,16,16,16,,,
21892,16,16,16,,,
21893,16,16,16,,,
21894,27,16,27,,,
21895,28,24,10,,,
21896,24,16,16,,,
21897,16,16,16,,,
21898,16,16,16,,,
21900,24,30,30,,,
21901,16,16,16,,,
21902,36,36,36,,,
21903,2,2,2,,,
21904,4,4,4,,,
21905,16,16,16,,,
21906,8,4,8,,,
21907,16,16,16,,,
21908,16,16,16,,,
21909,20,34,34,,,
21910,4,4,4,,,
21911,16,16,16,,,
21912,0,24,24,,,
21913,27,10,27,,,
21914,2,2,9,,,
21915,10,10,10,,,
21916,24,24,24,,,
21917,27,16,27,,,
21918,29,5,8,,,
21919,38,38,38,,,
21920,16,16,16,,,
21921,27,24,27,,,
21922,27,16,27,,,
21923,24,24,24,,,
21924,24,24,24,,,
21925,16,16,16,,,
21926,34,34,34,,,
21927,34,20,26,,,
21928,24,16,16,,,
21929,24,24,24,,,
21930,28,28,28,,,
21931,16,16,16,,,
21932,24,16,16,,,
21933,31,37,37,,,
21934,16,16,16,,,
21935,16,16,16,,,
21936,26,10,30,,,
21937,10,24,24,,,
21938,24,24,10,,,
21939,24,16,10,,,
21940,4,4,4,,,
21941,16,16,16,,,
21942,24,24,10,,,
21943,16,16,16,,,
21944,24,24,24,,,
21945,30,30,30,,,
21946,19,19,2,,,
21947,24,24,24,,,
21948,24,24,24,,,
21949,30,30,30,,,
21950,24,30,24,,,
21957,24,10,36,,,
21960,31,16,16,,,
21980,30,30,30,,,
22001,18,2,10,,,
22005,8,8,8,,,
22006,16,16,16,,,
22012,24,24,24,,,
22017,16,16,16,,,
22030,25,16,28,,,
22038,30,30,30,,,
22049,16,16,16,,,
22055,30,30,30,,,
22066,24,24,10,,,
22079,30,30,30,,,
22082,28,28,28,,,
22088,30,30,30,,,
22095,4,4,4,,,
22102,16,16,16,,,
22114,8,28,8,,,
22116,16,16,16,,,
22144,36,36,36,,,
22146,38,38,38,,,
22154,24,19,19,,,
22168,13,24,24,,,
22192,16,16,16,,,
22193,30,30,30,,,
22200,24,16,24,,,
22209,16,16,16,,,
22222,24,24,24,,,
22238,24,23,10,,,
22241,8,8,8,,,
22242,10,10,10,,,
22244,34,34,34,,,
22245,16,16,16,,,
22246,3,36,36,,,
22247,30,30,30,,,
22248,16,16,16,,,
22249,12,4,28,,,
22250,4,4,4,,,
22251,16,16,16,,,
22252,24,16,24,,,
22253,28,5,8,,,
22254,25,16,16,,,
22255,23,4,30,,,
22256,24,24,10,,,
22257,24,23,27,,,
22258,10,10,10,,,
22259,16,16,16,,,
22260,13,16,24,,,
22262,28,24,28,,,
22263,16,24,16,,,
22266,24,16,16,,,
22267,31,31,31,,,
22268,16,16,16,,,
22269,24,24,16,,,
22270,16,16,16,,,
22271,24,24,24,,,
22272,26,24,26,,,
22273,11,27,27,,,
22275,26,31,31,,,
22276,34,19,34,,,
22277,30,30,30,,,
22278,15,23,23,,,
22279,16,16,16,,,
22280,23,2,2,,,
22281,16,16,16,,,
22282,16,16,16,,,
22283,2,2,22,,,
22284,37,37,37,,,
22285,16,16,16,,,
22286,16,16,16,,,
22288,4,4,4,,,
22289,24,16,16,,,
22290,4,4,4,,,
22291,30,30,30,,,
22292,4,16,4,,,
22293,5,34,27,,,
22294,16,16,16,,,
22295,16,16,16,,,
22296,16,16,16,,,
22297,16,16,16,,,
22298,30,30,30,,,
22299,30,24,24,,,
22300,28,28,28,,,
22301,37,24,31,,,
22302,6,30,30,,,
22304,4,4,8,,,
22305,24,26,26,,,
22306,31,24,24,,,
22307,30,30,30,,,
22308,16,16,16,,,
22309,27,27,27,,,
22310,30,16,25,,,
22311,30,30,30,,,
22312,27,28,19,,,
22313,24,24,16,,,
22314,24,24,4,,,
22315,24,24,10,,,
22316,10,30,30,,,
22317,16,16,16,,,
22318,34,34,34,,,
22319,38,23,38,,,
22320,24,24,24,,,
22321,34,24,34,,,
22322,24,24,24,,,
22323,10,10,27,,,
22324,24,24,24,,,
22325,36,10,36,,,
22326,26,30,30,,,
22327,24,31,16,,,
22328,24,24,24,,,
22329,27,24,24,,,
22330,16,24,16,,,
22331,9,34,34,,,
22332,2,2,2,,,
22333,5,5,5,,,
22334,16,16,16,,,
22335,24,24,24,,,
22336,24,24,24,,,
22337,24,24,10,,,
22338,27,27,27,,,
22339,34,24,5,,,
22340,24,16,16,,,
22341,24,16,16,,,
22342,3,3,3,,,
22343,24,24,24,,,
22344,24,24,24,,,
22345,13,24,16,,,
22346,34,34,34,,,
22347,24,16,16,,,
22348,28,28,28,,,
22349,27,27,27,,,
22350,24,16,24,,,
22351,30,30,30,,,
22352,30,30,30,,,
22353,3,27,27,,,
22354,16,16,16,,,
22355,30,24,24,,,
22356,10,10,24,,,
22357,16,16,16,,,
22358,16,16,16,,,
22359,27,16,16,,,
22360,28,28,28,,,
22361,24,10,10,,,
22362,28,28,28,,,
22363,39,34,39,,,
22364,28,8,28,,,
22365,16,16,16,,,
22366,24,24,4,,,
22367,16,24,24,,,
22368,30,30,30,,,
22369,30,30,30,,,
22370,30,30,30,,,
22371,30,30,30,,,
22372,30,30,30,,,
22373,32,5,5,,,
22374,16,16,16,,,
22375,24,24,24,,,
22376,24,24,30,,,
22377,1,16,4,,,
22379,24,24,24,,,
22380,16,16,16,,,
22381,16,16,16,,,
22382,24,16,24,,,
22383,27,27,27,,,
22384,24,24,24,,,
22385,24,24,24,,,
22386,26,36,36,,,
22387,16,16,16,,,
22388,10,2,10,,,
22389,24,16,16,,,
22390,24,30,16,,,
22391,16,16,16,,,
22392,10,30,30,,,
22393,16,16,16,,,
22394,24,24,10,,,
22395,24,24,4,,,
22396,37,37,37,,,
22397,27,27,19,,,
22398,8,28,8,,,
22399,16,16,16,,,
22400,16,16,16,,,
22401,16,16,16,,,
22402,24,24,24,,,
22403,11,10,10,,,
22404,24,24,24,,,
22405,16,16,16,,,
22406,16,30,16,,,
22407,24,24,24,,,
22408,24,24,24,,,
22409,5,5,4,,,
22410,16,16,16,,,
22411,13,24,10,,,
22412,28,28,28,,,
22413,10,24,26,,,
22414,27,10,27,,,
22415,24,24,16,,,
22416,13,16,16,,,
22417,27,16,16,,,
22418,3,38,3,,,
22419,24,24,10,,,
22420,28,8,28,,,
22421,24,24,16,,,
22422,24,10,10,,,
22423,5,4,4,,,
22424,5,16,16,,,
22425,3,19,19,,,
22426,16,16,16,,,
22427,24,24,16,,,
22428,26,26,26,,,
22429,26,26,4,,,
22430,27,24,10,,,
22431,6,23,16,,,
22432,5,5,5,,,
22433,5,28,28,,,
22434,16,16,16,,,
22435,16,16,16,,,
22436,26,26,26,,,
22437,24,24,24,,,
22438,16,16,16,,,
22439,28,8,8,,,
22440,5,37,5,,,
22441,29,28,28,,,
22442,25,16,16,,,
22443,8,5,8,,,
22444,28,8,8,,,
22445,26,24,24,,,
22446,24,24,24,,,
22447,6,26,3,,,
22448,10,16,6,,,
22449,4,4,4,,,
22450,30,16,16,,,
22451,24,24,24,,,
22452,27,27,27,,,
22453,24,24,24,,,
22454,24,24,24,,,
22455,16,26,30,,,
22456,24,24,24,,,
22457,24,24,24,,,
22458,27,24,10,,,
22459,28,8,8,,,
22460,16,16,16,,,
22461,30,16,30,,,
22462,22,10,10,,,
22463,28,28,28,,,
22464,24,24,24,,,
22465,7,24,16,,,
22466,6,10,10,,,
22467,16,16,16,,,
22468,4,4,4,,,
22469,24,16,24,,,
22470,16,16,16,,,
22471,23,26,3,,,
22472,16,16,16,,,
22473,13,16,16,,,
22474,28,28,28,,,
22475,23,23,23,,,
22476,16,16,16,,,
22477,24,30,24,,,
22478,16,16,16,,,
22479,30,26,31,,,
22480,16,16,16,,,
22481,13,16,16,,,
22482,16,16,16,,,
22483,4,4,5,,,
22484,16,16,16,,,
22932,39,28,28,,,
23000,18,28,9,,,
23085,16,16,16,,,
23091,10,24,10,,,
23180,20,34,27,,,
23187,16,24,16,,,
23193,17,16,16,,,
23196,5,8,8,,,
23198,2,2,2,,,
23199,24,24,24,,,
23200,24,24,24,,,
23201,28,28,28,,,
23202,28,28,28,,,
23203,24,24,24,,,
23204,28,8,28,,,
23205,4,4,4,,,
23206,26,24,26,,,
23207,23,23,23,,,
23208,16,16,16,,,
23209,30,30,30,,,
23210,37,26,37,,,
23211,8,28,8,,,
23212,24,5,5,,,
23213,24,16,16,,,
23216,26,28,28,,,
23217,24,24,10,,,
23218,5,5,5,,,
23220,28,28,28,,,
23221,24,24,24,,,
23222,3,26,26,,,
23224,3,26,3,,,
23225,24,24,10,,,
23226,16,16,16,,,
23227,4,24,16,,,
23228,28,28,28,,,
23229,30,30,30,,,
23230,9,34,34,,,
23231,16,16,16,,,
23232,36,36,36,,,
23233,24,24,24,,,
23234,24,24,24,,,
23235,24,24,24,,,
23236,16,16,16,,,
23237,10,4,26,,,
23238,24,24,24,,,
23239,28,28,28,,,
23240,10,10,10,,,
23241,17,16,16,,,
23242,16,16,16,,,
23243,24,24,24,,,
23244,16,16,16,,,
23245,27,16,27,,,
23246,24,24,24,,,
23247,28,28,28,,,
23248,28,8,8,,,
23249,15,5,5,,,
23250,16,16,16,,,
23251,8,4,4,,,
23252,24,19,24,,,
23253,36,36,36,,,
23254,16,24,24,,,
23255,24,16,16,,,
23256,27,34,27,,,
23257,24,24,24,,,
23258,16,16,16,,,
23259,31,16,16,,,
23260,16,16,16,,,
23262,16,16,16,,,
23263,27,16,27,,,
23264,28,28,28,,,
23265,23,26,36,,,
23266,28,8,28,,,
23267,16,16,16,,,
23269,27,16,16,,,
23270,16,16,16,,,
23271,16,16,16,,,
23273,17,16,16,,,
23274,25,16,16,,,
23275,5,37,23,,,
23276,16,16,16,,,
23277,36,34,34,,,
23278,30,16,16,,,
23279,24,10,36,,,
23280,18,28,28,,,
23281,16,16,16,,,
23282,10,10,36,,,
23283,24,19,19,,,
23284,16,16,16,,,
23285,24,16,16,,,
23286,24,24,24,,,
23287,39,34,34,,,
23288,24,16,16,,,
23289,30,30,30,,,
23290,37,24,24,,,
23291,24,24,16,,,
23292,2,10,10,,,
23293,30,30,30,,,
23294,30,30,30,,,
23295,3,16,16,,,
23296,11,24,10,,,
23297,5,16,16,,,
23298,27,16,16,,,
23299,24,16,16,,,
23300,24,24,24,,,
23301,16,16,16,,,
23302,24,10,10,,,
23303,24,24,24,,,
23304,30,30,16,,,
23305,16,16,27,,,
23306,31,24,24,,,
23308,34,24,28,,,
23309,16,16,16,,,
23310,16,16,16,,,
23311,24,24,24,,,
23312,8,5,8,,,
23313,24,10,10,,,
23314,24,24,24,,,
23315,16,16,16,,,
23316,30,30,30,,,
23317,30,30,30,,,
23318,30,30,30,,,
23319,39,33,9,,,
23321,30,30,30,,,
23332,18,19,13,,,
23368,30,30,30,,,
23385,20,34,34,,,
23400,16,16,16,,,
23407,16,16,16,,,
23414,30,30,30,,,
23431,24,34,34,,,
23437,10,16,16,,,
23443,36,36,36,,,
23464,16,16,16,,,
23469,24,24,24,,,
23476,16,16,16,,,
23485,16,16,16,,,
23489,25,16,30,,,
23548,3,23,6,,,
23549,24,24,24,,,
23550,16,16,16,,,
23560,30,24,30,,,
23565,25,16,16,,,
23567,23,30,30,,,
23568,13,24,24,,,
23576,8,19,8,,,
23583,3,26,3,,,
23607,28,28,28,,,
23608,16,16,16,,,
23609,30,30,30,,,
23611,5,4,4,,,
23612,26,26,4,,,
23613,34,34,34,,,
23614,34,34,5,,,
23615,5,16,16,,,
23617,16,30,16,,,
23618,23,30,24,,,
23619,16,16,16,,,
23620,4,37,4,,,
23621,16,16,24,,,
23622,4,4,4,,,
23623,34,34,34,,,
23624,30,30,30,,,
23625,24,36,36,,,
23626,16,16,16,,,
23627,16,16,16,,,
23629,26,26,38,,,
23631,13,31,10,,,
23632,24,26,24,,,
23633,16,16,16,,,
23634,16,16,16,,,
23635,2,10,10,,,
23636,24,16,16,,,
23638,30,30,30,,,
23639,22,23,23,,,
23640,26,24,24,,,
23641,16,24,16,,,
23642,24,24,24,,,
23643,34,20,20,,,
23644,10,26,10,,,
23645,16,16,16,,,
23646,26,10,26,,,
23648,6,16,16,,,
23649,16,16,16,,,
23650,16,16,16,,,
23651,38,38,38,,,
23652,24,24,24,,,
23653,16,16,16,,,
23654,16,16,16,,,
23655,30,30,30,,,
23656,16,16,16,,,
23657,16,16,16,,,
23658,16,16,16,,,
23659,16,16,16,,,
23660,26,31,31,,,
23661,30,30,30,,,
23662,28,28,28,,,
23663,30,24,24,,,
23664,16,16,16,,,
23665,10,30,30,,,
23666,30,30,30,,,
23667,24,36,36,,,
23668,26,38,38,,,
23669,5,24,24,,,
23670,16,16,16,,,
23671,16,16,16,,,
23672,30,30,30,,,
23673,28,28,28,,,
23674,31,30,31,,,
23675,27,27,27,,,
23676,31,26,26,,,
23677,24,16,30,,,
23678,30,30,30,,,
23679,30,30,30,,,
23680,30,30,30,,,
23681,16,16,16,,,
23682,24,10,10,,,
23683,28,28,28,,,
23684,22,16,5,,,
23685,24,24,24,,,
23686,16,16,24,,,
23687,16,16,16,,,
23688,16,16,16,,,
23689,27,24,10,,,
23690,16,16,16,,,
23691,24,36,36,,,
23692,16,16,16,,,
23693,6,16,16,,,
23694,16,16,16,,,
23695,24,24,10,,,
23696,24,24,24,,,
23697,30,30,30,,,
23698,13,16,16,,,
23699,28,28,28,,,
23700,16,16,16,,,
23701,5,34,34,,,
23702,16,16,16,,,
23703,28,8,8,,,
23704,16,16,16,,,
23705,16,16,16,,,
23706,16,16,16,,,
23707,4,16,16,,,
23708,34,34,34,,,
23709,16,16,16,,,
23710,27,16,27,,,
23711,24,24,24,,,
23712,24,16,16,,,
23713,24,24,16,,,
23714,30,30,30,,,
23715,30,30,30,,,
23716,28,28,28,,,
23717,24,24,24,,,
23718,24,30,30,,,
23719,27,27,27,,,
23720,16,16,16,,,
23721,4,16,31,,,
23722,30,26,31,,,
23723,24,24,24,,,
23724,16,16,16,,,
23725,24,16,16,,,
23726,16,16,16,,,
23727,24,16,24,,,
23728,30,30,30,,,
23729,30,30,30,,,
23730,34,34,34,,,
23731,30,30,30,,,
23732,13,24,24,,,
23733,24,34,28,,,
23734,16,16,16,,,
23735,16,16,16,,,
23736,4,23,4,,,
23737,9,34,28,,,
23738,16,16,16,,,
23739,30,30,30,,,
23740,28,28,28,,,
23741,16,16,16,,,
23742,24,16,16,,,
23744,27,24,27,,,
23745,8,8,8,,,
23746,16,16,16,,,
23747,30,30,30,,,
23748,30,24,24,,,
23749,11,24,10,,,
23750,24,24,24,,,
23751,16,16,16,,,
23752,24,16,16,,,
23753,24,24,30,,,
23754,16,16,16,,,
23755,24,24,10,,,
23756,27,27,27,,,
23757,24,16,16,,,
23758,8,28,28,,,
23759,24,24,24,,,
23760,16,16,16,,,
23761,24,24,24,,,
23762,4,4,8,,,
23763,28,8,8,,,
23764,16,16,16,,,
23765,26,26,26,,,
23766,16,16,16,,,
23767,24,24,24,,,
23768,16,16,16,,,
23769,37,34,34,,,
23770,16,16,16,,,
23771,8,8,8,,,
23772,16,16,16,,,
23773,2,10,10,,,
23774,24,24,24,,,
23775,24,24,24,,,
23776,16,16,16,,,
23777,2,10,2,,,
23778,13,24,16,,,
23779,24,24,24,,,
23780,16,16,16,,,
23781,16,16,16,,,
23782,10,24,27,,,
23783,16,16,16,,,
23784,16,16,16,,,
23785,24,24,24,,,
23786,24,24,24,,,
23787,16,16,16,,,
23788,10,24,10,,,
23789,24,37,37,,,
23790,16,16,16,,,
23791,28,28,28,,,
23792,24,24,5,,,
23793,8,28,28,,,
23794,36,10,10,,,
23795,26,26,26,,,
23796,8,4,4,,,
23797,3,4,5,,,
23798,24,27,27,,,
23799,27,16,16,,,
23800,5,16,16,,,
23801,36,34,34,,,
23802,30,10,10,,,
23803,34,34,34,,,
23804,16,16,16,,,
23805,24,30,30,,,
23806,30,24,30,,,
23807,16,16,16,,,
23808,28,28,28,,,
23809,24,24,24,,,
23810,24,24,10,,,
23811,7,24,24,,,
23812,10,10,10,,,
23813,28,28,28,,,
23814,16,16,16,,,
23815,3,16,16,,,
23816,13,24,24,,,
23817,17,16,16,,,
23818,3,10,10,,,
23819,30,30,30,,,
23820,10,24,24,,,
23821,16,16,16,,,
23822,16,16,16,,,
23823,30,30,30,,,
23824,37,4,4,,,
23825,16,16,16,,,
23826,24,24,24,,,
23827,30,30,31,,,
23828,6,16,27,,,
23829,31,24,31,,,
23830,16,16,16,,,
23831,16,16,16,,,
23832,16,16,16,,,
23833,23,23,24,,,
23834,27,16,16,,,
23835,10,30,10,,,
23836,24,24,36,,,
23837,31,24,24,,,
23838,16,16,16,,,
23839,16,16,16,,,
23840,32,19,23,,,
23841,28,28,28,,,
23842,16,16,16,,,
23843,16,16,16,,,
23844,5,5,5,,,
23845,27,16,27,,,
24289,34,20,9,,,
24308,27,27,27,,,
24367,31,24,26,,,
24410,34,34,34,,,
24424,8,8,8,,,
24448,5,4,5,,,
24449,18,19,19,,,
24472,16,16,16,,,
24495,16,16,16,,,
24500,2,5,2,,,
24509,22,30,30,,,
24517,16,24,24,,,
24519,4,4,8,,,
24521,28,28,28,,,
24523,28,28,28,,,
24524,24,24,31,,,
24525,28,28,28,,,
24526,31,30,30,,,
24527,5,34,28,,,
24528,10,24,24,,,
24529,24,16,24,,,
24530,6,10,6,,,
24531,26,26,26,,,
24532,34,34,34,,,
24533,28,28,28,,,
24534,28,28,28,,,
24535,24,16,24,,,
24536,24,24,24,,,
24537,26,31,31,,,
24538,24,24,24,,,
24539,24,16,16,,,
24540,30,30,30,,,
24541,23,31,23,,,
24542,28,28,8,,,
24543,4,4,4,,,
24544,24,24,24,,,
24545,31,26,26,,,
24546,19,19,19,,,
24547,34,34,34,,,
24548,16,16,16,,,
24549,28,28,28,,,
24550,34,34,34,,,
24551,33,2,2,,,
24552,24,24,24,,,
24553,13,16,24,,,
24554,34,34,34,,,
24555,16,16,16,,,
24556,28,28,28,,,
24557,20,19,24,,,
24558,16,16,16,,,
24559,4,4,4,,,
24560,5,34,34,,,
24561,26,30,30,,,
24564,30,30,30,,,
24565,16,24,16,,,
24566,28,28,28,,,
24567,16,16,16,,,
24568,27,24,24,,,
24571,19,36,36,,,
24572,27,10,27,,,
24573,24,30,24,,,
24574,39,20,34,,,
24575,8,28,28,,,
24576,19,24,24,,,
24577,24,16,16,,,
24578,5,5,5,,,
24579,16,16,16,,,
24580,19,24,19,,,
24581,34,34,34,,,
24582,16,16,16,,,
24583,16,16,16,,,
24584,16,16,16,,,
24585,24,24,24,,,
24586,4,4,24,,,
24587,16,16,16,,,
24588,30,30,30,,,
24589,24,16,16,,,
24590,28,28,28,,,
24591,33,9,9,,,
24592,22,2,2,,,
24593,24,24,24,,,
24594,5,5,22,,,
24595,24,16,16,,,
24596,34,34,34,,,
24597,16,16,16,,,
24598,19,24,24,,,
24599,27,16,16,,,
24600,34,34,34,,,
24601,31,16,16,,,
24602,16,16,16,,,
24603,24,24,24,,,
24604,24,24,24,,,
24605,16,16,16,,,
24606,30,30,30,,,
24607,27,16,27,,,
24609,24,16,16,,,
24610,24,24,10,,,
24611,23,30,30,,,
24612,24,24,24,,,
24613,16,16,16,,,
24614,24,16,16,,,
24615,20,16,26,,,
24616,25,16,16,,,
24617,24,24,24,,,
24618,28,28,28,,,
24619,16,16,16,,,
24620,24,24,24,,,
24621,30,30,30,,,
24622,27,16,27,,,
24623,23,23,4,,,
24624,24,24,24,,,
24627,20,34,20,,,
24636,20,16,20,,,
24647,16,16,16,,,
24651,16,16,16,,,
24652,27,16,27,,,
24659,16,16,16,,,
24661,36,36,36,,,
24668,26,30,31,,,
24674,24,24,24,,,
24679,30,30,30,,,
24686,24,24,24,,,
24701,24,16,16,,,
24709,30,30,30,,,
24721,6,16,16,,,
24730,30,30,30,,,
24734,24,24,24,,,
24739,23,38,27,,,
24749,24,24,24,,,
24756,30,30,30,,,
24758,10,24,10,,,
24765,34,8,8,,,
24771,24,24,24,,,
24777,4,4,4,,,
24813,24,5,5,,,
24814,8,28,8,,,
24820,28,8,8,,,
24837,16,16,16,,,
24839,16,16,16,,,
24852,24,24,24,,,
24858,27,16,16,,,
24877,22,2,2,,,
24885,16,24,24,,,
24886,16,16,16,,,
24891,24,24,24,,,
24892,16,16,16,,,
24899,16,16,16,,,
24900,16,16,16,,,
24901,30,30,30,,,
24902,34,34,34,,,
24904,22,5,5,,,
24905,30,30,30,,,
24906,24,24,24,,,
24907,23,23,4,,,
24908,5,4,4,,,
24910,16,16,16,,,
24911,26,24,31,,,
24912,9,34,20,,,
24913,24,24,24,,,
24914,10,10,27,,,
24915,31,16,16,,,
24916,16,16,16,,,
24917,28,28,28,,,
24918,30,24,30,,,
24920,27,16,27,,,
24921,25,26,38,,,
24922,28,8,8,,,
24923,24,24,24,,,
24924,34,34,34,,,
24925,24,34,34,,,
24926,16,16,16,,,
24927,27,24,27,,,
24928,28,5,8,,,
24929,30,30,30,,,
24930,36,36,36,,,
24931,31,26,31,,,
24932,16,16,16,,,
24933,26,28,26,,,
24934,4,16,16,,,
24935,4,4,4,,,
24936,8,4,8,,,
24937,36,36,36,,,
24938,2,2,10,,,
24939,5,5,8,,,
24940,28,28,28,,,
24941,10,2,10,,,
24942,24,24,24,,,
24943,16,16,16,,,
24944,30,30,16,,,
24945,16,16,16,,,
24946,34,20,20,,,
24947,24,24,24,,,
24948,16,16,16,,,
24949,16,16,16,,,
24950,16,16,16,,,
24951,24,24,24,,,
24952,26,24,26,,,
24953,29,16,16,,,
24954,5,4,4,,,
24955,16,16,16,,,
24956,16,16,16,,,
24957,27,24,24,,,
24958,17,24,10,,,
24959,27,16,16,,,
24960,16,16,16,,,
24961,16,30,16,,,
24962,16,24,24,,,
24963,24,24,10,,,
24964,35,5,5,,,
24965,11,19,19,,,
24966,26,26,31,,,
24967,24,16,16,,,
24968,16,16,16,,,
24969,16,16,16,,,
24970,16,16,16,,,
24971,16,16,16,,,
24972,24,16,24,,,
24973,37,10,10,,,
24974,16,16,16,,,
24975,30,30,30,,,
24976,8,28,28,,,
24977,30,30,30,,,
24978,24,24,16,,,
24979,24,24,10,,,
24980,28,28,5,,,
24981,4,4,4,,,
24982,8,8,8,,,
24983,24,16,24,,,
24984,24,16,16,,,
24985,35,8,8,,,
24987,33,2,2,,,
24988,16,16,16,,,
24989,10,31,31,,,
24990,36,28,8,,,
24991,24,24,16,,,
24992,8,5,8,,,
24993,16,24,16,,,
24994,4,30,30,,,
24995,13,30,10,,,
24996,16,16,16,,,
24998,30,30,30,,,
24999,16,16,16,,,
25000,16,16,16,,,
25001,17,16,16,,,
25002,10,10,10,,,
25003,4,24,4,,,
25004,24,24,24,,,
25005,16,16,16,,,
25006,24,24,16,,,
25007,30,26,26,,,
25008,16,16,16,,,
25009,34,9,34,,,
25012,24,24,24,,,
25013,24,16,16,,,
25014,20,28,28,,,
25015,16,16,16,,,
25016,16,16,16,,,
25017,30,30,30,,,
25018,24,24,24,,,
25019,27,16,16,,,
25020,30,30,30,,,
25021,4,16,4,,,
25022,24,24,24,,,
25023,24,16,16,,,
25024,31,24,24,,,
25025,30,30,30,,,
25026,24,16,16,,,
25027,24,16,16,,,
25028,23,23,5,,,
25029,30,30,30,,,
25030,30,30,30,,,
25031,16,16,16,,,
25032,16,16,16,,,
25033,5,28,8,,,
25034,24,24,24,,,
25035,10,24,24,,,
25036,16,16,16,,,
25037,25,16,16,,,
25038,24,16,24,,,
25039,30,30,30,,,
25040,16,24,16,,,
25041,16,24,16,,,
25042,16,16,16,,,
25043,22,10,10,,,
25044,24,24,10,,,
25045,30,30,30,,,
25046,30,30,30,,,
25047,31,26,26,,,
25048,24,24,24,,,
25049,16,16,16,,,
25050,24,16,16,,,
25051,24,16,16,,,
25052,30,30,30,,,
25053,31,30,30,,,
25054,24,24,24,,,
25055,16,16,16,,,
25056,34,34,34,,,
25057,16,16,16,,,
25058,24,24,24,,,
25059,6,16,6,,,
25060,16,16,16,,,
25061,30,30,30,,,
25062,16,16,16,,,
25063,24,24,24,,,
25064,24,24,16,,,
25065,16,31,16,,,
25066,16,16,16,,,
25067,16,16,16,,,
25068,16,16,16,,,
25069,16,16,16,,,
25070,28,28,28,,,
25071,30,30,30,,,
25072,30,30,30,,,
25074,8,8,8,,,
25075,24,24,24,,,
25076,6,26,3,,,
25077,2,10,2,,,
25078,13,24,24,,,
25079,30,30,30,,,
25080,24,24,5,,,
25081,16,16,16,,,
25082,24,24,24,,,
25083,10,24,24,,,
25084,30,30,16,,,
25085,16,16,16,,,
25086,4,4,4,,,
25087,24,10,27,,,
25088,13,16,16,,,
25089,4,23,23,,,
25090,24,16,16,,,
25091,9,34,34,,,
25092,24,24,30,,,
25093,24,10,24,,,
25094,27,27,27,,,
25095,23,2,2,,,
25096,23,31,31,,,
25097,16,16,16,,,
25098,4,4,4,,,
25099,16,16,16,,,
25100,7,16,16,,,
25101,24,24,24,,,
25102,4,26,4,,,
25103,24,24,16,,,
25104,24,10,10,,,
25105,10,26,26,,,
25106,5,5,8,,,
25107,30,30,30,,,
25108,28,28,28,,,
25109,24,34,24,,,
25110,7,16,16,,,
25111,24,24,24,,,
25112,10,24,31,,,
25113,4,24,4,,,
25114,24,24,24,,,
25115,24,24,24,,,
25116,7,27,19,,,
25117,16,16,16,,,
25118,10,30,30,,,
25119,24,16,16,,,
25120,24,24,10,,,
25121,24,24,24,,,
25122,16,16,16,,,
25123,37,5,5,,,
25124,16,16,16,,,
25125,27,27,27,,,
25126,24,24,24,,,
25127,24,24,24,,,
25128,5,4,26,,,
25129,27,23,23,,,
25130,27,16,16,,,
25131,24,16,4,,,
25132,16,16,16,,,
25133,28,28,28,,,
25134,4,4,16,,,
25135,30,30,30,,,
25523,20,9,20,,,
25627,13,16,16,,,
25651,23,23,23,,,
25659,24,24,5,,,
25685,18,24,24,,,
25741,23,38,38,,,
25801,28,28,28,,,
25811,10,30,30,,,
25814,16,16,16,,,
25818,19,10,10,,,
25819,28,19,24,,,
25820,39,34,34,,,
25821,16,16,16,,,
25822,16,16,16,,,
25824,34,34,34,,,
25826,16,16,16,,,
25827,24,16,16,,,
25828,2,2,2,,,
25830,16,16,16,,,
25831,28,4,4,,,
25832,28,28,28,,,
25833,11,24,10,,,
25834,34,34,34,,,
25835,16,16,16,,,
25836,23,24,10,,,
25837,0,24,24,,,
25838,11,19,28,,,
25839,13,24,24,,,
25840,24,16,16,,,
25841,22,5,5,,,
25842,26,26,26,,,
25843,28,28,28,,,
25844,27,27,27,,,
25845,38,38,38,,,
25846,16,16,16,,,
25847,24,16,26,,,
25848,24,16,16,,,
25849,23,4,8,,,
25850,24,16,27,,,
25851,24,24,16,,,
25852,9,3,10,,,
25853,27,16,10,,,
25854,24,24,30,,,
25855,33,2,2,,,
25856,28,8,28,,,
25857,20,16,16,,,
25859,34,34,34,,,
25860,16,16,16,,,
25861,27,19,19,,,
25862,24,26,26,,,
25863,24,30,30,,,
25864,28,28,28,,,
25865,25,28,28,,,
25866,3,30,30,,,
25867,4,4,4,,,
25868,28,24,28,,,
25869,30,16,37,,,
25870,28,28,28,,,
25871,15,28,5,,,
25872,24,16,24,,,
25873,6,30,10,,,
25874,16,24,16,,,
25875,24,24,24,,,
25876,37,2,2,,,
25877,30,30,30,,,
25878,16,16,16,,,
25879,6,6,23,,,
25880,16,16,16,,,
25881,23,37,37,,,
25882,28,28,28,,,
25884,16,16,16,,,
25885,2,2,2,,,
25886,16,16,16,,,
25887,24,4,4,,,
25888,30,30,30,,,
25889,24,4,4,,,
25890,7,8,8,,,
25891,13,10,24,,,
25892,4,4,4,,,
25893,30,30,30,,,
25894,8,28,8,,,
25895,39,28,34,,,
25896,24,24,24,,,
25897,16,16,16,,,
25898,16,16,16,,,
25899,16,16,16,,,
25900,28,28,28,,,
25901,24,24,24,,,
25902,30,30,30,,,
25903,4,4,4,,,
25904,2,2,2,,,
25905,31,30,30,,,
25906,23,23,23,,,
25907,28,28,28,,,
25908,24,16,24,,,
25909,25,16,16,,,
25910,28,8,8,,,
25911,2,2,2,,,
25912,4,27,27,,,
25913,30,30,30,,,
25914,2,2,2,,,
25915,25,16,16,,,
25916,24,24,24,,,
25917,19,10,19,,,
25918,34,34,34,,,
25919,23,23,23,,,
25920,27,16,16,,,
25921,11,24,10,,,
25922,19,19,19,,,
25923,24,24,24,,,
25924,28,8,28,,,
25925,19,8,19,,,
25926,5,23,5,,,
25927,30,30,30,,,
25928,11,24,10,,,
25929,16,16,16,,,
25930,29,34,34,,,
25931,31,30,16,,,
25932,24,30,30,,,
25934,28,28,28,,,
25936,16,24,16,,,
25937,28,28,28,,,
25938,8,4,36,,,
25939,13,16,24,,,
25940,24,24,4,,,
25941,4,4,4,,,
25942,24,30,30,,,
25943,19,16,16,,,
25944,27,16,16,,,
25945,30,30,30,,,
25946,31,24,31,,,
25947,24,16,16,,,
25948,34,34,34,,,
25949,16,16,16,,,
25954,28,28,28,,,
25956,16,16,16,,,
25964,16,16,16,,,
25972,34,34,34,,,
25978,36,36,36,,,
25982,25,16,16,,,
26014,31,24,24,,,
26016,20,34,34,,,
26036,24,24,24,,,
26037,16,16,16,,,
26039,5,24,24,,,
26042,24,24,24,,,
26043,24,16,24,,,
26046,2,2,2,,,
26053,19,19,19,,,
26063,23,23,23,,,
26065,31,30,30,,,
26071,30,30,30,,,
26075,30,24,30,,,
26082,2,10,10,,,
26084,17,16,16,,,
26096,16,16,16,,,
26106,30,30,10,,,
26109,24,24,24,,,
26111,23,30,30,,,
26115,24,16,30,,,
26122,31,30,30,,,
26127,16,16,16,,,
26137,30,30,30,,,
26147,28,28,28,,,
26157,30,16,16,,,
26181,24,24,10,,,
26222,30,30,30,,,
26225,37,34,34,,,
26226,8,8,8,,,
26227,30,30,30,,,
26228,27,16,16,,,
26229,30,30,30,,,
26230,24,24,24,,,
26231,27,27,27,,,
26232,31,24,30,,,
26233,16,16,16,,,
26234,16,16,16,,,
26235,26,34,34,,,
26236,24,24,10,,,
26237,16,16,16,,,
26238,28,28,28,,,
26239,39,34,34,,,
26240,28,28,28,,,
26241,25,16,16,,,
26242,24,16,16,,,
26243,16,16,16,,,
26244,5,16,16,,,
26245,30,30,30,,,
26246,18,19,19,,,
26247,36,38,36,,,
26248,24,24,16,,,
26249,3,26,4,,,
26251,24,16,16,,,
26252,24,30,30,,,
26253,24,24,24,,,
26254,24,37,31,,,
26255,4,4,4,,,
26256,24,24,24,,,
26257,10,2,2,,,
26258,8,28,28,,,
26259,24,16,16,,,
26260,16,16,16,,,
26261,16,16,16,,,
26262,16,16,16,,,
26263,30,30,30,,,
26264,16,16,16,,,
26265,23,38,38,,,
26266,31,16,16,,,
26267,34,39,39,,,
26268,2,2,2,,,
26269,6,24,24,,,
26270,4,5,8,,,
26271,16,16,16,,,
26272,2,2,2,,,
26273,23,3,31,,,
26274,28,28,28,,,
26275,22,23,19,,,
26276,24,16,16,,,
26277,30,30,30,,,
26278,7,24,24,,,
26279,30,30,30,,,
26280,24,24,24,,,
26281,30,31,30,,,
26282,16,16,16,,,
26283,1,30,30,,,
26284,30,30,30,,,
26285,16,16,16,,,
26286,30,30,30,,,
26288,27,27,27,,,
26289,16,30,16,,,
26290,16,16,16,,,
26291,28,28,28,,,
26292,16,16,16,,,
26293,5,5,5,,,
26294,22,4,34,,,
26295,28,28,28,,,
26296,16,16,16,,,
26297,16,16,16,,,
26298,24,24,24,,,
26299,16,16,16,,,
26300,16,16,24,,,
26301,34,34,34,,,
26302,4,23,4,,,
26303,4,4,4,,,
26304,24,24,24,,,
26305,10,10,10,,,
26306,4,4,4,,,
26307,16,16,16,,,
26308,27,27,27,,,
26309,24,24,24,,,
26310,24,24,24,,,
26311,24,5,24,,,
26312,30,30,30,,,
26313,24,16,16,,,
26314,24,16,24,,,
26315,16,16,16,,,
26316,16,16,24,,,
26317,24,24,24,,,
26318,24,10,24,,,
26319,16,16,16,,,
26320,24,16,16,,,
26321,30,30,10,,,
26322,28,28,28,,,
26323,28,34,34,,,
26324,16,16,16,,,
26325,27,16,16,,,
26326,5,19,2,,,
26327,2,23,2,,,
26328,24,24,24,,,
26329,16,16,16,,,
26330,16,16,16,,,
26331,25,16,24,,,
26332,24,24,26,,,
26333,27,16,27,,,
26334,27,24,27,,,
26335,16,16,16,,,
26336,24,24,24,,,
26337,30,30,30,,,
26338,30,30,30,,,
26339,26,36,26,,,
26340,24,24,24,,,
26341,30,30,30,,,
26342,24,24,10,,,
26343,16,16,16,,,
26344,4,16,16,,,
26345,22,2,2,,,
26346,24,24,24,,,
26347,24,5,5,,,
26348,24,24,10,,,
26349,24,30,30,,,
26350,24,4,4,,,
26351,4,26,4,,,
26352,31,16,16,,,
26353,4,4,4,,,
26354,27,27,27,,,
26355,8,28,8,,,
26356,24,24,24,,,
26357,22,37,5,,,
26358,16,16,16,,,
26359,24,24,24,,,
26360,27,19,19,,,
26361,30,24,24,,,
26362,30,30,30,,,
26363,16,16,16,,,
26364,24,16,16,,,
26365,39,34,9,,,
26366,16,16,24,,,
26367,16,30,16,,,
26368,10,10,10,,,
26369,10,30,27,,,
26370,2,2,2,,,
26371,18,28,24,,,
26372,24,16,16,,,
26373,16,16,16,,,
26374,16,16,16,,,
26375,24,24,24,,,
26376,30,30,24,,,
26377,23,23,23,,,
26378,30,30,30,,,
26379,16,16,27,,,
26380,16,16,16,,,
26381,7,28,28,,,
26382,4,28,28,,,
26383,24,28,28,,,
26384,24,16,16,,,
26385,30,30,30,,,
26386,27,27,27,,,
26387,16,16,16,,,
26388,25,16,30,,,
26389,28,28,28,,,
26390,16,16,16,,,
26391,16,34,16,,,
26392,30,30,30,,,
26393,16,16,16,,,
26394,28,28,28,,,
26395,30,30,30,,,
26396,16,16,16,,,
26397,16,16,16,,,
26398,10,10,30,,,
26399,5,23,4,,,
26400,16,16,16,,,
26401,16,16,16,,,
26402,16,16,16,,,
26403,16,16,16,,,
26404,36,5,8,,,
26405,24,24,10,,,
26406,3,3,10,,,
26407,6,24,24,,,
26408,28,28,28,,,
26409,24,16,16,,,
26410,3,26,38,,,
26411,26,26,26,,,
26412,16,16,16,,,
26413,10,10,22,,,
26414,16,16,16,,,
26415,13,10,24,,,
26416,8,28,28,,,
26417,24,24,24,,,
26418,16,16,16,,,
26419,4,23,4,,,
26420,24,24,34,,,
26421,28,28,28,,,
26422,24,34,34,,,
26423,24,24,24,,,
26424,24,24,10,,,
26425,23,24,31,,,
26426,24,24,24,,,
26427,16,16,16,,,
26428,34,24,24,,,
26429,36,10,24,,,
26430,24,16,24,,,
26431,27,27,27,,,
26432,24,16,16,,,
26433,16,16,16,,,
26434,5,5,19,,,
26435,27,24,27,,,
26436,24,24,24,,,
26437,28,28,28,,,
26438,16,16,16,,,
26440,16,24,16,,,
26441,10,30,31,,,
26442,24,24,24,,,
26443,30,30,30,,,
26444,37,16,16,,,
26445,5,5,5,,,
26446,2,20,39,,,
26447,24,24,24,,,
26448,16,16,16,,,
26449,10,24,10,,,
26450,16,16,16,,,
26451,24,16,30,,,
26452,16,16,16,,,
26453,10,16,27,,,
26454,27,24,24,,,
26455,16,16,16,,,
26456,22,10,10,,,
26864,28,28,28,,,
26924,28,28,28,,,
26976,25,16,16,,,
26994,16,16,16,,,
27005,28,8,8,,,
27018,5,5,5,,,
27021,8,28,8,,,
27048,2,5,34,,,
27054,26,26,26,,,
27066,23,5,5,,,
27068,24,24,10,,,
27071,2,20,39,,,
27078,8,8,8,,,
27079,24,24,24,,,
27080,16,16,16,,,
27118,28,28,28,,,
27128,31,16,30,,,
27133,16,16,16,,,
27134,4,4,4,,,
27135,30,30,30,,,
27136,30,30,30,,,
27137,3,23,19,,,
27138,34,34,34,,,
27139,16,16,16,,,
27140,5,5,5,,,
27141,9,24,34,,,
27142,28,28,28,,,
27143,24,24,16,,,
27144,24,24,24,,,
27145,30,30,30,,,
27146,28,28,8,,,
27147,24,24,24,,,
27148,25,30,30,,,
27149,24,24,24,,,
27150,13,24,24,,,
27151,30,30,30,,,
27152,34,34,34,,,
27153,8,8,8,,,
27154,14,9,9,,,
27155,24,16,16,,,
27156,28,28,28,,,
27157,24,10,10,,,
27158,28,28,28,,,
27159,24,24,24,,,
27160,27,16,27,,,
27161,27,16,16,,,
27162,24,24,24,,,
27163,16,24,24,,,
27164,24,16,16,,,
27165,27,27,27,,,
27166,13,24,24,,,
27167,16,24,24,,,
27168,16,16,16,,,
27169,21,4,8,,,
27170,30,30,30,,,
27171,24,24,16,,,
27172,19,24,27,,,
27173,39,2,33,,,
27174,30,30,30,,,
27175,6,16,27,,,
27176,16,16,16,,,
27177,18,2,34,,,
27178,28,28,28,,,
27179,28,28,8,,,
27180,30,30,30,,,
27181,10,24,24,,,
27182,34,9,39,,,
27183,24,10,10,,,
27184,5,34,34,,,
27185,16,16,16,,,
27186,16,16,16,,,
27187,8,28,28,,,
27188,20,34,33,,,
27189,26,26,26,,,
27190,28,28,28,,,
27191,16,16,16,,,
27192,20,20,20,,,
27193,16,16,16,,,
27194,16,16,16,,,
27195,30,30,30,,,
27196,27,24,27,,,
27197,24,24,24,,,
27198,28,28,28,,,
27199,4,4,4,,,
27200,24,24,10,,,
27201,16,16,16,,,
27202,16,16,16,,,
27203,37,26,37,,,
27204,2,2,2,,,
27205,23,24,10,,,
27206,24,16,16,,,
27207,27,10,27,,,
27208,19,19,19,,,
27209,16,16,16,,,
27210,8,8,8,,,
27211,16,16,16,,,
27212,15,28,5,,,
27213,30,30,31,,,
27214,5,34,34,,,
27215,24,24,24,,,
27216,24,10,10,,,
27217,6,31,26,,,
27218,30,30,30,,,
27219,24,24,16,,,
27220,24,24,16,,,
27221,30,30,30,,,
27222,0,28,34,,,
27223,24,24,16,,,
27224,16,16,16,,,
27225,10,10,10,,,
27226,31,24,31,,,
27227,30,30,30,,,
27228,16,16,24,,,
27229,24,24,16,,,
27230,24,24,24,,,
27231,31,24,24,,,
27232,24,24,24,,,
27233,16,16,16,,,
27234,24,24,24,,,
27235,1,8,8,,,
27236,24,24,24,,,
27237,30,30,30,,,
27238,24,24,24,,,
27239,16,16,16,,,
27240,30,30,30,,,
27241,36,36,36,,,
27242,4,16,16,,,
27243,19,36,27,,,
27247,8,8,8,,,
27249,30,30,30,,,
27254,4,4,4,,,
27283,30,30,30,,,
27289,30,30,30,,,
27298,9,4,4,,,
27304,30,30,30,,,
27308,2,4,23,,,
27318,34,28,20,,,
27325,16,16,24,,,
27334,6,26,10,,,
27342,30,30,30,,,
27371,24,24,24,,,
27382,16,16,16,,,
27391,16,16,16,,,
27394,30,30,30,,,
27401,24,24,31,,,
27408,30,30,30,,,
27412,18,28,24,,,
27415,24,16,24,,,
27418,25,24,24,,,
27422,30,30,30,,,
27452,2,2,2,,,
27456,24,24,24,,,
27466,4,4,4,,,
27469,4,24,10,,,
27486,24,24,24,,,
27488,30,30,30,,,
27502,26,30,30,,,
27521,24,30,24,,,
27525,24,24,24,,,
27540,16,16,16,,,
27541,30,16,16,,,
27542,26,30,24,,,
27545,30,26,3,,,
27546,10,10,36,,,
27547,24,24,24,,,
27548,4,36,4,,,
27549,17,16,16,,,
27550,24,24,26,,,
27551,24,30,30,,,
27552,9,34,34,,,
27553,27,16,27,,,
27556,24,16,4,,,
27557,3,16,16,,,
27559,13,16,24,,,
27560,24,16,16,,,
27561,31,24,26,,,
27562,28,28,28,,,
27563,16,16,16,,,
27565,16,24,24,,,
27567,16,16,16,,,
27569,16,16,16,,,
27570,16,16,16,,,
27574,24,24,24,,,
27575,6,10,6,,,
27576,16,16,16,,,
27578,16,24,24,,,
27579,10,24,19,,,
27580,25,16,16,,,
27581,10,10,10,,,
27582,16,16,16,,,
27583,6,24,31,,,
27584,16,16,24,,,
27585,28,28,28,,,
27586,27,16,27,,,
27587,30,30,30,,,
27588,24,24,24,,,
27589,27,16,27,,,
27590,16,16,16,,,
27591,30,30,30,,,
27592,16,16,16,,,
27593,30,30,30,,,
27594,28,28,28,,,
27595,24,24,24,,,
27596,24,24,30,,,
27597,24,10,24,,,
27598,30,30,30,,,
27599,8,8,8,,,
27600,4,4,4,,,
27601,28,28,28,,,
27602,30,30,30,,,
27603,24,24,10,,,
27604,16,16,16,,,
27605,27,30,16,,,
27606,30,16,30,,,
27607,24,16,16,,,
27608,4,4,4,,,
27609,23,26,3,,,
27610,24,16,16,,,
27611,24,24,24,,,
27613,24,10,10,,,
27614,2,10,10,,,
27615,22,5,5,,,
27616,10,30,24,,,
27617,16,16,16,,,
27618,10,10,10,,,
27619,16,16,16,,,
27621,24,16,16,,,
27622,24,24,24,,,
27623,4,4,4,,,
27624,24,16,4,,,
27625,30,30,30,,,
27626,5,5,5,,,
27627,16,24,24,,,
27628,16,16,16,,,
27629,30,30,30,,,
27630,28,28,28,,,
27631,24,24,24,,,
27632,8,34,34,,,
27633,23,23,23,,,
27634,24,16,24,,,
27635,33,2,2,,,
27636,16,16,16,,,
27637,16,16,16,,,
27638,26,26,26,,,
27639,24,24,24,,,
27640,30,30,30,,,
27641,8,28,28,,,
27642,8,4,4,,,
27643,24,24,24,,,
27644,4,16,16,,,
27645,13,16,16,,,
27646,24,16,16,,,
27647,16,16,16,,,
27648,7,5,5,,,
27649,16,16,16,,,
27650,30,30,30,,,
27651,28,28,28,,,
27652,25,16,16,,,
27653,24,10,8,,,
27654,36,36,36,,,
27655,18,16,16,,,
27656,24,10,10,,,
27657,23,37,2,,,
27658,24,10,10,,,
27659,30,30,30,,,
27660,24,24,24,,,
27661,3,26,10,,,
27662,24,24,24,,,
27663,36,36,36,,,
27664,3,31,30,,,
27665,24,10,24,,,
27666,10,2,10,,,
27667,24,10,36,,,
27668,24,24,24,,,
27669,16,16,16,,,
27670,8,8,8,,,
27671,24,16,24,,,
27672,16,16,24,,,
27673,16,16,16,,,
27674,34,34,34,,,
27675,16,16,16,,,
27676,24,24,24,,,
27677,2,2,2,,,
27678,24,10,10,,,
27680,5,36,36,,,
27682,31,24,24,,,
27683,27,24,27,,,
27684,34,34,34,,,
27685,16,16,16,,,
27686,24,16,16,,,
27687,37,2,10,,,
27688,28,28,28,,,
27689,16,16,16,,,
27690,24,24,24,,,
27691,28,24,24,,,
27692,11,26,36,,,
27693,24,16,16,,,
27694,16,16,16,,,
27695,16,16,16,,,
27696,22,24,10,,,
27697,27,16,27,,,
27698,3,4,4,,,
27699,27,16,27,,,
27700,24,16,16,,,
27701,10,30,30,,,
27702,27,27,27,,,
27703,38,38,38,,,
27704,20,20,20,,,
27705,13,24,13,,,
27706,37,37,5,,,
27707,16,16,16,,,
27708,30,30,30,,,
27709,16,16,16,,,
27710,16,16,16,,,
27711,6,26,4,,,
27712,36,36,36,,,
27713,24,34,24,,,
27714,16,16,24,,,
27715,24,24,24,,,
27716,38,38,38,,,
27717,8,4,8,,,
27718,16,16,16,,,
27719,36,19,19,,,
27720,16,24,16,,,
27721,24,10,24,,,
27722,28,28,28,,,
27723,4,28,28,,,
27724,16,16,16,,,
27725,3,26,3,,,
27726,16,16,16,,,
27727,10,30,30,,,
27728,16,16,16,,,
27729,29,5,5,,,
27730,24,24,24,,,
27731,5,16,24,,,
27732,16,16,16,,,
27733,30,30,30,,,
27734,16,16,16,,,
27735,20,34,39,,,
27736,3,3,3,,,
27737,8,8,8,,,
27738,4,4,4,,,
27739,24,24,24,,,
27740,24,30,31,,,
27741,16,16,16,,,
27742,24,24,24,,,
27743,16,16,16,,,
27744,24,24,24,,,
27745,16,16,16,,,
27746,10,10,10,,,
27747,26,26,26,,,
27748,16,16,16,,,
27749,6,26,4,,,
27750,3,26,26,,,
27751,16,16,16,,,
27752,10,10,36,,,
27753,16,16,16,,,
27754,24,16,16,,,
27765,5,5,5,,,
28256,16,16,16,,,
28294,16,16,16,,,
28383,24,24,24,,,
28394,24,24,26,,,
28412,4,4,8,,,
28420,19,19,19,,,
28431,2,2,22,,,
28432,16,16,16,,,
28447,25,16,24,,,
28457,24,16,16,,,
28462,17,16,16,,,
28464,8,8,8,,,
28467,24,24,16,,,
28470,16,16,16,,,
28471,30,30,30,,,
28472,25,16,16,,,
28473,28,28,28,,,
28475,16,16,16,,,
28476,8,5,5,,,
28477,24,24,24,,,
28478,28,28,28,,,
28479,30,30,30,,,
28480,34,34,20,,,
28481,1,16,16,,,
28482,3,26,26,,,
28483,16,16,16,,,
28484,8,24,24,,,
28485,27,19,19,,,
28486,30,30,10,,,
28487,9,9,9,,,
28488,37,30,30,,,
28489,8,28,8,,,
28490,31,37,37,,,
28491,4,16,16,,,
28492,28,28,28,,,
28493,24,10,10,,,
28494,5,36,5,,,
28495,16,24,24,,,
28496,16,16,16,,,
28497,11,5,19,,,
28499,24,16,16,,,
28500,28,28,28,,,
28501,19,27,19,,,
28502,6,26,26,,,
28503,24,24,24,,,
28504,23,30,30,,,
28505,5,24,37,,,
28506,6,16,27,,,
28507,24,24,24,,,
28508,4,4,4,,,
28509,23,31,30,,,
28510,28,28,28,,,
28511,3,10,10,,,
28512,16,16,16,,,
28513,10,10,10,,,
28514,16,16,16,,,
28515,30,30,30,,,
28516,2,10,2,,,
28517,19,19,19,,,
28518,16,16,16,,,
28519,28,28,28,,,
28520,30,30,30,,,
28521,30,30,30,,,
28522,24,30,30,,,
28523,10,10,23,,,
28524,16,16,16,,,
28525,34,34,34,,,
28526,16,16,16,,,
28527,28,24,4,,,
28528,16,16,16,,,
28529,16,16,16,,,
28530,37,4,4,,,
28531,16,16,16,,,
28532,24,16,16,,,
28533,16,16,16,,,
28535,16,16,16,,,
28536,24,16,24,,,
28537,16,24,16,,,
28538,27,16,16,,,
28539,16,16,16,,,
28540,31,30,30,,,
28541,26,37,31,,,
28542,25,16,30,,,
28543,27,16,27,,,
28545,2,2,2,,,
28546,34,20,20,,,
28547,16,16,16,,,
28548,16,16,16,,,
28549,16,16,16,,,
28550,16,16,16,,,
28551,24,30,30,,,
28553,16,16,16,,,
28554,24,16,16,,,
28555,16,16,16,,,
28556,28,28,28,,,
28557,4,4,4,,,
28558,16,16,16,,,
28560,16,16,16,,,
28561,24,24,24,,,
28562,24,10,10,,,
28563,5,4,4,,,
28564,27,10,10,,,
28565,24,10,10,,,
28566,27,16,27,,,
28567,27,19,27,,,
28568,16,16,16,,,
28569,36,36,36,,,
28570,30,24,24,,,
28571,30,30,10,,,
28572,5,2,2,,,
28573,30,30,30,,,
28574,19,4,4,,,
28575,4,36,4,,,
28576,36,36,36,,,
28577,16,16,16,,,
28578,24,24,24,,,
28579,30,30,16,,,
28580,27,27,27,,,
28581,24,34,24,,,
28582,24,24,10,,,
28599,30,30,30,,,
28627,27,16,27,,,
28632,2,2,2,,,
28647,27,16,27,,,
28652,24,24,24,,,
28658,16,16,16,,,
28659,15,28,28,,,
28664,16,24,16,,,
28669,36,24,10,,,
28672,30,30,30,,,
28676,34,5,5,,,
28690,38,30,26,,,
28714,39,9,9,,,
28724,24,24,24,,,
28725,16,16,16,,,
28726,27,24,19,,,
28746,23,26,3,,,
28778,33,19,33,,,
28779,3,4,4,,,
28795,2,2,2,,,
28803,24,24,24,,,
28826,26,26,26,,,
28863,3,3,10,,,
28864,30,30,30,,,
28865,20,34,20,,,
28866,16,16,16,,,
28867,30,30,30,,,
28868,24,24,10,,,
28869,6,23,23,,,
28870,24,10,10,,,
28871,31,16,16,,,
28872,32,5,5,,,
28873,4,26,4,,,
28874,10,30,31,,,
28875,24,24,16,,,
28876,31,24,24,,,
28877,25,30,30,,,
28878,11,10,36,,,
28879,34,34,34,,,
28881,27,16,27,,,
28882,16,16,16,,,
28883,23,31,30,,,
28884,16,16,16,,,
28885,2,2,10,,,
28886,4,4,5,,,
28889,8,8,8,,,
28890,27,27,27,,,
28891,16,16,16,,,
28892,30,30,30,,,
28893,29,8,8,,,
28894,24,24,24,,,
28895,16,16,16,,,
28896,30,30,30,,,
28897,16,34,24,,,
28898,25,16,16,,,
28899,16,16,16,,,
28900,16,16,16,,,
28901,16,16,30,,,
28902,19,34,34,,,
28903,30,30,30,,,
28904,24,24,4,,,
28905,15,23,5,,,
28906,33,33,9,,,
28907,28,28,28,,,
28908,17,16,16,,,
28909,24,16,16,,,
28910,20,20,20,,,
28911,22,10,5,,,
28912,24,24,24,,,
28913,20,20,20,,,
28914,8,8,4,,,
28915,4,3,4,,,
28916,16,16,16,,,
28917,30,30,30,,,
28918,2,2,2,,,
28919,16,16,16,,,
28920,4,4,4,,,
28921,17,24,24,,,
28922,30,30,30,,,
28923,30,30,30,,,
28924,24,16,16,,,
28925,16,30,30,,,
28926,24,24,24,,,
28927,16,16,16,,,
28928,10,30,10,,,
28929,11,4,4,,,
28930,24,24,24,,,
28931,16,16,16,,,
28932,24,24,24,,,
28933,28,28,28,,,
28934,16,16,16,,,
28935,16,16,16,,,
28936,24,24,24,,,
28937,16,16,16,,,
28938,30,30,30,,,
28939,30,30,30,,,
28940,24,24,24,,,
28941,30,24,24,,,
28942,24,10,10,,,
28943,24,24,24,,,
28944,24,24,24,,,
28945,9,34,39,,,
28946,24,24,10,,,
28947,24,24,24,,,
28948,37,10,37,,,
28949,24,30,30,,,
28950,10,30,10,,,
28951,8,5,8,,,
28952,24,24,24,,,
28953,10,24,10,,,
28954,24,24,30,,,
28955,16,30,16,,,
28956,16,16,16,,,
28957,24,24,24,,,
28958,27,16,16,,,
28959,24,24,24,,,
28960,24,24,24,,,
28961,10,30,30,,,
28962,28,28,28,,,
28963,27,24,27,,,
28964,23,24,10,,,
28965,28,28,28,,,
28966,5,5,5,,,
28967,5,5,30,,,
28968,24,24,24,,,
28969,16,16,16,,,
28970,2,2,2,,,
28971,24,24,16,,,
28972,24,24,24,,,
28973,25,16,16,,,
28974,4,23,23,,,
28975,24,24,37,,,
28976,25,30,30,,,
28977,27,24,24,,,
28978,32,19,5,,,
28979,24,24,24,,,
28980,24,24,24,,,
28981,24,24,24,,,
28982,30,10,10,,,
28983,16,16,16,,,
28984,16,16,16,,,
28985,16,16,16,,,
28986,27,16,27,,,
28987,8,8,8,,,
28988,30,30,30,,,
28989,24,24,24,,,
28990,34,34,34,,,
28991,27,16,27,,,
28992,3,26,26,,,
28993,16,16,16,,,
28994,36,10,24,,,
28995,16,16,16,,,
28996,24,24,16,,,
28997,28,28,28,,,
28998,16,16,16,,,
28999,24,24,24,,,
29000,10,10,10,,,
29001,16,16,16,,,
29002,24,24,16,,,
29003,4,4,4,,,
29004,16,16,16,,,
29005,30,30,30,,,
29006,24,24,24,,,
29007,16,16,16,,,
29008,31,24,16,,,
29009,16,16,16,,,
29010,30,30,30,,,
29011,24,24,24,,,
29012,24,10,36,,,
29013,24,24,24,,,
29015,24,16,16,,,
29016,13,24,24,,,
29017,30,30,31,,,
29018,32,19,5,,,
29019,16,16,16,,,
29020,16,16,16,,,
29021,24,24,24,,,
29022,1,16,16,,,
29023,23,23,23,,,
29024,31,30,30,,,
29025,23,23,23,,,
29026,30,30,30,,,
29027,16,24,27,,,
29028,16,16,16,,,
29029,2,2,9,,,
29030,25,16,25,,,
29031,24,16,16,,,
29032,13,16,16,,,
29033,30,30,30,,,
29034,28,28,28,,,
29035,22,23,4,,,
29036,28,28,28,,,
29038,16,16,16,,,
29039,10,34,34,,,
29040,16,16,16,,,
29041,24,24,24,,,
29042,16,16,16,,,
29043,29,38,5,,,
29044,26,26,26,,,
29045,3,36,36,,,
29046,30,30,30,,,
29047,6,10,10,,,
29048,24,4,5,,,
29049,24,10,10,,,
29050,24,24,24,,,
29051,37,4,4,,,
29052,8,4,4,,,
29053,30,30,30,,,
29054,16,16,16,,,
29055,8,4,8,,,
29056,24,24,16,,,
29058,13,16,16,,,
29059,30,30,30,,,
29060,34,20,34,,,
29061,16,16,16,,,
29062,30,30,30,,,
29063,16,16,16,,,
29064,24,26,26,,,
29065,34,2,2,,,
29066,30,30,30,,,
29067,24,10,10,,,
29068,28,28,28,,,
29069,5,4,4,,,
29070,4,24,5,,,
29071,30,30,30,,,
29072,30,30,30,,,
29073,2,2,2,,,
29074,24,24,24,,,
29075,37,34,5,,,
29076,5,5,5,,,
29077,13,16,24,,,
29078,24,24,24,,,
29079,13,34,10,,,
29080,24,24,30,,,
29081,34,26,39,,,
29082,24,24,24,,,
29083,27,16,27,,,
29084,4,4,4,,,
29085,10,10,24,,,
29086,34,34,34,,,
29087,24,16,16,,,
29088,17,16,16,,,
29089,1,30,31,,,
29090,27,16,16,,,
29091,24,16,24,,,
29092,10,10,10,,,
29093,10,10,10,,,
29094,5,24,24,,,
29095,27,16,27,,,
29096,30,30,30,,,
29097,38,30,30,,,
29098,24,16,24,,,
29099,28,8,8,,,
29100,4,2,22,,,
29101,16,16,16,,,
29397,4,26,4,,,
29399,23,31,31,,,
29489,36,5,8,,,
29553,30,30,30,,,
29564,13,24,24,,,
29584,26,5,5,,,
29619,16,24,24,,,
29642,28,24,24,,,
29650,16,16,16,,,
29662,24,24,24,,,
29690,26,34,39,,,
29720,30,16,16,,,
29733,18,19,24,,,
29738,8,4,5,,,
29742,8,8,8,,,
29743,19,8,8,,,
29745,16,16,16,,,
29747,24,10,24,,,
29748,34,24,37,,,
29749,27,10,10,,,
29750,11,5,19,,,
29751,24,24,24,,,
29752,4,4,4,,,
29753,28,28,28,,,
29754,24,24,24,,,
29755,16,16,16,,,
29756,27,16,16,,,
29757,16,16,16,,,
29758,28,28,28,,,
29759,4,4,4,,,
29760,24,16,24,,,
29761,30,30,30,,,
29762,8,8,8,,,
29763,24,24,24,,,
29764,28,28,28,,,
29765,19,19,19,,,
29766,28,28,28,,,
29767,16,16,16,,,
29768,5,5,19,,,
29769,28,28,28,,,
29770,27,16,27,,,
29771,24,16,24,,,
29772,16,16,16,,,
29773,16,24,16,,,
29774,16,16,16,,,
29775,26,30,30,,,
29776,16,16,16,,,
29777,24,24,24,,,
29778,24,34,34,,,
29779,24,16,16,,,
29780,24,10,19,,,
29781,16,16,16,,,
29782,10,23,22,,,
29783,2,2,2,,,
29784,24,24,24,,,
29785,28,28,8,,,
29786,28,8,8,,,
29787,27,19,27,,,
29788,8,5,8,,,
29789,24,16,16,,,
29790,4,4,4,,,
29791,3,4,4,,,
29792,2,10,10,,,
29793,30,30,30,,,
29794,34,34,34,,,
29796,3,23,23,,,
29797,16,16,16,,,
29798,16,16,16,,,
29799,16,16,16,,,
29800,24,16,16,,,
29802,2,10,10,,,
29803,30,30,30,,,
29805,25,16,16,,,
29806,28,28,28,,,
29807,30,30,30,,,
29808,24,24,24,,,
29809,24,24,24,,,
29810,16,16,16,,,
29811,27,28,24,,,
29812,34,34,34,,,
29813,34,34,34,,,
29814,16,16,16,,,
29815,28,28,28,,,
29816,10,30,30,,,
29817,24,16,24,,,
29818,16,16,16,,,
29819,24,4,8,,,
29820,16,16,16,,,
29821,36,34,36,,,
29822,24,16,24,,,
29823,27,27,27,,,
29824,10,10,10,,,
29825,39,5,5,,,
29826,8,4,4,,,
29827,24,24,24,,,
29829,10,2,22,,,
29830,9,34,39,,,
29831,15,24,24,,,
29832,5,4,4,,,
29833,24,24,24,,,
29834,22,2,2,,,
29835,24,24,24,,,
29836,30,16,30,,,
29837,24,16,16,,,
29838,24,10,24,,,
29839,24,30,30,,,
29840,30,30,30,,,
29841,30,30,30,,,
29842,16,16,16,,,
29843,24,24,24,,,
29844,24,24,24,,,
29845,16,16,16,,,
29846,24,24,24,,,
29847,27,16,16,,,
29848,27,24,27,,,
29849,4,5,4,,,
29850,6,30,16,,,
29851,27,16,27,,,
29852,24,24,24,,,
29853,24,24,24,,,
29854,30,30,30,,,
29855,16,30,16,,,
29856,24,24,24,,,
29883,28,28,28,,,
29884,30,30,30,,,
29887,3,31,26,,,
29899,16,16,16,,,
29916,30,24,10,,,
29918,30,24,30,,,
29931,16,16,16,,,
29934,3,24,24,,,
29941,36,36,4,,,
29954,37,10,37,,,
29955,16,16,16,,,
29957,24,24,24,,,
29958,24,24,4,,,
29963,24,24,24,,,
29966,24,16,24,,,
29997,24,24,24,,,
29998,24,34,24,,,
29999,31,30,24,,,
30006,10,10,10,,,
30010,3,26,26,,,
30020,29,28,5,,,
30034,24,24,10,,,
30043,30,30,30,,,
30045,16,16,16,,,
30069,26,30,30,,,
30073,6,4,4,,,
30082,24,24,24,,,
30092,8,28,8,,,
30098,24,24,24,,,
30115,25,16,16,,,
30127,24,24,24,,,
30128,16,16,16,,,
30129,23,38,38,,,
30130,24,16,16,,,
30132,28,28,8,,,
30133,26,26,16,,,
30134,4,4,36,,,
30135,39,34,9,,,
30136,16,16,16,,,
30138,24,24,24,,,
30140,5,36,19,,,
30141,16,16,16,,,
30143,37,34,34,,,
30144,24,24,24,,,
30145,31,30,30,,,
30146,8,28,28,,,
30147,30,24,24,,,
30148,34,34,34,,,
30149,24,30,30,,,
30150,31,24,24,,,
30151,3,26,4,,,
30152,28,28,28,,,
30153,8,5,8,,,
30154,24,24,24,,,
30155,16,16,16,,,
30156,23,23,23,,,
30157,39,20,34,,,
30158,23,10,23,,,
30159,30,30,30,,,
30160,24,16,24,,,
30162,24,16,16,,,
30163,30,30,30,,,
30164,28,28,28,,,
30165,24,24,10,,,
30166,16,16,16,,,
30167,8,5,8,,,
30168,37,37,5,,,
30169,16,16,16,,,
30170,16,16,16,,,
30171,27,16,27,,,
30172,27,24,27,,,
30173,16,16,16,,,
30174,23,30,30,,,
30175,30,30,30,,,
30176,30,30,30,,,
30177,26,24,26,,,
30178,5,4,4,,,
30179,16,16,16,,,
30180,16,16,16,,,
30181,24,24,24,,,
30182,26,26,6,,,
30183,26,30,30,,,
30184,30,30,30,,,
30185,22,2,2,,,
30186,16,16,16,,,
30187,30,16,16,,,
30188,8,16,24,,,
30189,30,30,30,,,
30190,30,30,30,,,
30192,5,34,28,,,
30193,16,16,16,,,
30194,30,30,30,,,
30195,4,24,4,,,
30196,24,24,24,,,
30197,27,16,16,,,
30198,16,16,16,,,
30199,24,24,24,,,
30200,16,16,16,,,
30201,5,5,8,,,
30202,2,2,2,,,
30203,16,16,16,,,
30204,16,16,16,,,
30205,16,16,16,,,
30206,26,24,24,,,
30208,30,30,30,,,
30209,9,34,34,,,
30210,27,16,27,,,
30211,5,24,24,,,
30212,24,24,31,,,
30213,16,16,16,,,
30214,16,30,16,,,
30215,24,16,16,,,
30216,24,24,24,,,
30217,8,5,8,,,
30218,30,30,30,,,
30219,4,16,4,,,
30220,16,16,16,,,
30221,24,26,26,,,
30222,16,16,16,,,
30223,24,16,16,,,
30224,24,30,30,,,
30225,16,16,16,,,
30226,28,8,8,,,
30227,30,30,30,,,
30228,24,16,24,,,
30229,24,16,16,,,
30230,24,24,5,,,
30231,30,30,30,,,
30232,16,16,16,,,
30233,23,38,38,,,
30234,16,16,16,,,
30235,30,30,30,,,
30236,27,27,27,,,
30237,24,30,24,,,
30238,24,24,24,,,
30239,28,28,28,,,
30240,16,16,16,,,
30241,37,37,37,,,
30242,15,24,24,,,
30243,16,16,16,,,
30244,16,16,16,,,
30245,20,34,39,,,
30246,5,28,34,,,
30247,16,16,16,,,
30248,31,30,30,,,
30249,24,16,24,,,
30250,24,24,24,,,
30251,24,10,24,,,
30252,30,30,30,,,
30253,39,28,28,,,
30254,30,30,30,,,
30255,24,16,24,,,
30256,24,24,24,,,
30257,8,28,28,,,
30258,24,24,24,,,
30259,16,16,16,,,
30260,5,34,34,,,
30261,34,34,34,,,
30262,16,16,16,,,
30263,24,24,24,,,
30264,30,30,30,,,
30265,24,16,24,,,
30266,24,24,16,,,
30267,28,28,28,,,
30268,16,16,16,,,
30269,16,16,16,,,
30270,24,24,24,,,
30271,16,16,16,,,
30273,24,30,30,,,
30274,24,10,10,,,
30275,24,10,36,,,
30276,4,24,4,,,
30277,34,34,34,,,
30278,37,37,31,,,
30279,16,30,16,,,
30280,24,24,24,,,
30281,4,4,4,,,
30282,30,30,30,,,
30283,16,16,16,,,
30284,39,34,39,,,
30285,16,16,27,,,
30286,30,30,16,,,
30287,23,23,23,,,
30288,24,28,28,,,
30289,25,16,16,,,
30290,13,34,10,,,
30291,3,3,23,,,
30292,38,38,38,,,
30293,24,24,24,,,
30294,16,16,16,,,
30295,1,16,16,,,
30296,16,16,16,,,
30297,16,16,16,,,
30298,16,16,16,,,
30299,30,30,30,,,
30300,4,4,4,,,
30301,27,30,16,,,
30302,30,30,30,,,
30303,16,16,16,,,
30304,17,16,16,,,
30305,15,24,24,,,
30306,27,16,27,,,
30307,31,16,16,,,
30308,22,23,4,,,
30309,6,16,16,,,
30310,26,5,28,,,
30311,30,30,30,,,
30312,5,16,16,,,
30313,24,16,16,,,
30314,9,2,2,,,
30315,5,24,24,,,
30316,25,30,30,,,
30317,10,2,2,,,
30318,27,16,27,,,
30319,30,30,30,,,
30320,36,36,36,,,
30321,4,4,4,,,
30322,8,5,5,,,
30323,4,16,16,,,
30324,24,16,16,,,
30325,31,8,28,,,
30326,24,24,24,,,
30327,2,2,22,,,
30329,10,24,24,,,
30330,36,24,24,,,
30331,6,30,30,,,
30332,16,16,16,,,
30333,24,24,24,,,
30334,28,5,8,,,
30335,24,24,24,,,
30336,24,16,16,,,
30337,16,16,16,,,
30338,24,10,10,,,
30339,34,20,20,,,
30340,16,16,16,,,
30341,24,24,24,,,
30342,28,28,28,,,
30343,28,28,28,,,
30344,4,4,4,,,
30345,8,8,28,,,
30346,6,10,10,,,
30347,24,24,10,,,
30348,34,34,34,,,
30349,16,16,16,,,
30350,30,30,30,,,
30351,16,16,4,,,
30352,24,24,24,,,
30353,16,16,16,,,
30354,16,16,16,,,
30355,9,34,9,,,
30356,24,16,16,,,
30357,24,24,24,,,
30358,34,34,34,,,
30359,28,28,28,,,
30360,13,24,24,,,
30361,13,24,24,,,
30362,2,2,2,,,
30363,24,24,24,,,
30364,16,16,16,,,
30365,4,26,4,,,
30366,16,16,16,,,
30367,31,30,30,,,
30368,27,16,16,,,
30369,4,4,23,,,
30370,16,16,16,,,
30371,16,16,16,,,
30372,20,20,20,,,
30802,2,10,10,,,
30860,24,24,24,,,
30960,1,16,16,,,
30972,16,16,16,,,
30988,18,28,28,,,
30991,31,23,2,,,
31011,4,4,4,,,
31034,37,26,37,,,
31042,24,24,24,,,
31047,6,26,26,,,
31050,31,4,3,,,
31052,28,28,28,,,
31056,8,28,8,,,
31057,24,24,24,,,
31059,25,16,16,,,
31060,8,5,34,,,
31061,8,5,34,,,
31062,4,4,4,,,
31063,16,16,16,,,
31064,5,23,4,,,
31065,24,16,16,,,
31066,8,8,8,,,
31067,24,30,30,,,
31068,16,16,16,,,
31069,22,36,2,,,
31070,27,19,19,,,
31071,8,26,26,,,
31072,16,16,16,,,
31073,30,30,30,,,
31074,34,34,34,,,
31075,30,30,30,,,
31076,24,24,24,,,
31077,23,23,23,,,
31078,16,16,16,,,
31079,16,24,16,,,
31080,10,36,8,,,
31081,37,24,10,,,
31083,3,4,8,,,
31084,30,30,30,,,
31085,24,24,24,,,
31086,27,27,27,,,
31087,10,10,10,,,
31088,16,16,16,,,
31089,16,16,16,,,
31090,27,23,26,,,
31091,23,4,31,,,
31092,27,10,27,,,
31093,39,34,39,,,
31094,24,24,10,,,
31096,16,16,27,,,
31097,28,28,28,,,
31098,2,2,4,,,
31099,33,33,33,,,
31100,4,26,26,,,
31102,16,16,16,,,
31103,39,10,9,,,
31104,27,16,27,,,
31105,16,16,16,,,
31106,30,30,30,,,
31107,16,16,16,,,
31108,24,24,24,,,
31109,6,23,23,,,
31110,30,30,30,,,
31111,24,28,24,,,
31112,24,24,24,,,
31113,24,24,24,,,
31115,3,26,26,,,
31116,16,16,16,,,
31117,8,4,4,,,
31118,16,16,16,,,
31120,34,34,34,,,
31121,30,30,30,,,
31122,28,28,28,,,
31123,16,16,16,,,
31124,24,16,16,,,
31125,32,28,22,,,
31126,16,16,16,,,
31127,24,24,24,,,
31128,2,23,23,,,
31129,16,16,16,,,
31130,19,24,10,,,
31131,30,30,30,,,
31132,16,16,16,,,
31133,28,36,36,,,
31134,30,30,30,,,
31135,16,16,16,,,
31137,30,30,30,,,
31138,10,30,30,,,
31139,4,4,8,,,
31140,1,16,16,,,
31141,26,24,26,,,
31142,34,34,34,,,
31143,24,24,24,,,
31144,24,30,30,,,
31145,5,5,5,,,
31146,16,16,16,,,
31147,3,37,10,,,
31148,27,27,19,,,
31149,16,16,16,,,
31150,30,30,30,,,
31151,23,23,23,,,
31152,30,30,30,,,
31153,27,16,16,,,
31154,16,16,16,,,
31155,27,27,27,,,
31156,24,24,24,,,
31159,20,20,20,,,
31160,16,16,16,,,
31161,24,16,16,,,
31162,24,16,16,,,
31163,24,24,10,,,
31164,37,36,4,,,
31165,31,30,30,,,
31166,19,19,19,,,
31167,18,10,10,,,
31168,24,30,30,,,
31169,24,16,16,,,
31170,31,24,24,,,
31171,5,5,5,,,
31172,9,34,9,,,
31173,31,34,37,,,
31174,34,34,39,,,
31175,23,31,31,,,
31176,25,28,28,,,
31177,24,24,24,,,
31178,24,16,16,,,
31179,6,27,27,,,
31180,24,24,16,,,
31189,10,16,16,,,
31192,13,24,19,,,
31203,28,28,28,,,
31208,16,16,16,,,
31218,16,16,16,,,
31219,16,16,16,,,
31226,1,5,4,,,
31246,24,24,24,,,
31249,4,4,4,,,
31257,16,16,16,,,
31260,24,10,24,,,
31263,24,24,4,,,
31281,16,24,24,,,
31319,24,24,10,,,
31366,16,16,16,,,
31380,30,30,30,,,
31398,34,34,34,,,
31416,24,24,24,,,
31417,23,23,23,,,
31434,24,24,10,,,
31435,34,10,24,,,
31436,16,16,16,,,
31442,10,37,10,,,
31461,10,24,24,,,
31465,27,27,27,,,
31485,25,16,16,,,
31490,13,16,16,,,
31491,24,28,34,,,
31492,4,16,16,,,
31493,31,24,24,,,
31495,8,8,8,,,
31496,24,24,10,,,
31497,24,24,10,,,
31498,26,26,26,,,
31500,37,6,5,,,
31501,4,4,4,,,
31503,16,16,16,,,
31504,24,26,4,,,
31505,24,30,30,,,
31506,30,30,30,,,
31507,24,16,16,,,
31508,31,26,30,,,
31509,39,26,34,,,
31510,4,4,4,,,
31511,16,16,16,,,
31513,30,24,24,,,
31514,16,16,16,,,
31515,5,4,4,,,
31516,20,34,34,,,
31517,24,10,10,,,
31518,13,24,24,,,
31519,36,36,36,,,
31521,16,16,16,,,
31522,30,30,30,,,
31523,22,10,10,,,
31524,16,16,16,,,
31525,23,4,4,,,
31527,24,30,30,,,
31528,16,16,16,,,
31529,23,38,38,,,
31530,13,16,5,,,
31532,24,24,24,,,
31533,16,16,16,,,
31534,16,28,16,,,
31535,16,16,16,,,
31536,24,24,24,,,
31537,10,37,23,,,
31538,24,24,24,,,
31539,33,9,9,,,
31540,24,16,16,,,
31541,31,24,24,,,
31542,16,16,16,,,
31543,30,30,30,,,
31544,16,30,16,,,
31545,16,16,16,,,
31546,35,5,5,,,
31547,31,16,30,,,
31548,16,16,16,,,
31549,31,31,16,,,
31550,24,24,24,,,
31551,28,28,28,,,
31552,16,16,16,,,
31553,13,36,10,,,
31554,30,30,30,,,
31555,24,24,24,,,
31556,2,36,2,,,
31557,16,16,16,,,
31558,10,37,5,,,
31559,6,30,30,,,
31560,30,30,30,,,
31561,24,16,16,,,
31562,24,16,24,,,
31563,5,2,2,,,
31564,30,30,30,,,
31565,28,28,28,,,
31566,30,30,30,,,
31567,10,24,10,,,
31568,4,4,4,,,
31569,24,24,24,,,
31571,16,16,16,,,
31572,24,24,24,,,
31573,23,23,30,,,
31574,30,30,30,,,
31575,16,16,16,,,
31577,26,36,4,,,
31578,24,16,24,,,
31579,36,36,36,,,
31580,16,24,16,,,
31581,24,16,16,,,
31582,24,24,24,,,
31583,3,26,3,,,
31584,28,28,28,,,
31585,24,24,24,,,
31586,16,16,16,,,
31587,24,16,16,,,
31588,36,36,34,,,
31589,26,30,31,,,
31590,37,5,23,,,
31592,5,34,9,,,
31593,34,34,34,,,
31594,28,28,28,,,
31595,26,26,26,,,
31596,30,30,30,,,
31597,11,24,10,,,
31598,39,34,34,,,
31599,17,16,16,,,
31600,24,24,24,,,
31601,16,16,16,,,
31602,25,16,16,,,
31603,24,24,5,,,
31604,34,34,34,,,
31605,6,16,16,,,
31606,16,16,16,,,
31607,30,30,30,,,
31608,13,24,16,,,
31609,26,26,26,,,
31610,24,30,24,,,
31611,30,30,16,,,
31612,16,16,16,,,
31613,24,24,24,,,
31614,37,28,28,,,
31615,30,30,30,,,
31616,30,30,30,,,
31617,34,24,24,,,
31618,24,26,26,,,
31619,30,30,30,,,
31620,28,28,28,,,
31621,31,24,24,,,
31622,24,16,16,,,
31623,24,24,24,,,
31624,27,16,27,,,
31625,8,5,8,,,
31626,24,24,24,,,
31627,24,16,16,,,
31628,24,24,24,,,
31629,28,28,28,,,
31630,28,28,28,,,
31631,16,16,16,,,
31632,30,16,24,,,
31633,5,16,16,,,
31634,34,34,34,,,
31635,16,16,16,,,
31636,4,4,4,,,
31637,24,16,16,,,
31638,24,16,16,,,
31639,16,16,16,,,
31640,16,16,16,,,
31641,24,24,24,,,
31642,24,24,26,,,
31643,16,16,16,,,
31644,37,24,24,,,
31645,16,24,16,,,
31646,30,30,30,,,
31647,28,28,28,,,
31648,24,24,24,,,
31649,4,36,4,,,
31650,8,8,8,,,
31651,4,4,4,,,
31652,16,16,16,,,
31653,28,26,4,,,
31654,27,24,10,,,
31655,2,9,9,,,
31656,16,16,16,,,
31657,16,24,24,,,
31658,24,24,24,,,
31659,16,16,16,,,
31660,16,16,16,,,
31661,4,4,4,,,
31662,28,28,28,,,
31663,8,8,8,,,
31664,30,30,30,,,
31665,36,36,36,,,
31666,5,5,5,,,
31667,16,24,24,,,
31668,16,16,16,,,
31669,4,8,8,,,
31670,4,4,4,,,
31671,25,16,16,,,
31672,16,16,16,,,
31673,16,16,16,,,
31674,1,16,16,,,
31675,4,4,4,,,
31676,5,5,34,,,
31677,16,16,16,,,
31678,16,16,16,,,
31679,23,37,37,,,
31680,16,16,16,,,
31681,7,19,28,,,
31682,16,16,16,,,
31683,27,27,27,,,
31684,34,34,20,,,
31685,28,28,28,,,
31686,16,16,16,,,
31687,24,10,10,,,
31688,24,37,5,,,
31689,13,34,34,,,
31690,16,16,16,,,
31691,4,4,4,,,
31692,31,30,30,,,
31693,30,30,30,,,
31694,30,30,30,,,
31695,24,16,24,,,
31696,38,10,30,,,
31697,27,10,27,,,
31698,24,24,24,,,
31699,30,30,30,,,
31700,24,16,16,,,
31701,6,10,10,,,
31702,30,30,30,,,
31703,16,16,16,,,
31704,28,28,8,,,
31705,37,10,37,,,
31706,24,16,24,,,
31707,24,5,5,,,
31708,20,34,34,,,
31709,24,24,24,,,
31710,24,16,24,,,
31711,24,24,24,,,
31712,16,16,16,,,
31713,30,30,30,,,
31714,24,24,24,,,
31715,24,16,16,,,
31716,20,20,20,,,
31717,30,30,30,,,
31718,24,16,30,,,
31719,27,16,27,,,
31720,16,16,16,,,
31721,16,16,16,,,
31722,16,16,16,,,
31723,24,24,24,,,
31724,27,24,10,,,
31725,16,16,16,,,
31726,16,16,16,,,
31727,16,16,16,,,
31728,16,16,16,,,
31729,27,34,27,,,
31730,26,38,26,,,
31731,16,16,16,,,
31732,8,8,8,,,
31733,16,16,16,,,
31734,24,24,16,,,
32142,36,36,36,,,
32177,25,16,16,,,
32179,16,16,16,,,
32266,16,16,16,,,
32267,13,36,13,,,
32300,0,16,20,,,
32306,28,28,28,,,
32334,36,8,8,,,
32361,17,16,16,,,
32370,32,19,5,,,
32378,2,2,2,,,
32406,24,24,24,,,
32415,16,16,16,,,
32416,37,2,22,,,
32417,28,28,8,,,
32418,16,16,16,,,
32419,5,5,5,,,
32421,16,16,16,,,
32422,24,24,24,,,
32423,16,16,16,,,
32424,16,16,16,,,
32425,33,39,9,,,
32426,24,24,10,,,
32427,29,5,5,,,
32428,24,24,24,,,
32429,28,28,28,,,
32430,24,24,24,,,
32431,27,27,27,,,
32432,24,24,24,,,
32433,16,16,16,,,
32434,28,28,28,,,
32435,30,30,30,,,
32436,4,4,4,,,
32437,16,16,16,,,
32438,24,16,16,,,
32439,4,26,4,,,
32440,24,24,24,,,
32441,24,24,24,,,
32442,27,27,27,,,
32443,9,9,9,,,
32444,16,16,16,,,
32445,26,10,34,,,
32447,24,24,24,,,
32448,28,28,28,,,
32449,16,16,16,,,
32450,27,24,24,,,
32451,24,24,30,,,
32452,28,28,28,,,
32453,13,30,30,,,
32454,27,16,24,,,
32456,16,16,16,,,
32457,25,16,16,,,
32458,27,27,27,,,
32459,17,16,27,,,
32460,16,16,16,,,
32461,8,8,8,,,
32462,24,24,24,,,
32463,27,27,27,,,
32464,10,30,30,,,
32465,24,16,16,,,
32466,16,16,16,,,
32467,28,16,28,,,
32468,16,16,16,,,
32469,16,16,16,,,
32470,16,16,16,,,
32471,16,16,16,,,
32472,30,30,30,,,
32473,9,34,9,,,
32474,34,34,34,,,
32475,24,16,16,,,
32476,24,16,16,,,
32477,36,5,8,,,
32478,16,16,16,,,
32479,10,10,24,,,
32480,8,4,28,,,
32481,24,24,24,,,
32482,16,16,16,,,
32483,16,16,16,,,
32484,16,16,16,,,
32485,16,16,16,,,
32486,24,24,24,,,
32487,25,16,16,,,
32488,6,16,16,,,
32489,16,16,16,,,
32490,24,10,24,,,
32491,28,28,28,,,
32492,16,16,16,,,
32494,16,16,16,,,
32495,10,33,39,,,
32496,16,16,16,,,
32497,30,30,30,,,
32498,6,26,6,,,
32500,10,24,10,,,
32501,24,24,24,,,
32502,16,16,16,,,
32503,24,16,24,,,
32504,16,16,16,,,
32505,16,16,16,,,
32506,34,34,34,,,
32507,5,5,5,,,
32508,16,16,16,,,
32509,16,16,16,,,
32510,4,4,4,,,
32511,28,28,28,,,
32512,24,5,5,,,
32513,28,28,28,,,
32514,23,23,38,,,
32515,22,2,2,,,
32516,28,28,28,,,
32517,26,26,26,,,
32518,16,16,16,,,
32519,24,24,24,,,
32520,30,30,30,,,
32521,4,16,16,,,
32523,4,4,4,,,
32524,8,34,5,,,
32525,16,16,27,,,
32527,24,24,24,,,
32528,24,16,4,,,
32529,24,16,26,,,
32530,3,36,36,,,
32531,16,16,16,,,
32532,27,10,10,,,
32533,24,24,24,,,
32534,16,16,16,,,
32535,24,24,24,,,
32537,30,30,30,,,
32538,17,20,16,,,
32539,30,30,30,,,
32552,28,24,24,,,
32560,10,34,34,,,
32561,28,28,28,,,
32569,30,30,30,,,
32571,26,16,31,,,
32572,8,28,28,,,
32589,26,26,26,,,
32596,39,28,28,,,
32606,4,4,4,,,
32634,9,9,9,,,
32635,36,26,8,,,
32638,16,16,16,,,
32642,30,30,10,,,
32664,20,34,34,,,
32687,11,24,19,,,
32701,8,8,8,,,
32714,36,5,8,,,
32719,6,16,16,,,
32737,30,30,30,,,
32754,28,28,28,,,
32761,16,16,16,,,
32779,31,30,30,,,
32788,30,30,30,,,
32791,28,28,28,,,
32798,24,24,24,,,
32810,25,16,30,,,
32816,24,9,24,,,
32823,2,2,2,,,
32824,30,30,30,,,
32825,16,16,16,,,
32827,4,24,4,,,
32828,33,2,2,,,
32829,24,24,24,,,
32831,24,24,10,,,
32832,30,30,30,,,
32833,25,16,16,,,
32834,16,16,16,,,
32835,8,8,8,,,
32836,21,16,16,,,
32837,0,24,24,,,
32838,4,4,4,,,
32840,27,16,16,,,
32842,5,4,8,,,
32843,8,8,8,,,
32844,30,30,30,,,
32845,16,16,16,,,
32846,24,16,16,,,
32847,34,34,34,,,
32848,27,10,27,,,
32849,8,5,24,,,
32851,39,34,34,,,
32852,4,4,4,,,
32853,24,10,10,,,
32854,10,24,24,,,
32855,8,34,34,,,
32856,5,8,5,,,
32857,18,34,28,,,
32858,18,2,34,,,
32859,28,28,28,,,
32860,16,16,16,,,
32861,16,16,16,,,
32862,16,30,10,,,
32863,11,24,10,,,
32864,5,5,5,,,
32865,4,4,4,,,
32866,5,5,5,,,
32867,27,24,27,,,
32868,4,4,8,,,
32869,16,16,16,,,
32870,6,16,16,,,
32871,16,16,16,,,
32872,19,28,28,,,
32873,31,30,31,,,
32874,16,16,16,,,
32875,13,16,24,,,
32876,24,10,10,,,
32877,38,38,38,,,
32878,5,23,5,,,
32879,16,16,16,,,
32880,16,16,16,,,
32881,25,16,30,,,
32882,34,34,20,,,
32883,22,2,22,,,
32884,16,16,16,,,
32885,30,30,30,,,
32886,30,30,30,,,
32887,39,9,9,,,
32888,24,24,16,,,
32889,30,30,30,,,
32890,16,16,16,,,
32891,34,24,24,,,
32892,5,16,24,,,
32893,22,10,10,,,
32894,13,24,24,,,
32895,5,5,5,,,
32896,30,30,30,,,
32897,30,30,30,,,
32898,30,30,30,,,
32899,27,16,16,,,
32900,24,30,30,,,
32901,24,16,16,,,
32902,5,5,19,,,
32903,38,38,38,,,
32904,16,16,16,,,
32905,24,16,30,,,
32906,24,24,24,,,
32907,31,24,24,,,
32908,23,23,38,,,
32909,24,24,24,,,
32910,31,30,30,,,
32911,16,16,16,,,
32912,24,24,10,,,
32913,24,24,24,,,
32914,26,26,26,,,
32915,16,16,16,,,
32916,16,16,16,,,
32917,16,16,16,,,
32918,10,24,24,,,
32919,16,16,16,,,
32920,6,16,16,,,
32921,31,34,34,,,
32922,24,24,24,,,
32923,23,23,23,,,
32924,27,24,19,,,
32925,16,16,16,,,
32926,5,37,5,,,
32927,16,16,16,,,
32928,24,10,10,,,
32929,16,16,16,,,
32930,24,10,24,,,
32931,26,16,24,,,
32932,10,10,10,,,
32933,10,2,9,,,
32934,24,16,16,,,
32935,10,36,36,,,
32936,30,30,30,,,
32937,8,8,8,,,
32938,28,16,28,,,
32939,16,16,16,,,
32940,4,4,4,,,
32941,30,30,30,,,
32942,16,16,16,,,
32943,2,9,2,,,
32944,6,23,23,,,
32945,30,30,30,,,
32946,27,10,27,,,
32947,4,4,4,,,
32948,20,20,20,,,
32950,24,30,30,,,
32951,28,28,28,,,
32952,24,24,24,,,
32953,34,34,5,,,
32954,16,16,16,,,
32955,34,34,34,,,
32956,10,16,16,,,
32957,24,16,16,,,
32958,24,16,16,,,
32959,34,34,34,,,
32960,20,34,20,,,
32961,28,28,28,,,
32962,30,10,31,,,
32963,27,19,27,,,
32964,30,30,10,,,
32965,24,2,10,,,
32966,30,30,30,,,
32967,30,30,30,,,
32968,30,30,30,,,
32969,16,16,16,,,
32970,23,4,4,,,
32971,24,16,24,,,
32972,4,4,4,,,
32973,39,34,20,,,
32974,24,24,16,,,
32975,5,5,5,,,
32976,24,16,16,,,
32977,24,10,24,,,
32978,16,16,16,,,
32979,24,24,24,,,
32980,16,16,16,,,
32981,24,24,24,,,
32982,24,16,16,,,
32983,24,24,30,,,
32984,16,16,16,,,
32985,16,24,16,,,
32986,36,36,36,,,
32987,16,16,16,,,
32988,28,28,28,,,
32989,16,30,30,,,
32990,27,16,27,,,
32991,27,16,16,,,
32992,16,16,16,,,
32993,24,24,24,,,
32994,30,30,30,,,
32995,16,16,16,,,
32996,37,10,37,,,
32997,23,23,23,,,
32998,16,16,24,,,
32999,16,24,4,,,
33000,8,19,8,,,
33001,24,24,24,,,
33002,34,34,34,,,
33004,16,16,4,,,
33005,28,28,28,,,
33006,24,24,24,,,
33007,30,30,30,,,
33008,20,20,20,,,
33009,31,26,26,,,
33010,24,24,24,,,
33011,16,16,24,,,
33012,36,36,36,,,
33013,24,16,16,,,
33014,27,16,16,,,
33015,16,16,16,,,
33016,24,8,5,,,
33017,36,36,36,,,
33018,28,28,28,,,
33019,31,24,24,,,
33020,27,16,16,,,
33021,16,16,16,,,
33022,27,27,27,,,
33023,27,24,24,,,
33024,5,4,4,,,
33025,24,24,24,,,
33026,16,16,16,,,
33027,16,16,16,,,
33028,31,5,5,,,
33029,24,24,24,,,
33030,16,16,16,,,
33031,24,24,24,,,
33032,28,28,28,,,
33033,34,34,34,,,
33034,24,16,16,,,
33035,16,16,16,,,
33036,28,28,28,,,
33037,16,16,16,,,
33038,27,27,27,,,
33039,24,16,16,,,
33040,16,16,16,,,
33041,30,30,30,,,
33042,16,30,16,,,
33043,16,16,24,,,
33044,5,5,5,,,
33045,16,16,16,,,
33046,13,24,24,,,
33047,16,16,16,,,
33048,16,16,16,,,
33049,30,30,30,,,
33050,16,16,16,,,
33051,24,24,24,,,
33052,16,16,24,,,
33053,27,16,16,,,
33054,24,24,24,,,
33055,23,23,38,,,
33056,8,28,28,,,
33057,16,16,16,,,
33058,4,23,4,,,
33059,16,16,16,,,
33060,16,16,16,,,
33061,16,16,16,,,
33062,16,16,16,,,
33063,24,36,36,,,
33064,16,16,16,,,
33414,28,28,28,,,
33425,19,36,36,,,
33443,31,30,30,,,
33468,16,16,16,,,
33527,24,24,10,,,
33553,0,28,5,,,
33582,16,16,16,,,
33597,16,16,16,,,
33609,30,30,30,,,
33614,0,28,28,,,
33644,26,26,26,,,
33671,27,16,16,,,
33676,13,10,24,,,
33694,24,16,16,,,
33695,19,19,27,,,
33703,24,19,19,,,
33707,16,16,16,,,
33718,31,24,24,,,
33733,16,16,16,,,
33739,4,4,4,,,
33740,16,16,16,,,
33741,24,24,24,,,
33742,30,30,30,,,
33744,16,16,16,,,
33745,3,4,4,,,
33746,28,28,28,,,
33747,24,16,16,,,
33748,24,24,24,,,
33749,28,28,28,,,
33750,22,2,2,,,
33751,16,16,16,,,
33752,24,24,24,,,
33753,3,10,38,,,
33755,24,24,30,,,
33756,24,16,16,,,
33757,28,28,28,,,
33758,28,28,28,,,
33759,24,10,10,,,
33760,19,27,27,,,
33761,16,16,16,,,
33762,4,36,4,,,
33764,24,24,24,,,
33765,18,28,28,,,
33766,27,16,16,,,
33767,16,16,16,,,
33768,28,28,28,,,
33769,19,19,19,,,
33770,24,24,10,,,
33771,26,26,26,,,
33772,10,24,24,,,
33774,27,27,24,,,
33775,16,16,16,,,
33776,30,30,30,,,
33777,19,10,24,,,
33778,20,9,9,,,
33779,5,5,4,,,
33780,16,16,16,,,
33781,26,26,31,,,
33782,5,24,5,,,
33783,37,23,23,,,
33784,24,16,16,,,
33785,16,16,16,,,
33786,26,26,26,,,
33787,16,16,27,,,
33789,26,26,26,,,
33790,16,16,16,,,
33791,16,16,16,,,
33792,24,24,24,,,
33793,27,16,16,,,
33794,28,28,28,,,
33795,4,4,4,,,
33796,16,16,16,,,
33797,6,16,16,,,
33798,34,34,34,,,
33799,22,2,2,,,
33800,16,24,26,,,
33801,16,16,16,,,
33802,16,16,16,,,
33803,30,30,30,,,
33804,3,26,26,,,
33805,16,24,16,,,
33806,30,30,30,,,
33807,27,16,16,,,
33808,36,36,36,,,
33809,24,16,24,,,
33810,16,16,20,,,
33811,34,34,34,,,
33812,25,30,30,,,
33813,20,34,20,,,
33814,24,24,24,,,
33815,16,16,16,,,
33816,5,5,5,,,
33817,24,24,30,,,
33818,16,16,16,,,
33819,36,36,36,,,
33820,27,27,19,,,
33821,27,16,27,,,
33822,24,24,24,,,
33823,2,2,10,,,
33824,4,4,4,,,
33825,5,28,28,,,
33826,29,8,5,,,
33827,24,24,24,,,
33828,24,24,24,,,
33829,27,27,27,,,
33830,16,16,16,,,
33831,16,16,16,,,
33832,30,30,30,,,
33833,34,28,28,,,
33835,24,30,30,,,
33836,16,16,16,,,
33837,24,24,24,,,
33838,24,24,24,,,
33839,24,24,24,,,
33840,24,24,24,,,
33841,24,24,24,,,
33842,10,27,19,,,
33843,8,8,8,,,
33844,16,16,16,,,
33845,24,24,24,,,
33851,24,24,24,,,
33857,30,30,30,,,
33876,24,16,24,,,
33880,5,5,5,,,
33884,28,28,28,,,
33906,28,28,28,,,
33910,31,24,24,,,
33929,30,30,30,,,
33934,27,16,16,,,
33935,8,5,8,,,
33944,23,23,23,,,
33949,24,10,10,,,
34009,30,30,30,,,
34013,24,24,24,,,
34015,0,24,24,,,
34023,8,4,4,,,
34027,27,27,27,,,
34040,9,34,34,,,
34053,30,30,30,,,
34110,29,28,28,,,
34129,16,16,16,,,
34152,16,16,16,,,
34153,16,16,16,,,
34154,4,16,16,,,
34155,24,24,10,,,
34156,13,16,19,,,
34158,8,5,8,,,
34159,16,16,16,,,
34161,28,28,28,,,
34163,5,4,4,,,
34164,33,2,2,,,
34165,24,16,24,,,
34167,24,10,36,,,
34168,10,16,16,,,
34169,30,30,30,,,
34171,28,28,28,,,
34172,23,4,4,,,
34173,22,23,2,,,
34174,16,16,16,,,
34176,24,24,24,,,
34177,5,5,5,,,
34179,24,24,16,,,
34180,4,16,16,,,
34183,30,30,16,,,
34184,24,24,24,,,
34185,33,2,2,,,
34186,24,24,24,,,
34189,16,16,16,,,
34190,6,30,16,,,
34192,4,16,16,,,
34193,29,28,28,,,
34194,39,9,9,,,
34195,34,34,34,,,
34196,24,10,10,,,
34197,4,4,4,,,
34198,30,30,30,,,
34199,16,16,16,,,
34200,10,5,8,,,
34201,30,30,30,,,
34202,23,38,38,,,
34203,24,16,16,,,
34205,29,16,5,,,
34206,5,34,34,,,
34207,24,24,24,,,
34208,18,28,5,,,
34209,28,8,28,,,
34210,16,16,16,,,
34211,16,16,16,,,
34212,24,16,16,,,
34213,16,16,16,,,
34214,30,30,30,,,
34215,24,30,30,,,
34216,30,30,30,,,
34217,16,16,16,,,
34218,16,16,16,,,
34219,39,34,5,,,
34220,27,10,27,,,
34221,30,30,38,,,
34222,30,30,30,,,
34223,10,10,10,,,
34224,30,30,30,,,
34225,23,23,22,,,
34226,30,30,30,,,
34227,16,16,16,,,
34228,24,24,10,,,
34229,34,34,20,,,
34230,16,16,16,,,
34231,16,16,16,,,
34232,16,16,16,,,
34233,24,16,16,,,
34234,26,26,26,,,
34235,2,19,2,,,
34236,24,30,24,,,
34237,31,30,30,,,
34238,24,16,16,,,
34239,16,16,16,,,
34240,30,30,30,,,
34241,16,16,16,,,
34242,16,16,16,,,
34243,30,30,30,,,
34244,3,10,10,,,
34245,30,30,30,,,
34246,24,24,4,,,
34247,16,16,16,,,
34248,16,16,16,,,
34249,34,34,34,,,
34250,2,10,22,,,
34251,23,23,23,,,
34252,29,24,24,,,
34253,6,16,16,,,
34254,28,28,28,,,
34255,34,34,34,,,
34256,24,16,27,,,
34257,25,16,16,,,
34258,16,16,16,,,
34259,26,16,16,,,
34260,24,16,16,,,
34261,27,24,27,,,
34262,16,16,16,,,
34263,30,30,30,,,
34264,24,24,24,,,
34265,30,30,30,,,
34266,16,16,16,,,
34267,16,16,16,,,
34268,34,20,20,,,
34269,16,16,16,,,
34270,28,28,28,,,
34271,28,28,28,,,
34272,2,2,2,,,
34273,2,2,2,,,
34274,34,34,34,,,
34275,16,16,16,,,
34277,30,30,30,,,
34278,5,16,16,,,
34279,24,24,10,,,
34280,24,16,16,,,
34281,24,16,16,,,
34282,30,16,30,,,
34283,24,16,16,,,
34284,31,26,4,,,
34285,16,16,16,,,
34286,16,16,16,,,
34287,10,24,27,,,
34288,23,5,5,,,
34289,14,9,9,,,
34290,30,30,30,,,
34291,16,24,24,,,
34292,28,28,28,,,
34293,6,26,38,,,
34294,27,27,27,,,
34295,16,16,16,,,
34296,24,24,24,,,
34297,16,16,16,,,
34298,26,26,30,,,
34299,24,16,24,,,
34300,26,30,26,,,
34301,27,27,27,,,
34302,16,16,16,,,
34303,28,28,28,,,
34304,4,4,4,,,
34305,24,16,16,,,
34306,24,24,24,,,
34307,30,30,30,,,
34308,16,16,16,,,
34309,24,24,24,,,
34310,24,30,30,,,
34311,27,16,16,,,
34312,16,16,16,,,
34313,17,16,16,,,
34314,5,16,16,,,
34315,16,16,16,,,
34316,16,16,16,,,
34317,24,24,24,,,
34318,24,16,16,,,
34319,23,23,23,,,
34320,38,38,38,,,
34321,16,16,16,,,
34322,32,23,5,,,
34323,28,28,28,,,
34324,25,30,30,,,
34325,16,16,16,,,
34326,16,16,16,,,
34327,31,16,30,,,
34328,24,24,24,,,
34329,17,16,27,,,
34330,24,24,24,,,
34332,16,16,16,,,
34333,28,28,28,,,
34334,16,16,16,,,
34335,24,24,24,,,
34336,24,24,37,,,
34337,24,24,24,,,
34338,16,16,16,,,
34339,24,24,24,,,
34340,24,24,24,,,
34341,16,16,16,,,
34342,6,16,27,,,
34343,10,10,10,,,
34344,26,24,26,,,
34345,34,34,34,,,
34346,32,34,5,,,
34347,24,24,24,,,
34348,30,30,30,,,
34349,5,34,5,,,
34350,10,10,10,,,
34351,27,16,16,,,
34352,23,23,37,,,
34353,23,23,23,,,
34354,24,24,24,,,
34355,2,10,10,,,
34356,37,4,4,,,
34357,16,16,16,,,
34358,16,16,16,,,
34359,5,5,4,,,
34360,16,16,16,,,
34361,27,27,27,,,
34362,17,16,16,,,
34363,24,24,24,,,
34364,24,36,4,,,
34365,28,28,28,,,
34366,10,16,24,,,
34367,8,5,34,,,
34368,13,16,13,,,
34369,10,10,10,,,
34370,24,24,24,,,
34371,10,2,2,,,
34372,16,16,16,,,
34373,16,30,30,,,
34374,24,19,19,,,
34375,13,30,37,,,
34376,4,36,4,,,
34377,30,30,30,,,
34378,16,16,16,,,
34379,4,4,4,,,
34380,24,24,4,,,
34381,24,16,24,,,
34382,36,36,36,,,
34383,28,28,28,,,
34384,24,24,10,,,
34385,36,36,36,,,
34386,30,30,30,,,
34387,4,4,4,,,
34388,23,4,4,,,
34389,30,30,30,,,
34390,4,4,4,,,
34391,27,16,16,,,
34392,24,30,31,,,
34393,24,24,10,,,
34394,24,24,24,,,
34395,36,36,36,,,
34396,24,24,24,,,
34397,16,16,16,,,
34398,24,24,24,,,
34399,34,34,34,,,
34400,24,24,24,,,
34401,16,16,16,,,
34402,16,16,16,,,
34403,16,16,16,,,
34404,10,30,30,,,
34405,24,24,24,,,
34406,1,16,16,,,
34860,27,16,16,,,
34875,8,5,8,,,
34914,24,24,16,,,
34946,6,31,31,,,
34992,11,10,36,,,
35007,23,23,23,,,
35008,16,16,16,,,
35015,4,4,4,,,
35044,22,2,22,,,
35067,23,4,4,,,
35078,10,10,10,,,
35086,28,28,28,,,
35088,28,28,28,,,
35094,24,24,24,,,
35098,30,30,30,,,
35099,16,16,16,,,
35100,24,16,16,,,
35101,5,5,5,,,
35102,28,28,28,,,
35103,16,16,16,,,
35104,22,5,23,,,
35105,30,30,30,,,
35106,16,16,16,,,
35108,16,16,16,,,
35109,5,5,26,,,
35110,16,16,16,,,
35112,24,24,34,,,
35113,24,10,36,,,
35115,24,10,10,,,
35116,24,24,24,,,
35117,24,24,24,,,
35118,28,28,28,,,
35119,13,24,24,,,
35120,4,4,4,,,
35121,30,24,30,,,
35122,27,16,16,,,
35123,24,24,24,,,
35124,30,30,30,,,
35125,24,16,16,,,
35126,24,24,24,,,
35127,16,16,16,,,
35128,27,24,27,,,
35129,24,24,19,,,
35130,22,34,34,,,
35131,24,30,16,,,
35132,16,16,16,,,
35133,16,16,16,,,
35134,2,2,2,,,
35135,24,16,16,,,
35136,24,24,24,,,
35137,13,24,13,,,
35138,30,30,30,,,
35139,24,24,24,,,
35140,24,36,36,,,
35141,24,16,24,,,
35142,10,24,31,,,
35143,4,4,5,,,
35144,27,16,16,,,
35145,34,34,34,,,
35146,30,30,30,,,
35147,30,30,30,,,
35148,27,31,27,,,
35149,24,10,10,,,
35150,10,30,10,,,
35151,24,24,24,,,
35152,16,16,16,,,
35153,6,16,27,,,
35154,30,30,30,,,
35155,30,30,30,,,
35156,13,24,13,,,
35157,16,16,16,,,
35158,16,16,16,,,
35159,28,10,10,,,
35161,16,16,16,,,
35162,5,16,16,,,
35163,16,16,16,,,
35164,16,16,16,,,
35165,24,16,16,,,
35166,16,16,16,,,
35167,27,27,27,,,
35169,9,34,34,,,
35170,24,24,19,,,
35171,24,24,24,,,
35172,30,30,30,,,
35173,19,24,10,,,
35174,4,4,4,,,
35175,16,16,16,,,
35176,17,16,16,,,
35177,25,16,24,,,
35178,30,30,30,,,
35179,27,19,27,,,
35180,10,10,10,,,
35181,16,16,16,,,
35182,24,24,24,,,
35183,4,23,23,,,
35184,24,16,26,,,
35185,24,24,24,,,
35186,27,16,27,,,
35187,26,30,30,,,
35188,5,5,5,,,
35189,24,24,24,,,
35190,24,24,24,,,
35191,4,36,36,,,
35192,31,24,31,,,
35193,11,10,10,,,
35194,24,24,24,,,
35195,16,16,16,,,
35196,24,16,24,,,
35197,24,24,4,,,
35198,24,24,24,,,
35199,27,16,27,,,
35200,28,16,24,,,
35201,26,34,34,,,
35202,20,34,20,,,
35203,24,30,26,,,
35204,24,16,16,,,
35205,24,24,10,,,
35206,24,24,24,,,
35207,24,24,24,,,
35208,24,24,24,,,
35209,10,10,10,,,
35210,30,30,30,,,
35211,17,16,16,,,
35212,30,30,30,,,
35213,26,26,26,,,
35214,28,28,28,,,
35215,31,24,24,,,
35216,16,24,24,,,
35218,30,30,30,,,
35219,17,16,16,,,
35220,23,2,22,,,
35227,28,28,28,,,
35249,24,24,24,,,
35256,28,28,28,,,
35275,28,28,28,,,
35286,10,36,36,,,
35292,16,16,16,,,
35293,5,5,5,,,
35295,24,24,24,,,
35302,24,24,24,,,
35312,31,24,24,,,
35313,30,30,30,,,
35326,4,10,27,,,
35333,37,23,31,,,
35346,34,28,28,,,
35371,24,36,36,,,
35372,24,24,24,,,
35380,23,4,4,,,
35382,16,24,16,,,
35396,16,16,16,,,
35405,6,16,16,,,
35431,37,30,16,,,
35434,16,16,16,,,
35443,19,2,2,,,
35446,16,24,16,,,
35447,6,30,30,,,
35467,30,30,30,,,
35495,16,16,16,,,
35502,8,26,26,,,
35503,16,16,16,,,
35504,8,28,28,,,
35505,33,2,2,,,
35506,10,16,16,,,
35507,4,24,24,,,
35508,16,24,24,,,
35510,24,24,24,,,
35512,13,24,10,,,
35513,11,19,19,,,
35514,27,27,27,,,
35515,6,30,30,,,
35516,2,4,4,,,
35517,31,16,16,,,
35518,28,28,28,,,
35519,16,16,16,,,
35520,22,5,37,,,
35521,24,16,24,,,
35522,16,16,16,,,
35523,16,16,16,,,
35524,16,16,16,,,
35526,36,24,24,,,
35527,5,34,5,,,
35528,34,34,34,,,
35529,30,30,30,,,
35530,30,30,10,,,
35531,31,30,30,,,
35532,16,16,16,,,
35533,28,28,28,,,
35535,25,16,16,,,
35536,16,16,16,,,
35537,16,16,16,,,
35538,36,36,36,,,
35539,16,16,16,,,
35540,31,30,24,,,
35541,5,28,28,,,
35542,26,26,26,,,
35543,24,24,24,,,
35544,31,26,26,,,
35545,17,16,16,,,
35546,5,5,23,,,
35547,16,16,16,,,
35548,16,16,16,,,
35549,30,30,16,,,
35550,24,24,24,,,
35551,6,31,31,,,
35552,5,5,5,,,
35553,5,4,4,,,
35554,24,24,24,,,
35555,16,16,16,,,
35556,4,26,26,,,
35557,24,24,24,,,
35558,30,26,31,,,
35559,16,16,16,,,
35560,16,16,24,,,
35561,30,30,30,,,
35562,16,16,16,,,
35563,16,16,16,,,
35564,30,30,30,,,
35565,26,38,38,,,
35566,5,5,5,,,
35567,30,30,30,,,
35568,2,2,2,,,
35569,16,16,24,,,
35570,5,34,34,,,
35571,2,2,2,,,
35572,24,10,24,,,
35573,24,24,24,,,
35574,4,4,4,,,
35576,24,16,16,,,
35577,4,4,4,,,
35578,24,24,24,,,
35579,8,8,8,,,
35580,24,16,16,,,
35581,38,38,38,,,
35582,30,30,30,,,
35583,24,16,16,,,
35584,8,28,8,,,
35585,4,4,4,,,
35586,5,4,4,,,
35587,28,28,28,,,
35588,24,24,24,,,
35589,26,4,4,,,
35590,24,16,24,,,
35591,24,16,16,,,
35592,27,16,16,,,
35593,16,16,16,,,
35594,38,38,38,,,
35595,30,30,30,,,
35596,24,34,34,,,
35597,37,16,16,,,
35598,34,34,34,,,
35599,24,16,16,,,
35600,30,30,30,,,
35601,16,16,16,,,
35602,24,5,5,,,
35603,24,24,10,,,
35604,16,16,16,,,
35605,28,28,28,,,
35606,16,16,16,,,
35607,27,16,27,,,
35608,24,24,24,,,
35609,24,30,10,,,
35610,16,16,16,,,
35612,30,30,30,,,
35613,10,10,10,,,
35614,24,24,24,,,
35615,36,36,36,,,
35616,30,30,30,,,
35617,33,10,10,,,
35618,24,16,16,,,
35619,16,16,16,,,
35620,26,26,26,,,
35621,16,16,16,,,
35622,30,30,30,,,
35623,24,16,16,,,
35624,30,30,30,,,
35625,24,24,24,,,
35626,34,34,34,,,
35627,16,16,16,,,
35628,31,24,31,,,
35629,24,34,24,,,
35630,39,9,9,,,
35631,10,24,16,,,
35632,36,36,36,,,
35633,8,28,8,,,
35634,9,36,10,,,
35635,16,16,16,,,
35636,34,34,34,,,
35637,16,16,16,,,
35638,24,24,24,,,
35639,37,37,37,,,
35640,10,10,10,,,
35641,36,34,34,,,
35642,35,4,4,,,
35643,24,16,16,,,
35644,24,24,24,,,
35645,24,24,26,,,
35646,30,30,30,,,
35647,30,26,26,,,
35648,24,24,24,,,
35649,24,10,30,,,
35650,24,24,24,,,
35651,24,16,16,,,
35652,16,16,16,,,
35653,16,16,24,,,
35654,24,24,24,,,
35655,24,16,27,,,
35656,27,19,34,,,
35657,4,4,8,,,
35658,30,30,30,,,
35659,31,24,24,,,
35660,16,16,16,,,
35661,16,16,16,,,
35662,26,36,36,,,
35663,16,16,16,,,
35664,22,24,24,,,
35665,27,30,27,,,
35666,30,30,30,,,
35667,16,16,16,,,
35668,24,24,24,,,
35669,30,30,30,,,
35670,24,16,16,,,
35671,24,24,24,,,
35672,16,16,16,,,
35673,27,10,19,,,
35674,16,16,16,,,
35676,16,16,16,,,
35677,24,16,24,,,
35678,10,10,10,,,
35679,3,3,6,,,
35680,28,8,8,,,
35681,3,5,5,,,
35682,3,10,10,,,
35683,4,26,4,,,
35684,16,16,16,,,
35685,24,16,16,,,
35686,4,4,4,,,
35688,27,27,27,,,
35689,28,28,28,,,
35690,16,16,16,,,
35691,4,4,4,,,
35692,24,24,24,,,
35693,24,30,10,,,
35694,30,30,30,,,
35695,5,5,5,,,
35696,16,16,16,,,
35697,24,24,24,,,
35698,30,30,30,,,
35699,16,16,27,,,
35700,30,30,30,,,
35701,6,4,4,,,
35702,24,24,24,,,
35703,37,16,34,,,
35704,24,10,10,,,
35705,16,16,16,,,
35706,27,16,16,,,
35707,24,16,24,,,
35708,16,16,16,,,
35709,6,3,30,,,
35710,16,16,16,,,
35711,24,24,4,,,
35712,28,28,28,,,
35713,16,16,27,,,
35714,14,9,9,,,
35715,16,16,16,,,
35716,3,3,30,,,
35717,10,30,30,,,
35718,20,34,26,,,
35719,24,10,36,,,
35720,33,2,2,,,
35721,24,37,10,,,
35722,23,37,4,,,
35723,24,30,30,,,
35724,24,24,24,,,
35725,24,24,10,,,
35726,24,24,24,,,
35727,24,24,24,,,
35728,24,24,24,,,
35729,24,16,16,,,
35730,28,8,8,,,
35731,36,34,34,,,
35732,34,34,39,,,
35733,24,30,30,,,
35734,27,27,27,,,
35735,6,16,16,,,
35736,28,28,28,,,
35737,16,16,16,,,
35738,24,24,24,,,
35739,9,34,20,,,
35740,28,28,28,,,
35741,10,24,24,,,
35742,10,24,24,,,
35743,5,34,34,,,
36154,19,19,19,,,
36278,28,16,16,,,
36282,16,16,16,,,
36294,20,20,20,,,
36314,16,16,16,,,
36316,24,24,24,,,
36349,8,28,28,,,
36350,28,28,28,,,
36374,16,16,16,,,
36376,0,16,16,,,
36420,16,16,16,,,
36423,31,30,31,,,
36425,24,34,24,,,
36432,28,28,28,,,
36433,16,16,16,,,
36447,4,4,4,,,
36458,28,28,28,,,
36462,4,4,4,,,
36465,23,4,4,,,
36466,19,24,24,,,
36467,24,16,16,,,
36468,26,30,30,,,
36469,19,24,19,,,
36471,16,16,27,,,
36472,24,24,24,,,
36473,28,28,28,,,
36474,28,28,28,,,
36475,2,2,2,,,
36476,24,16,16,,,
36477,22,24,10,,,
36478,16,16,16,,,
36479,16,16,16,,,
36480,24,16,16,,,
36482,16,16,16,,,
36483,28,28,28,,,
36484,2,9,2,,,
36485,16,16,16,,,
36486,24,24,24,,,
36487,24,34,24,,,
36488,24,24,24,,,
36489,34,34,34,,,
36490,16,16,16,,,
36491,30,30,30,,,
36492,27,16,16,,,
36493,27,24,27,,,
36494,24,16,16,,,
36495,18,13,13,,,
36496,26,26,26,,,
36497,24,24,10,,,
36498,13,24,24,,,
36499,27,24,27,,,
36500,16,16,16,,,
36501,16,30,16,,,
36502,28,28,28,,,
36503,10,2,10,,,
36504,10,16,16,,,
36505,16,16,16,,,
36506,4,28,28,,,
36507,16,16,16,,,
36508,24,34,34,,,
36510,16,16,16,,,
36511,13,24,24,,,
36512,24,24,24,,,
36513,18,34,34,,,
36514,25,16,16,,,
36515,31,24,24,,,
36516,30,24,30,,,
36517,2,2,2,,,
36518,16,16,16,,,
36519,16,16,16,,,
36520,25,16,16,,,
36522,36,36,19,,,
36523,16,16,16,,,
36524,30,30,30,,,
36525,23,23,23,,,
36526,24,24,10,,,
36527,16,16,16,,,
36528,16,16,16,,,
36529,31,30,31,,,
36530,24,16,24,,,
36531,16,16,16,,,
36532,16,16,16,,,
36533,19,24,24,,,
36534,8,8,8,,,
36535,31,30,30,,,
36536,16,16,16,,,
36537,30,30,30,,,
36538,3,26,26,,,
36539,16,16,16,,,
36540,16,24,31,,,
36541,32,23,22,,,
36542,24,24,10,,,
36543,24,24,24,,,
36545,16,16,16,,,
36546,4,16,16,,,
36547,24,10,24,,,
36548,28,28,28,,,
36549,24,24,16,,,
36550,24,24,24,,,
36551,31,30,30,,,
36552,4,16,16,,,
36553,4,34,28,,,
36554,24,34,26,,,
36556,9,28,34,,,
36557,16,16,16,,,
36558,24,24,26,,,
36559,24,16,16,,,
36560,24,10,26,,,
36561,24,24,24,,,
36562,3,23,38,,,
36563,16,16,16,,,
36564,24,24,24,,,
36565,4,4,4,,,
36566,24,24,24,,,
36568,8,4,4,,,
36569,18,28,28,,,
36570,20,20,20,,,
36571,13,24,24,,,
36572,16,16,16,,,
36573,24,30,30,,,
36574,16,16,16,,,
36575,34,34,34,,,
36576,23,23,23,,,
36579,24,24,24,,,
36582,30,30,30,,,
36591,30,30,30,,,
36593,22,2,2,,,
36596,23,3,31,,,
36600,30,30,30,,,
36618,11,5,36,,,
36648,30,26,30,,,
36650,30,30,30,,,
36661,16,16,16,,,
36672,24,24,24,,,
36678,16,16,16,,,
36679,34,34,34,,,
36681,11,10,10,,,
36699,5,4,4,,,
36725,29,28,28,,,
36739,20,34,27,,,
36772,16,16,24,,,
36773,26,26,26,,,
36780,30,30,30,,,
36787,10,10,10,,,
36805,24,24,24,,,
36808,31,24,30,,,
36822,30,30,30,,,
36823,28,28,28,,,
36843,13,16,16,,,
36850,7,24,24,,,
36851,24,30,30,,,
36852,5,34,34,,,
36853,23,23,24,,,
36855,24,24,10,,,
36856,6,24,10,,,
36857,11,19,24,,,
36858,24,10,10,,,
36859,34,37,34,,,
36860,37,23,23,,,
36861,16,16,16,,,
36862,25,16,16,,,
36863,22,10,2,,,
36864,16,16,16,,,
36865,16,16,16,,,
36866,10,24,24,,,
36867,18,24,24,,,
36868,16,16,16,,,
36869,8,28,28,,,
36870,24,24,24,,,
36871,5,4,8,,,
36872,11,24,10,,,
36874,31,34,37,,,
36875,24,16,26,,,
36876,16,16,16,,,
36878,30,30,30,,,
36879,3,30,27,,,
36880,5,23,23,,,
36881,16,16,16,,,
36882,16,16,16,,,
36883,16,16,16,,,
36884,34,34,5,,,
36885,28,5,28,,,
36886,16,16,16,,,
36887,13,24,24,,,
36888,24,10,10,,,
36889,6,16,10,,,
36890,5,5,5,,,
36891,16,16,16,,,
36892,19,19,5,,,
36893,16,16,16,,,
36894,6,16,16,,,
36895,24,16,16,,,
36896,28,24,24,,,
36897,24,24,24,,,
36898,22,5,10,,,
36899,36,36,36,,,
36900,24,24,24,,,
36901,31,30,30,,,
36902,23,23,23,,,
36903,16,16,16,,,
36904,16,16,16,,,
36905,28,28,28,,,
36906,24,16,16,,,
36907,16,16,16,,,
36908,4,24,4,,,
36909,30,30,30,,,
36910,27,19,27,,,
36911,30,30,30,,,
36912,23,5,5,,,
36913,26,26,26,,,
36914,24,24,24,,,
36915,24,24,24,,,
36916,16,16,16,,,
36917,31,30,31,,,
36918,37,23,5,,,
36920,26,38,38,,,
36921,30,30,30,,,
36922,28,28,28,,,
36923,31,24,31,,,
36924,34,34,34,,,
36925,24,16,16,,,
36926,30,30,30,,,
36927,16,16,27,,,
36928,28,8,28,,,
36929,16,16,16,,,
36930,25,16,16,,,
36931,31,24,24,,,
36932,16,16,16,,,
36933,24,16,16,,,
36934,24,24,26,,,
36935,28,28,8,,,
36936,16,16,16,,,
36937,24,24,24,,,
36938,16,16,16,,,
36939,5,5,5,,,
36940,23,30,30,,,
36941,24,24,24,,,
36942,30,30,30,,,
36943,16,24,16,,,
36944,23,23,10,,,
36945,24,24,24,,,
36946,23,10,23,,,
36947,24,30,30,,,
36948,27,34,19,,,
36949,28,28,28,,,
36951,16,16,16,,,
36952,24,24,24,,,
36953,24,24,24,,,
36954,10,30,31,,,
36955,24,24,24,,,
36956,24,24,10,,,
36957,24,24,24,,,
36958,16,16,16,,,
36959,16,16,16,,,
36960,16,16,27,,,
36961,4,16,16,,,
36962,30,30,30,,,
36963,30,23,22,,,
36964,27,24,27,,,
36965,30,30,30,,,
36966,24,24,24,,,
36967,27,16,27,,,
36968,28,24,24,,,
36969,30,30,30,,,
36970,30,30,30,,,
36971,34,34,34,,,
36972,16,16,16,,,
36973,30,30,30,,,
36974,30,30,30,,,
36975,30,30,30,,,
36976,5,37,5,,,
36977,20,20,20,,,
36978,24,24,24,,,
36979,30,30,30,,,
36980,24,24,24,,,
36981,24,5,5,,,
36982,34,5,5,,,
36983,34,34,34,,,
36984,16,30,16,,,
36985,13,16,16,,,
36986,31,30,30,,,
36987,28,28,28,,,
36988,10,24,10,,,
36989,30,30,30,,,
36990,24,16,24,,,
36991,24,24,24,,,
36992,30,30,30,,,
36993,28,28,28,,,
36994,24,16,16,,,
36995,24,24,24,,,
36996,31,16,16,,,
36997,24,24,24,,,
36998,16,16,16,,,
37000,16,16,16,,,
37001,16,16,16,,,
37002,26,26,26,,,
37003,16,16,16,,,
37004,16,16,16,,,
37005,16,16,16,,,
37006,1,16,16,,,
37007,24,24,24,,,
37008,16,16,16,,,
37009,6,16,16,,,
37010,16,16,16,,,
37011,24,24,24,,,
37013,24,16,16,,,
37014,34,34,34,,,
37015,31,30,30,,,
37016,37,5,5,,,
37017,33,2,2,,,
37018,28,28,28,,,
37019,24,16,16,,,
37020,16,16,16,,,
37021,30,30,30,,,
37022,29,36,19,,,
37023,24,16,16,,,
37024,34,34,34,,,
37025,24,24,10,,,
37026,16,16,16,,,
37027,24,30,30,,,
37028,24,10,10,,,
37029,4,4,4,,,
37030,4,4,4,,,
37031,10,24,24,,,
37032,27,16,16,,,
37033,24,24,10,,,
37034,16,16,16,,,
37035,36,36,36,,,
37036,4,16,4,,,
37037,24,16,16,,,
37038,4,23,4,,,
37039,24,36,36,,,
37040,24,24,24,,,
37041,24,24,24,,,
37042,24,24,24,,,
37043,38,38,38,,,
37044,30,24,24,,,
37045,24,10,10,,,
37046,3,30,30,,,
37047,4,27,5,,,
37048,16,30,30,,,
37049,16,16,16,,,
37050,16,16,16,,,
37051,24,24,24,,,
37052,13,24,27,,,
37053,24,24,27,,,
37054,20,20,20,,,
37055,24,24,24,,,
37056,25,16,16,,,
37057,24,24,24,,,
37058,16,16,16,,,
37059,16,16,16,,,
37060,24,16,16,,,
37061,10,31,6,,,
37062,21,24,24,,,
37063,26,26,26,,,
37064,28,28,28,,,
37065,23,23,23,,,
37066,30,30,30,,,
37067,16,16,16,,,
37069,24,24,24,,,
37070,27,16,16,,,
37071,30,30,30,,,
37072,4,4,4,,,
37073,16,16,16,,,
37074,8,28,8,,,
37075,16,16,16,,,
37076,30,30,30,,,
37077,8,28,8,,,
37078,24,16,16,,,
37079,26,31,30,,,
37080,39,34,34,,,
37081,13,24,24,,,
37409,30,30,30,,,
37567,20,20,20,,,
37573,4,4,4,,,
37631,24,24,24,,,
37635,8,8,19,,,
37679,23,4,4,,,
37690,16,16,16,,,
37699,3,26,26,,,
37716,39,23,22,,,
37730,16,16,16,,,
37761,26,26,26,,,
37767,3,4,6,,,
37768,16,16,16,,,
37776,28,28,28,,,
37778,24,24,24,,,
37779,28,28,28,,,
37780,8,5,34,,,
37781,28,28,28,,,
37782,8,28,8,,,
37783,24,30,30,,,
37784,16,16,27,,,
37785,16,16,16,,,
37786,4,4,4,,,
37787,4,4,4,,,
37788,24,16,16,,,
37789,13,24,24,,,
37790,25,16,16,,,
37791,28,28,28,,,
37792,24,24,24,,,
37793,6,38,10,,,
37795,30,30,30,,,
37796,16,24,24,,,
37797,5,24,10,,,
37798,4,4,4,,,
37799,26,26,26,,,
37800,16,16,16,,,
37801,25,16,16,,,
37802,28,28,28,,,
37803,34,28,34,,,
37804,30,30,30,,,
37805,24,24,24,,,
37806,37,24,24,,,
37807,27,16,27,,,
37808,16,16,16,,,
37809,5,24,24,,,
37810,16,16,16,,,
37811,26,26,26,,,
37812,24,24,24,,,
37813,16,16,16,,,
37814,16,16,16,,,
37815,24,24,10,,,
37816,5,19,19,,,
37817,39,34,34,,,
37818,27,24,27,,,
37819,28,28,28,,,
37820,16,16,16,,,
37821,25,16,30,,,
37822,28,28,28,,,
37823,23,23,23,,,
37824,28,28,34,,,
37825,21,23,4,,,
37826,25,16,16,,,
37827,16,16,16,,,
37828,10,36,10,,,
37829,15,5,5,,,
37830,16,16,16,,,
37831,24,24,24,,,
37832,24,24,24,,,
37833,10,30,10,,,
37834,4,4,4,,,
37835,25,24,24,,,
37836,28,8,8,,,
37837,28,28,28,,,
37838,16,16,16,,,
37839,33,33,2,,,
37840,16,16,16,,,
37841,24,16,16,,,
37842,16,30,16,,,
37843,4,16,10,,,
37844,24,24,24,,,
37845,3,26,10,,,
37846,24,4,16,,,
37847,22,19,5,,,
37848,1,16,24,,,
37849,8,8,8,,,
37850,16,16,16,,,
37851,24,16,16,,,
37852,16,16,16,,,
37853,24,24,24,,,
37854,28,28,28,,,
37855,34,36,4,,,
37856,30,30,30,,,
37857,24,16,16,,,
37858,30,30,30,,,
37859,24,16,16,,,
37860,24,10,10,,,
37861,8,8,8,,,
37862,24,36,36,,,
37863,4,4,4,,,
37864,31,30,30,,,
37865,24,24,24,,,
37866,4,8,8,,,
37867,24,24,24,,,
37868,36,8,8,,,
37869,31,24,24,,,
37870,16,16,16,,,
37871,30,30,30,,,
37872,24,24,24,,,
37873,30,30,30,,,
37874,24,24,24,,,
37875,30,30,30,,,
37876,31,24,24,,,
37878,24,24,16,,,
37879,24,10,36,,,
37880,16,16,16,,,
37881,16,16,16,,,
37882,19,10,10,,,
37883,24,16,16,,,
37905,24,24,10,,,
37924,30,30,30,,,
37938,24,24,16,,,
37952,28,16,4,,,
37956,8,8,8,,,
37964,33,36,10,,,
37967,24,16,16,,,
37994,24,24,10,,,
38001,24,24,19,,,
38002,24,24,24,,,
38009,36,34,36,,,
38015,4,4,4,,,
38026,28,8,8,,,
38041,16,16,16,,,
38045,25,16,16,,,
38120,26,24,26,,,
38123,39,24,30,,,
38125,24,10,24,,,
38127,5,5,5,,,
38149,13,24,24,,,
38155,34,34,5,,,
38178,24,34,34,,,
38181,24,24,24,,,
38186,24,30,30,,,
38187,32,9,34,,,
38188,16,16,16,,,
38189,24,24,24,,,
38190,2,2,5,,,
38191,27,5,27,,,
38192,16,30,16,,,
38193,30,30,31,,,
38194,8,28,8,,,
38195,31,24,24,,,
38196,24,4,4,,,
38197,24,24,24,,,
38198,9,33,2,,,
38200,24,16,16,,,
38201,16,16,16,,,
38203,16,16,16,,,
38204,30,30,30,,,
38205,16,16,16,,,
38206,28,28,28,,,
38207,20,9,20,,,
38208,24,24,24,,,
38209,5,5,5,,,
38211,16,16,16,,,
38212,28,28,28,,,
38214,16,16,16,,,
38215,1,16,16,,,
38216,16,16,16,,,
38217,34,34,34,,,
38218,16,16,16,,,
38219,5,34,5,,,
38220,16,16,16,,,
38221,8,4,4,,,
38222,24,16,16,,,
38223,23,23,23,,,
38224,30,30,30,,,
38225,10,30,10,,,
38226,5,5,5,,,
38227,34,34,34,,,
38228,5,23,5,,,
38229,8,28,28,,,
38230,16,16,16,,,
38231,24,19,24,,,
38232,10,10,27,,,
38234,16,16,16,,,
38235,31,16,16,,,
38237,30,30,30,,,
38238,16,16,16,,,
38239,9,34,34,,,
38240,24,24,24,,,
38241,16,16,16,,,
38242,16,16,16,,,
38243,38,38,38,,,
38244,28,28,28,,,
38245,24,16,16,,,
38246,24,16,24,,,
38247,23,38,23,,,
38248,30,30,30,,,
38249,30,30,30,,,
38250,8,5,4,,,
38251,27,16,16,,,
38252,3,3,10,,,
38253,5,4,4,,,
38254,27,24,27,,,
38255,24,16,16,,,
38256,27,24,27,,,
38257,16,16,16,,,
38258,30,30,30,,,
38259,27,24,27,,,
38260,5,5,5,,,
38261,16,16,16,,,
38262,27,24,27,,,
38263,24,16,16,,,
38264,16,16,16,,,
38265,3,37,4,,,
38266,24,24,24,,,
38267,24,24,24,,,
38268,24,30,30,,,
38269,30,30,30,,,
38270,16,16,16,,,
38271,21,23,23,,,
38272,30,30,30,,,
38273,16,16,16,,,
38274,2,2,2,,,
38275,27,27,27,,,
38276,16,16,16,,,
38277,28,28,28,,,
38278,30,30,30,,,
38279,22,22,22,,,
38280,4,28,34,,,
38281,30,30,30,,,
38282,16,16,16,,,
38283,17,16,16,,,
38284,24,24,24,,,
38285,28,28,28,,,
38286,1,30,30,,,
38287,24,24,24,,,
38288,30,30,30,,,
38289,24,24,24,,,
38290,24,24,10,,,
38291,30,30,30,,,
38292,30,30,30,,,
38293,10,36,10,,,
38294,28,28,28,,,
38295,16,16,16,,,
38296,24,16,16,,,
38297,24,24,24,,,
38298,24,30,24,,,
38299,30,30,30,,,
38300,4,4,4,,,
38301,24,24,24,,,
38302,10,10,10,,,
38303,33,30,22,,,
38304,10,27,27,,,
38305,24,24,24,,,
38306,16,16,16,,,
38307,30,30,30,,,
38308,24,24,24,,,
38309,16,16,16,,,
38310,2,24,24,,,
38311,2,9,9,,,
38312,16,16,16,,,
38313,16,16,16,,,
38314,16,16,16,,,
38315,9,9,34,,,
38316,13,16,24,,,
38317,16,16,16,,,
38318,39,34,34,,,
38319,16,16,16,,,
38320,28,28,28,,,
38321,31,24,24,,,
38322,16,16,16,,,
38324,23,30,30,,,
38325,16,16,16,,,
38326,16,16,16,,,
38327,16,16,16,,,
38328,9,2,2,,,
38329,10,24,16,,,
38330,30,30,30,,,
38331,13,24,24,,,
38332,5,5,5,,,
38333,27,27,27,,,
38334,16,16,16,,,
38335,3,24,10,,,
38336,24,16,16,,,
38337,4,8,8,,,
38338,16,16,16,,,
38339,8,28,28,,,
38340,34,5,5,,,
38341,16,16,16,,,
38342,16,24,24,,,
38344,4,4,4,,,
38345,16,16,16,,,
38346,24,16,16,,,
38348,16,16,16,,,
38349,16,16,16,,,
38350,16,16,16,,,
38351,16,16,16,,,
38352,24,24,24,,,
38353,30,30,30,,,
38354,31,24,30,,,
38355,25,30,30,,,
38356,24,24,24,,,
38357,24,16,27,,,
38358,28,28,28,,,
38359,26,38,38,,,
38360,24,16,16,,,
38361,15,5,5,,,
38362,24,30,30,,,
38363,24,30,30,,,
38364,28,28,28,,,
38365,16,16,16,,,
38366,24,24,24,,,
38367,16,16,16,,,
38368,30,30,30,,,
38369,8,8,8,,,
38370,24,24,24,,,
38371,16,16,16,,,
38372,16,16,16,,,
38373,16,16,16,,,
38374,31,30,30,,,
38375,24,24,24,,,
38376,30,30,30,,,
38377,24,19,19,,,
38378,24,24,24,,,
38379,24,24,10,,,
38380,6,16,16,,,
38381,28,28,28,,,
38382,16,16,16,,,
38383,16,16,16,,,
38384,24,24,16,,,
38385,8,8,8,,,
38386,24,24,24,,,
38387,28,5,19,,,
38388,4,4,5,,,
38389,24,24,24,,,
38390,24,24,24,,,
38391,28,28,28,,,
38392,16,16,24,,,
38393,31,30,31,,,
38394,34,10,24,,,
38395,24,24,24,,,
38396,4,4,4,,,
38397,33,2,9,,,
38398,22,4,23,,,
38399,24,16,16,,,
38400,24,24,24,,,
38401,24,16,16,,,
38402,24,24,31,,,
38403,24,24,16,,,
38404,10,31,4,,,
38405,4,4,24,,,
38406,9,9,9,,,
38407,24,16,16,,,
38408,26,26,26,,,
38409,10,34,10,,,
38410,16,16,16,,,
38411,16,16,16,,,
38412,16,16,16,,,
38413,30,30,30,,,
38414,10,10,10,,,
38415,13,16,16,,,
38416,27,27,27,,,
38417,16,16,16,,,
38418,27,16,27,,,
38419,24,24,27,,,
38420,34,34,34,,,
38421,16,16,16,,,
38422,28,28,28,,,
38423,37,24,24,,,
38424,27,27,27,,,
38425,16,16,16,,,
38426,24,24,24,,,
38427,27,27,27,,,
38428,24,24,24,,,
38429,4,16,4,,,
38430,24,24,10,,,
38431,34,34,34,,,
38432,16,16,16,,,
38969,24,24,24,,,
39000,19,19,8,,,
39004,16,16,16,,,
39020,34,34,34,,,
39027,24,24,16,,,
39031,28,28,28,,,
39054,28,28,28,,,
39081,7,24,24,,,
39111,16,16,16,,,
39136,4,4,4,,,
39137,4,4,4,,,
39138,3,26,4,,,
39139,16,16,16,,,
39140,30,30,30,,,
39141,16,16,16,,,
39142,24,24,24,,,
39143,27,27,27,,,
39144,24,10,24,,,
39145,3,4,4,,,
39146,22,22,5,,,
39147,24,24,24,,,
39148,0,5,5,,,
39149,31,24,24,,,
39150,4,4,4,,,
39151,24,24,24,,,
39152,36,34,36,,,
39153,16,16,16,,,
39154,19,19,19,,,
39155,31,24,4,,,
39156,10,30,10,,,
39157,26,26,26,,,
39158,38,38,38,,,
39159,13,24,24,,,
39160,22,2,2,,,
39161,24,24,24,,,
39163,33,24,30,,,
39164,38,26,26,,,
39165,16,16,16,,,
39166,4,4,4,,,
39168,10,24,24,,,
39169,27,16,27,,,
39170,24,24,24,,,
39171,26,26,26,,,
39172,11,10,36,,,
39173,24,24,24,,,
39174,24,24,10,,,
39175,28,28,28,,,
39176,16,16,16,,,
39177,2,2,2,,,
39178,16,16,16,,,
39179,24,24,24,,,
39180,8,5,8,,,
39181,24,24,10,,,
39182,28,28,28,,,
39183,16,16,16,,,
39184,24,24,10,,,
39185,16,16,16,,,
39186,0,5,5,,,
39187,16,16,16,,,
39188,16,16,16,,,
39189,6,23,5,,,
39190,24,24,24,,,
39192,24,24,24,,,
39193,16,16,16,,,
39194,24,24,24,,,
39195,24,16,16,,,
39196,24,16,16,,,
39197,13,19,19,,,
39198,8,8,27,,,
39199,2,10,10,,,
39200,37,10,37,,,
39202,16,16,16,,,
39203,16,16,16,,,
39204,16,16,16,,,
39205,30,30,30,,,
39207,16,16,16,,,
39208,28,8,28,,,
39209,5,5,5,,,
39210,31,30,30,,,
39211,28,28,28,,,
39212,6,24,10,,,
39213,16,16,16,,,
39214,20,20,20,,,
39215,16,16,16,,,
39216,25,30,30,,,
39217,5,5,5,,,
39218,24,16,24,,,
39219,19,10,27,,,
39220,31,31,30,,,
39221,28,28,4,,,
39222,5,34,34,,,
39223,16,16,16,,,
39224,24,10,10,,,
39225,16,16,16,,,
39226,22,10,22,,,
39227,16,16,16,,,
39228,27,27,27,,,
39229,27,27,27,,,
39230,37,24,24,,,
39231,8,28,8,,,
39233,16,16,16,,,
39234,37,4,4,,,
39235,24,24,24,,,
39236,5,24,5,,,
39238,30,30,30,,,
39239,3,30,26,,,
39240,27,30,27,,,
39241,30,10,24,,,
39242,24,24,24,,,
39243,24,24,24,,,
39244,24,16,16,,,
39245,24,24,24,,,
39246,24,24,24,,,
39247,24,24,24,,,
39248,8,5,8,,,
39249,16,16,24,,,
39250,24,24,24,,,
39251,24,24,24,,,
39252,24,24,24,,,
39253,30,30,30,,,
39254,31,24,30,,,
39255,26,30,30,,,
39256,24,16,16,,,
39257,16,16,16,,,
39258,25,16,16,,,
39269,33,2,2,,,
39284,30,30,30,,,
39286,24,24,24,,,
39294,24,30,10,,,
39306,27,19,27,,,
39310,24,16,16,,,
39321,24,24,24,,,
39325,16,16,16,,,
39329,24,24,24,,,
39335,30,30,30,,,
39341,11,24,27,,,
39342,24,24,10,,,
39343,16,16,16,,,
39344,30,30,30,,,
39351,16,16,16,,,
39364,16,16,16,,,
39375,16,16,16,,,
39376,5,37,37,,,
39379,24,30,16,,,
39380,16,16,16,,,
39389,16,16,16,,,
39397,24,16,16,,,
39402,31,24,24,,,
39441,8,5,8,,,
39459,24,16,16,,,
39478,30,30,30,,,
39482,24,24,24,,,
39505,19,19,19,,,
39514,16,16,16,,,
39545,2,10,2,,,
39550,24,24,24,,,
39558,5,16,16,,,
39565,24,16,16,,,
39568,22,2,9,,,
39569,24,24,30,,,
39570,24,30,30,,,
39573,24,24,24,,,
39574,23,23,23,,,
39575,24,24,31,,,
39577,17,20,20,,,
39580,6,30,30,,,
39581,16,16,16,,,
39582,24,28,28,,,
39583,34,34,34,,,
39584,30,30,30,,,
39585,24,24,24,,,
39586,16,16,16,,,
39587,16,16,24,,,
39588,23,36,36,,,
39589,14,28,34,,,
39590,28,28,28,,,
39591,24,24,24,,,
39592,30,23,31,,,
39593,31,30,30,,,
39595,23,38,23,,,
39596,10,34,10,,,
39597,22,10,10,,,
39598,24,16,16,,,
39599,23,30,30,,,
39600,16,16,16,,,
39601,34,34,34,,,
39602,27,19,27,,,
39603,16,16,16,,,
39604,34,34,39,,,
39605,12,23,2,,,
39606,6,38,38,,,
39607,24,24,24,,,
39608,30,30,30,,,
39609,6,16,16,,,
39610,34,24,22,,,
39611,30,30,30,,,
39612,24,24,24,,,
39613,23,23,23,,,
39614,24,24,24,,,
39615,16,16,16,,,
39616,28,28,28,,,
39617,24,24,24,,,
39618,16,16,16,,,
39619,18,24,24,,,
39620,9,34,34,,,
39621,30,30,30,,,
39622,26,26,26,,,
39623,24,24,24,,,
39625,10,10,10,,,
39626,30,30,30,,,
39627,18,16,24,,,
39628,10,3,23,,,
39629,6,16,16,,,
39630,16,16,16,,,
39631,10,10,10,,,
39632,2,2,2,,,
39633,16,16,16,,,
39634,30,30,30,,,
39635,23,23,23,,,
39636,3,36,36,,,
39637,6,30,30,,,
39638,27,16,16,,,
39639,24,16,16,,,
39640,24,16,16,,,
39641,30,30,30,,,
39642,30,30,16,,,
39643,16,16,16,,,
39644,30,30,30,,,
39645,24,24,24,,,
39646,28,28,28,,,
39647,27,24,27,,,
39648,28,28,28,,,
39649,24,24,10,,,
39650,28,28,28,,,
39651,16,16,16,,,
39652,24,16,16,,,
39653,30,30,30,,,
39654,4,4,4,,,
39655,28,28,28,,,
39656,33,34,9,,,
39657,23,23,38,,,
39658,24,24,24,,,
39659,16,16,16,,,
39660,34,34,34,,,
39661,39,34,39,,,
39662,24,10,10,,,
39663,5,24,16,,,
39664,8,8,8,,,
39665,20,20,20,,,
39666,37,10,37,,,
39667,4,4,4,,,
39668,16,16,16,,,
39669,34,34,34,,,
39670,3,10,10,,,
39672,28,19,24,,,
39673,16,16,16,,,
39674,23,23,23,,,
39675,16,16,16,,,
39676,16,16,16,,,
39677,24,24,4,,,
39678,24,24,24,,,
39679,30,30,30,,,
39680,24,24,24,,,
39681,39,9,9,,,
39682,5,5,5,,,
39683,27,16,16,,,
39684,4,4,4,,,
39685,23,38,23,,,
39686,16,16,16,,,
39687,34,36,4,,,
39688,16,16,16,,,
39689,26,30,30,,,
39690,30,30,30,,,
39691,34,28,28,,,
39692,30,30,30,,,
39693,27,16,27,,,
39694,30,30,30,,,
39695,24,24,24,,,
39696,16,16,16,,,
39697,16,16,16,,,
39698,24,16,24,,,
39699,24,30,30,,,
39700,24,24,24,,,
39701,30,30,30,,,
39702,30,30,30,,,
39703,16,16,16,,,
39704,30,30,30,,,
39705,24,4,4,,,
39706,16,16,16,,,
39707,24,16,16,,,
39708,16,24,24,,,
39709,28,28,28,,,
39710,16,16,16,,,
39711,36,36,36,,,
39712,28,28,28,,,
39713,24,16,16,,,
39714,4,24,4,,,
39715,24,24,24,,,
39716,28,28,28,,,
39717,30,30,30,,,
39718,4,4,39,,,
39719,26,36,26,,,
39720,16,16,16,,,
39721,3,10,10,,,
39722,18,24,24,,,
39723,16,16,16,,,
39724,4,24,4,,,
39725,30,30,30,,,
39726,23,23,23,,,
39727,24,24,24,,,
39728,31,24,31,,,
39729,8,8,8,,,
39730,5,13,5,,,
39731,4,5,5,,,
39732,24,24,24,,,
39733,24,16,16,,,
39734,36,10,24,,,
39735,24,31,31,,,
39736,16,16,16,,,
39737,13,24,24,,,
39738,2,2,2,,,
39739,5,5,5,,,
39740,16,16,16,,,
39742,4,16,16,,,
39743,30,30,30,,,
39744,17,16,16,,,
39745,24,24,10,,,
39746,16,16,16,,,
39747,24,16,16,,,
39748,24,24,24,,,
39749,16,16,16,,,
39750,4,4,4,,,
39751,16,16,16,,,
39752,22,2,22,,,
39753,24,24,24,,,
39754,3,10,10,,,
39755,38,38,38,,,
39756,28,28,28,,,
39757,24,24,10,,,
39758,24,24,26,,,
39759,24,24,24,,,
39760,16,16,16,,,
39761,24,24,24,,,
39762,10,26,26,,,
39763,25,30,30,,,
39764,9,2,2,,,
39765,30,30,30,,,
39766,17,16,16,,,
39767,30,30,30,,,
39768,16,16,16,,,
39769,2,2,2,,,
39770,26,24,24,,,
39771,5,5,5,,,
39772,16,16,16,,,
39773,24,24,24,,,
39774,2,2,2,,,
39775,24,16,16,,,
39776,24,10,36,,,
39777,34,34,34,,,
39778,24,24,24,,,
39779,8,4,8,,,
39780,24,24,24,,,
39781,34,34,34,,,
39782,31,26,26,,,
39783,24,24,24,,,
39784,36,36,36,,,
39785,24,24,24,,,
39786,24,16,16,,,
39787,10,37,10,,,
39788,24,24,31,,,
39789,37,24,37,,,
39790,24,19,24,,,
39791,24,24,28,,,
39792,16,16,16,,,
39793,16,16,16,,,
39794,16,16,24,,,
39795,27,10,27,,,
39796,16,16,16,,,
39797,16,16,16,,,
39798,24,16,24,,,
39799,2,2,9,,,
39800,24,24,24,,,
39801,24,24,19,,,
39802,16,16,16,,,
39803,30,30,30,,,
39804,34,34,34,,,
39805,24,24,24,,,
39806,10,24,10,,,
39807,23,23,23,,,
39808,24,10,10,,,
40060,6,24,27,,,
40320,2,10,2,,,
40337,24,16,16,,,
40338,8,8,8,,,
40345,24,10,10,,,
40373,24,24,31,,,
40380,28,28,28,,,
40402,29,5,5,,,
40406,31,30,31,,,
40439,16,16,16,,,
40441,26,26,26,,,
40442,24,24,24,,,
40443,28,28,28,,,
40445,5,28,19,,,
40446,31,24,26,,,
40447,38,38,30,,,
40449,5,5,5,,,
40450,5,16,16,,,
40451,5,34,34,,,
40452,36,36,36,,,
40453,36,36,36,,,
40454,27,16,27,,,
40455,16,16,16,,,
40456,30,30,30,,,
40457,28,28,28,,,
40458,24,16,16,,,
40459,13,24,24,,,
40460,16,16,16,,,
40461,30,30,30,,,
40463,16,16,16,,,
40464,13,19,28,,,
40465,22,2,2,,,
40466,28,28,28,,,
40467,23,4,4,,,
40468,30,30,30,,,
40469,25,16,30,,,
40470,34,34,34,,,
40471,24,24,24,,,
40472,26,16,26,,,
40473,16,16,16,,,
40474,24,24,24,,,
40475,24,10,10,,,
40476,2,2,2,,,
40477,30,30,30,,,
40478,26,26,26,,,
40479,24,24,10,,,
40480,28,34,28,,,
40481,8,4,8,,,
40483,27,10,10,,,
40484,13,24,27,,,
40485,24,24,24,,,
40486,10,3,10,,,
40487,28,28,28,,,
40488,19,28,19,,,
40489,10,10,27,,,
40490,24,24,24,,,
40491,19,28,28,,,
40492,37,10,37,,,
40493,24,24,24,,,
40495,16,16,16,,,
40496,24,24,24,,,
40497,16,16,16,,,
40498,24,24,10,,,
40499,5,16,24,,,
40500,8,8,8,,,
40501,4,4,4,,,
40502,9,34,9,,,
40503,27,24,27,,,
40504,30,30,30,,,
40505,27,16,27,,,
40506,6,16,16,,,
40507,30,30,30,,,
40508,34,34,34,,,
40509,2,2,2,,,
40510,10,10,10,,,
40511,16,16,16,,,
40512,25,24,24,,,
40513,30,30,30,,,
40514,3,26,24,,,
40515,36,2,2,,,
40516,13,24,24,,,
40517,8,4,4,,,
40518,8,28,28,,,
40519,27,27,27,,,
40520,24,24,16,,,
40521,26,26,26,,,
40522,28,28,28,,,
40523,24,24,24,,,
40524,27,16,16,,,
40525,24,16,30,,,
40526,16,16,16,,,
40527,16,16,24,,,
40528,5,5,22,,,
40529,34,34,9,,,
40530,30,30,30,,,
40531,9,34,34,,,
40532,28,8,28,,,
40533,8,28,28,,,
40534,27,27,27,,,
40535,24,24,10,,,
40536,30,30,30,,,
40537,28,28,28,,,
40538,8,26,26,,,
40539,24,24,24,,,
40540,10,30,10,,,
40541,5,24,24,,,
40542,30,30,30,,,
40543,13,24,24,,,
40544,19,19,19,,,
40545,16,16,16,,,
40546,24,24,24,,,
40547,31,24,31,,,
40548,24,24,16,,,
40549,30,30,30,,,
40550,24,24,31,,,
40551,23,4,4,,,
40552,30,30,30,,,
40553,27,24,27,,,
40554,3,26,10,,,
40555,30,26,10,,,
40556,24,16,16,,,
40557,30,30,30,,,
40558,31,24,24,,,
40559,19,19,19,,,
40560,30,30,30,,,
40588,16,24,24,,,
40611,4,16,4,,,
40616,16,16,16,,,
40625,16,16,16,,,
40630,24,24,24,,,
40641,31,30,30,,,
40646,10,10,10,,,
40669,30,30,30,,,
40678,30,30,30,,,
40680,24,28,28,,,
40684,24,4,4,,,
40686,26,26,38,,,
40689,30,30,30,,,
40707,30,30,30,,,
40722,30,30,30,,,
40729,24,16,16,,,
40737,10,2,2,,,
40745,16,16,16,,,
40757,24,16,16,,,
40761,6,38,3,,,
40765,34,9,9,,,
40785,20,20,20,,,
40817,28,28,8,,,
40849,16,16,16,,,
40856,4,4,4,,,
40868,16,16,16,,,
40873,8,4,8,,,
40880,8,8,8,,,
40881,24,24,16,,,
40882,16,16,16,,,
40883,16,16,16,,,
40884,16,16,16,,,
40885,5,36,5,,,
40886,16,16,16,,,
40887,10,24,24,,,
40888,31,30,30,,,
40889,15,5,5,,,
40890,30,16,30,,,
40891,24,16,16,,,
40892,27,16,27,,,
40894,28,28,28,,,
40895,22,23,10,,,
40896,16,16,16,,,
40897,34,9,9,,,
40898,6,38,3,,,
40899,30,30,30,,,
40900,24,24,31,,,
40901,27,16,16,,,
40902,27,16,16,,,
40903,31,30,30,,,
40904,24,24,24,,,
40905,16,16,16,,,
40906,24,16,16,,,
40908,16,28,24,,,
40909,30,30,30,,,
40910,16,16,16,,,
40912,34,34,34,,,
40914,16,16,16,,,
40915,27,27,27,,,
40916,16,16,16,,,
40917,16,16,16,,,
40918,16,16,16,,,
40919,24,24,16,,,
40920,32,19,5,,,
40921,18,16,16,,,
40922,24,24,24,,,
40923,16,16,16,,,
40924,24,24,24,,,
40925,30,30,30,,,
40926,24,24,24,,,
40927,34,34,20,,,
40928,16,16,16,,,
40929,16,16,16,,,
40930,30,30,30,,,
40931,18,19,19,,,
40932,26,26,26,,,
40933,26,26,26,,,
40934,23,24,24,,,
40935,24,16,16,,,
40936,30,30,30,,,
40937,30,16,16,,,
40938,30,30,30,,,
40939,31,10,31,,,
40940,24,24,24,,,
40942,35,5,5,,,
40943,2,2,2,,,
40944,24,24,24,,,
40945,24,24,24,,,
40946,24,30,31,,,
40947,30,30,30,,,
40948,30,30,30,,,
40949,16,16,16,,,
40950,30,30,30,,,
40951,24,16,16,,,
40952,16,16,16,,,
40953,24,16,16,,,
40955,24,24,24,,,
40956,30,30,30,,,
40957,8,28,28,,,
40958,24,10,10,,,
40959,30,30,30,,,
40960,4,4,8,,,
40961,27,16,16,,,
40962,30,30,30,,,
40963,24,24,16,,,
40964,4,16,4,,,
40965,9,36,36,,,
40966,16,16,16,,,
40967,4,4,19,,,
40968,16,16,16,,,
40969,22,2,22,,,
40970,4,4,4,,,
40971,38,26,38,,,
40972,28,28,28,,,
40973,24,30,30,,,
40974,13,24,24,,,
40975,2,10,10,,,
40976,30,30,30,,,
40977,30,30,30,,,
40978,5,34,27,,,
40979,39,34,9,,,
40980,24,24,24,,,
40981,24,24,4,,,
40982,24,24,10,,,
40983,1,8,8,,,
40984,24,24,24,,,
40985,8,8,8,,,
40986,38,38,38,,,
40987,28,28,28,,,
40988,24,10,10,,,
40989,5,23,5,,,
40990,9,2,33,,,
40991,24,16,16,,,
40992,24,24,30,,,
40994,16,16,16,,,
40995,5,4,4,,,
40996,26,16,26,,,
40997,16,16,16,,,
40998,18,28,8,,,
40999,21,24,10,,,
41000,24,24,30,,,
41001,16,16,16,,,
41002,6,26,26,,,
41003,16,16,16,,,
41004,8,24,4,,,
41005,30,30,30,,,
41006,24,10,10,,,
41007,4,4,4,,,
41008,10,10,10,,,
41010,30,30,30,,,
41011,16,16,16,,,
41012,24,16,16,,,
41013,24,24,24,,,
41014,4,4,4,,,
41015,30,30,30,,,
41016,24,24,24,,,
41017,24,24,16,,,
41018,24,24,24,,,
41019,10,10,36,,,
41020,24,24,24,,,
41021,4,4,4,,,
41022,4,30,31,,,
41023,24,10,24,,,
41024,8,24,24,,,
41025,24,24,24,,,
41026,30,30,30,,,
41027,16,16,16,,,
41028,10,10,10,,,
41029,24,24,24,,,
41030,4,5,23,,,
41031,24,36,36,,,
41032,28,28,28,,,
41033,16,16,16,,,
41035,28,28,28,,,
41036,30,30,30,,,
41037,28,28,28,,,
41038,34,34,34,,,
41039,30,30,30,,,
41040,34,5,5,,,
41041,16,16,16,,,
41042,16,24,16,,,
41044,24,24,24,,,
41045,4,4,4,,,
41046,25,16,25,,,
41047,26,38,3,,,
41048,16,16,16,,,
41049,28,34,28,,,
41050,16,16,16,,,
41051,17,16,16,,,
41052,28,28,28,,,
41053,3,23,4,,,
41054,30,30,30,,,
41055,24,24,10,,,
41056,28,28,28,,,
41057,24,24,24,,,
41058,16,16,16,,,
41059,24,36,36,,,
41060,27,16,16,,,
41061,5,5,5,,,
41062,30,30,30,,,
41063,24,24,24,,,
41064,16,16,16,,,
41065,28,28,28,,,
41066,5,24,24,,,
41067,23,4,3,,,
41069,30,30,30,,,
41070,24,24,5,,,
41071,28,28,28,,,
41072,16,16,16,,,
41073,23,23,38,,,
41074,16,16,16,,,
41075,16,16,16,,,
41076,24,24,24,,,
41077,24,24,24,,,
41078,10,36,36,,,
41079,25,16,24,,,
41080,24,16,24,,,
41081,23,30,30,,,
41083,24,10,10,,,
41084,24,16,16,,,
41085,30,30,30,,,
41086,30,30,30,,,
41087,22,10,2,,,
41088,3,10,10,,,
41089,10,30,30,,,
41090,25,16,16,,,
41091,8,5,8,,,
41092,34,24,28,,,
41093,10,30,30,,,
41094,16,16,16,,,
41095,30,30,30,,,
41096,5,19,19,,,
41097,27,24,10,,,
41098,24,24,24,,,
41099,24,10,10,,,
41100,1,16,16,,,
41101,24,24,24,,,
41102,20,20,20,,,
41103,30,30,30,,,
41104,27,16,16,,,
41105,33,2,9,,,
41106,24,24,16,,,
41107,16,16,16,,,
41108,24,16,16,,,
41109,24,16,16,,,
41110,16,16,16,,,
41111,37,30,31,,,
41112,16,16,16,,,
41113,27,27,27,,,
41114,10,10,10,,,
41353,5,5,5,,,
41546,36,36,36,,,
41552,33,24,24,,,
41597,24,24,24,,,
41642,23,23,23,,,
41652,16,16,16,,,
41660,16,16,16,,,
41691,16,16,16,,,
41734,26,24,26,,,
41740,8,8,8,,,
41741,28,28,28,,,
41747,5,8,8,,,
41750,32,16,24,,,
41751,16,16,16,,,
41754,28,28,28,,,
41755,24,16,16,,,
41757,31,30,30,,,
41760,24,24,24,,,
41762,28,28,28,,,
41763,34,24,24,,,
41764,4,16,16,,,
41765,27,24,27,,,
41766,24,16,24,,,
41767,27,27,27,,,
41768,28,28,28,,,
41769,24,24,24,,,
41770,8,28,8,,,
41771,30,30,30,,,
41772,16,16,16,,,
41773,26,24,26,,,
41774,28,28,8,,,
41776,16,16,16,,,
41777,10,30,10,,,
41778,31,30,30,,,
41779,34,37,37,,,
41780,16,16,16,,,
41781,16,16,16,,,
41782,16,16,16,,,
41783,22,2,2,,,
41784,6,3,30,,,
41786,13,16,16,,,
41787,36,36,36,,,
41788,24,16,16,,,
41789,24,24,24,,,
41790,37,37,37,,,
41791,27,16,27,,,
41792,28,28,28,,,
41793,34,34,34,,,
41794,30,30,30,,,
41795,37,23,4,,,
41797,30,30,31,,,
41798,36,36,36,,,
41799,16,16,16,,,
41800,16,16,16,,,
41801,24,24,10,,,
41802,20,20,20,,,
41803,23,31,30,,,
41804,24,24,5,,,
41805,16,16,16,,,
41806,19,19,28,,,
41807,30,30,30,,,
41808,16,16,16,,,
41809,16,16,16,,,
41810,27,16,16,,,
41811,24,10,10,,,
41812,23,23,23,,,
41813,16,16,16,,,
41814,5,5,5,,,
41816,16,24,16,,,
41817,4,4,4,,,
41818,16,16,24,,,
41819,16,16,16,,,
41820,27,24,27,,,
41821,19,27,27,,,
41822,30,30,30,,,
41823,13,36,10,,,
41824,30,30,30,,,
41825,31,24,30,,,
41826,17,24,24,,,
41827,8,8,8,,,
41828,5,4,4,,,
41829,5,5,5,,,
41830,34,34,34,,,
41831,16,16,16,,,
41832,27,24,24,,,
41833,28,28,28,,,
41834,27,16,16,,,
41835,26,26,26,,,
41836,16,16,16,,,
41837,16,16,16,,,
41838,24,24,24,,,
41839,0,19,19,,,
41840,24,24,24,,,
41841,30,30,30,,,
41842,28,24,24,,,
41843,24,24,24,,,
41844,24,16,16,,,
41845,28,28,28,,,
41846,2,2,2,,,
41847,2,10,10,,,
41848,30,30,30,,,
41849,39,34,34,,,
41850,4,4,4,,,
41851,16,16,16,,,
41852,10,30,30,,,
41853,28,28,28,,,
41854,16,16,24,,,
41855,16,16,16,,,
41856,10,10,10,,,
41857,24,24,24,,,
41858,4,24,4,,,
41859,30,30,30,,,
41860,34,34,20,,,
41861,30,30,30,,,
41862,31,24,24,,,
41863,16,16,16,,,
41864,24,24,24,,,
41865,24,16,16,,,
41866,24,16,28,,,
41867,13,24,10,,,
41868,5,37,5,,,
41869,28,8,8,,,
41898,16,16,16,,,
41904,30,30,30,,,
41926,24,24,24,,,
41928,36,36,36,,,
41944,30,30,30,,,
41954,30,30,30,,,
41960,24,24,10,,,
41963,27,16,27,,,
41964,27,16,27,,,
41976,24,36,36,,,
41980,2,10,22,,,
41994,30,30,30,,,
42024,23,5,5,,,
42035,30,30,30,,,
42063,24,16,16,,,
42081,30,30,30,,,
42082,24,24,24,,,
42086,34,10,10,,,
42093,24,30,30,,,
42109,24,24,24,,,
42111,23,23,23,,,
42126,16,16,16,,,
42151,28,16,16,,,
42156,30,30,30,,,
42161,16,16,16,,,
42169,30,30,30,,,
42170,3,8,27,,,
42182,28,28,28,,,
42197,31,24,24,,,
42203,26,5,5,,,
42204,24,16,16,,,
42205,28,28,28,,,
42206,16,16,16,,,
42207,20,34,39,,,
42208,16,16,16,,,
42209,24,16,16,,,
42210,10,10,27,,,
42211,23,24,24,,,
42213,24,36,36,,,
42214,16,16,16,,,
42215,30,30,30,,,
42216,27,24,27,,,
42217,6,16,16,,,
42218,3,38,3,,,
42219,37,2,37,,,
42220,16,16,16,,,
42221,26,26,26,,,
42222,25,24,16,,,
42223,24,16,16,,,
42225,24,30,30,,,
42226,33,2,2,,,
42229,27,10,27,,,
42230,28,28,28,,,
42231,24,24,24,,,
42232,24,24,24,,,
42233,24,24,24,,,
42234,36,36,36,,,
42235,18,16,36,,,
42236,16,16,16,,,
42237,24,24,24,,,
42238,16,16,16,,,
42239,34,4,8,,,
42240,18,24,24,,,
42241,8,8,28,,,
42242,16,24,24,,,
42243,34,24,24,,,
42244,4,23,5,,,
42245,16,16,16,,,
42246,16,16,16,,,
42247,10,30,30,,,
42248,28,28,28,,,
42249,5,34,34,,,
42250,6,31,6,,,
42251,13,24,24,,,
42252,16,16,16,,,
42253,18,16,13,,,
42254,38,38,38,,,
42255,34,34,20,,,
42256,4,26,4,,,
42258,25,24,24,,,
42259,24,5,19,,,
42260,30,30,30,,,
42261,25,16,16,,,
42262,20,20,20,,,
42263,16,16,16,,,
42264,4,4,4,,,
42265,31,16,16,,,
42266,10,9,2,,,
42267,31,38,38,,,
42268,27,16,27,,,
42269,16,24,16,,,
42270,16,16,16,,,
42271,3,23,6,,,
42272,34,24,24,,,
42273,16,16,16,,,
42274,25,16,16,,,
42275,24,16,16,,,
42276,13,24,13,,,
42277,16,16,16,,,
42278,26,26,10,,,
42279,28,28,28,,,
42280,17,6,23,,,
42281,6,26,26,,,
42282,4,4,4,,,
42284,10,36,2,,,
42285,14,2,22,,,
42286,11,19,19,,,
42287,16,16,16,,,
42288,2,34,9,,,
42289,24,24,24,,,
42290,10,24,10,,,
42291,16,16,16,,,
42292,34,34,34,,,
42293,24,16,16,,,
42294,4,2,2,,,
42295,36,36,36,,,
42296,27,19,19,,,
42297,8,8,8,,,
42298,26,31,30,,,
42300,16,16,16,,,
42301,24,24,24,,,
42302,28,28,28,,,
42303,10,30,10,,,
42304,30,30,30,,,
42305,16,16,16,,,
42306,24,24,24,,,
42307,27,27,27,,,
42308,16,16,16,,,
42309,18,24,28,,,
42310,16,16,16,,,
42311,24,24,24,,,
42312,24,24,10,,,
42313,28,20,28,,,
42314,34,34,34,,,
42315,24,30,30,,,
42316,34,34,34,,,
42317,27,16,27,,,
42318,25,16,16,,,
42319,24,24,16,,,
42320,28,28,8,,,
42321,24,16,16,,,
42322,16,30,16,,,
42323,30,30,30,,,
42324,30,30,30,,,
42325,34,34,37,,,
42326,16,16,16,,,
42327,24,24,24,,,
42328,24,16,24,,,
42329,8,8,8,,,
42330,3,36,10,,,
42331,24,16,16,,,
42332,30,30,30,,,
42333,27,16,16,,,
42334,24,24,24,,,
42335,4,28,5,,,
42336,30,30,30,,,
42337,16,16,16,,,
42338,30,30,30,,,
42339,16,16,16,,,
42340,18,19,19,,,
42341,36,36,36,,,
42342,17,16,16,,,
42343,16,16,16,,,
42344,5,5,5,,,
42345,36,36,36,,,
42346,24,24,24,,,
42347,5,24,24,,,
42349,24,24,24,,,
42350,30,30,30,,,
42351,30,30,30,,,
42352,5,5,5,,,
42353,24,24,10,,,
42354,16,16,16,,,
42355,28,28,28,,,
42356,24,24,24,,,
42357,28,28,28,,,
42358,30,30,30,,,
42359,3,10,10,,,
42360,16,16,16,,,
42361,24,16,16,,,
42362,16,16,16,,,
42363,23,24,24,,,
42364,10,16,16,,,
42365,34,34,34,,,
42366,26,24,26,,,
42368,5,4,4,,,
42369,26,26,26,,,
42370,23,4,4,,,
42371,26,26,26,,,
42372,28,28,28,,,
42373,16,16,16,,,
42374,28,8,28,,,
42375,10,10,23,,,
42376,1,8,28,,,
42377,16,16,16,,,
42378,16,16,16,,,
42379,16,16,16,,,
42380,30,30,30,,,
42381,37,37,37,,,
42382,27,27,27,,,
42383,24,24,24,,,
42384,24,24,4,,,
42385,30,30,10,,,
42386,34,36,36,,,
42387,23,4,4,,,
42388,16,16,16,,,
42389,2,2,2,,,
42390,24,24,24,,,
42391,16,16,16,,,
42392,4,4,8,,,
42393,39,9,9,,,
42394,13,24,10,,,
42395,30,30,30,,,
42396,26,24,31,,,
42397,9,20,20,,,
42398,16,16,16,,,
42399,6,16,16,,,
42400,20,20,20,,,
42401,16,16,16,,,
42402,27,10,10,,,
42403,34,34,39,,,
42404,8,5,8,,,
42405,4,16,16,,,
42406,34,34,34,,,
42407,28,28,28,,,
42408,16,16,16,,,
42409,26,34,26,,,
42410,6,27,27,,,
42411,24,24,24,,,
42412,24,24,24,,,
42413,28,28,8,,,
42414,28,28,28,,,
42415,24,24,24,,,
42416,23,23,23,,,
42417,24,16,16,,,
42418,6,30,10,,,
42419,28,28,28,,,
42420,34,34,34,,,
42421,5,16,27,,,
42422,28,28,28,,,
42423,30,24,30,,,
42424,16,16,16,,,
42425,16,24,24,,,
42426,24,16,16,,,
42427,27,24,24,,,
42428,16,16,16,,,
42429,29,5,5,,,
42430,14,2,2,,,
42431,16,16,16,,,
42432,16,16,16,,,
42433,1,5,8,,,
42434,16,16,16,,,
42435,24,16,16,,,
42808,4,4,4,,,
42813,23,23,23,,,
42833,36,36,36,,,
42958,38,38,38,,,
42976,26,26,26,,,
43058,30,30,30,,,
43073,17,16,20,,,
43078,19,19,19,,,
43106,24,24,10,,,
43110,24,30,30,,,
43135,5,28,28,,,
43141,37,37,26,,,
43142,28,28,28,,,
43144,24,24,24,,,
43146,26,26,26,,,
43147,34,34,34,,,
43148,30,30,30,,,
43149,10,10,10,,,
43150,4,24,4,,,
43151,24,24,24,,,
43152,28,28,28,,,
43153,16,16,16,,,
43154,26,26,26,,,
43155,16,16,16,,,
43156,13,24,24,,,
43157,28,28,28,,,
43158,16,16,16,,,
43159,11,24,10,,,
43160,23,23,23,,,
43161,16,16,16,,,
43162,24,24,24,,,
43163,24,16,16,,,
43164,24,24,24,,,
43165,30,31,31,,,
43166,8,8,8,,,
43167,20,20,20,,,
43168,16,16,16,,,
43169,16,16,10,,,
43170,25,16,16,,,
43171,16,16,16,,,
43172,24,24,30,,,
43173,25,16,16,,,
43174,9,9,9,,,
43175,30,30,30,,,
43176,24,24,24,,,
43177,2,2,9,,,
43178,16,16,16,,,
43179,22,2,2,,,
43180,28,28,8,,,
43181,24,24,24,,,
43182,16,16,16,,,
43183,30,30,30,,,
43184,2,24,10,,,
43186,8,4,8,,,
43187,39,9,9,,,
43188,31,30,30,,,
43189,16,16,16,,,
43190,26,30,30,,,
43191,37,5,5,,,
43192,16,16,16,,,
43193,16,16,16,,,
43194,24,10,37,,,
43195,31,30,30,,,
43196,16,16,16,,,
43198,37,4,4,,,
43199,30,30,30,,,
43200,27,16,27,,,
43201,18,13,13,,,
43202,11,26,4,,,
43203,16,16,16,,,
43204,16,16,16,,,
43205,19,36,36,,,
43206,6,16,16,,,
43207,38,38,38,,,
43208,16,16,16,,,
43209,30,30,30,,,
43210,16,16,16,,,
43211,22,34,22,,,
43212,16,16,16,,,
43213,9,9,9,,,
43214,24,16,16,,,
43215,16,16,16,,,
43216,19,5,8,,,
43217,27,30,30,,,
43218,34,34,34,,,
43219,30,16,16,,,
43220,4,4,4,,,
43221,28,24,24,,,
43222,24,16,16,,,
43223,16,16,16,,,
43224,4,3,4,,,
43225,0,34,34,,,
43226,16,16,16,,,
43227,24,24,24,,,
43228,24,24,24,,,
43229,24,16,24,,,
43230,24,5,5,,,
43231,24,24,10,,,
43232,4,16,31,,,
43233,30,16,30,,,
43234,37,37,37,,,
43235,24,24,24,,,
43236,16,16,16,,,
43237,30,30,30,,,
43238,30,30,30,,,
43239,24,24,24,,,
43240,30,30,30,,,
43241,17,16,20,,,
43242,19,19,19,,,
43243,24,24,24,,,
43244,23,10,23,,,
43245,16,3,6,,,
43246,16,16,16,,,
43247,2,23,23,,,
43248,30,30,30,,,
43249,15,28,34,,,
43250,24,16,24,,,
43251,31,16,16,,,
43252,27,27,27,,,
43253,16,16,16,,,
43254,16,16,16,,,
43270,1,16,16,,,
43272,22,2,2,,,
43277,27,16,16,,,
43290,16,16,16,,,
43292,24,24,24,,,
43294,24,24,16,,,
43315,16,16,16,,,
43320,30,30,30,,,
43334,16,16,16,,,
43336,16,16,16,,,
43364,16,16,16,,,
43390,26,26,26,,,
43447,16,16,16,,,
43450,10,24,19,,,
43459,16,16,16,,,
43467,16,16,16,,,
43480,24,24,10,,,
43484,16,16,16,,,
43502,30,30,30,,,
43506,24,24,24,,,
43530,24,16,16,,,
43538,30,30,30,,,
43540,16,16,16,,,
43561,16,16,16,,,
43574,13,24,10,,,
43576,36,36,36,,,
43577,24,16,16,,,
43579,27,27,27,,,
43580,24,16,16,,,
43581,24,10,16,,,
43582,28,28,28,,,
43584,16,16,16,,,
43585,24,16,16,,,
43586,30,30,30,,,
43587,16,16,16,,,
43588,28,28,28,,,
43589,10,30,30,,,
43590,16,16,16,,,
43591,24,24,24,,,
43592,10,24,10,,,
43593,22,10,2,,,
43594,20,20,20,,,
43595,24,24,10,,,
43596,10,2,10,,,
43597,34,20,20,,,
43600,8,8,8,,,
43601,16,16,16,,,
43602,31,26,26,,,
43603,16,16,16,,,
43604,26,30,30,,,
43605,24,24,24,,,
43606,11,24,10,,,
43607,26,30,30,,,
43608,28,28,28,,,
43609,16,16,16,,,
43610,25,16,30,,,
43611,24,34,24,,,
43613,16,16,16,,,
43614,30,30,30,,,
43615,30,30,31,,,
43616,24,16,24,,,
43617,5,16,16,,,
43618,24,10,10,,,
43619,31,30,30,,,
43620,16,16,16,,,
43621,24,24,10,,,
43622,16,16,16,,,
43623,11,24,24,,,
43624,30,30,30,,,
43625,1,16,16,,,
43626,30,30,30,,,
43627,30,30,30,,,
43628,30,30,30,,,
43629,3,26,26,,,
43630,31,26,30,,,
43631,16,16,16,,,
43632,24,16,16,,,
43633,4,36,4,,,
43634,3,26,26,,,
43635,16,16,16,,,
43636,16,16,16,,,
43637,30,30,30,,,
43638,26,26,38,,,
43639,24,16,16,,,
43640,28,28,28,,,
43641,36,26,26,,,
43642,24,24,24,,,
43643,16,16,16,,,
43644,9,34,34,,,
43645,30,30,30,,,
43646,27,10,27,,,
43647,22,10,23,,,
43648,16,16,16,,,
43649,30,30,30,,,
43650,34,34,34,,,
43651,24,24,16,,,
43652,30,30,30,,,
43653,24,24,24,,,
43654,27,27,27,,,
43655,27,27,27,,,
43656,34,34,34,,,
43657,24,16,16,,,
43658,27,16,16,,,
43659,24,16,16,,,
43660,2,10,2,,,
43661,13,24,24,,,
43662,27,16,16,,,
43663,27,27,27,,,
43664,28,28,28,,,
43665,24,10,10,,,
43666,27,24,27,,,
43667,30,30,30,,,
43668,24,24,24,,,
43669,27,10,27,,,
43670,16,16,16,,,
43671,24,24,24,,,
43672,24,16,16,,,
43673,13,10,10,,,
43674,24,24,24,,,
43675,16,16,16,,,
43676,34,34,9,,,
43677,38,38,38,,,
43678,39,34,34,,,
43679,16,16,16,,,
43680,16,16,16,,,
43681,26,34,34,,,
43682,16,16,16,,,
43683,16,16,16,,,
43684,24,24,27,,,
43685,30,30,30,,,
43686,24,24,24,,,
43687,16,16,16,,,
43688,34,5,5,,,
43689,24,16,24,,,
43690,24,24,10,,,
43691,30,30,30,,,
43692,27,27,27,,,
43693,30,30,24,,,
43694,30,24,24,,,
43695,24,24,24,,,
43696,30,30,30,,,
43697,8,5,8,,,
43698,30,30,30,,,
43699,8,5,8,,,
43700,39,34,34,,,
43701,24,16,16,,,
43702,24,24,24,,,
43703,16,16,16,,,
43704,24,30,30,,,
43705,30,30,16,,,
43706,24,30,30,,,
43707,16,24,24,,,
43708,30,30,30,,,
43709,30,30,30,,,
43710,11,36,36,,,
43711,39,9,9,,,
43712,24,16,16,,,
43713,30,30,30,,,
43714,24,16,16,,,
43715,10,30,10,,,
43716,30,30,30,,,
43717,16,16,16,,,
43718,30,30,30,,,
43719,16,16,16,,,
43720,16,16,16,,,
43721,6,30,30,,,
43722,10,10,10,,,
43723,16,16,16,,,
43724,24,24,24,,,
43725,24,24,24,,,
43726,16,16,16,,,
43727,30,30,30,,,
43728,30,30,30,,,
43729,16,16,16,,,
43730,4,4,4,,,
43731,25,16,25,,,
43732,16,16,16,,,
43733,24,16,16,,,
43734,24,24,24,,,
43735,16,16,16,,,
43736,26,26,26,,,
43737,24,24,16,,,
43738,30,30,30,,,
43739,16,16,16,,,
43740,30,30,30,,,
43741,16,16,16,,,
43742,16,16,16,,,
43743,30,30,30,,,
43744,24,30,10,,,
43745,2,2,2,,,
43746,16,16,16,,,
43747,35,5,5,,,
43748,16,16,16,,,
43749,16,16,16,,,
43750,24,24,24,,,
43751,22,2,2,,,
43752,27,19,27,,,
43753,24,16,16,,,
43754,16,16,16,,,
43755,16,28,16,,,
43756,16,24,16,,,
43757,39,28,28,,,
43758,28,28,28,,,
43759,16,16,24,,,
43760,25,16,25,,,
43761,37,2,9,,,
43762,24,16,16,,,
43763,22,5,30,,,
43764,16,16,16,,,
43765,36,36,36,,,
43766,28,28,28,,,
43767,24,16,24,,,
43768,24,24,24,,,
43769,28,8,28,,,
43770,27,16,16,,,
43771,16,16,16,,,
43772,4,31,4,,,
43773,24,16,24,,,
43774,24,10,10,,,
43775,24,16,16,,,
43776,20,34,34,,,
43777,27,27,27,,,
43778,16,16,16,,,
43779,24,24,24,,,
43780,14,24,24,,,
43781,30,30,31,,,
43782,24,24,16,,,
43783,28,28,28,,,
43784,16,16,16,,,
43785,29,5,5,,,
43786,9,34,34,,,
43787,16,16,16,,,
43788,20,34,34,,,
43789,34,34,39,,,
43790,4,26,4,,,
43791,24,24,24,,,
43792,16,16,16,,,
43793,36,34,8,,,
43794,30,30,30,,,
43795,8,5,5,,,
43796,24,24,24,,,
43797,11,5,5,,,
43798,24,16,16,,,
43799,10,24,10,,,
43800,24,16,16,,,
43801,30,30,30,,,
43802,4,4,4,,,
43803,16,16,16,,,
43804,5,5,8,,,
43805,24,24,24,,,
43806,10,30,30,,,
43807,4,24,4,,,
43808,6,30,30,,,
43809,31,30,30,,,
43810,30,30,30,,,
43811,5,16,16,,,
43812,16,16,16,,,
43813,26,24,26,,,
43814,27,16,16,,,
43815,24,30,30,,,
43816,16,16,16,,,
43817,16,16,16,,,
43818,27,24,27,,,
43819,16,31,31,,,
43820,7,16,16,,,
43821,24,24,24,,,
43822,30,30,30,,,
43823,27,16,27,,,
43824,2,2,2,,,
43825,27,16,16,,,
43826,8,4,8,,,
43827,27,16,16,,,
43828,30,30,30,,,
43829,27,24,16,,,
43830,16,16,16,,,
43831,16,16,16,,,
43832,16,16,16,,,
44269,28,28,28,,,
44341,16,16,16,,,
44412,16,16,16,,,
44450,4,4,16,,,
44459,16,16,16,,,
44465,24,16,24,,,
44467,31,30,30,,,
44468,10,30,10,,,
44469,22,16,24,,,
44471,24,24,24,,,
44472,16,16,16,,,
44473,24,24,24,,,
44474,28,10,28,,,
44475,4,4,4,,,
44476,28,4,28,,,
44477,4,23,4,,,
44478,4,4,4,,,
44479,16,16,16,,,
44480,24,24,24,,,
44481,16,16,16,,,
44482,16,16,16,,,
44483,16,16,16,,,
44484,30,30,30,,,
44485,24,24,24,,,
44486,16,16,16,,,
44487,9,2,9,,,
44488,36,36,36,,,
44489,24,30,30,,,
44490,5,4,8,,,
44491,16,16,16,,,
44492,30,30,30,,,
44493,8,8,8,,,
44494,16,16,16,,,
44495,26,26,26,,,
44496,4,4,4,,,
44497,16,16,16,,,
44498,30,30,30,,,
44499,16,16,16,,,
44500,16,16,16,,,
44501,16,24,24,,,
44502,30,30,30,,,
44503,5,5,5,,,
44504,24,16,16,,,
44505,5,24,24,,,
44506,16,24,24,,,
44507,26,26,3,,,
44508,13,26,26,,,
44509,10,10,10,,,
44510,16,16,16,,,
44512,34,34,34,,,
44513,16,16,16,,,
44514,24,24,24,,,
44515,24,24,24,,,
44516,16,16,16,,,
44517,16,16,16,,,
44518,16,16,16,,,
44519,16,16,16,,,
44520,30,30,31,,,
44521,0,28,24,,,
44522,16,16,16,,,
44523,16,16,24,,,
44524,16,16,16,,,
44525,34,34,9,,,
44526,30,30,30,,,
44527,33,39,9,,,
44528,24,24,24,,,
44529,28,28,28,,,
44530,16,16,16,,,
44531,31,30,30,,,
44532,24,24,24,,,
44533,28,28,28,,,
44534,24,10,10,,,
44535,14,9,9,,,
44536,27,24,19,,,
44537,30,30,30,,,
44538,24,24,24,,,
44540,16,16,24,,,
44541,24,24,24,,,
44542,24,16,16,,,
44543,30,30,30,,,
44544,19,16,24,,,
44545,30,30,30,,,
44546,24,24,10,,,
44547,26,30,30,,,
44548,33,2,2,,,
44549,23,24,10,,,
44550,9,9,9,,,
44551,24,16,16,,,
44552,19,34,19,,,
44553,16,16,16,,,
44554,24,24,24,,,
44555,16,16,16,,,
44556,4,4,4,,,
44557,16,16,16,,,
44558,24,24,24,,,
44559,30,30,30,,,
44561,16,24,24,,,
44562,30,30,30,,,
44563,26,24,5,,,
44564,24,26,10,,,
44565,24,10,24,,,
44566,30,30,31,,,
44570,16,16,16,,,
44601,34,34,34,,,
44606,24,24,24,,,
44631,24,36,36,,,
44633,16,16,16,,,
44637,16,16,16,,,
44660,2,9,9,,,
44663,16,16,16,,,
44698,24,24,24,,,
44713,6,23,23,,,
44726,28,28,28,,,
44745,4,28,28,,,
44748,16,16,16,,,
44760,30,30,30,,,
44789,4,37,4,,,
44796,4,4,5,,,
44812,24,19,19,,,
44825,2,2,2,,,
44831,16,16,16,,,
44833,16,16,16,,,
44843,30,30,30,,,
44853,31,30,24,,,
44860,4,4,4,,,
44863,31,31,31,,,
44871,6,16,27,,,
44881,16,16,16,,,
44887,28,28,28,,,
44888,3,36,19,,,
44889,24,28,28,,,
44890,31,30,30,,,
44893,30,30,30,,,
44894,16,30,16,,,
44895,24,10,10,,,
44897,29,5,5,,,
44898,27,16,27,,,
44899,30,30,30,,,
44900,5,2,5,,,
44901,36,8,19,,,
44902,33,2,9,,,
44903,8,5,8,,,
44905,8,8,19,,,
44906,16,16,16,,,
44907,30,16,30,,,
44908,8,8,8,,,
44909,5,34,34,,,
44910,23,30,30,,,
44911,16,16,16,,,
44912,24,16,26,,,
44913,27,16,16,,,
44914,3,26,26,,,
44916,36,36,36,,,
44919,16,16,16,,,
44920,16,16,16,,,
44921,16,16,16,,,
44922,16,16,16,,,
44923,4,16,16,,,
44924,24,24,24,,,
44925,16,16,16,,,
44926,24,16,16,,,
44927,10,27,11,,,
44928,28,28,28,,,
44929,26,34,26,,,
44930,16,16,16,,,
44931,18,2,34,,,
44932,24,24,24,,,
44934,24,24,24,,,
44936,16,16,16,,,
44937,16,30,16,,,
44938,24,24,24,,,
44939,16,16,16,,,
44941,5,24,24,,,
44942,24,24,24,,,
44943,16,16,16,,,
44944,11,10,10,,,
44945,39,34,39,,,
44946,2,2,2,,,
44947,34,34,34,,,
44948,30,30,30,,,
44949,27,10,27,,,
44950,16,16,16,,,
44951,22,2,2,,,
44952,24,16,24,,,
44953,23,24,19,,,
44954,24,36,36,,,
44955,30,30,30,,,
44956,16,16,16,,,
44957,24,16,16,,,
44958,4,24,4,,,
44959,24,24,24,,,
44960,16,16,16,,,
44961,17,16,16,,,
44962,28,28,28,,,
44963,23,23,23,,,
44964,30,30,30,,,
44965,16,16,16,,,
44966,27,16,16,,,
44967,4,4,4,,,
44968,24,24,24,,,
44969,24,24,24,,,
44970,4,4,4,,,
44971,26,26,26,,,
44973,24,24,24,,,
44974,16,16,16,,,
44975,24,30,31,,,
44976,24,10,36,,,
44977,3,26,31,,,
44979,24,30,30,,,
44980,30,30,26,,,
44981,24,24,10,,,
44982,10,10,10,,,
44983,24,24,24,,,
44984,30,30,30,,,
44985,26,30,30,,,
44986,30,30,30,,,
44987,27,24,27,,,
44988,24,16,16,,,
44989,22,4,4,,,
44990,28,28,28,,,
44991,30,30,30,,,
44992,30,30,30,,,
44993,24,24,24,,,
44994,24,24,30,,,
44995,27,16,27,,,
44996,24,16,16,,,
44997,5,23,5,,,
44998,24,16,24,,,
44999,10,24,24,,,
45000,6,23,23,,,
45001,16,16,16,,,
45002,28,28,28,,,
45003,30,30,30,,,
45004,23,23,3,,,
45005,24,24,24,,,
45006,30,30,30,,,
45007,16,16,16,,,
45008,24,24,24,,,
45009,34,34,34,,,
45010,16,16,16,,,
45011,24,24,27,,,
45013,10,24,24,,,
45015,16,16,16,,,
45016,3,10,10,,,
45017,16,16,16,,,
45018,30,30,30,,,
45019,16,16,16,,,
45020,24,16,24,,,
45021,16,16,16,,,
45022,5,24,24,,,
45023,24,24,16,,,
45024,16,16,16,,,
45025,16,16,16,,,
45026,16,16,16,,,
45027,27,16,27,,,
45028,16,16,16,,,
45029,24,24,24,,,
45030,16,16,16,,,
45031,2,2,22,,,
45032,16,16,16,,,
45033,16,16,16,,,
45034,16,16,16,,,
45035,39,36,36,,,
45036,10,16,24,,,
45037,16,16,16,,,
45038,4,4,4,,,
45039,30,30,30,,,
45040,24,24,10,,,
45041,31,30,30,,,
45042,24,3,10,,,
45043,16,16,16,,,
45044,28,28,28,,,
45045,10,24,24,,,
45046,4,4,8,,,
45047,30,30,30,,,
45048,3,38,38,,,
45049,24,16,16,,,
45050,24,16,16,,,
45051,16,16,16,,,
45052,16,16,16,,,
45053,30,30,30,,,
45054,33,2,2,,,
45055,34,34,34,,,
45056,26,16,16,,,
45057,16,16,16,,,
45058,24,30,30,,,
45060,25,16,16,,,
45061,4,4,4,,,
45062,16,16,16,,,
45063,28,28,28,,,
45064,30,30,30,,,
45065,24,16,24,,,
45066,16,16,24,,,
45067,30,30,30,,,
45068,24,24,24,,,
45069,25,16,24,,,
45070,10,10,10,,,
45071,13,5,24,,,
45072,16,16,16,,,
45073,3,10,10,,,
45074,28,28,28,,,
45075,24,24,31,,,
45076,34,34,34,,,
45077,24,24,24,,,
45078,22,2,2,,,
45079,36,36,36,,,
45080,10,24,10,,,
45081,34,34,34,,,
45082,24,24,24,,,
45083,37,37,31,,,
45084,24,30,30,,,
45085,16,16,16,,,
45086,24,24,10,,,
45087,24,24,24,,,
45088,24,30,30,,,
45089,24,24,24,,,
45090,16,16,16,,,
45091,30,30,30,,,
45092,25,16,16,,,
45093,32,5,5,,,
45094,24,24,26,,,
45095,16,16,16,,,
45096,4,36,4,,,
45097,8,5,8,,,
45098,24,16,16,,,
45099,24,24,24,,,
45100,16,16,16,,,
45101,24,24,24,,,
45102,13,5,10,,,
45103,24,24,24,,,
45104,24,34,24,,,
45105,31,24,24,,,
45106,16,24,24,,,
45107,16,30,16,,,
45108,24,24,24,,,
45109,27,19,27,,,
45110,24,24,24,,,
45111,16,16,16,,,
45112,27,27,27,,,
45113,16,16,16,,,
45114,16,16,16,,,
45115,8,5,8,,,
45116,24,24,24,,,
45117,22,37,5,,,
45118,16,16,16,,,
45420,6,30,30,,,
45616,13,24,27,,,
45625,16,16,16,,,
45634,5,16,16,,,
45641,26,26,26,,,
45666,24,16,16,,,
45673,4,34,4,,,
45681,18,28,28,,,
45692,16,16,16,,,
45693,20,9,9,,,
45704,24,24,24,,,
45708,16,16,16,,,
45710,27,27,27,,,
45719,19,36,36,,,
45735,24,10,10,,,
45760,30,30,30,,,
45767,24,24,24,,,
45769,31,31,31,,,
45772,28,28,28,,,
45773,28,28,28,,,
45774,10,16,16,,,
45777,24,10,10,,,
45779,24,10,36,,,
45780,2,10,10,,,
45781,6,38,3,,,
45782,16,16,16,,,
45784,33,28,33,,,
45785,24,24,24,,,
45786,24,24,10,,,
45787,31,30,31,,,
45788,28,28,28,,,
45789,30,30,30,,,
45790,28,28,28,,,
45791,30,30,30,,,
45792,11,10,10,,,
45793,9,9,34,,,
45794,24,24,10,,,
45796,30,30,30,,,
45797,24,16,16,,,
45798,3,26,26,,,
45799,10,10,27,,,
45800,4,24,4,,,
45801,16,16,16,,,
45802,34,34,34,,,
45803,18,19,4,,,
45804,24,16,16,,,
45805,30,30,30,,,
45808,16,16,16,,,
45810,8,8,19,,,
45811,34,34,34,,,
45812,31,24,24,,,
45813,27,24,24,,,
45814,24,10,24,,,
45815,30,30,30,,,
45816,24,26,10,,,
45817,16,16,16,,,
45818,14,34,34,,,
45819,36,36,4,,,
45820,30,30,30,,,
45821,20,20,20,,,
45822,16,16,16,,,
45823,24,24,4,,,
45825,16,16,16,,,
45826,19,19,19,,,
45827,16,16,16,,,
45829,30,30,30,,,
45830,6,26,27,,,
45831,16,16,16,,,
45832,1,16,16,,,
45833,16,16,24,,,
45834,16,16,16,,,
45835,16,16,16,,,
45836,16,16,16,,,
45837,30,30,30,,,
45838,8,4,4,,,
45839,34,34,34,,,
45840,24,16,16,,,
45841,28,8,8,,,
45842,26,30,31,,,
45843,16,16,16,,,
45844,16,16,16,,,
45845,9,24,24,,,
45846,30,30,30,,,
45847,28,28,28,,,
45848,16,16,16,,,
45849,24,30,30,,,
45850,16,16,16,,,
45851,16,16,16,,,
45852,34,34,34,,,
45853,16,16,16,,,
45854,24,24,30,,,
45856,34,34,39,,,
45857,16,16,16,,,
45858,27,16,10,,,
45859,16,16,16,,,
45860,16,16,16,,,
45861,26,26,26,,,
45862,16,16,16,,,
45863,16,16,16,,,
45864,16,16,16,,,
45865,24,24,16,,,
45866,16,16,16,,,
45867,4,36,4,,,
45868,24,24,10,,,
45869,28,28,28,,,
45870,24,24,24,,,
45871,16,16,16,,,
45872,28,8,8,,,
45873,10,4,23,,,
45874,24,24,24,,,
45875,24,24,24,,,
45876,24,30,30,,,
45877,24,24,24,,,
45878,16,16,16,,,
45879,28,28,28,,,
45880,24,36,36,,,
45881,24,30,30,,,
45882,31,30,31,,,
45883,37,37,5,,,
45884,28,28,28,,,
45885,5,34,34,,,
45886,24,24,4,,,
45887,24,24,24,,,
45888,16,30,30,,,
45889,4,26,4,,,
45890,5,30,30,,,
45891,24,24,24,,,
45892,16,16,16,,,
45893,30,30,30,,,
45894,25,31,38,,,
45895,31,24,30,,,
45896,19,10,10,,,
45897,37,30,30,,,
45898,30,30,30,,,
45899,30,30,16,,,
45900,30,30,30,,,
45901,25,16,4,,,
45902,16,16,16,,,
45903,30,30,30,,,
45904,16,16,16,,,
45918,16,16,16,,,
45931,28,28,28,,,
45937,16,16,16,,,
45945,24,24,16,,,
45946,30,30,30,,,
45983,30,30,30,,,
45988,31,38,38,,,
45989,31,24,24,,,
45995,24,24,16,,,
45997,24,16,5,,,
46045,16,30,16,,,
46048,16,16,16,,,
46049,24,24,24,,,
46054,16,28,28,,,
46090,16,16,16,,,
46109,24,16,16,,,
46115,24,24,24,,,
46116,24,24,24,,,
46120,16,16,16,,,
46124,31,24,16,,,
46149,30,10,10,,,
46152,34,9,34,,,
46158,5,5,5,,,
46168,30,30,30,,,
46184,34,24,34,,,
46204,25,16,16,,,
46217,24,24,24,,,
46218,38,4,4,,,
46224,29,5,5,,,
46225,24,24,24,,,
46227,2,5,2,,,
46228,16,16,16,,,
46229,24,24,24,,,
46230,13,16,13,,,
46232,36,36,36,,,
46233,24,24,24,,,
46234,31,24,24,,,
46235,31,16,16,,,
46237,16,16,16,,,
46239,25,30,16,,,
46240,16,16,16,,,
46241,16,16,16,,,
46242,16,16,16,,,
46243,24,36,10,,,
46244,4,24,4,,,
46245,16,16,16,,,
46246,24,10,10,,,
46247,13,16,16,,,
46248,24,30,30,,,
46250,24,16,16,,,
46252,16,16,16,,,
46254,2,2,2,,,
46255,16,16,16,,,
46256,24,16,16,,,
46257,27,16,16,,,
46258,24,24,24,,,
46259,6,16,16,,,
46260,3,4,4,,,
46261,37,34,34,,,
46262,24,24,4,,,
46263,30,30,30,,,
46264,37,16,24,,,
46265,2,2,2,,,
46266,16,30,16,,,
46267,24,31,26,,,
46268,2,2,2,,,
46269,16,16,16,,,
46270,2,2,2,,,
46271,28,28,28,,,
46272,16,16,16,,,
46273,16,16,16,,,
46274,16,16,16,,,
46275,27,27,27,,,
46276,16,16,16,,,
46277,26,34,34,,,
46278,16,16,16,,,
46279,30,24,24,,,
46280,5,4,4,,,
46281,28,28,8,,,
46282,34,34,34,,,
46283,24,24,24,,,
46284,16,16,16,,,
46285,30,30,16,,,
46286,30,30,30,,,
46287,16,16,16,,,
46288,16,16,16,,,
46289,24,24,24,,,
46290,16,16,16,,,
46291,28,28,28,,,
46292,30,30,30,,,
46293,34,24,34,,,
46294,16,16,16,,,
46295,5,16,16,,,
46296,30,30,30,,,
46297,30,30,30,,,
46298,30,30,30,,,
46299,25,16,16,,,
46300,4,4,4,,,
46301,8,4,4,,,
46302,28,28,28,,,
46303,10,24,10,,,
46304,30,30,30,,,
46305,16,24,24,,,
46306,30,16,30,,,
46307,30,30,30,,,
46308,30,30,30,,,
46309,24,24,24,,,
46310,24,10,10,,,
46311,28,28,28,,,
46312,9,9,9,,,
46313,36,34,36,,,
46314,28,28,28,,,
46315,28,28,28,,,
46316,34,34,34,,,
46317,28,28,28,,,
46318,6,31,31,,,
46319,24,16,16,,,
46320,24,24,24,,,
46321,30,30,30,,,
46322,26,30,30,,,
46323,2,9,2,,,
46324,16,16,16,,,
46325,24,24,24,,,
46326,30,30,30,,,
46327,28,28,28,,,
46328,28,28,28,,,
46329,5,5,5,,,
46330,28,28,28,,,
46331,16,16,16,,,
46332,30,30,30,,,
46333,30,30,30,,,
46334,30,30,30,,,
46335,24,24,24,,,
46336,24,16,16,,,
46337,13,24,24,,,
46338,16,16,16,,,
46339,16,16,16,,,
46340,27,16,16,,,
46341,24,24,24,,,
46342,16,16,16,,,
46343,30,30,30,,,
46344,28,28,28,,,
46345,28,34,34,,,
46346,24,24,24,,,
46347,24,16,16,,,
46348,30,30,30,,,
46349,28,28,28,,,
46350,23,4,23,,,
46351,30,30,30,,,
46352,28,9,9,,,
46353,16,30,16,,,
46354,9,4,9,,,
46355,28,8,8,,,
46356,30,16,16,,,
46357,34,34,34,,,
46358,16,16,16,,,
46359,24,24,24,,,
46360,7,19,19,,,
46361,16,16,16,,,
46362,17,16,27,,,
46364,23,23,23,,,
46365,23,26,26,,,
46366,3,26,26,,,
46367,24,24,24,,,
46368,26,26,26,,,
46369,16,16,16,,,
46370,28,28,28,,,
46371,16,16,16,,,
46372,24,24,24,,,
46373,16,16,16,,,
46374,16,16,16,,,
46375,14,9,9,,,
46376,16,16,16,,,
46377,24,16,24,,,
46378,24,24,24,,,
46380,16,16,16,,,
46381,24,24,10,,,
46382,5,5,8,,,
46384,16,16,16,,,
46385,16,16,16,,,
46386,16,16,16,,,
46387,24,16,16,,,
46388,10,10,10,,,
46389,16,16,16,,,
46390,24,16,16,,,
46391,20,34,20,,,
46392,16,16,16,,,
46393,10,10,10,,,
46394,24,24,24,,,
46395,28,28,28,,,
46396,16,16,16,,,
46397,39,34,39,,,
46398,28,28,28,,,
46399,28,8,27,,,
46400,31,30,30,,,
46401,36,19,19,,,
46402,16,16,16,,,
46403,28,28,28,,,
46404,16,16,16,,,
46405,24,24,28,,,
46406,26,26,26,,,
46407,28,28,19,,,
46408,24,24,24,,,
46409,4,26,4,,,
46410,16,16,16,,,
46411,27,2,2,,,
46412,6,10,10,,,
46413,26,30,26,,,
46414,28,28,28,,,
46416,16,16,16,,,
46417,3,31,16,,,
46418,3,26,31,,,
46419,31,4,3,,,
46420,23,30,30,,,
46421,10,16,27,,,
46422,30,30,30,,,
46423,24,30,30,,,
46424,27,27,27,,,
46425,5,24,24,,,
46426,9,34,34,,,
46427,16,16,16,,,
46428,24,24,24,,,
46429,24,30,30,,,
46430,24,24,24,,,
46431,4,4,8,,,
46432,24,10,10,,,
46433,3,38,10,,,
46434,24,16,16,,,
46435,24,16,16,,,
46436,31,30,30,,,
46437,16,16,16,,,
46438,30,30,30,,,
46439,34,34,34,,,
46440,24,24,10,,,
46441,5,5,28,,,
46442,5,37,31,,,
46443,5,34,5,,,
46444,28,28,28,,,
46445,16,16,16,,,
46446,24,16,24,,,
46447,16,16,16,,,
46448,36,36,36,,,
46449,16,16,16,,,
46450,24,24,24,,,
46451,16,16,16,,,
46452,30,30,30,,,
46453,37,23,5,,,
46454,22,10,37,,,
46455,16,16,16,,,
46456,28,28,28,,,
46457,38,38,38,,,
46458,16,16,16,,,
46459,16,16,16,,,
46460,16,16,16,,,
46461,30,30,30,,,
46462,24,24,24,,,
46463,28,28,28,,,
46464,27,34,27,,,
46465,27,16,16,,,
46466,16,16,16,,,
46467,24,16,16,,,
46468,2,2,2,,,
46469,16,16,16,,,
46470,16,16,16,,,
46471,16,16,16,,,
46472,16,16,16,,,
46980,23,26,31,,,
47005,10,10,10,,,
47039,4,4,4,,,
47042,10,30,30,,,
47077,34,34,34,,,
47085,16,16,16,,,
47086,3,23,6,,,
47095,26,5,3,,,
47103,38,38,38,,,
47107,18,28,28,,,
47110,9,36,10,,,
47130,24,4,4,,,
47131,24,24,24,,,
47138,28,28,28,,,
47157,16,16,16,,,
47161,0,34,5,,,
47169,16,16,16,,,
47171,16,16,16,,,
47172,16,16,16,,,
47173,39,34,39,,,
47177,38,38,38,,,
47178,26,20,16,,,
47179,16,16,16,,,
47180,7,24,24,,,
47181,24,24,24,,,
47182,4,16,4,,,
47183,28,28,28,,,
47184,30,30,30,,,
47185,24,30,30,,,
47187,28,28,28,,,
47188,3,26,26,,,
47189,5,4,4,,,
47191,28,28,28,,,
47192,24,24,4,,,
47193,39,34,39,,,
47194,39,28,28,,,
47195,4,4,4,,,
47196,27,16,27,,,
47197,19,28,28,,,
47198,24,24,24,,,
47199,16,16,16,,,
47200,5,24,24,,,
47201,27,16,16,,,
47202,34,34,34,,,
47203,34,28,34,,,
47204,16,16,16,,,
47205,24,24,16,,,
47206,16,16,16,,,
47207,16,16,16,,,
47208,24,24,16,,,
47210,4,24,4,,,
47211,30,30,30,,,
47212,16,16,16,,,
47213,36,4,8,,,
47214,36,36,36,,,
47215,15,5,24,,,
47216,16,16,16,,,
47217,8,5,8,,,
47218,16,16,16,,,
47219,8,28,8,,,
47220,30,30,30,,,
47221,24,24,30,,,
47222,30,30,30,,,
47223,16,16,16,,,
47224,16,16,16,,,
47225,30,30,30,,,
47226,28,28,28,,,
47227,24,24,24,,,
47228,24,24,10,,,
47229,24,24,24,,,
47230,26,24,24,,,
47231,24,16,24,,,
47232,16,16,16,,,
47233,25,16,16,,,
47234,5,8,5,,,
47235,16,16,16,,,
47236,34,34,34,,,
47237,24,24,24,,,
47238,16,16,16,,,
47239,4,4,4,,,
47240,10,27,27,,,
47241,36,36,36,,,
47242,16,16,16,,,
47243,24,10,24,,,
47244,10,16,16,,,
47245,17,16,16,,,
47246,24,28,24,,,
47247,26,30,31,,,
47248,24,16,16,,,
47249,5,34,34,,,
47250,24,16,16,,,
47251,5,5,5,,,
47252,16,16,16,,,
47253,16,30,30,,,
47254,10,10,10,,,
47255,30,30,30,,,
47256,30,30,30,,,
47257,24,16,16,,,
47258,30,30,30,,,
47259,16,16,16,,,
47260,27,16,27,,,
47261,16,16,16,,,
47262,27,16,27,,,
47268,24,24,10,,,
47269,13,16,16,,,
47291,23,23,23,,,
47307,16,16,16,,,
47330,16,16,16,,,
47362,23,23,31,,,
47379,26,26,26,,,
47383,3,26,26,,,
47390,28,28,8,,,
47405,24,24,24,,,
47409,16,16,16,,,
47414,16,16,16,,,
47415,24,24,24,,,
47432,30,30,30,,,
47453,4,10,24,,,
47455,20,24,24,,,
47456,24,24,24,,,
47480,6,31,10,,,
47484,30,30,30,,,
47492,28,28,28,,,
47501,5,5,5,,,
47510,3,3,37,,,
47512,16,16,16,,,
47514,36,36,36,,,
47515,24,24,24,,,
47524,15,5,5,,,
47527,8,8,8,,,
47528,5,8,8,,,
47529,5,24,24,,,
47530,30,30,30,,,
47531,25,16,24,,,
47532,16,16,16,,,
47533,24,16,16,,,
47534,39,34,34,,,
47535,16,16,16,,,
47536,16,16,16,,,
47537,30,30,30,,,
47538,16,24,16,,,
47539,24,24,24,,,
47540,16,16,16,,,
47541,30,30,30,,,
47542,24,24,28,,,
47544,37,37,37,,,
47545,3,16,16,,,
47546,30,30,30,,,
47547,24,16,16,,,
47548,20,28,28,,,
47549,30,30,30,,,
47550,34,34,39,,,
47551,3,30,16,,,
47552,2,2,2,,,
47556,30,16,30,,,
47557,37,5,5,,,
47558,16,16,16,,,
47559,24,24,16,,,
47561,4,10,23,,,
47562,16,16,16,,,
47563,24,24,24,,,
47564,2,36,8,,,
47565,16,16,16,,,
47566,16,16,16,,,
47567,16,16,16,,,
47568,16,16,16,,,
47569,8,4,4,,,
47570,16,16,16,,,
47571,31,30,10,,,
47573,4,4,4,,,
47574,24,24,24,,,
47575,16,16,16,,,
47576,16,16,16,,,
47577,16,16,16,,,
47578,8,5,19,,,
47579,30,30,30,,,
47580,16,16,16,,,
47581,16,16,16,,,
47582,16,16,16,,,
47583,3,24,24,,,
47584,20,39,20,,,
47585,10,10,10,,,
47587,4,31,26,,,
47588,8,5,8,,,
47589,30,30,30,,,
47590,31,30,30,,,
47591,24,24,4,,,
47592,24,24,24,,,
47593,24,24,24,,,
47594,30,30,30,,,
47595,16,16,16,,,
47596,30,30,30,,,
47597,3,10,3,,,
47598,36,36,36,,,
47599,30,30,30,,,
47600,30,30,30,,,
47601,2,34,39,,,
47602,30,30,30,,,
47603,5,5,8,,,
47604,24,10,24,,,
47605,30,30,30,,,
47606,34,24,34,,,
47607,24,24,24,,,
47608,30,30,30,,,
47609,13,24,24,,,
47610,5,28,8,,,
47611,34,34,34,,,
47612,23,37,10,,,
47613,24,24,24,,,
47614,16,16,16,,,
47615,24,24,10,,,
47616,24,24,24,,,
47617,30,30,30,,,
47618,4,4,4,,,
47619,27,5,27,,,
47620,30,30,30,,,
47621,16,16,16,,,
47622,30,30,30,,,
47623,30,30,30,,,
47624,16,16,16,,,
47625,10,30,30,,,
47626,30,30,30,,,
47627,27,24,27,,,
47628,33,10,10,,,
47629,16,16,16,,,
47630,16,16,16,,,
47631,28,28,28,,,
47632,24,24,10,,,
47633,30,30,30,,,
47634,24,24,24,,,
47635,24,10,36,,,
47638,16,16,16,,,
47639,30,30,30,,,
47640,24,28,28,,,
47641,18,24,24,,,
47642,13,24,24,,,
47643,28,28,28,,,
47644,16,16,16,,,
47645,16,16,16,,,
47646,16,16,16,,,
47647,24,24,24,,,
47648,8,24,10,,,
47649,30,30,30,,,
47650,24,24,31,,,
47651,24,24,24,,,
47652,24,16,24,,,
47654,25,24,30,,,
47655,24,10,24,,,
47656,28,28,28,,,
47657,25,16,25,,,
47658,24,24,24,,,
47659,24,24,24,,,
47660,24,36,36,,,
47661,24,10,10,,,
47662,4,24,4,,,
47663,27,16,16,,,
47664,32,5,5,,,
47665,30,30,30,,,
47666,30,30,30,,,
47667,30,30,30,,,
47668,2,10,37,,,
47669,32,5,5,,,
47670,24,24,30,,,
47671,24,24,24,,,
47672,23,23,23,,,
47673,9,9,9,,,
47674,16,16,16,,,
47675,27,24,24,,,
47676,24,16,16,,,
47677,27,28,8,,,
47678,24,24,16,,,
47679,16,16,16,,,
47680,16,16,16,,,
47681,23,23,27,,,
47682,24,16,16,,,
47683,34,26,26,,,
47684,24,10,10,,,
47685,24,24,10,,,
47686,16,16,16,,,
47687,24,30,30,,,
47688,30,30,30,,,
47689,14,2,2,,,
47690,24,16,4,,,
47691,4,4,4,,,
47692,24,16,16,,,
47693,16,24,27,,,
47694,34,24,34,,,
47695,24,24,24,,,
47696,16,16,16,,,
47697,16,16,16,,,
47698,30,30,24,,,
47699,16,30,16,,,
47700,30,30,30,,,
47701,24,10,10,,,
47702,31,30,30,,,
47703,16,16,16,,,
47704,30,30,30,,,
47705,24,24,24,,,
47706,25,16,16,,,
47707,8,5,8,,,
47708,24,16,16,,,
47709,29,34,34,,,
47710,2,2,2,,,
47711,16,16,16,,,
47712,30,30,30,,,
47713,16,16,16,,,
47714,24,24,24,,,
47715,25,16,16,,,
47716,24,24,24,,,
47717,5,16,16,,,
47718,24,16,16,,,
47719,16,16,16,,,
47721,16,16,16,,,
47722,4,4,4,,,
47724,24,24,10,,,
47725,24,16,24,,,
47726,28,28,28,,,
47727,28,16,28,,,
47728,36,36,36,,,
47729,31,30,31,,,
47730,24,16,16,,,
47731,23,23,5,,,
47732,10,10,10,,,
47733,24,24,24,,,
47734,24,24,34,,,
47735,24,24,24,,,
47736,31,30,30,,,
47737,4,28,28,,,
47738,24,16,16,,,
47739,16,16,16,,,
47740,24,24,24,,,
47741,24,24,26,,,
47742,25,16,16,,,
47743,26,24,26,,,
47744,10,30,30,,,
47745,24,24,24,,,
47746,24,24,24,,,
47747,22,5,5,,,
47748,8,8,8,,,
47749,30,30,30,,,
47750,24,24,16,,,
47751,8,24,24,,,
47752,24,30,30,,,
47753,8,28,28,,,
47754,28,24,26,,,
47755,28,28,28,,,
47756,28,28,28,,,
47757,24,10,36,,,
47758,10,24,27,,,
47759,24,24,24,,,
47760,23,4,4,,,
47761,30,30,30,,,
47762,24,24,24,,,
47763,16,16,16,,,
47764,16,16,16,,,
47765,16,16,16,,,
47766,28,28,28,,,
47767,28,28,28,,,
47768,24,24,31,,,
47769,28,28,28,,,
47770,16,16,16,,,
47771,2,10,2,,,
47772,8,8,8,,,
47773,16,16,16,,,
47774,16,16,24,,,
47775,24,24,24,,,
47776,30,30,30,,,
47777,30,26,26,,,
47778,4,4,8,,,
47779,9,9,9,,,
47780,31,30,30,,,
47781,16,16,16,,,
47782,27,10,27,,,
47783,16,16,16,,,
47784,4,24,4,,,
48183,26,26,26,,,
48196,3,38,4,,,
48295,22,5,5,,,
48352,1,16,16,,,
48435,24,26,26,,,
48452,30,30,30,,,
48460,24,16,24,,,
48470,37,16,10,,,
48471,38,38,38,,,
48472,16,16,16,,,
48483,24,24,24,,,
48484,20,34,20,,,
48485,16,16,16,,,
48486,15,5,24,,,
48487,16,30,16,,,
48488,4,16,16,,,
48489,34,34,34,,,
48491,24,16,16,,,
48493,16,16,16,,,
48494,6,31,30,,,
48495,28,28,28,,,
48496,24,28,28,,,
48497,16,16,16,,,
48498,23,38,38,,,
48499,16,16,16,,,
48501,13,16,16,,,
48502,28,28,28,,,
48503,28,28,28,,,
48504,37,37,37,,,
48505,24,16,16,,,
48506,10,30,30,,,
48508,24,16,16,,,
48509,24,24,24,,,
48510,27,24,19,,,
48511,24,24,10,,,
48512,8,28,28,,,
48513,34,34,34,,,
48514,24,24,26,,,
48515,4,28,28,,,
48516,16,16,16,,,
48517,24,24,24,,,
48518,28,8,8,,,
48519,31,30,30,,,
48520,16,16,16,,,
48521,30,30,30,,,
48522,8,26,26,,,
48523,24,24,24,,,
48524,5,5,5,,,
48525,24,37,5,,,
48526,38,38,38,,,
48527,23,24,31,,,
48528,24,24,24,,,
48529,10,16,16,,,
48530,9,39,34,,,
48531,34,34,34,,,
48532,27,16,27,,,
48533,24,34,34,,,
48534,16,16,16,,,
48535,27,16,16,,,
48536,2,2,2,,,
48537,16,16,16,,,
48538,24,24,24,,,
48539,16,16,16,,,
48540,16,16,16,,,
48541,16,16,16,,,
48542,24,24,16,,,
48543,27,27,27,,,
48544,1,16,16,,,
48545,37,24,24,,,
48546,34,20,20,,,
48547,16,16,16,,,
48549,10,24,10,,,
48550,19,19,19,,,
48551,24,16,16,,,
48553,16,16,16,,,
48554,10,30,30,,,
48555,24,10,24,,,
48556,34,34,39,,,
48557,3,4,4,,,
48558,16,16,16,,,
48559,16,16,16,,,
48560,30,30,30,,,
48561,9,28,28,,,
48562,22,2,2,,,
48563,17,16,16,,,
48564,26,26,26,,,
48565,34,34,34,,,
48566,16,16,16,,,
48567,16,16,16,,,
48568,17,31,16,,,
48569,5,5,5,,,
48570,5,5,22,,,
48571,34,28,28,,,
48572,16,24,16,,,
48573,24,24,24,,,
48574,27,10,27,,,
48575,16,16,16,,,
48576,3,31,3,,,
48577,2,2,2,,,
48578,16,16,16,,,
48579,24,24,16,,,
48580,16,16,16,,,
48581,28,8,8,,,
48582,10,24,24,,,
48583,30,30,30,,,
48584,4,4,5,,,
48585,16,16,16,,,
48586,37,28,34,,,
48587,34,28,28,,,
48588,9,34,34,,,
48589,24,24,10,,,
48590,26,24,26,,,
48591,31,24,24,,,
48592,34,34,34,,,
48593,24,24,16,,,
48594,3,30,30,,,
48595,3,10,30,,,
48596,16,16,16,,,
48597,24,24,24,,,
48598,5,34,34,,,
48599,16,16,16,,,
48600,16,16,16,,,
48601,24,16,16,,,
48602,24,28,24,,,
48603,16,16,16,,,
48604,23,5,19,,,
48605,30,30,30,,,
48607,25,16,16,,,
48608,30,30,30,,,
48609,24,24,16,,,
48610,5,34,34,,,
48611,28,28,28,,,
48656,32,5,5,,,
48671,34,34,34,,,
48672,16,16,16,,,
48682,30,30,30,,,
48685,24,24,24,,,
48686,30,30,30,,,
48717,24,24,24,,,
48718,20,34,5,,,
48732,31,24,24,,,
48742,3,26,31,,,
48754,24,24,24,,,
48757,24,24,24,,,
48782,8,8,8,,,
48799,8,8,8,,,
48808,6,16,16,,,
48813,30,30,30,,,
48817,36,36,36,,,
48829,28,28,28,,,
48859,23,23,23,,,
48867,16,16,16,,,
48901,16,16,16,,,
48902,24,24,24,,,
48913,10,30,30,,,
48916,24,24,24,,,
48918,16,16,16,,,
48929,2,2,2,,,
48931,2,2,2,,,
48932,4,16,16,,,
48933,33,33,33,,,
48934,24,16,24,,,
48935,9,2,2,,,
48936,16,16,16,,,
48937,28,16,28,,,
48938,27,27,27,,,
48939,24,10,10,,,
48941,17,16,26,,,
48942,25,30,30,,,
48943,5,5,24,,,
48944,30,30,30,,,
48945,34,9,34,,,
48946,34,28,28,,,
48947,4,4,4,,,
48949,16,16,16,,,
48952,24,30,30,,,
48953,24,16,16,,,
48954,34,34,34,,,
48956,16,16,16,,,
48957,24,16,16,,,
48958,26,24,26,,,
48959,16,16,16,,,
48960,6,10,16,,,
48961,6,26,26,,,
48962,24,24,24,,,
48963,16,16,16,,,
48966,16,16,16,,,
48967,8,28,28,,,
48969,4,23,3,,,
48970,4,4,4,,,
48971,16,16,16,,,
48972,16,16,16,,,
48973,16,16,16,,,
48974,16,16,16,,,
48975,30,30,30,,,
48976,16,16,24,,,
48977,30,30,30,,,
48978,39,34,39,,,
48979,31,38,38,,,
48980,27,27,27,,,
48981,28,8,19,,,
48982,37,2,10,,,
48983,16,16,16,,,
48984,30,30,30,,,
48985,28,28,28,,,
48986,25,16,16,,,
48987,24,16,16,,,
48988,24,34,34,,,
48989,5,5,2,,,
48990,4,4,4,,,
48991,24,24,24,,,
48992,24,10,10,,,
48993,25,16,16,,,
48994,30,30,30,,,
48995,30,30,30,,,
48996,15,4,24,,,
48997,24,24,24,,,
48998,30,16,16,,,
48999,30,30,30,,,
49000,16,16,16,,,
49001,5,4,34,,,
49002,6,27,27,,,
49003,30,30,30,,,
49004,16,16,16,,,
49005,20,28,28,,,
49006,31,30,30,,,
49007,30,30,30,,,
49008,23,30,30,,,
49009,24,30,30,,,
49010,30,30,30,,,
49011,27,27,27,,,
49012,37,2,10,,,
49013,8,8,8,,,
49014,24,24,10,,,
49015,27,27,27,,,
49016,20,34,20,,,
49017,16,16,16,,,
49018,24,24,24,,,
49019,16,16,16,,,
49020,24,24,24,,,
49021,22,37,10,,,
49022,4,4,4,,,
49023,23,23,23,,,
49024,24,16,16,,,
49025,30,30,30,,,
49026,10,10,30,,,
49027,16,16,16,,,
49028,28,28,28,,,
49029,24,24,24,,,
49030,2,2,2,,,
49031,16,16,16,,,
49032,24,16,16,,,
49033,24,24,24,,,
49034,36,24,24,,,
49035,27,16,27,,,
49036,16,16,24,,,
49037,24,24,10,,,
49038,37,5,37,,,
49039,28,28,28,,,
49040,38,38,26,,,
49041,28,28,28,,,
49042,24,24,24,,,
49043,24,30,30,,,
49044,24,34,34,,,
49045,4,2,2,,,
49046,16,16,16,,,
49047,30,30,30,,,
49048,26,26,26,,,
49049,24,16,24,,,
49050,30,30,30,,,
49051,30,30,30,,,
49052,30,30,30,,,
49053,38,30,24,,,
49054,16,16,24,,,
49055,16,16,16,,,
49056,5,5,5,,,
49057,30,30,30,,,
49058,2,2,10,,,
49060,16,16,16,,,
49061,23,23,23,,,
49062,28,28,28,,,
49063,10,24,10,,,
49064,24,24,30,,,
49065,13,24,24,,,
49066,24,36,24,,,
49067,16,16,16,,,
49068,24,24,5,,,
49069,4,4,4,,,
49070,27,24,27,,,
49071,27,24,27,,,
49072,34,34,34,,,
49073,24,24,16,,,
49074,24,16,16,,,
49075,24,30,30,,,
49077,24,24,24,,,
49078,34,28,28,,,
49079,18,19,19,,,
49080,30,24,16,,,
49081,16,16,16,,,
49082,24,24,24,,,
49083,28,28,28,,,
49084,30,30,30,,,
49085,30,30,30,,,
49086,10,30,10,,,
49087,24,16,16,,,
49088,9,10,39,,,
49089,24,24,24,,,
49090,25,16,25,,,
49091,8,28,28,,,
49092,24,24,24,,,
49093,16,16,16,,,
49094,28,28,28,,,
49095,16,16,16,,,
49096,28,28,28,,,
49097,5,24,24,,,
49098,37,23,23,,,
49099,26,26,26,,,
49100,16,16,16,,,
49101,28,28,28,,,
49102,28,28,28,,,
49103,10,30,30,,,
49104,16,16,16,,,
49105,24,10,10,,,
49106,10,10,27,,,
49107,24,24,24,,,
49108,30,30,30,,,
49109,25,16,30,,,
49110,24,24,24,,,
49111,23,10,31,,,
49112,27,16,27,,,
49113,31,30,30,,,
49114,24,16,16,,,
49115,24,24,24,,,
49116,24,24,24,,,
49117,24,16,16,,,
49118,24,24,5,,,
49119,16,16,16,,,
49120,28,28,28,,,
49121,24,24,24,,,
49122,24,16,16,,,
49123,24,24,24,,,
49124,26,24,26,,,
49125,24,24,24,,,
49126,24,24,24,,,
49127,6,31,30,,,
49128,28,28,8,,,
49129,16,16,16,,,
49130,24,4,4,,,
49131,28,28,28,,,
49132,24,24,24,,,
49133,24,24,24,,,
49134,2,5,19,,,
49135,16,16,16,,,
49136,26,24,24,,,
49137,16,16,16,,,
49138,24,24,24,,,
49139,30,31,30,,,
49140,26,26,26,,,
49141,24,10,24,,,
49142,16,16,16,,,
49143,16,16,16,,,
49144,37,16,16,,,
49145,26,26,26,,,
49146,8,5,5,,,
49147,16,16,16,,,
49148,16,16,16,,,
49149,34,34,27,,,
49150,28,8,8,,,
49151,30,30,16,,,
49152,5,5,8,,,
49153,24,16,16,,,
49154,16,16,16,,,
49155,16,16,16,,,
49156,16,16,16,,,
49157,2,2,2,,,
49158,16,16,16,,,
49159,24,24,10,,,
49472,16,16,16,,,
49561,27,16,27,,,
49685,2,9,9,,,
49704,37,37,37,,,
49725,24,24,19,,,
49751,27,16,27,,,
49760,13,24,10,,,
49762,30,30,16,,,
49780,16,16,16,,,
49784,34,34,34,,,
49804,24,30,30,,,
49810,24,24,10,,,
49812,16,16,16,,,
49815,16,16,16,,,
49816,23,24,24,,,
49817,28,28,28,,,
49818,28,28,8,,,
49819,10,10,10,,,
49820,16,16,16,,,
49821,16,16,16,,,
49822,31,26,26,,,
49823,2,9,9,,,
49824,30,30,30,,,
49825,27,26,23,,,
49826,37,37,37,,,
49827,30,30,30,,,
49828,24,24,16,,,
49829,10,16,16,,,
49830,28,28,28,,,
49832,2,2,2,,,
49833,24,24,24,,,
49835,16,16,16,,,
49836,24,16,24,,,
49837,16,30,16,,,
49838,30,30,30,,,
49839,37,26,37,,,
49840,37,30,30,,,
49841,4,4,4,,,
49842,34,28,9,,,
49843,16,16,16,,,
49844,16,16,16,,,
49845,25,16,28,,,
49846,24,24,24,,,
49847,16,24,24,,,
49848,24,24,16,,,
49849,36,4,8,,,
49850,19,19,19,,,
49851,1,16,31,,,
49852,16,16,16,,,
49853,16,16,16,,,
49854,24,24,24,,,
49855,22,10,10,,,
49856,26,26,26,,,
49857,24,24,24,,,
49858,24,24,10,,,
49859,4,4,4,,,
49860,28,28,28,,,
49861,25,16,16,,,
49862,4,4,4,,,
49863,16,16,16,,,
49864,27,16,27,,,
49865,24,10,24,,,
49866,16,16,16,,,
49867,16,16,16,,,
49868,16,16,16,,,
49869,8,28,28,,,
49870,2,2,2,,,
49871,4,4,4,,,
49872,6,16,16,,,
49873,24,30,30,,,
49874,16,16,16,,,
49875,16,16,16,,,
49876,28,28,28,,,
49877,33,2,2,,,
49878,28,28,28,,,
49879,27,16,16,,,
49880,39,20,39,,,
49881,16,16,16,,,
49882,24,16,16,,,
49883,16,16,16,,,
49884,24,16,16,,,
49885,8,10,34,,,
49886,24,24,26,,,
49887,31,16,16,,,
49888,24,24,24,,,
49889,16,16,16,,,
49890,31,30,31,,,
49891,37,37,37,,,
49892,16,16,16,,,
49893,25,16,30,,,
49894,24,24,24,,,
49895,24,24,27,,,
49896,28,28,28,,,
49897,16,16,16,,,
49898,16,16,16,,,
49899,2,19,2,,,
49900,16,16,16,,,
49901,24,24,26,,,
49902,16,16,16,,,
49903,30,30,30,,,
49904,24,24,24,,,
49905,24,24,24,,,
49906,26,26,26,,,
49907,4,4,4,,,
49908,24,30,30,,,
49909,30,30,30,,,
49910,24,24,10,,,
49911,23,23,23,,,
49912,24,24,24,,,
49913,24,24,24,,,
49914,27,24,27,,,
49915,24,24,16,,,
49916,30,30,30,,,
49917,27,16,27,,,
49918,24,16,24,,,
49919,26,36,26,,,
49920,27,24,27,,,
49921,24,24,24,,,
49922,10,30,10,,,
49923,30,30,30,,,
49924,30,30,30,,,
49925,31,16,16,,,
49952,24,24,24,,,
49954,5,16,16,,,
49955,24,24,24,,,
49956,24,24,24,,,
49967,24,24,24,,,
50017,16,16,16,,,
50022,26,26,26,,,
50036,23,23,23,,,
50109,24,30,30,,,
50110,24,24,10,,,
50113,27,16,27,,,
50117,5,36,34,,,
50126,8,28,28,,,
50138,8,28,8,,,
50140,24,24,24,,,
50152,18,19,5,,,
50155,20,20,20,,,
50169,5,5,5,,,
50174,34,36,36,,,
50190,27,24,27,,,
50196,16,16,16,,,
50198,34,28,34,,,
50199,2,2,2,,,
50200,5,5,5,,,
50201,27,27,27,,,
50202,30,30,30,,,
50203,4,26,4,,,
50204,9,34,39,,,
50205,28,28,28,,,
50206,34,34,34,,,
50207,8,8,8,,,
50208,25,16,16,,,
50209,13,24,24,,,
50211,24,24,24,,,
50212,33,9,9,,,
50213,30,30,30,,,
50214,26,31,31,,,
50215,34,34,34,,,
50216,34,28,28,,,
50217,2,2,2,,,
50218,16,16,16,,,
50219,28,28,28,,,
50220,6,16,16,,,
50221,16,16,16,,,
50222,34,24,34,,,
50223,27,16,27,,,
50224,8,28,28,,,
50225,24,16,16,,,
50226,25,28,28,,,
50227,10,10,10,,,
50228,16,16,16,,,
50229,34,34,34,,,
50230,16,16,16,,,
50231,17,16,16,,,
50232,30,26,26,,,
50233,24,16,16,,,
50234,4,37,22,,,
50235,16,16,16,,,
50236,24,24,24,,,
50238,23,23,23,,,
50239,30,30,30,,,
50240,31,31,31,,,
50241,30,30,30,,,
50242,24,24,24,,,
50243,16,16,16,,,
50244,39,34,34,,,
50245,36,24,24,,,
50246,4,4,4,,,
50247,24,24,24,,,
50248,30,30,30,,,
50249,11,36,36,,,
50250,16,16,16,,,
50251,4,19,19,,,
50252,10,30,10,,,
50253,16,16,16,,,
50254,30,30,30,,,
50255,30,30,30,,,
50256,25,16,16,,,
50257,4,16,4,,,
50258,27,27,27,,,
50259,27,27,27,,,
50260,5,28,30,,,
50261,33,37,39,,,
50262,24,24,24,,,
50263,24,24,24,,,
50264,16,16,16,,,
50265,24,24,24,,,
50266,30,30,30,,,
50267,28,28,28,,,
50268,5,36,5,,,
50269,6,16,30,,,
50270,28,28,28,,,
50271,27,16,16,,,
50272,34,26,26,,,
50273,16,16,27,,,
50274,30,30,30,,,
50275,24,24,24,,,
50276,16,16,16,,,
50277,24,24,24,,,
50278,3,30,30,,,
50279,24,24,24,,,
50280,16,16,16,,,
50281,13,24,24,,,
50282,1,30,30,,,
50283,24,30,31,,,
50284,16,16,16,,,
50285,30,30,30,,,
50286,24,24,24,,,
50287,24,24,24,,,
50288,27,16,16,,,
50289,6,16,16,,,
50290,16,16,16,,,
50291,8,16,4,,,
50292,24,16,16,,,
50293,23,23,4,,,
50294,24,16,16,,,
50295,23,16,16,,,
50296,24,16,16,,,
50297,24,5,4,,,
50298,5,5,5,,,
50299,24,24,16,,,
50300,34,34,34,,,
50301,16,16,16,,,
50302,16,16,16,,,
50303,36,3,31,,,
50304,28,28,28,,,
50305,16,16,16,,,
50306,2,2,2,,,
50307,10,34,34,,,
50308,31,31,31,,,
50309,26,24,26,,,
50310,16,16,16,,,
50311,16,16,16,,,
50312,24,24,24,,,
50313,7,5,5,,,
50314,30,30,30,,,
50315,27,16,27,,,
50316,16,16,16,,,
50317,33,33,9,,,
50318,16,16,16,,,
50319,5,5,5,,,
50320,24,16,16,,,
50321,25,16,16,,,
50322,28,28,28,,,
50323,28,28,28,,,
50324,24,24,24,,,
50325,16,16,16,,,
50326,36,36,36,,,
50327,24,10,24,,,
50328,24,16,16,,,
50329,16,16,16,,,
50330,26,24,24,,,
50331,26,26,26,,,
50332,24,24,24,,,
50333,27,16,16,,,
50334,21,27,24,,,
50335,2,22,22,,,
50336,10,24,10,,,
50338,30,30,30,,,
50339,24,24,16,,,
50340,24,16,24,,,
50341,30,30,30,,,
50342,27,24,10,,,
50343,34,34,34,,,
50344,28,28,28,,,
50345,6,30,24,,,
50346,13,16,24,,,
50347,4,4,4,,,
50348,16,16,16,,,
50349,34,34,34,,,
50350,24,24,10,,,
50351,25,16,16,,,
50352,16,16,16,,,
50353,16,16,16,,,
50354,30,30,30,,,
50356,16,16,16,,,
50357,30,30,30,,,
50358,16,16,16,,,
50359,24,4,8,,,
50360,6,10,10,,,
50361,24,24,27,,,
50362,3,24,24,,,
50363,13,27,10,,,
50364,4,4,4,,,
50365,4,4,4,,,
50366,16,16,16,,,
50367,24,24,24,,,
50368,34,34,5,,,
50369,10,16,30,,,
50370,28,28,28,,,
50371,2,5,2,,,
50372,23,23,38,,,
50373,27,27,27,,,
50374,30,30,16,,,
50375,4,4,4,,,
50376,24,24,10,,,
50377,23,16,16,,,
50378,16,16,16,,,
50379,26,26,31,,,
50380,30,30,30,,,
50381,27,24,10,,,
50382,11,10,10,,,
50383,24,24,24,,,
50384,28,28,28,,,
50385,10,30,16,,,
50386,38,38,38,,,
50387,4,24,24,,,
50388,24,24,24,,,
50389,28,36,28,,,
50390,24,24,24,,,
50391,2,2,2,,,
50392,24,24,24,,,
50393,33,2,2,,,
50394,10,10,34,,,
50395,8,8,8,,,
50396,16,16,16,,,
50397,25,16,16,,,
50398,11,27,27,,,
50399,16,16,16,,,
50400,16,16,16,,,
50401,8,8,8,,,
50402,24,24,24,,,
50403,16,16,16,,,
50404,16,16,16,,,
50405,8,28,28,,,
50406,16,16,16,,,
50407,30,30,30,,,
50408,8,5,5,,,
50409,24,24,24,,,
50410,27,16,27,,,
50411,16,24,16,,,
50412,24,24,24,,,
50413,23,23,10,,,
50414,37,37,5,,,
50415,3,30,16,,,
50416,10,24,10,,,
50417,16,16,16,,,
50418,24,24,30,,,
50419,24,24,24,,,
50420,24,24,24,,,
50421,24,24,24,,,
50422,24,24,24,,,
50423,13,10,10,,,
50424,24,24,16,,,
50425,36,26,3,,,
50426,24,34,24,,,
50427,24,24,24,,,
50428,16,16,16,,,
50429,30,30,30,,,
50430,23,23,23,,,
50431,28,28,28,,,
50432,16,16,16,,,
50433,36,36,36,,,
50434,10,16,27,,,
50435,16,16,16,,,
50436,31,24,31,,,
50437,16,16,16,,,
50438,24,24,24,,,
50439,8,34,28,,,
50440,24,30,30,,,
50441,10,2,37,,,
50919,30,30,30,,,
50994,24,24,24,,,
50996,13,24,24,,,
51015,28,28,28,,,
51020,24,24,24,,,
51025,6,16,16,,,
51041,16,16,16,,,
51048,17,34,20,,,
51063,16,16,16,,,
51068,5,4,4,,,
51069,39,34,34,,,
51076,4,4,4,,,
51082,10,5,5,,,
51087,24,24,27,,,
51129,16,16,16,,,
51132,30,30,30,,,
51133,27,16,27,,,
51134,26,26,31,,,
51135,16,16,16,,,
51137,16,16,24,,,
51138,19,23,23,,,
51139,16,16,16,,,
51140,30,30,30,,,
51141,5,5,5,,,
51142,27,16,27,,,
51143,24,16,16,,,
51144,16,16,16,,,
51146,4,4,8,,,
51147,19,19,19,,,
51148,30,16,16,,,
51150,34,34,34,,,
51151,26,26,4,,,
51152,24,24,24,,,
51153,28,28,28,,,
51154,10,30,30,,,
51155,26,24,24,,,
51156,24,16,16,,,
51157,30,30,30,,,
51158,24,24,24,,,
51159,24,28,24,,,
51160,28,28,28,,,
51161,28,28,28,,,
51162,24,24,24,,,
51163,24,30,30,,,
51164,24,24,24,,,
51165,16,16,16,,,
51166,6,16,16,,,
51167,20,34,34,,,
51168,20,34,20,,,
51169,28,28,28,,,
51170,24,24,24,,,
51171,24,24,24,,,
51172,30,24,24,,,
51173,4,4,5,,,
51174,24,10,10,,,
51175,24,30,10,,,
51176,27,16,27,,,
51177,16,16,16,,,
51178,24,19,19,,,
51179,16,16,16,,,
51180,16,16,16,,,
51181,16,16,16,,,
51182,16,16,16,,,
51183,16,16,16,,,
51184,24,16,24,,,
51185,27,27,19,,,
51186,27,24,10,,,
51187,23,38,38,,,
51188,34,20,39,,,
51190,26,26,26,,,
51191,23,24,10,,,
51192,10,36,36,,,
51193,24,24,26,,,
51194,16,16,16,,,
51195,30,24,24,,,
51196,19,24,28,,,
51197,16,16,16,,,
51198,16,16,16,,,
51199,19,10,10,,,
51200,25,16,16,,,
51201,24,24,10,,,
51202,24,16,24,,,
51203,8,4,8,,,
51204,16,16,16,,,
51205,24,24,4,,,
51206,16,16,16,,,
51207,16,16,16,,,
51208,8,26,5,,,
51209,19,27,27,,,
51210,25,16,16,,,
51212,4,4,3,,,
51213,24,16,24,,,
51214,8,8,8,,,
51215,16,16,16,,,
51216,16,16,16,,,
51217,33,9,9,,,
51218,34,34,34,,,
51219,36,36,36,,,
51220,23,30,30,,,
51221,16,16,16,,,
51222,13,24,24,,,
51223,4,36,8,,,
51224,28,8,8,,,
51225,16,16,16,,,
51226,16,16,16,,,
51227,16,16,16,,,
51228,5,8,8,,,
51229,27,27,27,,,
51230,23,23,23,,,
51231,27,16,16,,,
51232,16,16,16,,,
51233,16,24,24,,,
51234,24,24,24,,,
51235,24,24,16,,,
51236,16,16,16,,,
51237,24,24,24,,,
51238,24,24,24,,,
51239,24,10,10,,,
51240,4,10,10,,,
51241,16,16,16,,,
51242,37,37,37,,,
51243,24,16,16,,,
51244,16,16,16,,,
51245,8,8,8,,,
51246,26,5,26,,,
51247,27,16,27,,,
51248,26,34,34,,,
51249,24,24,24,,,
51250,24,24,24,,,
51251,39,34,34,,,
51252,29,5,5,,,
51253,24,24,24,,,
51254,28,28,28,,,
51255,30,30,30,,,
51256,30,30,30,,,
51257,4,4,4,,,
51258,30,30,30,,,
51265,16,16,16,,,
51293,27,30,24,,,
51311,24,30,30,,,
51315,24,24,24,,,
51319,16,16,16,,,
51323,25,16,16,,,
51335,7,26,27,,,
51338,16,16,16,,,
51343,26,26,26,,,
51352,30,30,30,,,
51353,8,8,8,,,
51355,19,2,2,,,
51361,16,16,16,,,
51389,2,2,2,,,
51402,24,24,24,,,
51416,33,30,30,,,
51424,30,30,30,,,
51432,36,36,36,,,
51436,16,16,16,,,
51460,10,23,22,,,
51483,25,16,24,,,
51498,24,16,16,,,
51529,24,30,30,,,
51534,16,16,16,,,
51535,18,24,24,,,
51536,24,24,24,,,
51537,5,16,16,,,
51538,8,5,5,,,
51540,13,24,24,,,
51541,16,16,16,,,
51543,24,24,24,,,
51544,30,30,30,,,
51545,24,24,24,,,
51546,34,34,34,,,
51547,10,30,16,,,
51549,16,16,16,,,
51550,27,16,27,,,
51551,16,16,16,,,
51552,2,23,22,,,
51554,24,10,10,,,
51555,8,28,8,,,
51556,16,16,16,,,
51557,16,30,16,,,
51558,24,16,16,,,
51560,28,8,8,,,
51561,10,37,30,,,
51562,36,10,10,,,
51563,16,16,16,,,
51564,30,26,30,,,
51565,10,24,10,,,
51566,34,36,36,,,
51567,26,24,26,,,
51568,26,26,26,,,
51569,24,10,10,,,
51570,3,26,3,,,
51571,27,24,27,,,
51572,28,28,28,,,
51573,16,16,16,,,
51574,24,24,24,,,
51575,16,16,16,,,
51576,24,24,10,,,
51577,26,26,26,,,
51578,16,16,16,,,
51579,16,16,16,,,
51580,24,30,30,,,
51581,30,30,30,,,
51582,16,16,16,,,
51583,16,16,16,,,
51584,34,9,28,,,
51585,30,30,30,,,
51586,28,28,28,,,
51587,16,16,16,,,
51589,37,16,16,,,
51590,26,19,26,,,
51591,17,16,16,,,
51592,24,16,16,,,
51593,16,16,16,,,
51594,16,16,24,,,
51595,31,10,10,,,
51596,27,30,30,,,
51597,7,19,23,,,
51598,10,30,30,,,
51599,27,16,24,,,
51600,10,24,24,,,
51601,16,16,16,,,
51602,28,28,28,,,
51603,34,34,34,,,
51604,10,10,10,,,
51605,16,16,16,,,
51606,36,36,36,,,
51607,5,4,4,,,
51608,24,10,10,,,
51609,16,16,16,,,
51610,4,4,4,,,
51611,24,24,24,,,
51612,34,34,34,,,
51613,28,28,28,,,
51614,30,30,30,,,
51615,27,27,27,,,
51616,24,24,24,,,
51617,5,5,5,,,
51618,5,36,36,,,
51619,28,28,4,,,
51620,24,24,16,,,
51621,34,9,24,,,
51622,30,30,30,,,
51623,24,24,10,,,
51624,28,28,28,,,
51625,24,16,16,,,
51626,30,30,30,,,
51627,26,30,26,,,
51628,27,24,27,,,
51629,30,30,30,,,
51630,23,23,23,,,
51631,27,24,24,,,
51632,16,16,16,,,
51633,5,24,24,,,
51634,28,28,28,,,
51635,26,30,31,,,
51636,16,16,16,,,
51637,2,2,2,,,
51638,24,30,26,,,
51639,16,16,16,,,
51640,24,24,24,,,
51641,28,28,28,,,
51642,24,16,24,,,
51643,16,30,16,,,
51644,28,28,28,,,
51645,24,5,5,,,
51646,17,16,27,,,
51647,24,24,24,,,
51648,24,24,30,,,
51649,24,16,30,,,
51650,16,16,16,,,
51651,16,16,16,,,
51652,34,34,34,,,
51653,24,30,30,,,
51654,24,30,30,,,
51655,5,5,8,,,
51656,30,30,30,,,
51657,25,16,16,,,
51659,4,28,4,,,
51660,16,16,16,,,
51661,30,30,30,,,
51662,30,30,30,,,
51663,30,30,30,,,
51664,30,30,30,,,
51665,24,24,16,,,
51666,33,33,9,,,
51667,16,16,16,,,
51668,28,28,28,,,
51669,16,30,30,,,
51670,24,24,24,,,
51671,30,30,30,,,
51672,24,24,24,,,
51673,24,24,24,,,
51674,5,34,34,,,
51675,24,16,24,,,
51676,23,23,23,,,
51677,22,24,10,,,
51678,27,19,19,,,
51679,3,26,26,,,
51680,31,24,31,,,
51682,24,10,10,,,
51683,16,24,24,,,
51684,26,16,16,,,
51685,4,4,4,,,
51686,24,24,24,,,
51687,23,23,23,,,
51688,38,38,38,,,
51689,10,30,30,,,
51690,24,10,24,,,
51691,27,16,16,,,
51692,23,5,5,,,
51693,24,16,24,,,
51694,24,24,24,,,
51695,31,30,30,,,
51696,24,24,24,,,
51697,24,24,16,,,
51698,16,16,16,,,
51699,28,28,28,,,
51700,16,16,16,,,
51701,28,28,28,,,
51702,26,36,36,,,
51703,28,28,28,,,
51704,34,34,34,,,
51705,4,36,8,,,
51706,8,24,8,,,
51707,16,16,16,,,
51708,16,16,16,,,
51709,16,16,27,,,
51710,6,30,30,,,
51711,16,16,16,,,
51712,10,10,10,,,
51713,6,16,24,,,
51714,30,30,30,,,
51715,30,16,16,,,
51716,30,30,30,,,
51717,16,16,16,,,
51718,24,24,24,,,
51719,34,34,34,,,
51720,27,5,8,,,
51721,16,16,24,,,
51722,16,16,16,,,
51723,28,28,28,,,
51724,16,16,16,,,
51725,26,26,26,,,
51726,16,16,16,,,
51727,6,16,27,,,
51728,10,30,30,,,
51729,24,24,16,,,
51730,28,8,16,,,
51731,24,16,16,,,
51732,34,34,34,,,
51733,24,24,24,,,
51734,10,34,24,,,
51735,24,16,16,,,
51736,16,16,16,,,
51737,24,24,24,,,
51738,26,36,36,,,
51739,24,24,24,,,
51740,4,4,8,,,
51741,27,16,27,,,
51742,10,10,10,,,
51743,30,16,30,,,
51744,16,16,16,,,
51746,24,10,36,,,
51747,24,24,24,,,
51748,36,24,24,,,
51749,16,16,16,,,
51750,4,16,16,,,
51751,24,16,27,,,
51752,4,23,4,,,
51753,16,16,16,,,
51754,24,24,24,,,
51755,18,16,16,,,
51756,27,16,16,,,
51757,5,5,5,,,
51758,10,24,10,,,
51759,24,30,30,,,
51760,24,10,24,,,
51761,10,24,24,,,
51762,16,16,16,,,
51763,24,24,24,,,
51764,24,24,10,,,
51765,30,30,30,,,
51766,10,10,10,,,
51767,7,24,10,,,
51768,24,24,24,,,
51769,16,16,16,,,
51770,16,16,16,,,
51771,30,26,26,,,
51772,28,28,28,,,
51773,10,3,10,,,
52245,2,2,2,,,
52253,4,4,4,,,
52292,28,28,24,,,
52380,16,16,16,,,
52413,16,16,16,,,
52430,16,16,16,,,
52459,29,5,5,,,
52476,16,16,16,,,
52482,30,30,30,,,
52483,8,24,24,,,
52485,28,28,28,,,
52486,26,24,26,,,
52487,24,24,24,,,
52488,5,16,16,,,
52489,9,34,34,,,
52490,16,16,16,,,
52491,4,4,4,,,
52493,28,28,28,,,
52494,24,24,24,,,
52495,24,24,24,,,
52496,10,24,10,,,
52497,24,24,24,,,
52498,28,28,28,,,
52499,4,37,5,,,
52500,38,38,38,,,
52501,16,16,16,,,
52502,8,28,28,,,
52503,24,24,24,,,
52504,16,16,16,,,
52505,24,24,10,,,
52506,13,10,10,,,
52507,16,16,16,,,
52508,4,24,4,,,
52509,10,27,27,,,
52511,16,16,16,,,
52512,26,26,26,,,
52513,30,30,30,,,
52514,5,16,16,,,
52515,8,8,8,,,
52516,20,34,20,,,
52517,28,28,8,,,
52518,4,4,4,,,
52519,37,30,26,,,
52520,24,24,24,,,
52521,16,16,16,,,
52522,16,16,16,,,
52523,24,24,16,,,
52524,28,28,28,,,
52525,31,30,30,,,
52526,28,28,28,,,
52527,22,2,2,,,
52528,16,16,16,,,
52529,28,28,28,,,
52530,30,30,30,,,
52531,2,2,2,,,
52532,16,16,16,,,
52533,24,24,24,,,
52534,34,9,9,,,
52535,20,34,34,,,
52536,19,19,19,,,
52537,30,30,30,,,
52538,16,16,24,,,
52539,24,24,24,,,
52540,8,8,8,,,
52541,24,24,24,,,
52542,26,26,26,,,
52543,5,2,9,,,
52544,34,34,34,,,
52545,16,16,16,,,
52546,28,28,28,,,
52547,19,19,19,,,
52548,16,16,16,,,
52549,28,28,28,,,
52550,30,30,30,,,
52551,24,24,24,,,
52552,28,2,9,,,
52553,4,31,4,,,
52554,34,34,34,,,
52555,24,24,24,,,
52556,8,28,28,,,
52557,26,26,26,,,
52558,27,16,16,,,
52559,5,5,5,,,
52560,4,4,4,,,
52561,28,8,19,,,
52562,24,24,10,,,
52563,5,24,24,,,
52564,16,16,16,,,
52565,30,30,30,,,
52566,24,16,16,,,
52567,30,30,30,,,
52568,24,24,26,,,
52569,30,30,30,,,
52570,16,24,16,,,
52571,24,24,24,,,
52572,24,16,16,,,
52573,28,8,8,,,
52574,30,16,30,,,
52575,30,30,30,,,
52576,16,24,24,,,
52577,24,10,24,,,
52578,16,16,16,,,
52579,30,30,30,,,
52580,22,4,4,,,
52581,2,28,28,,,
52582,13,24,13,,,
52583,24,16,16,,,
52584,30,30,30,,,
52585,34,34,34,,,
52586,3,4,10,,,
52587,16,16,16,,,
52606,29,5,5,,,
52629,24,24,24,,,
52631,4,26,3,,,
52650,31,16,16,,,
52651,37,5,5,,,
52658,13,24,24,,,
52661,18,2,34,,,
52667,24,24,24,,,
52681,31,30,30,,,
52721,2,2,2,,,
52729,34,34,34,,,
52748,36,36,36,,,
52760,13,24,24,,,
52765,28,28,28,,,
52779,24,16,16,,,
52790,24,24,10,,,
52812,30,30,30,,,
52818,24,16,16,,,
52841,16,30,16,,,
52849,16,30,24,,,
52850,16,16,16,,,
52883,30,30,30,,,
52908,39,34,34,,,
52909,28,28,28,,,
52912,36,36,36,,,
52913,24,34,34,,,
52914,15,16,16,,,
52915,11,10,10,,,
52916,28,28,28,,,
52917,1,16,16,,,
52918,28,28,28,,,
52919,34,34,34,,,
52920,24,24,24,,,
52921,28,39,28,,,
52922,24,24,24,,,
52923,30,30,30,,,
52924,24,16,16,,,
52925,22,5,5,,,
52926,8,24,8,,,
52927,26,34,34,,,
52928,17,16,16,,,
52929,16,16,16,,,
52930,28,28,28,,,
52931,30,30,30,,,
52932,16,16,16,,,
52933,24,10,24,,,
52934,27,27,27,,,
52935,6,31,30,,,
52936,2,24,24,,,
52937,16,16,16,,,
52938,30,30,30,,,
52939,16,16,16,,,
52940,34,34,34,,,
52941,30,30,30,,,
52942,16,30,16,,,
52943,16,16,16,,,
52944,10,10,10,,,
52945,6,26,3,,,
52946,30,30,30,,,
52948,16,16,16,,,
52949,16,16,16,,,
52950,13,24,24,,,
52951,30,30,30,,,
52952,24,24,24,,,
52953,24,34,24,,,
52954,30,30,30,,,
52955,30,30,30,,,
52956,24,24,24,,,
52957,16,16,16,,,
52958,5,10,10,,,
52959,4,23,23,,,
52960,16,30,16,,,
52962,16,16,16,,,
52963,30,16,16,,,
52964,24,24,16,,,
52965,2,2,2,,,
52966,34,28,28,,,
52967,30,30,30,,,
52968,30,30,30,,,
52969,30,30,30,,,
52970,24,10,36,,,
52971,10,10,19,,,
52972,24,24,34,,,
52973,24,24,24,,,
52974,16,16,16,,,
52975,16,16,16,,,
52976,24,24,16,,,
52977,16,16,16,,,
52978,27,16,27,,,
52979,4,4,5,,,
52980,30,24,24,,,
52981,4,16,16,,,
52982,31,24,31,,,
52983,30,30,30,,,
52984,27,27,27,,,
52985,24,16,16,,,
52986,26,26,26,,,
52987,8,4,8,,,
52988,4,4,4,,,
52989,4,4,4,,,
52990,34,34,39,,,
52991,24,16,16,,,
52992,4,4,4,,,
52993,28,28,28,,,
52994,24,16,16,,,
52995,8,28,28,,,
52996,30,30,30,,,
52997,24,4,4,,,
52998,34,24,26,,,
52999,30,30,30,,,
53000,26,30,30,,,
53001,24,24,24,,,
53002,16,16,16,,,
53003,16,16,16,,,
53004,24,16,24,,,
53005,31,30,30,,,
53006,24,24,24,,,
53007,16,16,16,,,
53008,16,16,16,,,
53009,16,16,16,,,
53010,4,5,8,,,
53011,22,2,2,,,
53012,16,16,16,,,
53013,27,10,27,,,
53014,27,16,27,,,
53015,34,34,34,,,
53016,24,24,24,,,
53017,24,10,10,,,
53018,16,16,27,,,
53019,24,16,24,,,
53020,39,34,34,,,
53021,4,4,8,,,
53022,37,37,31,,,
53023,16,24,24,,,
53024,24,24,24,,,
53025,30,30,30,,,
53026,16,16,16,,,
53027,23,23,23,,,
53028,4,38,4,,,
53029,24,24,24,,,
53030,30,30,30,,,
53031,24,16,24,,,
53032,9,34,34,,,
53033,7,24,24,,,
53034,24,24,24,,,
53036,24,16,16,,,
53037,24,24,24,,,
53038,30,30,30,,,
53039,27,16,16,,,
53040,24,8,19,,,
53041,5,24,5,,,
53042,16,16,16,,,
53043,30,30,30,,,
53044,24,16,16,,,
53045,16,16,16,,,
53047,27,16,27,,,
53048,30,30,30,,,
53049,10,24,10,,,
53050,24,24,24,,,
53051,24,24,24,,,
53052,27,23,27,,,
53053,26,26,26,,,
53054,24,30,30,,,
53055,24,16,16,,,
53056,18,16,13,,,
53057,16,16,16,,,
53058,33,2,2,,,
53059,37,24,10,,,
53060,28,28,28,,,
53061,38,38,38,,,
53062,25,16,25,,,
53063,4,4,4,,,
53064,16,16,16,,,
53065,11,27,27,,,
53066,24,16,16,,,
53067,24,16,16,,,
53068,16,16,16,,,
53069,24,24,24,,,
53070,16,16,16,,,
53071,28,8,28,,,
53072,16,16,16,,,
53073,16,16,16,,,
53074,16,16,16,,,
53075,27,24,24,,,
53076,16,16,16,,,
53077,26,26,26,,,
53078,4,4,4,,,
53079,28,28,28,,,
53080,20,20,20,,,
53081,24,24,10,,,
53082,31,37,31,,,
53083,13,24,24,,,
53084,10,16,16,,,
53085,16,24,24,,,
53086,27,24,10,,,
53087,22,2,2,,,
53088,24,24,24,,,
53089,28,24,24,,,
53090,16,16,16,,,
53091,10,16,16,,,
53092,24,24,24,,,
53093,31,24,24,,,
53094,9,9,9,,,
53095,16,16,16,,,
53096,30,30,30,,,
53097,16,16,16,,,
53098,16,16,16,,,
53099,34,34,34,,,
53100,38,38,38,,,
53101,30,30,30,,,
53102,26,24,24,,,
53103,28,8,28,,,
53104,13,34,34,,,
53105,27,16,16,,,
53106,24,24,24,,,
53107,16,16,16,,,
53108,24,24,24,,,
53109,24,24,24,,,
53110,10,30,10,,,
53111,16,16,16,,,
53112,30,30,30,,,
53113,24,30,30,,,
53114,24,16,16,,,
53115,30,30,30,,,
53116,28,28,24,,,
53117,4,28,28,,,
53118,16,16,16,,,
53119,24,30,10,,,
53120,20,20,20,,,
53121,6,31,10,,,
53122,24,16,16,,,
53123,28,28,28,,,
53124,24,24,24,,,
53125,30,30,30,,,
53126,26,26,20,,,
53127,6,30,30,,,
53128,24,24,24,,,
53129,27,16,27,,,
53130,16,16,16,,,
53131,16,16,16,,,
53132,16,24,16,,,
53133,22,2,2,,,
53134,28,28,28,,,
53135,24,16,24,,,
53136,24,24,24,,,
53444,7,28,19,,,
53492,13,27,24,,,
53514,4,16,16,,,
53550,28,28,28,,,
53625,16,16,16,,,
53682,23,23,23,,,
53684,7,24,24,,,
53690,5,5,5,,,
53706,28,28,28,,,
53713,16,16,16,,,
53715,16,16,16,,,
53720,13,19,37,,,
53741,8,8,8,,,
53764,16,16,16,,,
53768,28,28,28,,,
53770,8,8,8,,,
53775,25,30,30,,,
53778,3,26,26,,,
53782,16,16,16,,,
53787,4,4,4,,,
53788,16,16,16,,,
53789,34,34,34,,,
53790,8,8,5,,,
53791,24,24,24,,,
53792,37,5,5,,,
53793,5,8,8,,,
53794,28,28,28,,,
53796,16,16,16,,,
53797,24,24,16,,,
53798,22,3,2,,,
53799,24,24,24,,,
53800,28,28,28,,,
53801,11,27,19,,,
53802,28,28,28,,,
53803,27,27,27,,,
53804,16,16,16,,,
53805,24,24,24,,,
53806,24,16,4,,,
53807,3,4,8,,,
53808,30,30,30,,,
53809,24,24,24,,,
53810,24,24,24,,,
53811,28,8,8,,,
53812,24,28,24,,,
53813,24,16,16,,,
53814,24,24,24,,,
53815,2,10,10,,,
53816,19,10,24,,,
53817,16,16,24,,,
53818,24,24,24,,,
53819,10,10,10,,,
53820,28,28,28,,,
53821,27,16,16,,,
53822,27,27,27,,,
53823,4,24,24,,,
53824,5,16,16,,,
53825,10,24,10,,,
53826,36,36,36,,,
53827,19,19,19,,,
53828,16,16,16,,,
53829,16,16,16,,,
53830,16,16,16,,,
53831,24,19,19,,,
53832,16,16,16,,,
53833,32,2,2,,,
53834,4,16,4,,,
53835,8,8,8,,,
53836,19,28,8,,,
53838,24,4,4,,,
53839,24,24,24,,,
53840,30,30,31,,,
53841,16,16,16,,,
53842,27,19,27,,,
53843,16,16,16,,,
53844,16,16,16,,,
53845,30,30,30,,,
53846,16,16,16,,,
53847,24,24,24,,,
53848,13,36,13,,,
53849,28,28,28,,,
53850,4,36,36,,,
53851,16,16,16,,,
53852,30,30,30,,,
53854,16,16,16,,,
53855,24,24,24,,,
53856,9,34,9,,,
53857,27,27,27,,,
53858,16,16,16,,,
53859,16,16,16,,,
53860,24,16,16,,,
53861,16,16,16,,,
53862,13,34,10,,,
53863,27,19,27,,,
53864,16,16,16,,,
53865,9,34,34,,,
53866,4,4,4,,,
53867,30,30,30,,,
53868,24,24,24,,,
53869,8,28,28,,,
53870,13,24,27,,,
53871,16,16,16,,,
53872,16,16,16,,,
53873,28,28,28,,,
53874,24,16,16,,,
53875,24,16,16,,,
53876,16,16,16,,,
53877,30,30,30,,,
53878,28,28,28,,,
53879,31,24,24,,,
53880,31,26,26,,,
53881,16,16,16,,,
53882,8,8,4,,,
53883,16,16,16,,,
53884,26,34,24,,,
53885,27,16,27,,,
53886,24,24,24,,,
53887,16,16,16,,,
53888,31,30,30,,,
53889,16,16,16,,,
53890,8,28,28,,,
53891,24,16,16,,,
53892,28,28,28,,,
53894,30,30,30,,,
53895,10,10,36,,,
53896,3,4,4,,,
53897,13,16,24,,,
53898,16,16,16,,,
53899,16,16,16,,,
53900,16,16,27,,,
53901,16,16,16,,,
53902,9,9,9,,,
53903,24,16,16,,,
53904,24,30,30,,,
53906,16,16,16,,,
53907,31,30,31,,,
53908,24,24,4,,,
53909,31,24,31,,,
53910,3,23,10,,,
53911,10,30,10,,,
53912,16,16,16,,,
53913,24,24,16,,,
53914,28,28,28,,,
53915,24,24,24,,,
53916,19,4,8,,,
53917,16,16,16,,,
53918,8,8,8,,,
53919,30,30,30,,,
53923,36,36,36,,,
53944,24,24,24,,,
53969,26,26,26,,,
53973,16,16,16,,,
53984,24,24,24,,,
53998,8,5,8,,,
54008,19,19,19,,,
54014,27,16,16,,,
54032,38,38,38,,,
54039,30,30,30,,,
54055,16,16,16,,,
54061,31,26,26,,,
54072,24,24,24,,,
54077,13,24,10,,,
54091,8,5,8,,,
54113,16,16,16,,,
54114,24,24,24,,,
54118,24,24,24,,,
54127,10,24,24,,,
54137,16,24,16,,,
54149,16,16,16,,,
54153,37,16,37,,,
54155,24,24,24,,,
54161,16,16,16,,,
54163,31,24,24,,,
54164,28,4,4,,,
54174,26,26,26,,,
54180,30,30,30,,,
54190,19,19,19,,,
54196,24,16,16,,,
54210,24,24,24,,,
54220,24,24,24,,,
54221,22,2,2,,,
54222,16,16,16,,,
54223,4,4,4,,,
54224,4,4,4,,,
54225,16,16,16,,,
54226,27,24,27,,,
54228,24,10,10,,,
54229,10,36,36,,,
54231,24,16,24,,,
54232,16,16,16,,,
54233,16,30,16,,,
54234,27,16,27,,,
54235,24,16,16,,,
54236,16,16,16,,,
54237,16,16,16,,,
54238,4,4,4,,,
54239,30,30,30,,,
54240,16,16,16,,,
54241,16,16,16,,,
54242,32,16,24,,,
54243,24,10,10,,,
54244,4,16,16,,,
54245,24,16,16,,,
54246,27,16,27,,,
54247,24,24,10,,,
54248,16,16,16,,,
54249,16,30,30,,,
54250,16,16,16,,,
54251,5,28,5,,,
54252,30,30,30,,,
54253,28,28,28,,,
54254,16,16,16,,,
54255,26,30,30,,,
54256,16,16,16,,,
54257,4,23,23,,,
54258,30,30,30,,,
54259,4,4,4,,,
54260,16,16,16,,,
54261,20,20,20,,,
54262,16,16,16,,,
54263,16,16,16,,,
54264,34,36,4,,,
54265,24,16,16,,,
54266,24,16,16,,,
54267,10,23,23,,,
54268,16,16,16,,,
54269,30,30,30,,,
54270,16,16,16,,,
54271,16,16,16,,,
54272,24,24,24,,,
54273,2,2,2,,,
54274,31,30,30,,,
54275,4,4,4,,,
54276,16,16,16,,,
54277,24,24,24,,,
54278,10,24,10,,,
54279,28,28,28,,,
54280,5,37,5,,,
54281,24,24,24,,,
54282,5,23,5,,,
54283,16,16,16,,,
54284,30,30,30,,,
54285,30,30,30,,,
54286,16,16,16,,,
54287,4,4,4,,,
54289,4,16,4,,,
54290,34,34,34,,,
54291,16,16,24,,,
54292,24,24,24,,,
54293,24,10,10,,,
54294,8,4,8,,,
54295,10,2,10,,,
54296,16,16,16,,,
54297,3,24,24,,,
54298,6,30,26,,,
54299,5,34,34,,,
54300,13,26,24,,,
54301,30,30,30,,,
54302,34,28,24,,,
54303,36,10,10,,,
54304,16,16,16,,,
54305,2,2,2,,,
54306,24,30,30,,,
54307,15,24,24,,,
54308,16,24,24,,,
54309,27,16,27,,,
54311,13,24,24,,,
54312,24,30,30,,,
54313,28,28,28,,,
54314,30,30,30,,,
54315,24,24,24,,,
54316,37,23,4,,,
54317,16,30,16,,,
54318,24,16,16,,,
54319,24,24,24,,,
54320,16,16,16,,,
54321,24,24,10,,,
54322,30,30,30,,,
54323,24,10,24,,,
54324,23,23,23,,,
54325,5,5,19,,,
54326,10,10,10,,,
54327,17,16,16,,,
54328,1,16,16,,,
54329,27,24,27,,,
54330,30,30,30,,,
54331,23,23,30,,,
54332,28,28,28,,,
54333,26,24,31,,,
54334,24,16,16,,,
54335,3,24,24,,,
54336,4,16,24,,,
54337,30,30,30,,,
54338,30,30,30,,,
54339,24,24,10,,,
54340,34,34,34,,,
54341,16,16,16,,,
54342,8,28,28,,,
54343,24,24,24,,,
54344,27,16,16,,,
54345,37,37,37,,,
54346,24,16,16,,,
54347,8,8,8,,,
54348,2,2,2,,,
54349,24,34,34,,,
54350,28,8,8,,,
54351,16,16,16,,,
54352,16,16,16,,,
54353,28,28,28,,,
54354,30,30,30,,,
54355,30,30,30,,,
54356,24,30,30,,,
54357,15,5,5,,,
54358,24,24,31,,,
54359,24,24,24,,,
54360,27,27,27,,,
54361,24,24,24,,,
54362,31,30,30,,,
54363,16,16,16,,,
54364,24,36,24,,,
54365,24,16,16,,,
54366,16,16,16,,,
54367,16,16,16,,,
54368,29,5,5,,,
54369,28,28,28,,,
54370,14,28,28,,,
54371,16,16,16,,,
54372,16,16,16,,,
54373,16,16,16,,,
54374,10,16,16,,,
54375,16,16,16,,,
54376,24,24,24,,,
54377,16,16,16,,,
54378,16,16,16,,,
54379,24,36,36,,,
54380,16,16,16,,,
54381,24,24,24,,,
54382,24,30,10,,,
54383,16,16,16,,,
54384,24,24,27,,,
54385,16,16,16,,,
54386,16,16,16,,,
54387,23,10,10,,,
54388,34,34,34,,,
54389,30,16,16,,,
54390,30,30,30,,,
54391,25,16,25,,,
54392,4,28,28,,,
54393,25,16,16,,,
54394,16,16,16,,,
54395,24,10,10,,,
54396,16,24,24,,,
54397,17,16,16,,,
54398,7,26,26,,,
54399,30,30,30,,,
54400,24,16,24,,,
54401,16,16,16,,,
54402,22,2,2,,,
54403,8,8,8,,,
54404,24,24,24,,,
54405,6,30,30,,,
54406,28,28,28,,,
54407,30,30,30,,,
54408,16,16,16,,,
54409,31,24,24,,,
54410,36,5,26,,,
54412,24,24,24,,,
54413,33,24,10,,,
54414,30,30,30,,,
54415,27,24,27,,,
54416,24,16,24,,,
54417,24,10,10,,,
54418,16,16,16,,,
54419,24,24,24,,,
54420,37,4,10,,,
54421,26,24,24,,,
54422,34,34,34,,,
54423,4,4,8,,,
54424,16,16,16,,,
54425,4,16,16,,,
54426,24,24,24,,,
54427,16,16,16,,,
54428,27,27,27,,,
54429,16,16,16,,,
54430,4,4,4,,,
54431,24,24,24,,,
54432,4,16,16,,,
54433,10,24,10,,,
54434,28,4,8,,,
54435,24,24,24,,,
54436,4,16,16,,,
54437,8,5,8,,,
54438,30,30,30,,,
54439,24,24,16,,,
54440,8,8,8,,,
54441,17,16,16,,,
54442,24,16,24,,,
54443,34,34,34,,,
54444,28,28,28,,,
54445,27,16,27,,,
54446,3,24,4,,,
54447,16,16,16,,,
54448,28,28,28,,,
54449,16,16,16,,,
54450,39,34,39,,,
54451,24,24,24,,,
54452,24,16,16,,,
54453,24,24,24,,,
54454,10,30,30,,,
54455,24,24,10,,,
54456,16,16,16,,,
54457,24,30,24,,,
54458,16,16,16,,,
54459,23,4,8,,,
54460,16,16,16,,,
54461,37,39,37,,,
54462,16,16,16,,,
54463,27,24,10,,,
54464,16,16,16,,,
54465,16,16,16,,,
55017,16,16,16,,,
55024,30,30,30,,,
55093,24,24,24,,,
55100,28,28,28,,,
55110,25,28,25,,,
55117,24,16,16,,,
55120,8,28,28,,,
55129,28,28,28,,,
55130,4,4,4,,,
55131,16,16,16,,,
55135,16,24,24,,,
55141,27,27,27,,,
55144,30,30,30,,,
55149,37,37,37,,,
55150,5,5,5,,,
55151,16,24,24,,,
55155,30,30,30,,,
55156,16,16,16,,,
55157,8,8,8,,,
55158,16,16,16,,,
55159,17,16,16,,,
55160,13,24,13,,,
55161,37,10,37,,,
55162,16,16,16,,,
55163,16,16,16,,,
55164,10,10,10,,,
55166,27,27,27,,,
55167,28,28,28,,,
55168,24,24,24,,,
55169,24,24,24,,,
55170,19,4,4,,,
55171,33,33,9,,,
55172,24,24,24,,,
55173,16,16,16,,,
55174,6,3,4,,,
55175,27,16,16,,,
55176,19,8,28,,,
55177,24,16,16,,,
55178,37,10,10,,,
55179,16,16,16,,,
55180,4,16,16,,,
55181,34,34,34,,,
55182,16,16,16,,,
55183,10,24,24,,,
55184,16,16,16,,,
55185,24,24,24,,,
55186,27,16,27,,,
55187,16,16,16,,,
55188,17,16,16,,,
55189,16,16,16,,,
55190,16,16,16,,,
55192,26,26,26,,,
55193,5,8,8,,,
55194,13,10,10,,,
55195,16,16,16,,,
55196,16,24,16,,,
55197,28,28,28,,,
55198,24,16,24,,,
55199,16,16,24,,,
55200,10,24,10,,,
55201,16,16,16,,,
55202,16,16,16,,,
55203,30,30,30,,,
55205,28,28,28,,,
55206,16,16,16,,,
55207,17,16,16,,,
55208,27,27,27,,,
55209,30,30,30,,,
55210,33,20,9,,,
55211,16,16,16,,,
55212,23,30,30,,,
55213,24,28,24,,,
55214,24,24,24,,,
55215,16,16,16,,,
55216,27,10,10,,,
55217,16,16,16,,,
55218,24,16,16,,,
55219,24,16,16,,,
55220,39,27,27,,,
55221,4,4,4,,,
55222,16,16,16,,,
55223,16,16,16,,,
55224,13,16,16,,,
55225,28,16,28,,,
55226,2,2,2,,,
55227,24,26,26,,,
55228,24,24,24,,,
55229,28,20,28,,,
55230,24,24,24,,,
55231,28,28,28,,,
55232,24,10,10,,,
55233,23,23,23,,,
55234,31,26,31,,,
55235,16,16,16,,,
55236,8,4,8,,,
55237,24,24,24,,,
55238,23,23,23,,,
55239,16,16,16,,,
55240,8,28,8,,,
55241,26,26,3,,,
55242,24,24,10,,,
55243,36,36,36,,,
55244,27,24,27,,,
55245,35,34,34,,,
55246,24,24,24,,,
55247,3,10,10,,,
55248,27,27,27,,,
55249,29,30,24,,,
55250,24,16,16,,,
55251,16,16,16,,,
55253,16,16,16,,,
55254,13,16,24,,,
55255,24,24,10,,,
55256,24,24,24,,,
55257,16,16,16,,,
55258,26,24,26,,,
55259,24,24,24,,,
55260,13,24,24,,,
55261,31,24,16,,,
55262,24,30,30,,,
55263,24,24,24,,,
55264,16,16,16,,,
55265,24,16,16,,,
55266,24,24,24,,,
55267,30,30,30,,,
55268,24,24,24,,,
55269,4,24,4,,,
55270,30,30,30,,,
55271,30,30,30,,,
55281,26,26,26,,,
55289,30,30,30,,,
55290,16,16,16,,,
55291,3,26,26,,,
55317,32,2,24,,,
55333,28,28,28,,,
55351,19,19,19,,,
55364,16,16,16,,,
55366,24,24,16,,,
55384,28,4,8,,,
55386,24,24,10,,,
55401,24,16,24,,,
55434,16,16,16,,,
55444,28,28,28,,,
55448,16,24,24,,,
55466,16,16,16,,,
55476,24,24,24,,,
55484,10,10,10,,,
55499,24,24,24,,,
55508,8,28,8,,,
55509,24,24,24,,,
55515,28,28,28,,,
55519,16,16,16,,,
55522,30,30,30,,,
55536,24,16,16,,,
55539,30,30,31,,,
55550,24,24,26,,,
55565,8,28,28,,,
55566,2,2,2,,,
55567,24,24,24,,,
55568,8,8,8,,,
55569,24,24,24,,,
55570,30,30,30,,,
55571,30,30,30,,,
55572,25,16,24,,,
55574,16,16,16,,,
55575,23,23,4,,,
55576,24,24,24,,,
55577,16,16,16,,,
55578,10,10,10,,,
55579,16,16,16,,,
55580,22,34,4,,,
55581,9,34,34,,,
55583,30,30,30,,,
55584,16,16,16,,,
55585,17,23,23,,,
55586,28,16,24,,,
55587,26,20,39,,,
55588,24,16,16,,,
55589,3,38,38,,,
55590,20,20,20,,,
55591,24,16,16,,,
55592,37,37,37,,,
55593,34,34,34,,,
55594,16,16,16,,,
55595,23,23,5,,,
55597,4,4,4,,,
55598,16,16,16,,,
55599,30,30,30,,,
55600,4,37,37,,,
55601,16,16,16,,,
55602,24,16,16,,,
55603,30,30,30,,,
55604,16,16,16,,,
55605,4,4,4,,,
55606,25,16,16,,,
55607,16,16,16,,,
55608,26,26,26,,,
55609,16,16,16,,,
55610,16,16,16,,,
55611,16,16,16,,,
55612,30,30,30,,,
55613,16,16,16,,,
55614,2,2,2,,,
55615,24,24,24,,,
55616,16,16,16,,,
55617,5,16,24,,,
55618,13,36,24,,,
55619,24,24,24,,,
55620,24,30,30,,,
55621,30,24,24,,,
55622,27,16,16,,,
55623,24,10,10,,,
55624,27,16,27,,,
55625,27,34,27,,,
55626,16,16,16,,,
55627,16,16,16,,,
55628,4,4,4,,,
55629,30,30,30,,,
55630,13,24,10,,,
55631,25,16,16,,,
55632,11,19,19,,,
55633,34,36,8,,,
55634,24,24,24,,,
55635,24,24,24,,,
55636,23,4,4,,,
55637,30,24,30,,,
55638,16,16,16,,,
55639,24,16,16,,,
55640,24,24,24,,,
55641,24,16,16,,,
55642,30,30,30,,,
55643,24,16,16,,,
55644,36,36,36,,,
55645,16,16,16,,,
55646,16,16,16,,,
55647,36,36,36,,,
55648,24,24,24,,,
55650,27,16,16,,,
55651,30,30,30,,,
55653,24,16,16,,,
55654,24,24,24,,,
55655,24,24,4,,,
55656,16,24,24,,,
55657,30,30,30,,,
55658,24,24,24,,,
55659,20,16,16,,,
55660,30,30,30,,,
55661,17,16,16,,,
55662,4,24,16,,,
55663,16,16,16,,,
55664,28,28,28,,,
55665,16,16,16,,,
55666,30,30,30,,,
55667,24,24,9,,,
55668,28,28,28,,,
55669,28,28,28,,,
55670,28,28,28,,,
55671,30,30,30,,,
55672,28,8,8,,,
55673,22,2,2,,,
55674,5,24,5,,,
55675,16,16,16,,,
55676,28,28,28,,,
55677,34,34,34,,,
55678,24,24,30,,,
55679,24,30,10,,,
55681,34,34,34,,,
55682,30,30,30,,,
55683,24,16,24,,,
55684,1,16,30,,,
55685,16,16,16,,,
55687,16,16,16,,,
55688,30,30,30,,,
55689,30,30,30,,,
55690,22,34,22,,,
55691,4,4,4,,,
55692,16,16,16,,,
55693,16,16,16,,,
55694,28,28,28,,,
55695,5,23,23,,,
55696,24,24,24,,,
55697,24,24,24,,,
55698,5,5,5,,,
55699,32,24,5,,,
55700,24,24,24,,,
55701,16,16,16,,,
55702,16,16,16,,,
55703,16,16,16,,,
55704,16,16,16,,,
55706,24,16,24,,,
55707,4,4,4,,,
55708,16,16,16,,,
55709,37,37,37,,,
55710,16,16,16,,,
55711,28,28,28,,,
55712,28,28,28,,,
55713,28,28,28,,,
55714,30,30,30,,,
55715,30,30,30,,,
55716,24,19,19,,,
55717,2,2,2,,,
55718,24,24,24,,,
55719,23,23,38,,,
55720,30,30,30,,,
55721,24,24,24,,,
55722,22,2,2,,,
55723,8,5,24,,,
55724,24,16,16,,,
55725,28,28,28,,,
55726,16,16,16,,,
55727,24,24,24,,,
55728,26,4,4,,,
55729,28,28,28,,,
55730,10,31,31,,,
55731,16,16,16,,,
55732,28,28,28,,,
55733,13,24,24,,,
55734,28,28,28,,,
55735,3,10,10,,,
55736,24,26,26,,,
55737,26,26,26,,,
55738,28,28,28,,,
55739,37,30,31,,,
55740,16,16,16,,,
55741,4,4,4,,,
55742,4,16,16,,,
55743,30,30,30,,,
55744,24,24,24,,,
55745,19,19,19,,,
55746,24,24,27,,,
55747,30,30,30,,,
55748,34,34,34,,,
55749,30,30,30,,,
55750,24,24,24,,,
55751,24,16,24,,,
55752,24,24,24,,,
55753,24,26,26,,,
55754,5,5,5,,,
55755,16,24,10,,,
55756,13,24,24,,,
55757,2,23,10,,,
55758,16,16,16,,,
55759,24,4,4,,,
55760,8,28,28,,,
55761,13,24,24,,,
55762,30,30,30,,,
55763,24,24,19,,,
55764,30,30,30,,,
55765,16,8,8,,,
55766,9,34,9,,,
55767,25,16,16,,,
55768,24,24,24,,,
55769,16,16,16,,,
55770,24,24,24,,,
55771,37,24,31,,,
55772,8,8,8,,,
55773,24,24,24,,,
55774,34,34,34,,,
55775,5,34,5,,,
55776,37,30,30,,,
55777,24,24,24,,,
55778,16,16,16,,,
55779,24,24,24,,,
55780,16,16,16,,,
55781,16,16,16,,,
55782,16,16,16,,,
55783,16,16,16,,,
55784,23,16,16,,,
55785,27,27,27,,,
55786,10,10,10,,,
55787,30,30,30,,,
55788,24,10,24,,,
55789,27,16,16,,,
55790,9,34,34,,,
55791,24,24,10,,,
55792,16,16,16,,,
55793,13,24,24,,,
55794,27,16,16,,,
55795,24,24,16,,,
55796,16,16,16,,,
55797,3,26,26,,,
55798,16,16,16,,,
55799,16,16,16,,,
55800,24,10,10,,,
55801,5,2,22,,,
56222,0,19,28,,,
56268,16,16,16,,,
56320,13,24,24,,,
56341,28,28,28,,,
56356,24,16,16,,,
56384,24,16,26,,,
56407,24,3,31,,,
56430,28,28,28,,,
56439,16,16,16,,,
56442,24,10,10,,,
56445,16,16,16,,,
56450,16,16,16,,,
56451,16,16,16,,,
56452,33,2,33,,,
56453,23,24,10,,,
56454,18,34,39,,,
56455,16,16,16,,,
56456,28,28,28,,,
56457,22,23,22,,,
56458,25,16,16,,,
56459,30,30,30,,,
56460,34,34,34,,,
56461,27,16,16,,,
56462,5,34,34,,,
56463,4,4,4,,,
56464,24,5,5,,,
56465,28,28,28,,,
56466,28,28,28,,,
56467,30,30,30,,,
56468,8,5,8,,,
56469,26,24,24,,,
56470,24,24,24,,,
56471,16,16,16,,,
56472,19,27,19,,,
56473,16,16,16,,,
56474,10,10,10,,,
56475,27,27,27,,,
56476,27,27,27,,,
56477,27,24,27,,,
56478,24,24,24,,,
56479,27,27,27,,,
56480,30,30,30,,,
56481,28,28,28,,,
56482,6,16,16,,,
56483,5,4,4,,,
56484,15,5,5,,,
56485,1,16,16,,,
56486,16,16,16,,,
56487,0,23,2,,,
56488,10,24,24,,,
56489,16,16,27,,,
56490,27,24,27,,,
56491,24,24,24,,,
56492,16,16,16,,,
56493,34,34,34,,,
56494,30,30,30,,,
56495,16,16,16,,,
56496,26,24,26,,,
56497,8,5,8,,,
56498,16,16,16,,,
56499,24,24,10,,,
56500,16,16,16,,,
56501,36,36,36,,,
56502,25,16,16,,,
56503,16,16,16,,,
56504,16,16,16,,,
56505,30,30,30,,,
56506,2,2,2,,,
56507,8,8,8,,,
56508,27,16,27,,,
56509,26,26,26,,,
56510,30,30,30,,,
56511,4,4,4,,,
56512,16,16,16,,,
56513,30,30,30,,,
56515,16,16,16,,,
56516,27,16,27,,,
56517,24,16,16,,,
56518,16,16,16,,,
56519,28,28,28,,,
56520,34,34,34,,,
56521,20,20,20,,,
56522,5,34,5,,,
56523,16,16,16,,,
56524,34,34,34,,,
56525,34,28,20,,,
56526,39,9,9,,,
56527,28,24,24,,,
56528,24,24,24,,,
56529,24,24,16,,,
56530,20,20,20,,,
56531,37,26,38,,,
56532,24,16,16,,,
56533,4,4,4,,,
56534,24,16,16,,,
56535,30,30,30,,,
56536,4,4,4,,,
56537,30,30,30,,,
56538,8,8,8,,,
56539,36,36,36,,,
56540,34,34,34,,,
56541,24,24,16,,,
56542,31,36,36,,,
56543,24,24,24,,,
56544,24,24,24,,,
56545,24,16,16,,,
56546,30,30,30,,,
56547,24,34,34,,,
56548,6,24,24,,,
56549,30,30,30,,,
56568,30,30,30,,,
56576,24,24,24,,,
56580,26,24,26,,,
56588,24,24,30,,,
56602,16,16,16,,,
56604,3,36,36,,,
56607,23,16,16,,,
56612,24,24,10,,,
56613,30,30,30,,,
56620,24,24,24,,,
56627,8,8,28,,,
56658,30,30,30,,,
56662,26,26,26,,,
56666,24,10,10,,,
56672,16,16,16,,,
56675,30,30,30,,,
56683,16,16,16,,,
56685,27,27,27,,,
56690,16,16,16,,,
56695,37,34,37,,,
56712,16,16,16,,,
56717,30,30,30,,,
56725,30,30,30,,,
56727,24,24,10,,,
56733,5,34,27,,,
56747,16,16,16,,,
56769,26,30,30,,,
56786,4,4,4,,,
56793,30,30,30,,,
56797,16,16,16,,,
56801,30,30,30,,,
56807,16,16,16,,,
56808,24,24,24,,,
56809,30,30,30,,,
56825,16,16,16,,,
56834,34,9,9,,,
56835,16,16,16,,,
56836,16,16,16,,,
56837,28,28,28,,,
56838,8,8,8,,,
56839,8,28,8,,,
56840,16,16,16,,,
56841,24,24,24,,,
56842,5,5,5,,,
56843,31,30,31,,,
56844,22,30,30,,,
56845,27,27,27,,,
56846,27,27,27,,,
56847,36,36,36,,,
56848,24,10,24,,,
56849,24,24,24,,,
56850,2,2,2,,,
56851,34,34,34,,,
56852,16,16,16,,,
56853,28,28,28,,,
56854,4,23,23,,,
56855,16,16,16,,,
56856,15,5,5,,,
56857,31,24,24,,,
56858,30,30,24,,,
56860,27,16,27,,,
56861,16,16,16,,,
56862,16,16,16,,,
56863,27,27,27,,,
56864,16,16,16,,,
56865,16,24,16,,,
56866,16,16,16,,,
56867,27,19,27,,,
56868,16,16,16,,,
56869,34,28,34,,,
56870,28,8,28,,,
56871,24,24,24,,,
56872,26,24,31,,,
56873,16,16,16,,,
56874,16,16,16,,,
56875,16,24,30,,,
56876,16,16,16,,,
56877,39,34,20,,,
56878,24,24,24,,,
56879,26,26,26,,,
56880,16,16,16,,,
56881,16,16,16,,,
56882,23,23,23,,,
56883,28,28,28,,,
56884,20,16,24,,,
56885,16,16,16,,,
56886,16,16,16,,,
56887,30,30,30,,,
56888,16,16,16,,,
56889,38,38,38,,,
56890,16,16,16,,,
56891,10,16,27,,,
56892,24,16,16,,,
56893,31,30,30,,,
56894,27,24,10,,,
56895,24,24,24,,,
56896,24,34,34,,,
56897,27,16,27,,,
56898,10,10,2,,,
56899,10,24,10,,,
56900,30,30,30,,,
56901,10,30,30,,,
56902,16,16,16,,,
56903,16,16,16,,,
56904,16,16,16,,,
56905,8,4,8,,,
56906,13,10,10,,,
56907,13,24,24,,,
56908,24,24,10,,,
56909,16,16,16,,,
56910,24,24,24,,,
56911,39,34,39,,,
56912,27,24,27,,,
56913,24,16,16,,,
56914,4,5,4,,,
56915,30,24,30,,,
56916,8,28,28,,,
56917,10,30,10,,,
56918,22,34,34,,,
56919,24,34,34,,,
56920,20,34,20,,,
56921,27,16,27,,,
56922,28,8,28,,,
56923,13,24,24,,,
56924,24,24,10,,,
56925,16,16,16,,,
56926,37,37,5,,,
56927,30,24,30,,,
56928,16,16,16,,,
56929,16,16,16,,,
56930,30,24,30,,,
56931,6,16,16,,,
56932,24,24,24,,,
56933,24,24,24,,,
56934,2,2,2,,,
56935,24,24,24,,,
56936,30,30,30,,,
56937,24,24,27,,,
56938,5,24,5,,,
56939,23,23,23,,,
56940,13,24,24,,,
56941,27,24,24,,,
56942,24,16,16,,,
56943,28,28,28,,,
56944,16,16,16,,,
56945,24,24,24,,,
56946,16,16,16,,,
56947,30,30,30,,,
56948,4,4,4,,,
56949,25,24,25,,,
56950,16,16,16,,,
56951,30,30,30,,,
56952,16,16,16,,,
56953,30,30,30,,,
56954,16,24,24,,,
56955,30,30,30,,,
56956,31,31,31,,,
56957,24,30,30,,,
56958,3,38,26,,,
56959,24,24,16,,,
56960,24,34,24,,,
56961,24,24,24,,,
56962,30,30,30,,,
56963,20,20,20,,,
56964,24,36,10,,,
56965,23,16,24,,,
56966,30,30,30,,,
56967,16,24,16,,,
56968,24,24,10,,,
56969,27,27,27,,,
56970,24,24,26,,,
56971,27,16,27,,,
56972,30,30,30,,,
56973,34,24,16,,,
56974,26,24,26,,,
56975,28,28,28,,,
56976,4,31,4,,,
56977,30,30,30,,,
56978,27,27,27,,,
56979,4,28,8,,,
56980,24,24,24,,,
56981,30,30,30,,,
56982,16,16,16,,,
56983,4,4,4,,,
56984,36,10,36,,,
56985,16,16,16,,,
56986,16,16,16,,,
56987,8,28,28,,,
56988,28,28,28,,,
56989,24,24,24,,,
56990,24,10,24,,,
56991,24,34,24,,,
56992,24,24,10,,,
56993,24,24,24,,,
56994,23,23,23,,,
56995,36,36,36,,,
56997,16,16,16,,,
56998,16,16,16,,,
56999,2,22,22,,,
57000,10,36,36,,,
57001,24,19,19,,,
57002,16,16,24,,,
57003,24,24,24,,,
57004,24,30,10,,,
57005,16,16,16,,,
57006,24,16,16,,,
57007,30,30,30,,,
57009,1,16,16,,,
57010,24,24,24,,,
57011,24,16,16,,,
57012,28,4,28,,,
57013,4,4,4,,,
57014,36,36,4,,,
57015,4,4,4,,,
57016,16,16,24,,,
57017,16,16,16,,,
57018,16,16,16,,,
57019,10,23,23,,,
57020,28,28,28,,,
57021,23,23,23,,,
57022,16,16,24,,,
57023,24,30,30,,,
57024,22,2,22,,,
57025,16,16,24,,,
57026,28,28,28,,,
57027,24,16,24,,,
57028,6,30,30,,,
57029,6,24,31,,,
57030,16,16,16,,,
57031,4,28,28,,,
57032,23,23,4,,,
57033,34,24,24,,,
57034,28,28,28,,,
57035,24,24,24,,,
57036,30,30,30,,,
57037,5,4,4,,,
57038,31,24,24,,,
57039,24,24,24,,,
57040,17,10,16,,,
57041,24,24,24,,,
57042,16,16,16,,,
57043,4,9,4,,,
57044,16,16,16,,,
57045,28,28,28,,,
57046,2,2,2,,,
57047,4,4,4,,,
57048,36,36,36,,,
57049,16,16,16,,,
57050,34,34,20,,,
57051,24,24,24,,,
57052,34,34,34,,,
57053,27,16,27,,,
57054,10,24,10,,,
57055,16,16,16,,,
57056,22,2,2,,,
57057,34,34,34,,,
57058,30,30,30,,,
57059,4,36,4,,,
57060,5,34,5,,,
57061,24,24,24,,,
57062,28,8,8,,,
57063,4,36,4,,,
57064,24,24,24,,,
57065,16,16,16,,,
57066,16,16,16,,,
57067,24,24,24,,,
57068,24,24,24,,,
57069,2,9,9,,,
57070,24,24,24,,,
57071,27,16,16,,,
57072,16,16,16,,,
57073,16,16,16,,,
57074,24,24,24,,,
57075,16,16,16,,,
57076,28,28,28,,,
57077,23,38,3,,,
57078,24,24,24,,,
57079,4,24,4,,,
57447,27,16,16,,,
57489,2,2,2,,,
57530,24,24,24,,,
57547,13,24,24,,,
57578,2,2,2,,,
57606,8,4,8,,,
57627,16,16,16,,,
57660,38,38,38,,,
57672,5,24,24,,,
57680,28,28,28,,,
57689,8,8,8,,,
57694,16,16,16,,,
57700,28,28,28,,,
57714,4,4,4,,,
57728,24,24,16,,,
57738,3,36,36,,,
57739,8,8,8,,,
57740,13,24,24,,,
57741,10,38,5,,,
57743,28,28,28,,,
57744,18,26,26,,,
57745,13,24,24,,,
57746,24,16,16,,,
57747,4,5,4,,,
57748,24,24,24,,,
57749,16,16,16,,,
57750,31,24,24,,,
57751,16,16,16,,,
57752,19,19,27,,,
57753,24,24,24,,,
57754,16,16,16,,,
57755,31,10,31,,,
57756,16,16,16,,,
57757,24,30,30,,,
57758,24,10,10,,,
57759,28,28,28,,,
57760,24,24,10,,,
57761,16,16,16,,,
57762,24,24,24,,,
57763,13,10,24,,,
57764,16,16,16,,,
57765,28,8,8,,,
57766,16,16,16,,,
57767,10,10,10,,,
57768,27,27,27,,,
57769,19,10,19,,,
57771,19,24,24,,,
57772,8,34,34,,,
57773,28,28,28,,,
57774,24,24,24,,,
57775,28,28,28,,,
57777,30,30,30,,,
57778,20,20,20,,,
57779,23,26,26,,,
57780,28,28,28,,,
57781,24,24,24,,,
57782,24,16,16,,,
57783,27,27,27,,,
57784,27,24,27,,,
57785,16,16,16,,,
57787,26,24,26,,,
57789,16,24,24,,,
57790,16,16,16,,,
57791,30,26,30,,,
57792,16,16,16,,,
57793,16,16,16,,,
57794,8,16,16,,,
57795,8,4,4,,,
57796,30,30,30,,,
57797,5,4,4,,,
57798,16,16,16,,,
57799,16,16,16,,,
57800,28,28,28,,,
57801,34,34,34,,,
57802,16,16,16,,,
57803,10,24,24,,,
57804,24,16,16,,,
57805,16,16,16,,,
57806,24,16,24,,,
57807,16,16,16,,,
57808,28,28,28,,,
57809,28,28,28,,,
57810,16,16,16,,,
57811,28,28,28,,,
57812,20,24,24,,,
57814,24,16,16,,,
57815,24,24,24,,,
57816,16,16,16,,,
57817,16,16,16,,,
57818,3,26,38,,,
57819,24,24,24,,,
57820,24,16,24,,,
57821,16,16,16,,,
57822,27,34,5,,,
57823,3,24,24,,,
57824,22,2,2,,,
57825,37,5,5,,,
57826,24,24,31,,,
57827,16,16,16,,,
57829,24,34,34,,,
57830,14,34,34,,,
57831,37,16,37,,,
57832,30,30,30,,,
57833,2,2,2,,,
57834,30,30,30,,,
57835,16,16,16,,,
57836,24,30,30,,,
57837,37,5,5,,,
57838,16,16,16,,,
57839,4,4,4,,,
57840,24,24,24,,,
57841,22,2,2,,,
57842,16,16,16,,,
57843,16,16,16,,,
57844,8,28,28,,,
57845,30,30,30,,,
57846,23,24,24,,,
57847,6,4,4,,,
57848,16,16,16,,,
57849,16,16,16,,,
57850,24,34,24,,,
57856,24,24,24,,,
57904,16,16,16,,,
57924,19,8,8,,,
57935,9,5,5,,,
57945,24,24,24,,,
57951,24,24,24,,,
57960,16,16,16,,,
57966,17,16,27,,,
57973,5,23,5,,,
57982,31,24,31,,,
57992,10,10,10,,,
57999,16,16,24,,,
58010,31,31,37,,,
58022,24,24,24,,,
58026,30,30,30,,,
58034,39,34,39,,,
58039,16,16,16,,,
58047,16,16,16,,,
58071,30,30,30,,,
58076,30,30,30,,,
58082,30,26,26,,,
58086,8,4,4,,,
58090,16,16,16,,,
58102,16,16,16,,,
58115,6,16,16,,,
58135,24,24,24,,,
58140,25,16,16,,,
58150,24,16,16,,,
58154,16,16,16,,,
58155,37,2,37,,,
58156,16,16,16,,,
58157,22,2,2,,,
58158,4,4,4,,,
58159,2,2,2,,,
58160,24,24,24,,,
58161,28,28,28,,,
58162,2,9,9,,,
58163,13,16,19,,,
58164,28,24,24,,,
58165,4,4,4,,,
58166,20,20,20,,,
58167,4,8,4,,,
58168,5,5,5,,,
58169,1,4,4,,,
58172,3,10,10,,,
58173,27,27,27,,,
58174,28,28,28,,,
58175,28,28,4,,,
58176,28,28,28,,,
58178,30,30,30,,,
58179,27,16,27,,,
58180,30,30,30,,,
58181,30,30,30,,,
58182,16,16,16,,,
58185,34,34,34,,,
58186,25,16,30,,,
58187,31,24,24,,,
58188,23,10,22,,,
58189,28,28,28,,,
58190,31,30,30,,,
58191,4,16,4,,,
58192,16,16,16,,,
58193,26,10,10,,,
58194,5,5,5,,,
58195,27,24,10,,,
58196,33,2,2,,,
58197,36,36,2,,,
58198,16,16,16,,,
58199,23,23,23,,,
58200,27,16,16,,,
58201,24,16,16,,,
58202,16,16,16,,,
58203,30,30,30,,,
58205,28,28,28,,,
58206,25,16,16,,,
58207,16,16,16,,,
58208,16,16,16,,,
58209,2,2,2,,,
58210,16,16,16,,,
58211,30,30,30,,,
58212,16,16,16,,,
58213,24,16,16,,,
58214,34,36,36,,,
58215,31,24,24,,,
58216,4,4,4,,,
58217,30,30,30,,,
58218,28,28,28,,,
58219,2,5,2,,,
58220,16,16,16,,,
58222,30,30,30,,,
58223,24,24,16,,,
58224,9,9,9,,,
58225,4,4,4,,,
58226,30,26,26,,,
58227,24,30,30,,,
58228,16,16,16,,,
58229,24,30,10,,,
58230,2,2,2,,,
58231,3,26,26,,,
58232,26,26,26,,,
58233,30,30,30,,,
58234,16,16,16,,,
58235,24,24,24,,,
58236,24,24,24,,,
58237,30,30,30,,,
58238,24,24,24,,,
58239,24,24,24,,,
58240,30,30,30,,,
58241,10,10,10,,,
58242,16,16,16,,,
58243,24,24,24,,,
58244,24,24,24,,,
58245,27,16,16,,,
58246,18,4,4,,,
58247,24,24,24,,,
58248,27,24,10,,,
58249,16,16,16,,,
58250,16,16,16,,,
58251,16,16,16,,,
58252,24,24,24,,,
58253,24,24,24,,,
58254,30,30,30,,,
58255,24,24,10,,,
58256,24,16,16,,,
58257,4,4,5,,,
58258,24,24,24,,,
58259,2,2,2,,,
58260,4,24,10,,,
58261,33,2,2,,,
58262,4,4,4,,,
58263,24,24,16,,,
58264,30,30,30,,,
58265,24,30,26,,,
58266,37,34,34,,,
58267,16,30,16,,,
58268,24,26,31,,,
58269,16,16,16,,,
58270,1,16,16,,,
58271,16,16,16,,,
58272,16,16,16,,,
58273,27,24,27,,,
58274,2,2,2,,,
58275,37,26,37,,,
58276,30,30,30,,,
58277,24,24,10,,,
58278,24,24,24,,,
58279,24,30,30,,,
58280,39,28,28,,,
58281,24,10,10,,,
58282,16,16,16,,,
58283,39,34,34,,,
58284,16,16,16,,,
58285,16,16,16,,,
58286,37,37,5,,,
58287,16,16,16,,,
58288,4,4,4,,,
58289,26,30,30,,,
58290,24,16,24,,,
58291,30,30,30,,,
58292,30,30,30,,,
58293,24,30,30,,,
58294,16,24,16,,,
58295,16,16,16,,,
58296,16,16,16,,,
58297,24,16,16,,,
58298,24,34,34,,,
58299,13,10,24,,,
58300,16,16,16,,,
58301,16,16,24,,,
58302,16,16,16,,,
58303,36,36,36,,,
58304,23,23,4,,,
58305,24,24,24,,,
58306,1,16,16,,,
58307,16,24,16,,,
58308,26,26,26,,,
58309,34,34,34,,,
58310,16,16,16,,,
58311,4,5,8,,,
58312,16,16,16,,,
58313,34,34,34,,,
58314,24,24,24,,,
58315,31,24,24,,,
58316,31,24,24,,,
58317,16,16,16,,,
58318,24,24,4,,,
58320,13,16,24,,,
58321,4,16,4,,,
58322,16,16,16,,,
58323,31,16,16,,,
58324,24,16,16,,,
58325,34,34,34,,,
58326,16,24,16,,,
58327,16,16,16,,,
58328,27,16,27,,,
58329,10,24,24,,,
58330,24,16,16,,,
58331,27,16,27,,,
58332,30,30,30,,,
58333,16,16,16,,,
58334,16,24,24,,,
58335,28,8,28,,,
58336,4,4,4,,,
58337,27,24,27,,,
58338,23,23,23,,,
58339,22,2,2,,,
58340,30,30,30,,,
58341,24,24,24,,,
58342,10,30,10,,,
58343,24,24,24,,,
58344,4,4,4,,,
58345,28,28,28,,,
58346,30,30,30,,,
58347,27,16,27,,,
58348,30,30,30,,,
58349,24,24,24,,,
58350,24,16,16,,,
58351,28,10,10,,,
58352,24,24,24,,,
58353,16,16,16,,,
58354,16,16,16,,,
58355,28,24,24,,,
58356,30,30,30,,,
58357,24,10,10,,,
58358,24,30,30,,,
58359,4,4,4,,,
58360,13,34,13,,,
58361,16,16,16,,,
58362,16,24,16,,,
58363,28,8,8,,,
58364,24,5,5,,,
58365,24,24,24,,,
58366,31,24,24,,,
58367,27,19,19,,,
58368,24,30,30,,,
58369,34,34,34,,,
58370,24,24,24,,,
58371,24,24,24,,,
58372,23,23,23,,,
58373,16,16,16,,,
58374,13,24,10,,,
58375,2,2,2,,,
58376,16,16,16,,,
58377,24,24,24,,,
58378,20,34,34,,,
58379,24,24,24,,,
58380,28,16,16,,,
58381,26,24,24,,,
58382,16,16,16,,,
58383,16,16,16,,,
58384,16,16,16,,,
58385,10,24,24,,,
58386,16,16,16,,,
58387,16,16,16,,,
58388,16,16,3,,,
58389,8,16,27,,,
58390,16,16,16,,,
58391,27,27,27,,,
58392,24,24,16,,,
58393,16,16,16,,,
58497,28,9,9,,,
58597,20,34,34,,,
58794,28,28,28,,,
58867,16,16,16,,,
58942,19,19,19,,,
59013,21,23,5,,,
59016,16,16,16,,,
59042,16,16,16,,,
59043,16,16,16,,,
59052,24,24,24,,,
59056,28,28,28,,,
59085,16,16,16,,,
59090,31,30,30,,,
59093,16,16,16,,,
59094,28,28,28,,,
59097,27,34,5,,,
59098,8,4,8,,,
59099,4,26,26,,,
59100,28,28,28,,,
59101,16,16,16,,,
59102,28,28,28,,,
59103,24,24,24,,,
59104,17,16,16,,,
59107,10,10,10,,,
59108,6,26,10,,,
59109,26,24,16,,,
59110,4,16,4,,,
59111,16,16,16,,,
59112,30,30,30,,,
59113,24,24,24,,,
59114,16,16,16,,,
59115,24,24,24,,,
59116,16,16,16,,,
59117,16,16,16,,,
59118,1,16,16,,,
59119,28,4,28,,,
59120,9,36,36,,,
59121,27,27,27,,,
59122,16,30,30,,,
59123,16,24,16,,,
59124,8,8,4,,,
59125,26,26,26,,,
59126,8,8,8,,,
59127,31,30,31,,,
59128,16,16,16,,,
59129,16,16,16,,,
59130,34,34,34,,,
59131,27,16,16,,,
59132,8,8,8,,,
59133,28,28,28,,,
59134,16,16,16,,,
59135,3,5,5,,,
59136,24,24,24,,,
59137,24,24,24,,,
59139,16,16,16,,,
59140,16,16,16,,,
59141,32,28,28,,,
59142,16,16,24,,,
59143,27,24,27,,,
59144,11,19,10,,,
59145,3,31,31,,,
59146,16,30,16,,,
59147,3,23,4,,,
59148,27,27,27,,,
59149,8,8,28,,,
59150,27,27,27,,,
59152,24,24,24,,,
59153,3,30,16,,,
59154,27,24,27,,,
59155,16,16,16,,,
59156,16,16,16,,,
59157,33,2,2,,,
59158,36,36,19,,,
59159,16,16,16,,,
59160,24,10,10,,,
59161,31,30,30,,,
59162,30,30,30,,,
59163,28,28,28,,,
59164,24,24,24,,,
59165,30,30,30,,,
59166,34,34,39,,,
59167,30,30,30,,,
59168,34,20,20,,,
59169,19,19,19,,,
59171,13,34,10,,,
59172,24,4,4,,,
59173,25,16,16,,,
59174,16,16,16,,,
59175,19,36,36,,,
59176,26,26,26,,,
59178,16,16,16,,,
59179,3,24,24,,,
59181,14,2,9,,,
59182,34,34,34,,,
59183,30,30,30,,,
59184,24,24,24,,,
59185,16,16,16,,,
59186,28,28,28,,,
59187,34,27,27,,,
59188,24,24,24,,,
59189,24,24,10,,,
59190,24,16,16,,,
59191,39,26,26,,,
59192,34,34,34,,,
59193,24,24,24,,,
59194,28,28,28,,,
59196,16,16,16,,,
59197,6,10,10,,,
59198,30,24,30,,,
59199,30,30,30,,,
59200,8,8,8,,,
59201,28,28,28,,,
59202,24,16,16,,,
59203,36,36,36,,,
59204,28,8,28,,,
59205,24,24,24,,,
59206,30,30,30,,,
59207,24,24,24,,,
59208,24,24,24,,,
59209,5,27,27,,,
59210,27,19,27,,,
59211,30,30,30,,,
59212,24,24,4,,,
59213,30,30,30,,,
59214,30,30,30,,,
59215,16,16,16,,,
59240,5,31,31,,,
59241,24,10,24,,,
59248,24,10,24,,,
59266,10,10,36,,,
59268,9,9,9,,,
59269,16,16,27,,,
59271,30,30,30,,,
59300,5,34,34,,,
59326,5,28,8,,,
59336,27,16,16,,,
59342,24,24,24,,,
59355,24,24,24,,,
59369,19,19,19,,,
59376,34,26,31,,,
59388,36,4,36,,,
59397,2,2,2,,,
59401,24,24,24,,,
59406,27,27,27,,,
59412,30,30,30,,,
59424,39,34,39,,,
59434,16,16,16,,,
59444,24,30,30,,,
59467,16,24,24,,,
59490,23,23,23,,,
59494,34,34,34,,,
59495,28,28,28,,,
59496,25,16,16,,,
59498,30,30,30,,,
59499,13,16,31,,,
59500,17,16,16,,,
59502,16,16,16,,,
59504,28,28,28,,,
59505,4,30,30,,,
59506,16,16,16,,,
59507,16,16,16,,,
59508,36,36,36,,,
59509,16,16,16,,,
59510,34,34,34,,,
59511,16,16,16,,,
59512,23,16,16,,,
59514,28,28,28,,,
59515,24,24,24,,,
59516,24,24,24,,,
59519,16,16,16,,,
59521,16,16,16,,,
59523,16,16,16,,,
59524,31,16,16,,,
59525,16,16,16,,,
59526,24,10,10,,,
59527,24,16,24,,,
59528,16,16,16,,,
59529,6,24,24,,,
59530,30,30,30,,,
59531,6,26,6,,,
59532,16,16,16,,,
59533,24,16,24,,,
59534,36,28,8,,,
59535,16,16,16,,,
59536,26,26,26,,,
59537,16,16,16,,,
59538,34,34,34,,,
59539,1,30,16,,,
59540,30,30,10,,,
59541,16,16,16,,,
59542,30,30,30,,,
59543,16,16,16,,,
59544,34,34,34,,,
59545,16,16,16,,,
59546,16,16,16,,,
59547,6,16,16,,,
59548,16,16,16,,,
59549,3,30,30,,,
59550,9,34,34,,,
59551,16,16,16,,,
59552,15,5,5,,,
59553,27,16,16,,,
59554,16,16,16,,,
59555,30,16,30,,,
59556,16,16,27,,,
59557,24,24,24,,,
59558,30,30,30,,,
59559,16,16,16,,,
59560,16,16,16,,,
59561,30,30,30,,,
59562,4,4,4,,,
59563,31,24,24,,,
59564,16,16,16,,,
59565,8,24,24,,,
59566,38,23,38,,,
59567,28,28,28,,,
59568,16,16,16,,,
59569,24,30,24,,,
59570,16,16,16,,,
59571,27,24,16,,,
59572,18,28,28,,,
59573,2,2,2,,,
59574,27,24,27,,,
59575,24,36,36,,,
59576,24,26,26,,,
59577,16,16,16,,,
59578,16,16,16,,,
59579,24,24,24,,,
59580,16,16,16,,,
59581,32,5,23,,,
59582,26,26,26,,,
59583,24,24,24,,,
59584,24,24,24,,,
59585,16,16,16,,,
59586,27,16,27,,,
59587,4,4,4,,,
59588,4,26,4,,,
59589,24,24,24,,,
59590,27,27,27,,,
59591,24,24,24,,,
59592,13,10,24,,,
59593,24,24,24,,,
59594,5,16,16,,,
59595,10,10,10,,,
59596,16,16,16,,,
59597,30,30,30,,,
59598,30,30,30,,,
59599,24,24,10,,,
59600,24,24,24,,,
59601,10,16,16,,,
59602,4,16,24,,,
59603,10,2,10,,,
59604,2,2,2,,,
59605,24,16,16,,,
59606,28,36,36,,,
59607,24,24,24,,,
59608,31,24,24,,,
59609,16,16,16,,,
59610,31,30,30,,,
59611,24,24,24,,,
59612,18,16,24,,,
59613,3,30,26,,,
59614,24,30,30,,,
59615,24,16,16,,,
59616,30,30,30,,,
59617,16,16,16,,,
59618,16,16,27,,,
59619,28,28,28,,,
59620,15,16,24,,,
59621,28,28,28,,,
59622,27,27,27,,,
59623,4,4,23,,,
59624,16,16,16,,,
59625,28,28,28,,,
59626,16,16,16,,,
59627,30,24,30,,,
59628,24,24,24,,,
59630,24,24,24,,,
59631,30,30,30,,,
59632,24,24,24,,,
59633,24,37,37,,,
59634,24,16,16,,,
59635,24,34,24,,,
59636,16,16,16,,,
59637,24,24,10,,,
59638,27,16,16,,,
59639,24,24,24,,,
59640,8,8,8,,,
59641,16,16,16,,,
59642,24,24,10,,,
59643,16,16,16,,,
59644,4,36,4,,,
59645,16,16,16,,,
59646,30,30,30,,,
59647,24,16,16,,,
59648,16,16,16,,,
59650,24,27,27,,,
59651,16,5,5,,,
59652,23,30,30,,,
59653,4,4,4,,,
59654,24,24,24,,,
59655,25,16,16,,,
59656,24,24,24,,,
59657,24,16,16,,,
59658,33,28,9,,,
59659,9,34,9,,,
59660,24,24,24,,,
59661,16,16,16,,,
59662,10,26,26,,,
59663,16,24,16,,,
59664,37,37,37,,,
59665,16,16,16,,,
59666,24,24,10,,,
59667,28,28,28,,,
59668,27,16,27,,,
59669,4,24,16,,,
59670,16,16,16,,,
59671,24,24,10,,,
59672,16,16,16,,,
59673,28,28,28,,,
59674,16,16,16,,,
59675,24,30,10,,,
59676,28,28,28,,,
59677,24,24,24,,,
59678,30,30,30,,,
59679,8,16,16,,,
59680,24,30,30,,,
59681,26,26,26,,,
59682,16,16,16,,,
59683,24,24,24,,,
59684,13,16,16,,,
59685,24,24,24,,,
59686,24,10,10,,,
59687,30,30,30,,,
59688,26,24,26,,,
59689,24,24,24,,,
59690,16,16,16,,,
59691,16,16,16,,,
59692,4,5,5,,,
59693,34,34,34,,,
59694,16,16,16,,,
59695,30,30,30,,,
59696,32,5,5,,,
59697,16,16,16,,,
59698,24,24,24,,,
59699,25,16,30,,,
59700,24,24,24,,,
59701,16,16,16,,,
59702,24,24,24,,,
59703,37,16,37,,,
59704,16,16,16,,,
59705,4,24,10,,,
59706,24,24,4,,,
59707,27,16,24,,,
59708,31,16,16,,,
59709,16,16,16,,,
59710,24,16,24,,,
59711,23,30,30,,,
59712,27,5,19,,,
59713,26,24,26,,,
59714,13,24,24,,,
59715,16,16,16,,,
59716,16,16,16,,,
59717,28,8,8,,,
59718,5,4,4,,,
59719,16,16,16,,,
59720,16,16,16,,,
59721,10,30,30,,,
59722,16,16,16,,,
59723,30,30,30,,,
59724,10,24,24,,,
59725,16,16,16,,,
59726,16,16,16,,,
59727,16,16,16,,,
59728,4,5,4,,,
59729,16,16,16,,,
59730,28,16,26,,,
59800,27,27,27,,,
60003,20,34,20,,,
60047,16,16,16,,,
60086,30,30,30,,,
60097,6,24,24,,,
60147,35,4,4,,,
60201,19,5,19,,,
60264,24,24,10,,,
60278,16,24,16,,,
60281,7,19,19,,,
60333,31,24,24,,,
60338,8,8,8,,,
60368,16,16,16,,,
60401,28,28,28,,,
60410,3,30,37,,,
60411,16,16,16,,,
60417,26,26,26,,,
60424,24,24,24,,,
60425,24,24,24,,,
60426,28,28,28,,,
60427,8,8,8,,,
60428,28,28,28,,,
60429,20,24,34,,,
60430,24,16,24,,,
60432,38,30,30,,,
60433,28,28,28,,,
60434,27,2,23,,,
60436,30,30,24,,,
60437,1,16,16,,,
60438,4,4,4,,,
60439,30,30,30,,,
60440,24,24,16,,,
60441,5,5,5,,,
60442,16,16,16,,,
60443,34,9,39,,,
60444,5,24,24,,,
60445,27,10,27,,,
60446,39,34,34,,,
60447,5,24,24,,,
60448,16,16,16,,,
60449,24,24,24,,,
60451,16,16,16,,,
60452,2,2,2,,,
60453,24,10,10,,,
60454,24,24,24,,,
60455,39,34,34,,,
60456,16,16,16,,,
60457,19,19,19,,,
60458,24,24,16,,,
60459,8,28,28,,,
60460,28,8,8,,,
60461,16,16,16,,,
60462,10,10,10,,,
60463,30,30,30,,,
60465,28,28,28,,,
60466,16,16,16,,,
60467,24,16,26,,,
60468,5,5,5,,,
60469,3,26,26,,,
60470,16,16,27,,,
60471,28,28,28,,,
60472,24,16,16,,,
60473,9,34,34,,,
60474,24,30,30,,,
60475,16,16,16,,,
60476,24,24,24,,,
60477,16,16,16,,,
60478,16,24,24,,,
60479,5,34,5,,,
60480,8,28,28,,,
60481,30,30,30,,,
60482,16,16,24,,,
60483,17,16,16,,,
60485,27,16,27,,,
60486,36,36,36,,,
60487,24,30,30,,,
60488,5,16,16,,,
60489,8,28,28,,,
60490,24,24,16,,,
60491,29,24,24,,,
60492,37,24,37,,,
60493,24,24,24,,,
60494,26,26,30,,,
60495,3,4,16,,,
60496,16,16,16,,,
60497,28,28,28,,,
60498,24,16,16,,,
60499,24,24,24,,,
60500,16,16,16,,,
60501,36,36,36,,,
60502,24,24,24,,,
60503,24,30,30,,,
60504,24,24,24,,,
60505,3,4,4,,,
60506,17,16,16,,,
60507,30,30,30,,,
60508,16,16,16,,,
60509,16,16,16,,,
60510,24,24,24,,,
60511,33,2,2,,,
60512,28,28,28,,,
60514,24,24,24,,,
60515,19,19,19,,,
60516,16,16,16,,,
60517,24,24,24,,,
60518,23,23,23,,,
60519,24,24,24,,,
60520,24,16,30,,,
60521,24,24,34,,,
60522,24,10,10,,,
60523,24,16,16,,,
60524,16,16,16,,,
60525,24,24,24,,,
60526,30,30,30,,,
60527,16,16,16,,,
60528,16,24,31,,,
60540,30,30,30,,,
60542,24,16,24,,,
60550,26,26,36,,,
60586,16,16,16,,,
60588,16,16,16,,,
60598,24,24,24,,,
60604,25,30,24,,,
60612,8,28,19,,,
60634,16,16,16,,,
60636,30,30,30,,,
60638,16,16,16,,,
60652,27,24,19,,,
60691,28,28,28,,,
60694,38,38,38,,,
60695,37,31,37,,,
60697,30,30,30,,,
60699,38,38,38,,,
60725,24,24,24,,,
60736,24,24,24,,,
60742,16,16,16,,,
60760,27,16,16,,,
60761,16,16,16,,,
60766,13,24,30,,,
60779,27,16,27,,,
60799,10,30,30,,,
60800,13,16,16,,,
60801,16,16,16,,,
60802,24,24,24,,,
60803,27,16,27,,,
60804,34,34,20,,,
60806,6,16,16,,,
60807,30,30,30,,,
60808,4,4,4,,,
60809,16,16,16,,,
60810,16,16,16,,,
60811,31,30,30,,,
60812,16,16,16,,,
60814,16,16,16,,,
60815,24,30,30,,,
60816,16,16,16,,,
60817,36,10,10,,,
60818,28,5,5,,,
60819,34,28,34,,,
60820,16,24,16,,,
60821,36,36,36,,,
60822,16,16,16,,,
60823,23,38,4,,,
60824,30,30,30,,,
60825,34,34,34,,,
60826,16,16,16,,,
60827,24,24,24,,,
60828,6,10,6,,,
60829,30,30,30,,,
60830,16,16,16,,,
60831,24,16,16,,,
60832,10,10,10,,,
60833,16,16,16,,,
60834,28,28,28,,,
60835,30,30,30,,,
60836,16,16,16,,,
60837,8,16,16,,,
60838,1,30,26,,,
60839,16,30,30,,,
60841,30,30,30,,,
60842,4,4,4,,,
60843,20,34,19,,,
60844,13,24,24,,,
60845,16,16,16,,,
60846,16,16,27,,,
60847,26,26,26,,,
60848,23,23,23,,,
60849,35,4,4,,,
60850,3,30,30,,,
60851,13,5,8,,,
60852,24,24,24,,,
60853,16,16,16,,,
60854,31,16,16,,,
60855,25,16,16,,,
60856,6,16,27,,,
60857,30,30,30,,,
60858,30,30,30,,,
60859,16,16,16,,,
60860,30,30,30,,,
60861,10,30,30,,,
60862,10,24,10,,,
60863,27,27,27,,,
60864,30,24,24,,,
60865,10,34,39,,,
60866,8,38,4,,,
60867,24,24,24,,,
60868,31,26,10,,,
60869,30,30,30,,,
60870,31,30,30,,,
60871,24,24,24,,,
60872,30,30,30,,,
60873,10,30,30,,,
60874,16,16,16,,,
60875,16,16,16,,,
60876,10,16,16,,,
60877,24,16,16,,,
60878,17,16,16,,,
60879,24,24,24,,,
60880,16,16,16,,,
60881,24,26,31,,,
60882,30,30,30,,,
60883,1,30,30,,,
60884,24,24,24,,,
60885,30,26,26,,,
60886,30,30,30,,,
60887,16,16,16,,,
60888,24,24,10,,,
60889,2,2,2,,,
60890,24,24,10,,,
60891,13,19,19,,,
60893,4,4,4,,,
60894,16,16,16,,,
60895,30,30,30,,,
60896,11,27,27,,,
60897,24,24,24,,,
60898,16,16,27,,,
60899,23,23,5,,,
60900,16,16,16,,,
60901,27,16,27,,,
60902,38,38,38,,,
60903,5,16,16,,,
60904,25,16,16,,,
60905,16,16,16,,,
60906,28,9,9,,,
60907,24,16,16,,,
60908,30,30,30,,,
60909,10,30,30,,,
60910,16,24,24,,,
60911,24,10,10,,,
60912,38,38,38,,,
60913,28,24,24,,,
60914,16,16,16,,,
60915,16,16,16,,,
60916,34,34,34,,,
60918,16,16,16,,,
60919,24,24,24,,,
60920,2,10,2,,,
60921,25,16,16,,,
60922,27,27,27,,,
60923,24,24,10,,,
60924,28,28,28,,,
60925,30,30,30,,,
60926,24,10,24,,,
60927,30,30,30,,,
60928,20,34,34,,,
60929,22,2,2,,,
60930,30,30,30,,,
60931,28,28,28,,,
60932,16,30,16,,,
60933,4,4,8,,,
60934,16,16,16,,,
60935,3,24,5,,,
60936,2,2,2,,,
60937,6,30,16,,,
60938,4,28,28,,,
60939,23,23,3,,,
60940,34,34,34,,,
60941,30,30,30,,,
60942,16,16,16,,,
60943,10,24,10,,,
60944,16,16,16,,,
60945,30,30,30,,,
60946,16,16,16,,,
60947,16,16,27,,,
60948,31,24,4,,,
60949,30,30,30,,,
60950,9,34,34,,,
60951,16,16,16,,,
60952,20,34,20,,,
60953,28,24,28,,,
60954,31,30,30,,,
60955,24,16,16,,,
60956,24,16,16,,,
60957,26,26,26,,,
60958,24,24,24,,,
60959,24,16,16,,,
60960,27,27,27,,,
60961,16,16,24,,,
60962,10,30,30,,,
60963,9,28,34,,,
60964,24,24,24,,,
60965,16,16,16,,,
60966,24,16,24,,,
60967,16,16,16,,,
60968,34,34,39,,,
60969,34,37,34,,,
60970,23,6,23,,,
60971,2,9,2,,,
60972,24,16,24,,,
60973,28,28,28,,,
60974,6,30,30,,,
60975,28,28,28,,,
60976,34,34,34,,,
60977,3,30,30,,,
60978,28,28,28,,,
60979,33,33,9,,,
60980,16,16,16,,,
60981,5,5,5,,,
60982,16,16,16,,,
60983,24,24,24,,,
60984,16,16,16,,,
60985,16,16,16,,,
60986,3,26,30,,,
60987,35,4,4,,,
60988,24,24,24,,,
60989,6,24,10,,,
60990,25,16,16,,,
60991,20,20,20,,,
60992,32,34,5,,,
60993,28,28,28,,,
60994,16,16,16,,,
60995,24,30,30,,,
60996,16,16,16,,,
60997,10,24,10,,,
60998,16,16,16,,,
60999,16,16,16,,,
61000,27,16,16,,,
61001,4,26,4,,,
61002,4,23,23,,,
61003,24,24,16,,,
61004,30,30,31,,,
61005,2,2,2,,,
61006,16,16,16,,,
61007,4,4,4,,,
61008,21,19,19,,,
61009,16,16,16,,,
61010,30,30,30,,,
61011,24,16,24,,,
61012,20,20,20,,,
61013,16,16,16,,,
61014,24,24,24,,,
61015,24,24,30,,,
61016,16,16,16,,,
61017,24,24,24,,,
61018,24,24,24,,,
61019,27,24,10,,,
61020,24,24,24,,,
61021,24,24,24,,,
61022,6,16,16,,,
61023,34,34,34,,,
61024,24,16,24,,,
61025,10,24,24,,,
61026,5,8,8,,,
61027,16,16,16,,,
61028,16,16,16,,,
61029,24,24,16,,,
61030,16,16,16,,,
61397,31,24,24,,,
61429,24,10,10,,,
61514,31,24,24,,,
61555,20,2,2,,,
61594,27,27,27,,,
61597,24,24,24,,,
61612,16,16,16,,,
61618,19,19,19,,,
61648,16,16,16,,,
61653,16,16,16,,,
61664,26,26,26,,,
61678,4,26,4,,,
61684,24,16,31,,,
61686,22,10,10,,,
61701,31,30,31,,,
61704,30,30,30,,,
61709,24,16,16,,,
61710,16,30,16,,,
61711,27,4,8,,,
61718,28,28,28,,,
61721,31,30,30,,,
61722,30,30,30,,,
61724,16,16,16,,,
61725,10,10,10,,,
61726,28,28,28,,,
61727,36,19,19,,,
61728,5,16,16,,,
61729,4,4,4,,,
61732,36,36,36,,,
61733,24,28,28,,,
61734,10,24,24,,,
61735,28,28,28,,,
61736,24,24,24,,,
61737,26,26,31,,,
61738,18,24,24,,,
61739,24,24,24,,,
61740,33,19,33,,,
61741,5,24,34,,,
61742,24,24,24,,,
61743,24,16,16,,,
61744,4,16,16,,,
61745,16,16,16,,,
61746,24,24,10,,,
61747,5,16,5,,,
61748,19,19,19,,,
61749,16,16,16,,,
61750,1,16,30,,,
61751,16,16,16,,,
61752,19,5,4,,,
61753,2,2,2,,,
61754,24,24,30,,,
61755,24,28,24,,,
61756,10,24,24,,,
61757,34,34,34,,,
61758,24,24,24,,,
61759,28,28,28,,,
61760,10,30,16,,,
61761,26,31,31,,,
61762,24,16,16,,,
61763,8,8,8,,,
61764,30,30,30,,,
61765,28,8,8,,,
61766,16,16,16,,,
61767,16,30,16,,,
61768,31,24,30,,,
61769,30,30,30,,,
61770,16,16,16,,,
61771,16,16,16,,,
61772,18,2,9,,,
61773,27,19,27,,,
61774,4,4,4,,,
61775,16,16,16,,,
61776,28,28,28,,,
61777,25,16,30,,,
61778,16,16,16,,,
61779,16,16,16,,,
61780,23,38,4,,,
61781,30,30,30,,,
61782,34,34,24,,,
61783,16,16,16,,,
61784,16,16,16,,,
61785,34,20,20,,,
61786,24,16,4,,,
61787,24,16,23,,,
61788,27,30,16,,,
61789,28,28,28,,,
61790,16,16,24,,,
61791,24,24,24,,,
61792,3,3,10,,,
61793,16,16,16,,,
61794,19,24,28,,,
61795,16,16,16,,,
61796,22,23,5,,,
61797,24,24,24,,,
61798,31,30,30,,,
61799,30,30,30,,,
61800,6,16,16,,,
61801,24,24,24,,,
61802,5,16,24,,,
61803,24,16,16,,,
61804,16,16,16,,,
61805,13,16,24,,,
61806,26,26,26,,,
61807,24,24,24,,,
61808,24,24,24,,,
61809,37,27,27,,,
61810,28,8,28,,,
61811,24,10,10,,,
61812,30,30,30,,,
61813,27,27,27,,,
61814,24,24,24,,,
61815,27,16,27,,,
61816,10,2,10,,,
61817,24,30,30,,,
61818,24,10,24,,,
61819,24,24,10,,,
61820,16,24,24,,,
61821,16,16,16,,,
61822,24,24,24,,,
61823,24,24,24,,,
61824,30,30,30,,,
61825,1,30,30,,,
61826,30,30,30,,,
61827,36,34,36,,,
61828,16,16,16,,,
61829,30,30,30,,,
61830,6,23,23,,,
61831,24,24,16,,,
61834,36,34,34,,,
61836,13,24,24,,,
61841,6,24,24,,,
61851,27,24,27,,,
61864,30,30,30,,,
61865,24,16,16,,,
61880,10,24,10,,,
61882,26,30,30,,,
61902,10,27,27,,,
61919,24,24,24,,,
61937,23,30,30,,,
61964,24,16,16,,,
61981,27,16,27,,,
61986,16,16,16,,,
61991,27,16,16,,,
62035,16,16,16,,,
62049,26,24,26,,,
62050,24,24,24,,,
62057,24,24,24,,,
62075,24,24,24,,,
62088,24,16,16,,,
62089,5,23,5,,,
62091,24,24,24,,,
62100,30,30,30,,,
62103,24,10,10,,,
62104,36,36,36,,,
62105,3,26,4,,,
62106,13,23,10,,,
62107,2,2,2,,,
62109,30,30,30,,,
62110,15,16,16,,,
62111,30,30,30,,,
62112,30,30,30,,,
62114,28,28,28,,,
62115,28,28,28,,,
62116,37,36,37,,,
62117,27,27,27,,,
62118,13,24,13,,,
62119,27,19,27,,,
62120,27,27,27,,,
62122,26,24,24,,,
62123,24,24,24,,,
62126,24,24,10,,,
62127,16,16,16,,,
62128,36,36,36,,,
62129,36,36,19,,,
62130,26,30,30,,,
62131,6,10,22,,,
62132,16,30,16,,,
62133,30,30,30,,,
62134,25,16,16,,,
62135,22,10,22,,,
62136,4,4,8,,,
62137,25,16,16,,,
62138,16,16,16,,,
62139,10,2,22,,,
62140,26,26,26,,,
62141,16,16,16,,,
62142,10,24,10,,,
62143,24,24,24,,,
62144,30,30,30,,,
62145,30,30,30,,,
62146,20,20,20,,,
62147,8,8,8,,,
62148,24,30,24,,,
62150,13,24,24,,,
62151,28,8,8,,,
62152,24,16,24,,,
62153,24,24,24,,,
62154,3,3,6,,,
62155,24,24,24,,,
62156,26,34,24,,,
62157,16,16,16,,,
62158,24,30,30,,,
62159,30,30,30,,,
62160,22,22,2,,,
62161,24,5,5,,,
62162,34,34,34,,,
62163,26,16,24,,,
62164,30,30,30,,,
62165,3,5,8,,,
62166,30,30,30,,,
62168,24,16,16,,,
62169,24,30,24,,,
62170,24,24,24,,,
62171,28,28,28,,,
62172,16,30,16,,,
62173,16,16,16,,,
62174,24,30,30,,,
62175,5,5,5,,,
62176,16,16,16,,,
62177,27,27,27,,,
62178,19,36,19,,,
62179,24,30,30,,,
62180,30,30,30,,,
62181,13,16,24,,,
62182,10,5,33,,,
62183,24,24,10,,,
62184,24,10,36,,,
62185,24,24,16,,,
62186,6,16,16,,,
62187,26,26,26,,,
62188,16,16,16,,,
62189,30,30,30,,,
62190,22,30,30,,,
62191,16,16,16,,,
62192,27,5,19,,,
62193,4,16,4,,,
62194,24,24,24,,,
62195,4,4,8,,,
62196,17,16,16,,,
62197,33,2,9,,,
62198,24,24,24,,,
62199,10,24,24,,,
62200,24,24,24,,,
62201,17,16,16,,,
62202,6,6,6,,,
62203,16,16,4,,,
62204,34,34,34,,,
62205,24,24,24,,,
62206,16,16,16,,,
62207,24,10,24,,,
62209,27,24,27,,,
62210,30,30,30,,,
62211,16,24,24,,,
62212,28,28,28,,,
62213,24,24,5,,,
62214,27,24,27,,,
62215,10,26,26,,,
62216,30,30,30,,,
62217,27,16,16,,,
62218,30,30,30,,,
62219,34,34,34,,,
62220,6,38,3,,,
62221,18,16,24,,,
62222,22,2,2,,,
62223,24,16,16,,,
62224,24,4,4,,,
62225,28,28,28,,,
62226,30,30,30,,,
62227,30,30,30,,,
62228,6,16,16,,,
62229,24,24,24,,,
62230,39,9,9,,,
62231,24,24,16,,,
62232,24,10,10,,,
62233,4,4,4,,,
62234,28,28,8,,,
62235,16,16,16,,,
62236,24,24,10,,,
62237,16,16,16,,,
62238,10,16,16,,,
62239,24,34,24,,,
62240,28,28,28,,,
62241,29,23,5,,,
62242,36,36,36,,,
62243,24,24,24,,,
62244,16,30,16,,,
62245,24,24,24,,,
62246,16,16,16,,,
62247,28,10,24,,,
62248,24,24,16,,,
62249,30,30,30,,,
62250,5,5,5,,,
62251,24,24,24,,,
62253,28,24,26,,,
62254,24,16,24,,,
62255,24,4,4,,,
62256,28,20,28,,,
62257,2,34,34,,,
62258,10,37,36,,,
62259,16,16,16,,,
62260,10,2,2,,,
62261,16,16,16,,,
62262,10,10,10,,,
62264,30,30,30,,,
62265,16,16,16,,,
62266,30,24,10,,,
62267,16,16,16,,,
62268,34,20,34,,,
62269,27,16,16,,,
62270,16,16,16,,,
62271,37,10,10,,,
62272,24,16,24,,,
62273,30,30,30,,,
62274,16,16,16,,,
62275,27,27,19,,,
62276,16,16,16,,,
62277,24,24,24,,,
62278,4,16,30,,,
62279,4,24,4,,,
62280,29,24,24,,,
62281,24,16,16,,,
62282,8,8,8,,,
62283,0,34,34,,,
62284,16,16,16,,,
62285,25,16,16,,,
62286,24,16,16,,,
62287,16,16,16,,,
62289,27,16,16,,,
62290,26,26,31,,,
62291,30,30,30,,,
62292,16,24,24,,,
62293,16,16,16,,,
62294,34,34,34,,,
62295,24,24,24,,,
62296,3,4,4,,,
62297,16,16,16,,,
62298,24,24,24,,,
62299,23,4,10,,,
62300,24,24,24,,,
62301,37,2,37,,,
62302,4,4,4,,,
62303,28,28,28,,,
62304,18,24,24,,,
62305,28,28,28,,,
62306,24,16,16,,,
62307,23,24,31,,,
62308,16,16,16,,,
62309,30,4,38,,,
62310,24,16,16,,,
62311,24,24,24,,,
62312,16,16,16,,,
62313,16,16,16,,,
62314,24,24,10,,,
62315,27,19,27,,,
62316,24,24,24,,,
62317,16,16,16,,,
62318,24,24,24,,,
62319,2,23,2,,,
62320,24,24,10,,,
62321,27,16,27,,,
62322,16,16,16,,,
62323,16,16,16,,,
62324,24,24,24,,,
62325,30,30,30,,,
62326,28,8,8,,,
62327,28,28,28,,,
62328,20,16,20,,,
62329,16,16,16,,,
62330,9,34,34,,,
62331,26,26,26,,,
62332,16,16,16,,,
62333,26,34,34,,,
62334,34,34,20,,,
62335,16,16,16,,,
62336,16,16,16,,,
62337,16,30,16,,,
62338,20,34,34,,,
62339,8,24,24,,,
62340,36,10,36,,,
62341,34,34,34,,,
62342,5,4,4,,,
62343,16,16,16,,,
62344,16,16,16,,,
62539,19,19,19,,,
62721,36,26,36,,,
62855,3,24,24,,,
62892,16,16,16,,,
62903,19,19,19,,,
62924,1,16,16,,,
62927,33,2,36,,,
62934,16,16,16,,,
62952,16,16,16,,,
62956,8,5,19,,,
62984,24,24,24,,,
62989,24,34,24,,,
63003,22,2,2,,,
63014,16,16,16,,,
63019,18,16,5,,,
63021,8,8,8,,,
63022,34,34,34,,,
63024,16,16,16,,,
63025,27,24,27,,,
63026,5,5,19,,,
63027,30,30,30,,,
63028,24,24,24,,,
63029,26,24,26,,,
63030,28,28,28,,,
63031,6,38,6,,,
63032,13,10,10,,,
63033,1,16,28,,,
63035,24,34,20,,,
63036,24,24,24,,,
63038,34,24,24,,,
63039,24,24,24,,,
63040,26,26,26,,,
63041,16,16,16,,,
63042,10,10,10,,,
63043,16,16,16,,,
63044,16,16,16,,,
63045,36,10,10,,,
63046,28,28,28,,,
63047,5,19,19,,,
63048,2,2,10,,,
63049,24,24,24,,,
63050,16,16,16,,,
63051,24,24,24,,,
63052,5,23,5,,,
63054,16,16,16,,,
63055,24,24,24,,,
63056,4,4,4,,,
63057,24,24,24,,,
63058,3,23,24,,,
63059,27,16,16,,,
63060,11,24,10,,,
63061,11,19,19,,,
63062,4,4,36,,,
63063,34,34,34,,,
63064,16,16,16,,,
63065,30,30,30,,,
63066,16,16,16,,,
63067,24,24,24,,,
63068,24,24,24,,,
63069,28,28,28,,,
63070,24,24,27,,,
63071,5,16,5,,,
63072,16,16,16,,,
63073,16,16,16,,,
63074,24,30,10,,,
63075,10,10,27,,,
63076,4,4,4,,,
63078,24,10,10,,,
63079,3,31,31,,,
63080,16,16,16,,,
63082,23,4,30,,,
63083,27,16,16,,,
63084,30,30,30,,,
63085,16,16,16,,,
63086,24,16,16,,,
63087,24,24,24,,,
63088,8,4,4,,,
63089,30,30,30,,,
63090,30,30,30,,,
63091,25,16,16,,,
63092,24,24,24,,,
63093,16,16,16,,,
63094,8,34,5,,,
63095,16,16,16,,,
63096,24,16,16,,,
63097,24,24,24,,,
63098,9,34,34,,,
63099,30,30,30,,,
63100,24,24,27,,,
63101,16,16,16,,,
63102,16,16,16,,,
63103,30,30,30,,,
63104,24,24,24,,,
63106,38,38,38,,,
63107,31,24,24,,,
63108,16,16,16,,,
63109,26,24,24,,,
63110,21,24,24,,,
63111,28,28,28,,,
63112,27,27,27,,,
63113,38,38,38,,,
63114,8,4,8,,,
63115,24,30,26,,,
63116,8,28,28,,,
63117,16,16,16,,,
63118,4,4,4,,,
63119,26,30,30,,,
63120,28,28,28,,,
63121,10,16,10,,,
63122,31,24,24,,,
63123,24,5,5,,,
63125,30,30,30,,,
63126,30,16,30,,,
63127,30,16,16,,,
63128,16,16,16,,,
63129,30,30,30,,,
63130,19,19,19,,,
63131,5,23,5,,,
63132,36,36,26,,,
63133,4,30,30,,,
63134,24,24,24,,,
63135,4,37,23,,,
63136,26,30,26,,,
63137,30,30,30,,,
63138,24,24,24,,,
63139,24,24,24,,,
63140,28,28,28,,,
63141,38,38,31,,,
63143,24,24,24,,,
63144,26,36,24,,,
63145,24,16,16,,,
63146,34,34,34,,,
63147,31,24,24,,,
63148,24,16,24,,,
63149,24,24,10,,,
63150,30,30,30,,,
63151,30,30,30,,,
63152,4,4,4,,,
63153,13,24,24,,,
63154,16,16,16,,,
63155,16,16,16,,,
63156,16,16,16,,,
63157,16,16,16,,,
63186,30,30,30,,,
63193,28,28,28,,,
63198,27,19,27,,,
63199,30,24,30,,,
63202,24,30,30,,,
63237,11,10,10,,,
63261,8,5,5,,,
63287,16,16,16,,,
63299,28,28,28,,,
63307,30,24,31,,,
63333,8,8,8,,,
63334,16,16,16,,,
63336,24,36,36,,,
63337,16,16,16,,,
63339,24,24,10,,,
63346,16,16,16,,,
63390,30,37,31,,,
63405,5,5,5,,,
63410,3,26,26,,,
63424,16,16,16,,,
63426,5,5,5,,,
63428,30,30,30,,,
63429,30,30,30,,,
63431,24,24,24,,,
63432,10,10,24,,,
63433,28,16,26,,,
63434,28,28,28,,,
63435,16,24,16,,,
63436,25,16,16,,,
63437,24,24,24,,,
63438,27,16,27,,,
63440,10,24,24,,,
63441,16,16,16,,,
63442,31,30,30,,,
63443,27,27,27,,,
63444,16,16,16,,,
63445,16,16,16,,,
63446,5,37,37,,,
63447,29,5,5,,,
63448,31,24,24,,,
63449,2,2,22,,,
63451,13,24,24,,,
63452,24,24,24,,,
63453,37,37,37,,,
63454,30,30,30,,,
63455,10,30,30,,,
63458,16,16,16,,,
63459,23,23,23,,,
63460,16,16,16,,,
63461,24,16,24,,,
63462,22,22,2,,,
63463,24,24,24,,,
63464,16,16,16,,,
63465,10,24,10,,,
63466,24,24,4,,,
63467,5,5,8,,,
63468,6,23,23,,,
63469,28,28,28,,,
63470,30,30,30,,,
63471,24,24,24,,,
63472,16,16,16,,,
63473,9,34,34,,,
63474,16,16,16,,,
63475,30,31,31,,,
63476,17,26,26,,,
63477,30,30,30,,,
63478,30,30,30,,,
63479,24,24,24,,,
63480,30,30,30,,,
63481,30,30,30,,,
63482,28,28,28,,,
63483,34,34,34,,,
63484,24,10,10,,,
63486,24,24,24,,,
63487,6,31,31,,,
63488,30,30,30,,,
63489,16,16,16,,,
63490,27,16,16,,,
63491,6,38,6,,,
63492,24,16,16,,,
63493,30,30,30,,,
63494,30,30,30,,,
63495,16,16,16,,,
63496,24,24,24,,,
63497,16,16,4,,,
63498,33,2,2,,,
63499,27,16,27,,,
63500,24,24,16,,,
63501,30,30,30,,,
63502,16,16,16,,,
63503,16,16,16,,,
63504,24,24,4,,,
63505,2,24,5,,,
63506,16,16,16,,,
63507,30,30,30,,,
63508,25,16,16,,,
63509,30,30,30,,,
63510,16,5,5,,,
63511,28,28,28,,,
63512,24,10,10,,,
63513,28,8,28,,,
63514,24,16,16,,,
63515,17,16,16,,,
63516,24,24,24,,,
63517,8,5,8,,,
63518,30,30,30,,,
63519,16,24,24,,,
63520,23,4,2,,,
63521,30,30,30,,,
63522,24,16,16,,,
63523,30,30,30,,,
63524,30,30,30,,,
63525,30,30,30,,,
63526,6,30,30,,,
63527,30,30,30,,,
63528,27,27,27,,,
63529,9,28,9,,,
63530,10,2,2,,,
63531,24,24,24,,,
63532,24,24,24,,,
63533,24,24,24,,,
63534,4,24,4,,,
63535,8,28,28,,,
63536,31,30,30,,,
63537,30,30,30,,,
63538,26,24,26,,,
63539,16,16,16,,,
63540,24,24,24,,,
63541,24,24,24,,,
63542,30,30,30,,,
63543,24,19,24,,,
63544,16,16,16,,,
63545,24,24,4,,,
63546,30,24,30,,,
63547,3,10,10,,,
63548,16,16,16,,,
63549,27,16,16,,,
63550,24,24,24,,,
63551,30,30,30,,,
63552,24,24,24,,,
63553,30,30,30,,,
63554,24,31,31,,,
63555,24,24,30,,,
63556,5,5,5,,,
63557,36,36,36,,,
63558,16,16,16,,,
63559,24,24,24,,,
63560,25,16,25,,,
63561,24,24,24,,,
63562,24,24,24,,,
63563,28,28,28,,,
63564,24,30,27,,,
63565,10,30,30,,,
63566,25,16,16,,,
63567,28,28,28,,,
63568,16,16,16,,,
63569,24,24,4,,,
63570,24,10,10,,,
63571,16,16,16,,,
63572,26,34,34,,,
63573,30,30,30,,,
63574,24,30,30,,,
63575,30,30,30,,,
63576,24,10,24,,,
63577,24,24,24,,,
63578,3,30,30,,,
63579,4,4,4,,,
63580,30,30,30,,,
63581,16,16,16,,,
63582,17,16,16,,,
63583,8,8,8,,,
63585,24,16,30,,,
63586,20,5,20,,,
63587,34,34,34,,,
63588,34,34,34,,,
63589,38,30,30,,,
63590,30,30,30,,,
63591,5,36,4,,,
63592,2,10,19,,,
63593,5,34,34,,,
63594,28,28,28,,,
63595,4,4,4,,,
63596,33,24,10,,,
63597,6,16,16,,,
63598,30,30,30,,,
63599,16,16,16,,,
63600,27,16,16,,,
63601,4,24,10,,,
63602,24,24,24,,,
63603,16,16,16,,,
63604,33,2,2,,,
63605,4,34,2,,,
63606,16,16,16,,,
63607,27,16,16,,,
63608,24,30,30,,,
63609,28,28,28,,,
63610,16,16,16,,,
63611,30,26,30,,,
63612,4,5,5,,,
63613,24,24,24,,,
63614,24,24,24,,,
63615,38,38,38,,,
63616,16,24,16,,,
63617,30,30,10,,,
63618,30,16,30,,,
63619,16,16,16,,,
63620,34,34,34,,,
63621,5,16,24,,,
63622,6,23,27,,,
63623,24,24,24,,,
63624,16,16,16,,,
63625,28,28,28,,,
63626,10,10,10,,,
63627,16,16,16,,,
63628,24,24,24,,,
63629,10,24,10,,,
63630,24,24,24,,,
63631,18,24,24,,,
63632,16,16,16,,,
63633,16,16,16,,,
63634,27,27,27,,,
63635,24,16,24,,,
63636,16,16,16,,,
63637,8,5,19,,,
64081,27,16,27,,,
64113,2,2,2,,,
64138,24,24,24,,,
64180,6,16,16,,,
64228,26,26,26,,,
64234,28,28,28,,,
64241,24,24,24,,,
64246,1,16,16,,,
64287,5,5,5,,,
64295,16,16,4,,,
64307,7,26,26,,,
64316,16,16,16,,,
64328,8,8,8,,,
64331,30,30,30,,,
64339,8,8,8,,,
64342,13,24,24,,,
64343,16,16,16,,,
64344,27,8,8,,,
64345,16,16,16,,,
64346,24,16,16,,,
64347,10,16,10,,,
64348,16,16,16,,,
64349,30,30,30,,,
64350,16,16,16,,,
64351,2,2,2,,,
64352,5,4,5,,,
64353,16,16,16,,,
64354,17,16,16,,,
64355,13,19,26,,,
64356,34,34,34,,,
64357,31,24,24,,,
64358,2,10,10,,,
64359,16,16,16,,,
64360,10,16,16,,,
64361,31,31,31,,,
64362,21,28,28,,,
64363,14,28,34,,,
64364,2,2,2,,,
64365,24,30,10,,,
64366,10,2,2,,,
64367,16,16,16,,,
64368,24,24,24,,,
64369,24,28,24,,,
64370,16,16,16,,,
64371,30,30,30,,,
64372,26,16,16,,,
64373,28,28,28,,,
64374,16,16,16,,,
64375,5,5,5,,,
64376,16,16,16,,,
64377,2,2,10,,,
64378,24,24,24,,,
64379,36,4,4,,,
64380,16,16,16,,,
64381,4,4,4,,,
64382,28,24,28,,,
64383,23,4,4,,,
64384,13,24,24,,,
64386,38,38,38,,,
64387,24,24,24,,,
64388,16,16,16,,,
64389,28,8,8,,,
64390,16,16,16,,,
64391,8,8,8,,,
64392,24,24,24,,,
64393,3,26,26,,,
64394,3,26,38,,,
64395,23,23,31,,,
64396,23,26,3,,,
64397,27,27,27,,,
64398,31,26,31,,,
64400,24,24,19,,,
64401,16,16,16,,,
64402,16,16,16,,,
64403,30,30,30,,,
64404,25,16,16,,,
64405,28,28,28,,,
64406,16,16,16,,,
64407,16,16,16,,,
64408,34,34,34,,,
64409,26,34,34,,,
64410,16,16,16,,,
64411,23,5,5,,,
64412,16,16,16,,,
64413,34,34,34,,,
64415,24,16,16,,,
64416,34,34,34,,,
64417,16,16,16,,,
64418,24,34,34,,,
64419,16,16,16,,,
64420,4,30,30,,,
64421,13,10,24,,,
64422,27,24,27,,,
64423,8,8,8,,,
64424,28,28,28,,,
64425,2,2,9,,,
64426,16,16,16,,,
64427,16,16,16,,,
64428,3,31,31,,,
64429,36,10,36,,,
64430,19,19,34,,,
64431,16,16,16,,,
64432,16,16,16,,,
64434,3,4,4,,,
64435,19,27,19,,,
64436,5,4,4,,,
64437,24,9,34,,,
64438,24,16,16,,,
64439,24,24,24,,,
64440,13,10,10,,,
64441,24,24,4,,,
64442,16,16,16,,,
64443,27,24,10,,,
64444,24,16,16,,,
64445,24,24,24,,,
64446,36,36,36,,,
64447,24,24,24,,,
64448,27,10,19,,,
64449,16,16,16,,,
64450,27,27,27,,,
64451,30,24,30,,,
64452,16,16,16,,,
64453,24,24,24,,,
64454,31,16,16,,,
64458,16,16,16,,,
64469,24,20,16,,,
64482,16,16,16,,,
64499,24,10,24,,,
64516,24,24,24,,,
64529,6,24,24,,,
64534,30,30,30,,,
64536,36,36,36,,,
64557,10,24,24,,,
64563,24,16,24,,,
64567,24,34,26,,,
64568,4,4,4,,,
64602,24,24,10,,,
64618,4,4,4,,,
64621,5,4,4,,,
64639,37,37,37,,,
64642,30,30,30,,,
64647,24,24,24,,,
64660,9,34,34,,,
64664,22,2,2,,,
64665,24,24,24,,,
64680,24,24,10,,,
64690,30,30,30,,,
64691,30,30,30,,,
64705,30,30,30,,,
64707,31,26,26,,,
64709,24,26,26,,,
64723,27,10,10,,,
64725,4,4,26,,,
64734,30,30,30,,,
64740,26,24,26,,,
64741,9,36,36,,,
64743,24,24,24,,,
64744,31,30,30,,,
64745,30,30,16,,,
64746,25,16,25,,,
64747,8,5,8,,,
64748,8,5,8,,,
64749,16,16,16,,,
64750,16,16,16,,,
64751,30,30,30,,,
64752,31,24,24,,,
64753,16,16,24,,,
64754,16,16,16,,,
64755,16,16,16,,,
64756,34,24,24,,,
64757,9,34,20,,,
64758,16,16,16,,,
64759,24,24,24,,,
64761,10,24,16,,,
64764,31,16,16,,,
64765,28,28,28,,,
64766,16,34,26,,,
64767,16,24,16,,,
64768,11,10,10,,,
64770,17,16,16,,,
64772,30,30,30,,,
64773,24,16,16,,,
64775,30,30,30,,,
64776,13,24,31,,,
64777,31,24,24,,,
64778,28,8,8,,,
64779,5,5,5,,,
64780,6,24,24,,,
64781,16,16,16,,,
64782,30,30,38,,,
64783,16,16,16,,,
64784,31,30,30,,,
64785,24,16,24,,,
64787,16,16,16,,,
64788,28,28,28,,,
64789,31,24,24,,,
64790,24,30,30,,,
64791,16,16,16,,,
64792,16,16,16,,,
64793,30,30,30,,,
64794,16,16,16,,,
64795,16,16,16,,,
64796,24,24,24,,,
64797,4,24,34,,,
64798,4,4,4,,,
64799,16,16,16,,,
64800,20,20,20,,,
64801,28,28,28,,,
64802,30,30,30,,,
64803,24,24,24,,,
64804,16,16,16,,,
64805,36,36,36,,,
64806,24,24,24,,,
64807,26,26,26,,,
64808,16,16,16,,,
64809,24,16,24,,,
64810,27,16,16,,,
64811,24,24,24,,,
64812,24,24,30,,,
64813,16,16,16,,,
64814,24,24,24,,,
64815,5,28,28,,,
64816,16,16,16,,,
64817,24,26,24,,,
64818,24,16,16,,,
64819,27,24,10,,,
64820,30,30,30,,,
64821,4,4,26,,,
64822,15,5,5,,,
64823,27,27,27,,,
64824,8,8,8,,,
64825,4,4,4,,,
64826,16,16,16,,,
64827,31,30,31,,,
64828,16,16,16,,,
64829,24,16,16,,,
64830,23,30,30,,,
64831,16,16,16,,,
64832,27,10,10,,,
64833,16,16,16,,,
64834,4,4,4,,,
64835,16,16,16,,,
64836,28,28,28,,,
64837,24,5,5,,,
64838,24,24,24,,,
64839,27,24,10,,,
64840,2,2,2,,,
64841,30,30,30,,,
64842,16,16,16,,,
64843,24,24,24,,,
64844,27,24,27,,,
64845,30,30,30,,,
64846,34,34,34,,,
64847,4,16,4,,,
64848,1,26,26,,,
64849,24,24,24,,,
64850,34,34,34,,,
64851,4,24,24,,,
64853,16,16,16,,,
64854,30,30,26,,,
64855,8,8,8,,,
64856,28,28,28,,,
64857,26,26,3,,,
64858,28,28,28,,,
64859,34,34,26,,,
64860,24,24,24,,,
64861,16,16,16,,,
64862,16,16,16,,,
64863,3,26,26,,,
64864,24,24,24,,,
64865,24,16,4,,,
64866,24,24,24,,,
64867,36,10,36,,,
64868,28,28,28,,,
64869,36,36,36,,,
64870,34,34,39,,,
64871,30,30,30,,,
64872,16,16,16,,,
64873,16,16,16,,,
64874,4,23,4,,,
64875,24,24,24,,,
64876,2,2,2,,,
64877,30,30,30,,,
64878,18,24,24,,,
64879,30,30,30,,,
64880,24,24,24,,,
64881,18,19,19,,,
64882,30,30,30,,,
64883,24,24,24,,,
64884,6,31,26,,,
64885,16,16,16,,,
64886,16,16,16,,,
64887,36,36,36,,,
64888,2,10,10,,,
64889,34,34,34,,,
64890,8,4,4,,,
64891,16,16,16,,,
64892,16,16,16,,,
64893,24,24,24,,,
64894,36,36,36,,,
64895,30,30,30,,,
64896,10,24,27,,,
64897,34,34,34,,,
64898,16,16,16,,,
64899,27,27,27,,,
64900,27,16,16,,,
64901,24,24,24,,,
64902,10,10,10,,,
64903,27,27,27,,,
64904,30,30,30,,,
64905,31,30,30,,,
64906,24,24,24,,,
64907,16,16,16,,,
64908,16,24,24,,,
64909,28,5,5,,,
64910,16,16,16,,,
64911,10,10,10,,,
64912,8,5,8,,,
64913,6,23,23,,,
64914,24,24,10,,,
64915,16,16,16,,,
64916,16,16,16,,,
64917,4,4,4,,,
64918,24,16,16,,,
64919,28,28,28,,,
64920,16,16,16,,,
64921,16,16,16,,,
64922,30,30,30,,,
64923,16,16,16,,,
64924,5,34,37,,,
64925,20,5,10,,,
64926,30,30,30,,,
64927,4,28,8,,,
64928,16,24,24,,,
64929,5,24,10,,,
64930,24,24,24,,,
64931,31,4,4,,,
64932,28,28,9,,,
64933,24,24,24,,,
64934,30,30,30,,,
64935,37,24,34,,,
64936,16,16,16,,,
64937,10,10,10,,,
64938,24,24,24,,,
64939,28,28,28,,,
64940,24,16,16,,,
64941,23,4,4,,,
64942,30,30,30,,,
64943,24,16,16,,,
64944,3,24,4,,,
64945,24,24,24,,,
64946,16,16,16,,,
64947,16,16,16,,,
64948,30,30,30,,,
64949,24,24,24,,,
64950,30,30,30,,,
64951,34,34,5,,,
64952,27,10,27,,,
64953,16,16,16,,,
64954,24,26,24,,,
64955,16,16,16,,,
64956,30,30,30,,,
64957,24,10,10,,,
64958,16,16,16,,,
64959,22,37,5,,,
64960,28,34,28,,,
64961,24,16,16,,,
64962,34,36,36,,,
64963,24,24,24,,,
64964,34,34,34,,,
64965,24,24,24,,,
64966,10,10,10,,,
64967,16,16,16,,,
64968,37,26,26,,,
64969,34,34,34,,,
64970,16,16,16,,,
64971,13,24,24,,,
64972,34,34,34,,,
64973,24,16,16,,,
64974,24,16,16,,,
64975,24,24,4,,,
64976,28,28,28,,,
64977,24,24,19,,,
64978,8,4,4,,,
64979,30,30,30,,,
64980,8,28,28,,,
64981,24,24,24,,,
64982,30,30,30,,,
64983,34,2,9,,,
64984,16,16,16,,,
64985,16,16,16,,,
64986,4,24,24,,,
64987,8,8,8,,,
64988,4,24,24,,,
64989,35,34,34,,,
64990,16,16,16,,,
64991,16,16,16,,,
64992,30,30,30,,,
64993,30,30,30,,,
65417,26,10,36,,,
65486,5,5,5,,,
65530,5,5,5,,,
65552,30,30,30,,,
65575,25,16,16,,,
65592,16,16,16,,,
65599,29,4,28,,,
65604,19,19,19,,,
65615,7,19,19,,,
65646,16,16,16,,,
65669,31,30,30,,,
65674,10,10,10,,,
65680,26,16,16,,,
65681,3,5,19,,,
65683,24,30,16,,,
65689,24,24,24,,,
65690,16,16,16,,,
65691,24,24,5,,,
65692,16,16,16,,,
65693,23,10,27,,,
65694,16,16,16,,,
65695,16,16,16,,,
65696,3,23,19,,,
65697,24,24,24,,,
65698,24,16,24,,,
65699,16,16,24,,,
65700,4,26,26,,,
65701,16,16,16,,,
65703,24,24,24,,,
65704,11,4,4,,,
65705,27,16,16,,,
65706,5,5,5,,,
65707,28,28,28,,,
65708,24,16,16,,,
65709,31,24,24,,,
65710,16,16,16,,,
65711,26,26,26,,,
65712,24,16,24,,,
65713,16,16,16,,,
65714,4,23,4,,,
65715,6,30,30,,,
65716,27,27,27,,,
65717,16,16,16,,,
65718,19,24,24,,,
65719,13,24,24,,,
65720,5,5,5,,,
65721,27,27,27,,,
65722,27,24,24,,,
65723,16,16,16,,,
65724,24,24,24,,,
65725,39,20,9,,,
65726,28,28,28,,,
65727,34,34,34,,,
65728,25,16,24,,,
65729,30,30,30,,,
65730,27,24,24,,,
65731,16,16,16,,,
65732,23,23,23,,,
65733,30,30,30,,,
65734,16,16,16,,,
65735,16,16,16,,,
65736,11,36,36,,,
65738,13,24,24,,,
65739,24,24,31,,,
65740,27,16,16,,,
65741,16,16,16,,,
65742,24,24,10,,,
65743,30,30,30,,,
65744,16,16,16,,,
65745,16,16,16,,,
65746,34,34,34,,,
65747,24,16,16,,,
65748,18,19,19,,,
65749,6,16,16,,,
65750,26,10,10,,,
65751,28,8,8,,,
65752,24,24,24,,,
65753,16,16,16,,,
65754,16,16,16,,,
65755,16,30,16,,,
65756,24,16,16,,,
65757,16,16,16,,,
65758,24,24,24,,,
65759,24,16,24,,,
65760,19,5,4,,,
65761,24,24,24,,,
65762,16,16,16,,,
65763,16,16,16,,,
65764,8,28,8,,,
65765,27,24,24,,,
65766,24,24,24,,,
65767,34,36,36,,,
65768,1,28,25,,,
65769,30,30,30,,,
65770,16,16,16,,,
65771,26,24,24,,,
65772,28,28,28,,,
65773,5,5,5,,,
65774,16,16,16,,,
65775,28,28,28,,,
65776,24,24,24,,,
65777,27,27,27,,,
65778,34,34,34,,,
65779,19,24,24,,,
65780,15,5,5,,,
65781,24,16,24,,,
65782,24,24,24,,,
65783,2,2,2,,,
65784,31,10,24,,,
65785,24,24,24,,,
65786,3,4,4,,,
65787,16,16,16,,,
65788,16,16,16,,,
65789,16,16,16,,,
65790,24,24,16,,,
65791,24,16,24,,,
65792,24,16,16,,,
65793,6,23,23,,,
65794,16,16,16,,,
65795,24,24,24,,,
65796,24,24,24,,,
65797,36,36,36,,,
65798,24,24,24,,,
65799,30,30,30,,,
65800,24,24,24,,,
65801,30,30,30,,,
65802,23,23,23,,,
65803,24,24,10,,,
65804,24,24,24,,,
65805,16,16,16,,,
65806,24,24,24,,,
65807,24,24,24,,,
65808,30,30,30,,,
65818,24,30,24,,,
65824,27,16,27,,,
65825,3,26,31,,,
65832,8,8,8,,,
65836,4,24,4,,,
65838,30,30,30,,,
65848,16,16,16,,,
65851,16,16,16,,,
65868,24,24,24,,,
65878,24,24,24,,,
65886,24,24,10,,,
65902,30,30,30,,,
65905,26,24,26,,,
65924,21,5,5,,,
65933,24,24,24,,,
65941,30,30,30,,,
65949,3,16,16,,,
65958,8,4,4,,,
65989,24,16,16,,,
65990,27,16,16,,,
66012,16,16,16,,,
66020,24,10,34,,,
66040,23,24,24,,,
66044,1,16,16,,,
66046,30,30,31,,,
66047,30,30,30,,,
66049,37,9,34,,,
66056,34,34,34,,,
66070,28,28,28,,,
66090,4,4,4,,,
66091,24,30,30,,,
66092,15,5,5,,,
66093,24,24,24,,,
66094,34,34,34,,,
66095,5,16,16,,,
66096,16,16,16,,,
66097,23,23,23,,,
66099,16,16,16,,,
66100,5,16,16,,,
66101,13,24,24,,,
66102,10,10,10,,,
66103,28,28,28,,,
66104,25,16,16,,,
66105,24,24,24,,,
66106,16,16,16,,,
66107,16,16,16,,,
66108,36,10,24,,,
66109,16,16,16,,,
66110,16,16,16,,,
66111,16,16,16,,,
66112,24,24,24,,,
66115,16,16,16,,,
66116,10,30,10,,,
66117,24,24,24,,,
66118,34,34,34,,,
66119,6,10,30,,,
66120,16,16,16,,,
66121,20,20,39,,,
66122,16,16,16,,,
66123,24,16,16,,,
66124,24,24,31,,,
66125,20,20,20,,,
66126,30,3,31,,,
66127,6,10,10,,,
66128,16,16,16,,,
66129,18,28,28,,,
66130,30,30,30,,,
66131,26,30,31,,,
66132,16,16,16,,,
66133,16,16,16,,,
66134,23,23,31,,,
66135,16,16,16,,,
66136,28,28,28,,,
66137,4,30,30,,,
66138,24,24,10,,,
66139,6,16,23,,,
66140,4,4,4,,,
66141,27,24,27,,,
66142,30,30,30,,,
66143,26,34,26,,,
66144,10,36,36,,,
66145,8,4,4,,,
66146,16,16,16,,,
66147,24,24,10,,,
66148,24,24,24,,,
66149,4,4,4,,,
66150,20,34,20,,,
66151,24,24,24,,,
66152,30,30,30,,,
66153,24,10,10,,,
66154,11,24,10,,,
66155,24,24,24,,,
66156,16,16,16,,,
66157,16,16,16,,,
66158,30,30,30,,,
66159,39,34,9,,,
66160,30,30,30,,,
66161,30,30,30,,,
66162,30,30,30,,,
66163,30,30,30,,,
66164,28,28,28,,,
66165,5,16,16,,,
66166,28,28,28,,,
66167,5,34,34,,,
66168,28,28,28,,,
66169,30,30,30,,,
66170,10,10,10,,,
66171,34,34,34,,,
66172,30,30,30,,,
66173,27,24,27,,,
66174,31,24,31,,,
66175,16,16,16,,,
66176,24,30,30,,,
66177,24,24,24,,,
66178,30,30,30,,,
66179,28,28,28,,,
66180,36,36,36,,,
66181,5,24,24,,,
66182,8,28,28,,,
66183,16,24,24,,,
66184,24,16,16,,,
66185,24,24,24,,,
66186,34,34,34,,,
66187,5,5,5,,,
66188,16,16,16,,,
66189,5,5,5,,,
66190,16,16,16,,,
66191,24,10,27,,,
66192,24,24,24,,,
66193,30,30,30,,,
66194,24,16,16,,,
66195,24,30,31,,,
66196,4,16,16,,,
66197,29,16,16,,,
66198,24,10,10,,,
66199,16,16,16,,,
66200,24,24,4,,,
66201,26,26,26,,,
66202,31,30,16,,,
66203,9,34,34,,,
66204,24,24,24,,,
66205,30,30,30,,,
66206,16,16,16,,,
66207,30,30,30,,,
66208,16,16,16,,,
66209,24,24,16,,,
66210,30,30,30,,,
66211,30,24,24,,,
66212,24,24,24,,,
66213,16,16,16,,,
66214,28,28,28,,,
66215,24,24,24,,,
66216,24,16,16,,,
66217,30,30,30,,,
66218,24,24,24,,,
66219,24,16,16,,,
66220,30,24,30,,,
66221,24,24,16,,,
66222,30,30,30,,,
66223,24,24,24,,,
66224,24,24,24,,,
66225,5,34,34,,,
66226,3,4,8,,,
66227,24,24,24,,,
66228,24,10,10,,,
66229,3,26,26,,,
66230,26,26,26,,,
66231,6,16,16,,,
66232,31,30,30,,,
66233,10,10,10,,,
66234,5,28,34,,,
66235,24,16,16,,,
66236,4,38,4,,,
66237,16,16,16,,,
66238,24,37,37,,,
66239,16,16,16,,,
66240,28,10,38,,,
66241,30,30,30,,,
66242,34,34,34,,,
66243,10,24,16,,,
66244,28,28,28,,,
66245,28,28,28,,,
66246,24,16,16,,,
66247,24,16,24,,,
66248,29,5,5,,,
66249,6,26,24,,,
66250,24,24,24,,,
66251,24,24,24,,,
66252,16,16,16,,,
66253,27,19,19,,,
66254,5,28,28,,,
66255,22,5,5,,,
66256,30,30,30,,,
66257,16,16,27,,,
66258,1,16,37,,,
66259,16,16,16,,,
66260,24,24,24,,,
66261,3,10,10,,,
66262,6,4,4,,,
66263,28,16,24,,,
66264,24,24,24,,,
66265,7,28,19,,,
66266,10,24,10,,,
66267,24,24,24,,,
66268,5,23,23,,,
66269,5,24,24,,,
66270,27,27,27,,,
66271,16,16,16,,,
66272,10,30,30,,,
66273,24,24,24,,,
66274,9,34,34,,,
66275,24,24,24,,,
66276,30,30,30,,,
66277,5,4,4,,,
66278,26,26,3,,,
66279,8,8,8,,,
66280,31,24,24,,,
66281,3,23,27,,,
66282,24,16,16,,,
66283,1,16,16,,,
66284,28,28,28,,,
66285,16,16,16,,,
66286,28,28,28,,,
66287,34,34,34,,,
66288,28,28,28,,,
66289,24,10,24,,,
66290,1,16,16,,,
66291,8,8,8,,,
66292,4,4,4,,,
66293,13,16,24,,,
66294,10,24,24,,,
66295,24,28,19,,,
66296,24,30,16,,,
66297,5,23,5,,,
66298,24,24,24,,,
66299,16,16,16,,,
66300,27,16,27,,,
66301,6,23,38,,,
66302,24,24,24,,,
66303,34,26,26,,,
66304,24,16,16,,,
66305,24,24,24,,,
66306,13,24,24,,,
66307,24,24,24,,,
66308,24,30,10,,,
66309,5,34,5,,,
66310,28,28,28,,,
66311,5,4,4,,,
66312,24,24,24,,,
66313,24,24,10,,,
66314,24,16,24,,,
66315,28,5,5,,,
66316,16,16,16,,,
66317,16,24,24,,,
66318,24,24,10,,,
66319,10,24,10,,,
66320,8,8,8,,,
66321,24,24,24,,,
66322,20,34,20,,,
66323,20,34,20,,,
66324,2,2,2,,,
66325,25,16,16,,,
66326,10,24,24,,,
66327,28,28,28,,,
66328,10,31,6,,,
66329,24,24,24,,,
66330,5,34,34,,,
66331,16,16,16,,,
66332,24,24,24,,,
66333,24,24,24,,,
66334,16,30,16,,,
66335,28,28,4,,,
66336,16,16,16,,,
66337,30,30,30,,,
66338,27,16,27,,,
66339,30,30,30,,,
66340,30,30,30,,,
66745,16,16,16,,,
66779,36,19,19,,,
66834,26,26,26,,,
66855,24,16,24,,,
66861,16,16,16,,,
66878,7,28,28,,,
66901,24,19,24,,,
66945,16,16,16,,,
66946,16,16,16,,,
66947,19,8,19,,,
66950,16,16,16,,,
66967,16,16,16,,,
66968,14,28,28,,,
66983,24,16,16,,,
66985,28,28,28,,,
66994,16,30,16,,,
66998,8,24,24,,,
67004,16,16,16,,,
67008,25,30,30,,,
67009,24,24,24,,,
67012,28,8,28,,,
67013,16,30,16,,,
67014,3,26,26,,,
67015,5,16,16,,,
67016,28,8,28,,,
67017,16,16,16,,,
67018,24,10,24,,,
67019,24,16,24,,,
67020,24,16,16,,,
67021,16,16,16,,,
67022,10,24,10,,,
67023,16,16,16,,,
67024,24,16,24,,,
67025,24,16,24,,,
67027,5,5,5,,,
67028,24,24,24,,,
67029,16,16,16,,,
67030,13,24,24,,,
67031,30,30,30,,,
67032,16,16,16,,,
67033,24,24,24,,,
67034,24,24,24,,,
67035,16,16,16,,,
67036,30,30,30,,,
67037,39,34,34,,,
67038,24,24,24,,,
67039,30,30,30,,,
67040,36,4,4,,,
67041,24,24,24,,,
67042,27,27,27,,,
67043,15,5,5,,,
67044,24,5,5,,,
67045,24,24,10,,,
67047,16,16,16,,,
67048,19,10,10,,,
67049,33,2,22,,,
67050,24,16,24,,,
67051,19,19,19,,,
67052,24,16,16,,,
67053,23,16,31,,,
67054,16,16,16,,,
67055,23,3,38,,,
67056,16,16,16,,,
67057,16,16,16,,,
67058,16,16,16,,,
67059,28,28,28,,,
67060,23,5,10,,,
67061,27,24,10,,,
67062,16,24,24,,,
67063,33,19,19,,,
67064,36,34,36,,,
67065,34,2,9,,,
67066,19,26,26,,,
67067,23,23,23,,,
67068,30,30,30,,,
67069,24,24,24,,,
67070,16,24,24,,,
67071,10,10,10,,,
67072,30,30,30,,,
67073,5,5,5,,,
67074,34,34,34,,,
67075,9,9,9,,,
67076,24,24,24,,,
67077,24,24,24,,,
67078,2,2,2,,,
67079,16,24,16,,,
67080,16,16,16,,,
67081,16,16,16,,,
67082,34,34,39,,,
67083,16,16,16,,,
67084,34,34,34,,,
67085,6,16,16,,,
67086,18,28,4,,,
67087,16,16,16,,,
67088,27,16,16,,,
67089,28,8,8,,,
67090,24,24,24,,,
67091,24,24,24,,,
67092,4,4,4,,,
67093,16,16,16,,,
67094,6,31,23,,,
67095,24,16,16,,,
67096,16,16,16,,,
67097,5,5,5,,,
67098,24,24,24,,,
67099,23,23,23,,,
67100,24,24,24,,,
67101,31,30,30,,,
67102,28,28,24,,,
67103,37,34,34,,,
67104,16,16,16,,,
67105,10,24,10,,,
67106,4,4,4,,,
67107,2,2,2,,,
67108,13,24,24,,,
67109,24,24,24,,,
67110,24,16,16,,,
67111,5,34,5,,,
67112,24,24,24,,,
67113,28,28,28,,,
67114,24,16,16,,,
67115,24,10,10,,,
67116,30,30,30,,,
67118,24,16,16,,,
67132,30,30,30,,,
67135,28,28,28,,,
67136,24,16,24,,,
67137,6,31,31,,,
67160,9,34,34,,,
67161,31,30,30,,,
67176,11,24,10,,,
67183,30,30,30,,,
67196,30,30,30,,,
67220,16,16,16,,,
67224,16,16,16,,,
67234,30,30,30,,,
67269,24,24,24,,,
67280,30,30,30,,,
67281,24,24,24,,,
67282,27,24,10,,,
67328,24,24,24,,,
67331,19,19,19,,,
67334,16,16,16,,,
67348,16,16,16,,,
67353,16,16,16,,,
67389,28,28,28,,,
67419,16,16,16,,,
67427,16,16,16,,,
67434,24,10,10,,,
67436,33,9,9,,,
67437,20,16,16,,,
67438,16,16,16,,,
67439,38,38,38,,,
67440,16,16,16,,,
67441,24,16,24,,,
67442,24,24,24,,,
67443,24,24,24,,,
67445,28,28,28,,,
67446,24,24,10,,,
67447,16,16,16,,,
67448,16,30,16,,,
67449,30,30,30,,,
67450,30,30,30,,,
67451,23,5,5,,,
67452,16,16,16,,,
67453,1,16,16,,,
67454,27,30,27,,,
67455,28,28,28,,,
67456,16,16,16,,,
67457,22,2,22,,,
67458,30,30,30,,,
67459,4,31,4,,,
67460,3,24,24,,,
67461,25,30,30,,,
67462,28,28,28,,,
67463,4,28,8,,,
67464,23,2,10,,,
67465,38,38,38,,,
67466,23,16,30,,,
67467,16,16,16,,,
67468,8,28,28,,,
67469,39,34,34,,,
67470,22,2,22,,,
67471,13,34,24,,,
67473,16,16,16,,,
67474,26,26,26,,,
67475,10,16,16,,,
67476,16,16,16,,,
67477,30,30,30,,,
67478,16,30,16,,,
67479,36,36,36,,,
67480,24,36,4,,,
67481,24,24,24,,,
67482,16,16,16,,,
67483,4,4,4,,,
67484,8,5,5,,,
67485,16,16,16,,,
67486,10,10,10,,,
67487,30,30,30,,,
67488,4,4,8,,,
67489,16,16,16,,,
67490,24,16,16,,,
67491,17,28,24,,,
67492,24,10,10,,,
67493,16,16,16,,,
67494,27,16,27,,,
67495,24,16,24,,,
67496,16,16,16,,,
67497,16,16,16,,,
67498,30,30,30,,,
67499,24,24,24,,,
67500,30,30,30,,,
67501,16,16,16,,,
67502,16,16,16,,,
67503,28,28,28,,,
67504,30,30,30,,,
67505,24,24,24,,,
67506,30,30,30,,,
67507,16,16,16,,,
67508,16,16,16,,,
67509,24,24,24,,,
67510,24,24,24,,,
67511,28,28,28,,,
67512,4,4,4,,,
67513,31,24,24,,,
67514,4,4,4,,,
67515,27,16,16,,,
67516,27,16,16,,,
67517,16,16,16,,,
67518,24,24,24,,,
67519,24,24,31,,,
67520,16,16,16,,,
67521,26,26,26,,,
67522,28,16,24,,,
67523,28,28,28,,,
67524,27,27,27,,,
67525,31,24,24,,,
67526,24,24,31,,,
67527,24,24,24,,,
67528,8,8,8,,,
67529,16,16,16,,,
67530,16,16,16,,,
67531,16,16,16,,,
67532,24,24,24,,,
67533,5,16,16,,,
67534,24,24,24,,,
67535,24,10,24,,,
67536,5,5,5,,,
67537,16,16,16,,,
67538,24,24,24,,,
67539,16,16,16,,,
67540,30,30,30,,,
67541,24,24,24,,,
67542,24,24,16,,,
67543,8,8,8,,,
67544,16,16,16,,,
67545,24,24,24,,,
67546,8,4,8,,,
67547,16,16,16,,,
67548,30,30,30,,,
67549,10,10,10,,,
67550,16,16,16,,,
67551,24,24,24,,,
67552,16,16,16,,,
67553,24,24,24,,,
67554,16,16,16,,,
67555,24,24,16,,,
67556,30,30,30,,,
67557,27,27,27,,,
67558,2,2,2,,,
67559,24,24,10,,,
67560,16,16,16,,,
67561,4,4,4,,,
67562,30,30,16,,,
67563,30,30,30,,,
67564,16,16,16,,,
67565,30,30,30,,,
67566,3,23,23,,,
67567,31,26,31,,,
67568,24,24,24,,,
67569,5,34,34,,,
67570,16,16,16,,,
67571,30,30,30,,,
67572,24,24,24,,,
67573,4,24,4,,,
67574,26,26,26,,,
67575,24,24,34,,,
67576,24,16,16,,,
67577,26,26,26,,,
67578,24,10,10,,,
67579,30,30,30,,,
67580,30,30,30,,,
67581,7,38,38,,,
67582,5,16,16,,,
67583,4,10,10,,,
67584,24,24,24,,,
67585,16,16,16,,,
67586,16,16,16,,,
67587,16,16,16,,,
67588,10,23,26,,,
67589,10,30,30,,,
67590,23,2,2,,,
67591,16,16,16,,,
67592,24,24,24,,,
67593,24,24,24,,,
67594,23,10,23,,,
67595,16,16,16,,,
67596,24,24,10,,,
67597,29,5,5,,,
67598,16,16,16,,,
67599,24,24,24,,,
67600,22,2,2,,,
67601,4,27,27,,,
67602,38,30,30,,,
67603,18,24,24,,,
67604,30,16,30,,,
67605,24,16,16,,,
67606,5,16,24,,,
67607,28,28,28,,,
67608,24,24,4,,,
67609,10,10,22,,,
67610,24,24,24,,,
67611,10,10,10,,,
67612,27,16,27,,,
67613,4,4,8,,,
67614,24,24,24,,,
67615,24,24,24,,,
67616,16,16,16,,,
67617,24,24,24,,,
67618,24,16,16,,,
67619,3,36,36,,,
67620,26,26,31,,,
67621,24,24,24,,,
67622,24,24,24,,,
67623,27,27,27,,,
67624,4,4,4,,,
67625,13,24,24,,,
67626,10,10,10,,,
67627,28,28,28,,,
67628,16,16,16,,,
67629,24,24,24,,,
67630,24,10,10,,,
67631,24,24,24,,,
67632,24,24,24,,,
67633,24,24,10,,,
67634,16,16,16,,,
67635,24,30,30,,,
67636,8,28,8,,,
67637,16,16,16,,,
67638,23,38,38,,,
67639,28,28,28,,,
67640,24,24,24,,,
67641,34,28,28,,,
67642,16,30,30,,,
67643,24,16,16,,,
67644,16,16,16,,,
67645,10,30,30,,,
67646,16,16,16,,,
67647,27,16,16,,,
67648,34,34,34,,,
67649,24,24,24,,,
67650,30,30,30,,,
67651,16,16,16,,,
67652,13,24,24,,,
67653,10,30,10,,,
67654,24,24,24,,,
67655,30,30,30,,,
67656,27,27,27,,,
67657,24,24,24,,,
67658,31,30,31,,,
67659,27,16,27,,,
67660,27,27,27,,,
67661,27,16,27,,,
67662,16,16,16,,,
67663,10,34,27,,,
67664,2,9,39,,,
67665,37,24,37,,,
67666,28,19,24,,,
67667,36,4,8,,,
67668,4,16,16,,,
67669,24,24,30,,,
67670,16,24,24,,,
67671,29,4,4,,,
68016,8,4,8,,,
68022,31,30,31,,,
68031,30,30,30,,,
68062,16,16,16,,,
68133,37,26,4,,,
68199,27,27,27,,,
68205,26,26,26,,,
68216,16,16,4,,,
68223,7,16,24,,,
68249,27,27,27,,,
68270,28,28,28,,,
68292,24,3,10,,,
68300,24,16,24,,,
68308,27,16,16,,,
68309,24,24,24,,,
68310,10,5,10,,,
68311,24,24,24,,,
68312,28,28,28,,,
68313,8,5,5,,,
68314,29,5,8,,,
68315,34,28,34,,,
68316,16,16,16,,,
68318,30,24,24,,,
68319,4,16,4,,,
68320,16,16,16,,,
68321,24,28,28,,,
68322,16,16,16,,,
68323,24,16,16,,,
68324,34,34,34,,,
68325,10,10,10,,,
68326,27,24,10,,,
68327,16,16,16,,,
68328,28,28,28,,,
68329,10,10,10,,,
68330,10,10,10,,,
68331,24,16,16,,,
68332,37,26,4,,,
68333,24,24,24,,,
68334,9,28,34,,,
68335,4,28,28,,,
68336,16,16,16,,,
68337,34,34,5,,,
68338,4,5,8,,,
68339,16,16,16,,,
68340,27,16,16,,,
68341,28,28,28,,,
68342,16,16,16,,,
68343,28,28,28,,,
68344,16,16,16,,,
68345,28,28,28,,,
68346,4,4,4,,,
68347,16,16,16,,,
68348,24,24,24,,,
68349,16,16,16,,,
68350,9,34,34,,,
68351,24,24,10,,,
68352,22,28,2,,,
68353,24,24,26,,,
68354,10,31,10,,,
68355,24,24,24,,,
68356,27,16,16,,,
68357,19,2,2,,,
68358,16,16,16,,,
68359,20,34,34,,,
68360,27,19,27,,,
68361,16,16,16,,,
68362,28,28,28,,,
68363,37,24,10,,,
68364,28,8,8,,,
68365,4,4,4,,,
68366,16,16,16,,,
68367,16,16,16,,,
68368,22,2,2,,,
68369,38,38,38,,,
68370,24,24,24,,,
68371,30,30,30,,,
68372,16,16,16,,,
68373,28,28,28,,,
68374,16,16,16,,,
68375,28,8,8,,,
68376,28,8,28,,,
68377,34,9,9,,,
68378,18,16,13,,,
68379,23,23,19,,,
68380,24,36,4,,,
68381,16,16,16,,,
68382,4,4,4,,,
68383,5,5,5,,,
68384,5,5,37,,,
68385,24,10,10,,,
68387,28,8,8,,,
68388,4,4,4,,,
68389,16,16,16,,,
68390,24,16,16,,,
68391,36,10,36,,,
68392,27,24,27,,,
68393,26,26,26,,,
68394,24,24,24,,,
68395,24,16,16,,,
68396,16,16,16,,,
68397,16,16,16,,,
68398,29,23,5,,,
68399,16,16,16,,,
68400,24,16,16,,,
68401,16,16,16,,,
68402,24,24,24,,,
68404,16,26,16,,,
68405,30,30,30,,,
68406,24,26,26,,,
68407,10,10,10,,,
68408,24,24,24,,,
68409,16,30,16,,,
68410,30,16,16,,,
68411,34,24,26,,,
68412,25,30,30,,,
68413,23,30,30,,,
68414,24,24,31,,,
68415,16,24,16,,,
68416,16,16,16,,,
68417,24,10,24,,,
68418,24,24,24,,,
68428,16,16,16,,,
68440,16,16,16,,,
68446,30,30,30,,,
68451,30,30,30,,,
68455,30,30,30,,,
68473,8,28,28,,,
68476,16,16,16,,,
68497,4,16,16,,,
68509,16,16,16,,,
68510,16,16,16,,,
68519,24,24,10,,,
68520,34,36,36,,,
68532,30,30,30,,,
68548,37,26,26,,,
68560,22,23,23,,,
68566,24,24,16,,,
68573,4,4,4,,,
68580,26,26,26,,,
68598,24,24,24,,,
68610,6,26,3,,,
68618,34,34,34,,,
68620,8,4,28,,,
68623,24,24,10,,,
68637,24,24,24,,,
68689,24,24,24,,,
68693,16,16,16,,,
68696,23,2,22,,,
68701,4,26,4,,,
68728,16,16,16,,,
68731,30,30,30,,,
68733,24,16,16,,,
68747,1,16,16,,,
68748,33,2,2,,,
68749,16,16,16,,,
68750,13,36,10,,,
68752,30,30,30,,,
68754,24,30,30,,,
68755,24,30,30,,,
68756,16,16,16,,,
68757,27,16,27,,,
68758,9,5,34,,,
68759,34,24,24,,,
68760,24,16,16,,,
68761,24,4,4,,,
68762,28,28,28,,,
68763,24,24,10,,,
68764,28,28,28,,,
68765,16,16,16,,,
68766,24,36,36,,,
68767,34,36,36,,,
68768,24,24,24,,,
68769,28,28,28,,,
68770,24,30,31,,,
68771,4,16,16,,,
68772,6,16,16,,,
68774,13,4,4,,,
68775,24,24,24,,,
68777,16,16,16,,,
68779,16,16,16,,,
68780,16,16,16,,,
68781,10,24,10,,,
68782,30,30,30,,,
68783,6,30,16,,,
68784,24,5,5,,,
68785,24,16,24,,,
68786,16,16,16,,,
68787,31,30,24,,,
68788,28,28,28,,,
68789,30,30,30,,,
68790,26,26,26,,,
68791,16,16,16,,,
68792,24,16,16,,,
68793,28,28,28,,,
68794,30,30,30,,,
68795,16,16,16,,,
68796,26,26,26,,,
68797,24,24,24,,,
68798,34,34,34,,,
68799,24,24,24,,,
68800,26,26,26,,,
68801,28,28,28,,,
68802,34,34,34,,,
68803,16,16,16,,,
68804,34,5,5,,,
68805,16,16,16,,,
68806,30,30,30,,,
68807,28,28,28,,,
68808,31,24,24,,,
68809,37,24,37,,,
68810,3,23,10,,,
68811,24,24,24,,,
68812,27,34,27,,,
68813,4,4,4,,,
68815,8,8,8,,,
68816,27,34,27,,,
68817,24,24,24,,,
68818,16,24,16,,,
68819,4,16,16,,,
68820,5,34,27,,,
68821,27,5,8,,,
68822,28,28,28,,,
68823,39,34,34,,,
68824,16,16,16,,,
68825,16,16,16,,,
68826,30,24,30,,,
68827,28,28,28,,,
68828,24,24,10,,,
68829,16,16,16,,,
68830,16,16,16,,,
68831,31,30,30,,,
68832,24,24,24,,,
68833,24,24,24,,,
68834,16,16,16,,,
68836,31,16,16,,,
68837,18,24,16,,,
68838,23,23,23,,,
68839,4,4,4,,,
68840,31,30,30,,,
68841,16,16,16,,,
68842,8,24,24,,,
68843,10,30,10,,,
68844,30,24,30,,,
68845,24,30,30,,,
68846,37,24,30,,,
68847,24,24,24,,,
68848,23,23,23,,,
68849,16,16,16,,,
68850,24,24,16,,,
68851,22,4,4,,,
68852,24,24,24,,,
68853,2,2,2,,,
68854,24,24,24,,,
68855,16,16,16,,,
68856,30,30,30,,,
68857,16,16,16,,,
68858,24,24,24,,,
68859,20,9,33,,,
68860,30,30,30,,,
68861,30,30,30,,,
68862,16,16,16,,,
68863,30,30,30,,,
68864,8,24,24,,,
68865,28,28,28,,,
68866,8,8,8,,,
68867,34,34,34,,,
68868,24,30,30,,,
68869,24,24,31,,,
68870,28,19,19,,,
68871,26,24,24,,,
68872,16,16,16,,,
68873,4,4,4,,,
68874,8,28,8,,,
68875,28,28,28,,,
68876,10,30,10,,,
68877,30,30,30,,,
68878,16,16,16,,,
68879,16,28,16,,,
68880,2,2,22,,,
68881,16,16,16,,,
68882,6,24,10,,,
68883,30,30,30,,,
68884,30,30,30,,,
68885,30,30,30,,,
68886,16,16,16,,,
68887,24,24,24,,,
68888,16,30,16,,,
68889,24,10,10,,,
68890,16,16,16,,,
68891,8,28,28,,,
68892,22,23,4,,,
68893,16,16,16,,,
68894,24,24,10,,,
68895,39,39,39,,,
68896,24,16,16,,,
68897,27,16,16,,,
68898,16,16,16,,,
68899,24,24,24,,,
68900,8,8,8,,,
68901,23,30,30,,,
68902,15,16,16,,,
68903,24,24,24,,,
68904,8,16,16,,,
68905,28,28,28,,,
68906,26,26,24,,,
68907,24,16,16,,,
68908,16,24,24,,,
68909,16,16,16,,,
68910,16,16,16,,,
68911,24,30,30,,,
68912,28,16,28,,,
68913,16,16,16,,,
68914,16,16,16,,,
68915,24,16,24,,,
68916,24,28,34,,,
68917,16,16,16,,,
68918,16,16,16,,,
68919,16,16,16,,,
68920,24,24,24,,,
68921,38,23,38,,,
68922,33,24,24,,,
68923,5,5,8,,,
68924,2,2,2,,,
68925,24,16,28,,,
68926,16,16,16,,,
68927,28,28,28,,,
68928,16,16,24,,,
68929,16,16,16,,,
68930,27,16,16,,,
68931,10,10,10,,,
68932,34,34,34,,,
68933,16,16,16,,,
68934,8,28,8,,,
68935,5,5,5,,,
68936,27,27,27,,,
68937,16,16,16,,,
68938,38,38,38,,,
68939,16,16,16,,,
68940,27,27,27,,,
68941,36,19,19,,,
68942,26,26,26,,,
68943,5,5,5,,,
68944,24,24,24,,,
68945,24,10,24,,,
68946,30,30,30,,,
68947,10,10,10,,,
68948,16,16,16,,,
68949,26,26,26,,,
68950,25,16,16,,,
68951,24,24,24,,,
68952,8,5,8,,,
68953,28,28,28,,,
68954,26,19,8,,,
68955,24,16,16,,,
68956,10,24,10,,,
68957,4,16,4,,,
68958,24,24,24,,,
68959,10,10,10,,,
68960,30,30,30,,,
68961,24,5,5,,,
68962,24,34,24,,,
68963,16,16,16,,,
68964,24,30,30,,,
68965,24,30,26,,,
68966,24,30,24,,,
68967,30,30,30,,,
68968,16,16,16,,,
68969,2,2,2,,,
68970,27,10,27,,,
68971,5,5,19,,,
68972,27,27,27,,,
68973,26,24,26,,,
68974,24,24,5,,,
68975,16,16,16,,,
68976,28,28,28,,,
68977,28,28,28,,,
68978,24,16,16,,,
68979,27,16,16,,,
68980,28,28,28,,,
68981,27,27,27,,,
68982,24,24,24,,,
68983,28,28,28,,,
68984,20,34,34,,,
68985,30,30,16,,,
68986,28,5,5,,,
68987,16,16,16,,,
68988,24,24,24,,,
68989,39,20,20,,,
68990,37,2,10,,,
68991,26,26,26,,,
68992,30,30,30,,,
68993,16,16,16,,,
68994,11,24,27,,,
68995,24,24,26,,,
69577,33,2,2,,,
69585,16,16,16,,,
69589,19,28,28,,,
69627,16,16,16,,,
69632,24,24,30,,,
69645,24,24,24,,,
69648,16,16,16,,,
69667,22,2,2,,,
69678,16,16,16,,,
69681,30,30,30,,,
69685,8,8,8,,,
69690,13,27,10,,,
69693,24,16,26,,,
69695,10,24,24,,,
69696,0,24,24,,,
69699,2,10,10,,,
69700,28,28,28,,,
69701,16,16,16,,,
69702,28,5,8,,,
69703,2,2,2,,,
69704,24,16,16,,,
69705,36,36,36,,,
69706,3,26,30,,,
69707,24,24,24,,,
69708,4,26,4,,,
69709,8,4,8,,,
69710,25,16,25,,,
69711,24,24,24,,,
69712,27,16,27,,,
69713,24,24,16,,,
69714,24,16,16,,,
69715,34,34,34,,,
69716,24,24,10,,,
69717,28,28,28,,,
69718,26,26,26,,,
69719,2,2,2,,,
69720,25,16,16,,,
69721,16,16,16,,,
69722,16,24,24,,,
69723,24,24,24,,,
69724,24,24,10,,,
69725,30,30,30,,,
69726,24,16,24,,,
69727,16,16,16,,,
69728,5,5,5,,,
69729,27,27,27,,,
69730,16,16,16,,,
69731,16,16,16,,,
69732,28,8,8,,,
69733,28,28,28,,,
69734,24,16,16,,,
69735,16,16,16,,,
69736,16,16,16,,,
69737,19,28,19,,,
69738,24,24,24,,,
69739,3,4,4,,,
69740,25,16,16,,,
69741,24,24,24,,,
69742,16,16,16,,,
69743,30,30,30,,,
69744,16,16,16,,,
69745,20,34,34,,,
69746,24,16,16,,,
69747,4,16,4,,,
69748,31,30,30,,,
69749,28,28,28,,,
69750,28,28,28,,,
69751,24,24,24,,,
69753,2,2,2,,,
69754,28,28,28,,,
69755,10,10,27,,,
69756,24,24,24,,,
69757,31,24,31,,,
69758,19,24,24,,,
69759,34,10,10,,,
69760,5,19,16,,,
69761,26,26,26,,,
69762,28,28,28,,,
69763,14,2,2,,,
69764,14,9,9,,,
69765,24,10,24,,,
69766,8,8,8,,,
69768,5,4,34,,,
69769,16,16,16,,,
69770,16,16,16,,,
69771,3,36,36,,,
69772,24,24,24,,,
69773,1,5,8,,,
69774,24,24,24,,,
69775,16,16,16,,,
69776,26,26,26,,,
69777,24,30,30,,,
69778,16,16,24,,,
69779,24,24,10,,,
69780,24,24,24,,,
69781,30,30,30,,,
69782,30,30,30,,,
69783,31,30,30,,,
69784,16,16,16,,,
69785,16,16,16,,,
69786,30,30,30,,,
69787,27,16,27,,,
69788,24,24,24,,,
69800,3,26,26,,,
69801,4,4,4,,,
69804,24,24,24,,,
69819,24,24,24,,,
69830,20,20,20,,,
69838,24,24,16,,,
69865,31,30,30,,,
69869,24,16,16,,,
69871,16,16,16,,,
69885,24,24,24,,,
69894,24,16,16,,,
69910,29,5,5,,,
69928,30,30,30,,,
69961,19,19,19,,,
69987,16,16,16,,,
69994,28,4,8,,,
69997,23,4,23,,,
70024,20,34,27,,,
70026,31,24,30,,,
70028,2,10,10,,,
70029,16,16,16,,,
70032,30,30,30,,,
70035,28,28,28,,,
70037,39,20,20,,,
70042,24,24,24,,,
70049,28,28,28,,,
70059,30,30,30,,,
70079,16,16,16,,,
70080,22,23,23,,,
70081,4,4,4,,,
70082,3,10,24,,,
70083,20,20,20,,,
70084,16,16,16,,,
70085,16,16,16,,,
70087,30,26,26,,,
70089,34,34,34,,,
70091,16,16,16,,,
70093,16,16,16,,,
70094,20,34,20,,,
70095,31,30,30,,,
70096,30,30,30,,,
70098,3,3,4,,,
70099,7,19,5,,,
70100,9,9,34,,,
70102,26,26,26,,,
70103,16,16,16,,,
70106,30,30,30,,,
70107,4,4,4,,,
70108,4,4,4,,,
70111,24,16,24,,,
70112,31,24,24,,,
70113,30,30,30,,,
70114,28,28,28,,,
70115,24,24,26,,,
70116,26,26,26,,,
70117,4,38,4,,,
70119,16,16,16,,,
70120,26,26,26,,,
70121,5,24,24,,,
70122,4,4,4,,,
70123,24,24,24,,,
70124,4,28,4,,,
70125,24,24,10,,,
70126,30,30,24,,,
70127,10,10,27,,,
70128,24,24,10,,,
70129,24,24,31,,,
70130,5,34,34,,,
70131,24,24,24,,,
70132,34,20,20,,,
70133,16,37,5,,,
70134,16,16,16,,,
70135,24,24,24,,,
70136,4,16,16,,,
70137,2,2,2,,,
70138,16,16,16,,,
70139,16,16,16,,,
70140,24,24,37,,,
70141,16,16,16,,,
70142,6,38,38,,,
70143,8,8,8,,,
70144,16,16,16,,,
70145,24,24,10,,,
70146,27,16,27,,,
70148,16,16,16,,,
70149,1,16,16,,,
70150,24,34,24,,,
70151,24,24,24,,,
70152,28,34,28,,,
70153,3,23,23,,,
70154,39,34,34,,,
70155,24,16,16,,,
70156,28,28,28,,,
70157,37,30,30,,,
70158,5,5,5,,,
70159,24,16,24,,,
70160,10,10,10,,,
70161,30,30,30,,,
70162,37,30,30,,,
70163,24,24,24,,,
70164,27,24,27,,,
70165,27,27,27,,,
70166,24,24,24,,,
70167,30,30,30,,,
70168,2,10,10,,,
70169,10,2,2,,,
70170,16,30,16,,,
70171,24,16,16,,,
70172,27,19,19,,,
70173,24,24,24,,,
70174,16,16,16,,,
70175,24,24,24,,,
70176,16,16,16,,,
70177,24,4,31,,,
70178,26,30,30,,,
70179,5,24,10,,,
70181,13,24,24,,,
70182,30,16,16,,,
70183,24,16,16,,,
70184,27,27,27,,,
70185,26,26,26,,,
70186,24,16,16,,,
70187,17,16,16,,,
70188,28,28,28,,,
70189,27,16,16,,,
70190,5,16,16,,,
70191,24,16,16,,,
70192,24,34,24,,,
70193,24,36,4,,,
70194,11,24,10,,,
70195,24,16,16,,,
70196,5,24,5,,,
70197,4,26,3,,,
70198,24,16,16,,,
70199,4,4,4,,,
70200,24,16,16,,,
70201,10,30,10,,,
70202,25,16,16,,,
70203,24,10,10,,,
70204,30,30,30,,,
70205,4,5,5,,,
70206,16,16,16,,,
70207,24,24,24,,,
70208,2,2,2,,,
70209,22,2,2,,,
70210,4,24,4,,,
70211,5,4,4,,,
70212,16,24,16,,,
70213,24,24,30,,,
70214,30,10,30,,,
70215,24,24,24,,,
70216,30,30,30,,,
70217,1,16,16,,,
70218,7,19,22,,,
70219,24,24,24,,,
70220,37,4,4,,,
70221,9,9,9,,,
70222,8,8,8,,,
70223,5,16,16,,,
70224,37,24,10,,,
70225,28,28,28,,,
70226,16,16,24,,,
70227,31,30,30,,,
70228,16,16,16,,,
70229,16,16,16,,,
70230,26,26,34,,,
70231,5,5,19,,,
70232,16,16,16,,,
70233,24,16,24,,,
70234,24,10,10,,,
70235,26,38,38,,,
70236,8,8,8,,,
70237,4,4,4,,,
70238,8,28,8,,,
70240,16,16,16,,,
70241,24,24,24,,,
70242,24,30,16,,,
70243,24,16,16,,,
70244,16,16,16,,,
70245,27,24,27,,,
70246,24,24,24,,,
70247,39,39,20,,,
70248,2,10,2,,,
70249,16,16,16,,,
70250,16,16,16,,,
70251,24,16,16,,,
70252,28,28,28,,,
70253,24,30,24,,,
70254,24,24,10,,,
70255,16,16,16,,,
70256,24,24,24,,,
70257,16,16,16,,,
70258,37,37,37,,,
70259,24,16,16,,,
70260,28,28,28,,,
70261,30,30,30,,,
70262,16,16,16,,,
70263,16,16,16,,,
70264,2,2,2,,,
70265,24,10,10,,,
70266,24,24,24,,,
70267,27,27,27,,,
70268,36,36,36,,,
70269,24,24,24,,,
70270,24,30,16,,,
70271,24,26,16,,,
70272,3,3,16,,,
70273,24,30,30,,,
70274,28,28,28,,,
70275,16,16,16,,,
70276,16,16,16,,,
70277,10,10,10,,,
70278,24,24,24,,,
70279,28,28,28,,,
70280,16,16,27,,,
70281,24,24,24,,,
70282,24,24,24,,,
70283,24,24,24,,,
70284,24,24,24,,,
70285,16,16,16,,,
70286,27,27,27,,,
70287,30,30,10,,,
70288,24,24,16,,,
70289,24,5,4,,,
70290,28,8,8,,,
70291,6,23,23,,,
70292,8,8,8,,,
70293,4,28,4,,,
70294,27,24,27,,,
70295,24,24,10,,,
70296,24,24,24,,,
70297,5,5,5,,,
70298,11,24,10,,,
70299,31,16,31,,,
70300,5,34,34,,,
70301,9,9,9,,,
70302,27,24,27,,,
70303,27,28,19,,,
70304,22,4,4,,,
70305,5,2,2,,,
70306,16,16,16,,,
70307,4,28,28,,,
70308,4,30,30,,,
70309,24,24,10,,,
70310,24,24,24,,,
70311,3,16,16,,,
70312,24,24,4,,,
70313,26,30,31,,,
70314,30,30,30,,,
70315,16,16,16,,,
70316,24,24,10,,,
70317,24,24,24,,,
70318,24,24,24,,,
70319,3,24,24,,,
70320,10,2,2,,,
70693,10,24,24,,,
70713,10,16,16,,,
70823,6,16,16,,,
70824,23,5,22,,,
70846,23,23,38,,,
70848,16,16,16,,,
70850,26,16,26,,,
70866,19,16,27,,,
70876,24,16,16,,,
70880,24,16,16,,,
70894,4,4,4,,,
70898,16,16,16,,,
70903,30,30,30,,,
70926,26,26,26,,,
70954,16,16,16,,,
70962,28,28,28,,,
70994,24,16,24,,,
71000,4,4,4,,,
71009,3,10,10,,,
71010,16,16,24,,,
71011,24,30,30,,,
71012,26,34,26,,,
71013,38,38,38,,,
71015,22,23,4,,,
71016,24,24,24,,,
71017,16,16,16,,,
71018,30,30,30,,,
71019,30,16,30,,,
71020,24,30,31,,,
71021,25,16,16,,,
71022,27,19,27,,,
71023,16,16,16,,,
71024,24,16,16,,,
71025,28,28,28,,,
71026,28,28,28,,,
71027,9,9,9,,,
71028,16,16,16,,,
71029,27,16,16,,,
71030,28,28,28,,,
71031,27,16,27,,,
71032,37,37,26,,,
71033,28,28,28,,,
71034,28,28,28,,,
71035,19,19,19,,,
71037,4,4,4,,,
71038,22,10,37,,,
71039,4,4,4,,,
71040,17,16,20,,,
71041,30,30,30,,,
71042,10,24,10,,,
71043,28,20,28,,,
71044,16,16,16,,,
71045,28,28,28,,,
71046,28,28,28,,,
71047,16,16,16,,,
71048,16,16,16,,,
71049,16,16,16,,,
71050,16,16,16,,,
71051,30,30,30,,,
71052,27,5,27,,,
71053,16,16,16,,,
71054,22,23,19,,,
71055,39,9,9,,,
71056,24,24,24,,,
71057,4,5,5,,,
71058,26,26,26,,,
71059,28,28,28,,,
71060,16,16,16,,,
71061,28,28,28,,,
71063,6,24,24,,,
71064,16,16,16,,,
71065,38,38,38,,,
71066,19,19,5,,,
71067,16,16,16,,,
71068,16,16,16,,,
71069,11,19,19,,,
71070,27,16,27,,,
71071,24,24,24,,,
71074,19,10,27,,,
71075,30,30,30,,,
71076,16,16,16,,,
71077,16,16,16,,,
71078,34,34,34,,,
71079,9,9,39,,,
71080,24,24,24,,,
71081,26,24,26,,,
71082,16,16,16,,,
71083,33,2,2,,,
71084,16,16,16,,,
71085,33,9,9,,,
71086,23,26,31,,,
71087,34,28,5,,,
71088,16,16,16,,,
71089,24,24,24,,,
71090,30,24,30,,,
71091,5,5,5,,,
71092,18,16,16,,,
71093,24,16,16,,,
71094,10,30,16,,,
71095,16,16,16,,,
71096,16,16,16,,,
71097,24,24,24,,,
71098,34,34,34,,,
71099,16,16,16,,,
71100,16,16,16,,,
71101,24,16,16,,,
71102,16,24,16,,,
71103,17,34,20,,,
71104,30,30,30,,,
71105,10,24,24,,,
71106,10,24,24,,,
71107,16,16,16,,,
71108,24,30,30,,,
71109,37,37,37,,,
71110,28,28,28,,,
71115,18,19,36,,,
71119,24,30,10,,,
71144,16,16,16,,,
71160,24,24,24,,,
71202,24,24,24,,,
71213,31,38,31,,,
71214,10,24,10,,,
71254,31,30,30,,,
71259,5,34,5,,,
71267,36,36,4,,,
71285,16,16,16,,,
71296,16,16,16,,,
71302,24,36,36,,,
71315,16,16,16,,,
71318,26,26,26,,,
71330,24,16,16,,,
71338,24,24,24,,,
71363,30,30,30,,,
71365,16,16,16,,,
71369,16,16,16,,,
71373,18,2,9,,,
71382,30,30,30,,,
71390,24,24,24,,,
71393,30,30,30,,,
71397,28,28,28,,,
71398,16,16,16,,,
71400,24,24,24,,,
71401,29,16,5,,,
71403,30,30,30,,,
71405,27,27,27,,,
71406,6,4,4,,,
71407,13,16,24,,,
71409,30,30,30,,,
71410,2,2,2,,,
71411,28,16,24,,,
71412,24,9,24,,,
71413,1,5,8,,,
71414,16,16,16,,,
71415,10,10,10,,,
71416,28,28,28,,,
71417,34,34,34,,,
71418,30,30,30,,,
71419,31,24,26,,,
71421,10,10,10,,,
71422,24,24,24,,,
71423,24,24,24,,,
71424,24,24,24,,,
71425,16,16,16,,,
71426,24,24,10,,,
71427,34,34,20,,,
71428,10,2,10,,,
71429,2,2,2,,,
71431,8,8,8,,,
71433,26,26,26,,,
71435,16,16,16,,,
71436,5,24,10,,,
71437,26,24,24,,,
71438,16,16,16,,,
71439,16,16,16,,,
71440,30,30,30,,,
71441,30,30,30,,,
71442,16,30,16,,,
71443,31,24,16,,,
71444,16,16,16,,,
71445,5,5,5,,,
71446,24,24,24,,,
71447,22,2,2,,,
71448,4,8,4,,,
71449,16,16,16,,,
71450,4,4,4,,,
71451,16,16,16,,,
71452,28,28,28,,,
71453,16,30,16,,,
71454,2,2,2,,,
71455,2,2,2,,,
71456,31,30,30,,,
71457,16,16,16,,,
71458,24,24,24,,,
71459,30,30,30,,,
71460,5,23,5,,,
71461,16,16,16,,,
71462,24,30,30,,,
71463,31,30,30,,,
71464,36,8,8,,,
71465,16,16,16,,,
71466,10,10,27,,,
71467,30,30,30,,,
71468,16,16,16,,,
71469,16,16,16,,,
71470,27,16,16,,,
71471,16,16,16,,,
71472,24,24,24,,,
71473,16,16,16,,,
71474,26,26,26,,,
71475,16,16,16,,,
71476,30,30,30,,,
71477,18,28,28,,,
71478,10,10,10,,,
71479,27,34,27,,,
71480,16,30,24,,,
71481,22,10,10,,,
71482,23,23,23,,,
71483,24,24,24,,,
71484,23,23,5,,,
71485,11,10,10,,,
71486,30,30,30,,,
71487,30,30,30,,,
71488,24,24,4,,,
71489,16,16,16,,,
71490,16,16,16,,,
71491,13,16,24,,,
71492,24,24,24,,,
71493,30,30,30,,,
71494,16,16,16,,,
71495,16,16,16,,,
71496,28,28,28,,,
71497,23,4,4,,,
71498,34,9,9,,,
71499,29,28,8,,,
71500,28,28,28,,,
71501,9,24,26,,,
71502,16,16,16,,,
71503,30,30,30,,,
71504,24,16,16,,,
71505,30,30,30,,,
71506,24,16,26,,,
71507,25,16,16,,,
71508,10,30,30,,,
71510,26,28,8,,,
71511,24,24,4,,,
71512,24,24,10,,,
71513,24,10,10,,,
71514,28,28,8,,,
71515,16,16,16,,,
71516,24,24,24,,,
71517,25,16,16,,,
71518,31,30,30,,,
71519,39,36,34,,,
71520,30,30,30,,,
71521,33,2,2,,,
71522,27,27,27,,,
71523,28,28,28,,,
71524,24,24,30,,,
71525,28,24,24,,,
71526,24,16,16,,,
71527,10,34,27,,,
71528,30,30,30,,,
71529,30,30,30,,,
71530,16,16,16,,,
71531,24,10,10,,,
71532,24,24,24,,,
71533,16,16,16,,,
71534,4,4,4,,,
71535,24,24,10,,,
71536,16,16,16,,,
71537,16,16,16,,,
71538,8,8,8,,,
71539,10,10,36,,,
71540,16,16,16,,,
71541,10,36,36,,,
71542,24,24,24,,,
71543,24,34,24,,,
71544,5,28,28,,,
71545,2,10,2,,,
71546,24,30,30,,,
71547,30,30,30,,,
71548,18,24,13,,,
71549,20,2,2,,,
71550,16,16,16,,,
71551,16,16,16,,,
71552,16,16,16,,,
71553,16,16,16,,,
71554,16,16,16,,,
71555,24,16,16,,,
71556,24,28,24,,,
71557,30,30,30,,,
71558,8,28,8,,,
71559,16,16,16,,,
71560,24,24,24,,,
71561,24,30,30,,,
71562,28,28,28,,,
71563,16,16,16,,,
71564,24,16,16,,,
71565,30,30,30,,,
71566,16,16,16,,,
71569,37,4,4,,,
71570,24,24,16,,,
71571,16,16,16,,,
71572,30,30,30,,,
71573,24,24,10,,,
71574,24,24,24,,,
71575,39,24,24,,,
71576,17,16,16,,,
71577,5,23,5,,,
71578,16,16,24,,,
71579,24,24,24,,,
71580,28,28,28,,,
71581,28,28,28,,,
71582,31,30,30,,,
71583,5,5,5,,,
71584,20,20,20,,,
71585,3,8,8,,,
71586,37,24,26,,,
71587,9,34,34,,,
71588,24,24,24,,,
71589,8,4,4,,,
71590,3,10,36,,,
71591,27,16,27,,,
71592,30,30,30,,,
71593,27,10,27,,,
71594,24,24,19,,,
71595,39,33,9,,,
71596,16,16,16,,,
71597,24,16,4,,,
71598,10,30,10,,,
71599,7,27,27,,,
71600,30,30,30,,,
71601,24,24,24,,,
71602,16,16,16,,,
71603,24,24,24,,,
71604,16,16,16,,,
71605,24,24,24,,,
71606,24,24,24,,,
71607,3,16,16,,,
71608,24,24,24,,,
71609,16,16,16,,,
71610,10,24,19,,,
71611,24,24,24,,,
71612,24,16,16,,,
71613,24,24,24,,,
71614,24,24,24,,,
71615,16,24,24,,,
71616,4,10,10,,,
71617,16,16,16,,,
71618,10,36,36,,,
71619,8,24,5,,,
71620,24,24,4,,,
71621,16,16,16,,,
71622,20,20,20,,,
71623,24,24,24,,,
71624,22,2,2,,,
71625,24,24,24,,,
71626,27,27,27,,,
71627,24,16,24,,,
71628,16,16,16,,,
71629,16,16,16,,,
71630,28,28,28,,,
71631,16,16,16,,,
71632,4,4,37,,,
71633,16,16,16,,,
71634,16,16,16,,,
71635,30,30,30,,,
72034,28,30,30,,,
72044,16,16,16,,,
72101,24,24,24,,,
72179,16,16,16,,,
72185,26,34,34,,,
72203,24,24,24,,,
72207,0,9,28,,,
72210,18,16,36,,,
72217,28,28,28,,,
72226,16,16,16,,,
72248,24,16,30,,,
72255,17,16,16,,,
72263,24,16,16,,,
72266,20,23,27,,,
72269,16,16,16,,,
72285,16,24,26,,,
72291,16,16,16,,,
72296,24,24,24,,,
72299,5,16,5,,,
72301,37,5,5,,,
72302,24,24,24,,,
72303,10,10,10,,,
72304,24,16,16,,,
72305,30,30,30,,,
72306,24,5,19,,,
72307,28,28,28,,,
72308,28,28,28,,,
72309,36,36,36,,,
72310,25,16,16,,,
72311,23,23,38,,,
72312,3,23,5,,,
72313,3,38,10,,,
72314,16,16,16,,,
72315,16,16,16,,,
72316,28,28,28,,,
72318,28,28,28,,,
72319,28,4,28,,,
72320,10,24,10,,,
72321,27,27,27,,,
72322,11,27,27,,,
72323,24,10,10,,,
72324,28,28,28,,,
72325,24,24,24,,,
72326,24,24,24,,,
72327,2,2,2,,,
72328,27,16,27,,,
72329,16,16,16,,,
72330,25,30,30,,,
72331,24,9,34,,,
72332,24,16,16,,,
72333,30,30,30,,,
72334,20,34,34,,,
72335,31,30,30,,,
72336,4,4,4,,,
72337,30,24,30,,,
72338,8,8,8,,,
72339,27,10,10,,,
72340,34,34,34,,,
72341,30,30,30,,,
72342,16,16,16,,,
72343,4,4,4,,,
72344,24,16,16,,,
72345,27,16,16,,,
72347,1,16,16,,,
72348,24,24,24,,,
72349,30,30,30,,,
72350,30,30,30,,,
72351,27,16,27,,,
72352,24,16,16,,,
72353,16,16,16,,,
72354,16,16,16,,,
72355,7,19,5,,,
72357,30,30,30,,,
72358,30,30,30,,,
72359,24,24,30,,,
72360,0,24,24,,,
72361,16,16,16,,,
72362,16,16,16,,,
72363,18,19,19,,,
72364,7,19,27,,,
72365,16,16,27,,,
72366,30,30,30,,,
72367,16,16,16,,,
72368,28,28,28,,,
72369,4,4,4,,,
72370,24,10,10,,,
72371,8,8,8,,,
72372,39,20,9,,,
72373,20,34,34,,,
72374,10,37,5,,,
72375,4,4,4,,,
72376,16,16,16,,,
72377,24,24,24,,,
72378,27,27,27,,,
72379,37,5,5,,,
72380,16,16,16,,,
72381,16,16,16,,,
72382,16,16,16,,,
72384,8,8,8,,,
72385,16,16,26,,,
72386,34,34,34,,,
72387,28,28,28,,,
72388,24,16,16,,,
72389,24,24,24,,,
72390,24,24,24,,,
72391,24,24,24,,,
72392,16,16,16,,,
72393,24,16,16,,,
72394,24,10,34,,,
72395,10,30,30,,,
72396,16,16,16,,,
72397,24,24,24,,,
72398,30,16,30,,,
72399,16,16,16,,,
72400,16,30,16,,,
72401,30,30,30,,,
72439,11,24,10,,,
72457,31,30,16,,,
72461,16,16,16,,,
72495,16,16,16,,,
72497,16,16,16,,,
72499,16,16,16,,,
72501,30,30,31,,,
72502,16,16,16,,,
72513,10,24,24,,,
72536,30,30,30,,,
72537,16,16,16,,,
72547,24,16,24,,,
72560,27,19,27,,,
72567,23,16,16,,,
72603,37,4,4,,,
72615,24,24,24,,,
72621,30,30,30,,,
72644,28,28,28,,,
72649,16,16,16,,,
72658,24,24,16,,,
72669,31,24,24,,,
72700,24,24,16,,,
72715,4,16,4,,,
72721,26,24,24,,,
72724,16,24,24,,,
72726,4,4,4,,,
72727,4,28,34,,,
72728,5,4,4,,,
72729,26,26,26,,,
72730,34,34,34,,,
72731,8,8,8,,,
72732,24,24,24,,,
72733,16,16,16,,,
72734,3,30,16,,,
72735,39,20,39,,,
72736,31,31,31,,,
72737,31,24,24,,,
72739,27,10,10,,,
72741,23,24,24,,,
72742,16,16,16,,,
72743,16,16,16,,,
72744,4,24,4,,,
72745,10,24,10,,,
72746,2,36,2,,,
72747,24,16,16,,,
72748,16,16,16,,,
72749,24,24,24,,,
72750,27,10,27,,,
72751,28,28,28,,,
72754,24,28,19,,,
72756,24,16,16,,,
72757,16,16,16,,,
72758,16,16,16,,,
72759,30,30,30,,,
72760,16,16,16,,,
72761,24,24,24,,,
72762,16,16,16,,,
72763,9,28,9,,,
72764,16,16,16,,,
72765,16,16,16,,,
72766,30,30,30,,,
72767,20,20,20,,,
72768,16,16,16,,,
72769,31,16,16,,,
72770,6,16,16,,,
72771,28,28,28,,,
72772,2,10,10,,,
72773,30,30,30,,,
72774,30,30,30,,,
72775,38,3,31,,,
72776,26,30,26,,,
72777,30,30,30,,,
72778,24,24,24,,,
72779,30,30,30,,,
72780,30,30,16,,,
72781,27,10,10,,,
72782,16,16,16,,,
72783,9,10,36,,,
72784,27,16,27,,,
72785,26,30,31,,,
72786,30,30,30,,,
72787,1,16,16,,,
72788,30,30,30,,,
72789,16,16,16,,,
72790,5,4,4,,,
72791,25,16,16,,,
72792,4,4,4,,,
72793,2,10,2,,,
72794,30,30,30,,,
72795,16,16,16,,,
72796,16,24,10,,,
72797,16,16,16,,,
72798,31,34,24,,,
72799,26,26,26,,,
72800,16,16,16,,,
72801,27,24,10,,,
72802,24,24,24,,,
72803,34,34,34,,,
72804,24,36,36,,,
72805,24,16,24,,,
72806,24,10,10,,,
72807,24,24,10,,,
72808,24,30,30,,,
72809,10,4,4,,,
72810,24,24,24,,,
72811,24,24,24,,,
72812,30,30,30,,,
72813,16,16,16,,,
72814,34,34,34,,,
72815,16,16,16,,,
72816,30,30,30,,,
72817,24,24,24,,,
72818,25,16,30,,,
72819,31,24,24,,,
72820,27,16,16,,,
72821,13,10,13,,,
72822,27,24,27,,,
72823,37,16,16,,,
72824,4,4,4,,,
72825,22,37,22,,,
72826,24,10,27,,,
72827,24,24,24,,,
72828,27,27,27,,,
72829,16,16,16,,,
72830,23,4,4,,,
72831,26,34,34,,,
72832,28,8,27,,,
72833,16,16,16,,,
72834,24,24,24,,,
72835,34,34,39,,,
72836,24,24,24,,,
72837,30,30,30,,,
72838,24,24,24,,,
72839,4,16,16,,,
72840,31,24,24,,,
72841,30,30,30,,,
72842,30,30,30,,,
72843,2,2,2,,,
72844,24,34,34,,,
72845,30,24,30,,,
72846,16,16,16,,,
72847,30,30,30,,,
72848,23,23,23,,,
72849,24,24,24,,,
72850,10,24,10,,,
72852,34,34,34,,,
72853,24,24,24,,,
72854,16,16,16,,,
72855,24,16,16,,,
72856,16,16,16,,,
72857,28,4,8,,,
72858,24,24,24,,,
72859,27,16,27,,,
72860,16,16,24,,,
72861,24,24,24,,,
72862,30,30,30,,,
72863,37,30,30,,,
72864,6,30,31,,,
72865,16,16,16,,,
72866,24,4,4,,,
72867,16,16,4,,,
72868,26,26,26,,,
72869,4,4,4,,,
72870,34,28,28,,,
72871,28,28,28,,,
72872,24,10,10,,,
72873,4,28,8,,,
72874,16,24,27,,,
72875,31,30,30,,,
72876,8,28,28,,,
72877,23,23,23,,,
72878,16,16,16,,,
72879,30,30,30,,,
72880,24,24,24,,,
72881,3,10,10,,,
72882,8,4,4,,,
72883,5,4,8,,,
72884,24,24,10,,,
72885,4,4,4,,,
72886,3,30,30,,,
72887,24,16,16,,,
72888,28,34,34,,,
72889,16,16,16,,,
72890,16,16,16,,,
72891,39,34,34,,,
72892,31,30,30,,,
72893,16,16,16,,,
72894,16,16,16,,,
72895,23,30,31,,,
72896,24,16,16,,,
72897,28,28,28,,,
72898,28,28,28,,,
72899,25,16,16,,,
72900,28,28,28,,,
72901,24,16,16,,,
72902,28,28,28,,,
72903,30,30,30,,,
72904,2,2,37,,,
72905,28,28,28,,,
72906,27,10,24,,,
72907,24,24,26,,,
72908,16,16,16,,,
72909,16,16,16,,,
72910,16,16,16,,,
72911,3,26,38,,,
72912,8,8,5,,,
72913,16,16,4,,,
72914,30,30,30,,,
72915,25,16,16,,,
72916,24,24,24,,,
72917,28,28,24,,,
72918,30,30,30,,,
72919,24,24,10,,,
72920,30,30,30,,,
72921,16,16,16,,,
72922,24,16,16,,,
72923,36,36,36,,,
72924,16,16,16,,,
72925,6,16,16,,,
72926,24,24,24,,,
72927,16,16,16,,,
72928,4,4,4,,,
72929,24,5,8,,,
72930,29,16,16,,,
72931,24,24,27,,,
72932,34,34,20,,,
72933,24,30,30,,,
72934,16,16,16,,,
72935,16,16,24,,,
72936,27,19,19,,,
72937,24,24,24,,,
72938,30,30,30,,,
72939,16,16,16,,,
72940,24,24,24,,,
72941,16,24,24,,,
72942,24,24,10,,,
72943,24,24,24,,,
72944,16,16,16,,,
72945,30,30,30,,,
72946,4,16,4,,,
72947,30,30,30,,,
72948,39,34,34,,,
72949,16,30,10,,,
72950,16,16,16,,,
73521,8,28,28,,,
73541,16,16,16,,,
73564,3,23,27,,,
73574,7,23,5,,,
73596,2,2,10,,,
73600,26,16,28,,,
73601,30,30,30,,,
73659,10,30,30,,,
73664,30,30,30,,,
73670,16,16,16,,,
73671,30,30,31,,,
73672,28,28,28,,,
73673,24,24,24,,,
73674,0,19,19,,,
73675,31,24,24,,,
73676,16,16,16,,,
73677,28,28,28,,,
73678,37,16,24,,,
73679,30,30,30,,,
73680,30,30,30,,,
73681,27,16,16,,,
73682,10,24,10,,,
73683,16,16,16,,,
73684,5,8,8,,,
73685,24,24,24,,,
73686,5,24,5,,,
73687,8,8,8,,,
73688,31,24,24,,,
73689,24,16,16,,,
73690,30,30,30,,,
73691,37,2,37,,,
73692,16,16,16,,,
73693,34,34,4,,,
73694,5,5,5,,,
73695,24,24,24,,,
73696,28,28,28,,,
73698,24,16,16,,,
73699,30,30,30,,,
73701,30,30,30,,,
73702,16,16,16,,,
73703,16,16,16,,,
73704,28,28,28,,,
73705,16,16,16,,,
73706,4,4,4,,,
73707,3,4,4,,,
73708,24,24,24,,,
73711,16,16,16,,,
73712,27,24,27,,,
73713,16,16,16,,,
73714,16,24,24,,,
73715,24,24,24,,,
73716,26,26,26,,,
73717,28,28,28,,,
73718,5,37,5,,,
73719,16,16,16,,,
73720,30,30,30,,,
73721,16,16,16,,,
73722,30,30,30,,,
73723,16,16,16,,,
73724,16,30,30,,,
73725,30,30,30,,,
73726,27,27,27,,,
73727,17,16,16,,,
73728,2,10,10,,,
73729,16,16,16,,,
73730,24,24,24,,,
73731,16,16,16,,,
73732,26,26,26,,,
73733,19,24,10,,,
73734,18,16,24,,,
73735,26,26,26,,,
73736,28,28,28,,,
73737,16,16,16,,,
73738,30,30,30,,,
73739,27,16,16,,,
73740,16,16,16,,,
73741,5,28,28,,,
73742,28,8,8,,,
73743,24,24,27,,,
73744,24,24,24,,,
73745,2,2,2,,,
73746,25,16,28,,,
73747,24,24,24,,,
73748,27,24,24,,,
73749,28,28,28,,,
73750,23,38,38,,,
73751,31,30,30,,,
73752,16,16,16,,,
73753,16,16,16,,,
73754,30,30,30,,,
73755,24,24,10,,,
73756,34,34,34,,,
73757,4,4,4,,,
73758,30,30,30,,,
73759,30,30,30,,,
73760,24,23,23,,,
73761,24,24,24,,,
73762,26,30,30,,,
73763,4,36,4,,,
73764,34,28,34,,,
73765,16,16,16,,,
73766,24,24,26,,,
73767,24,24,24,,,
73768,26,26,26,,,
73769,24,16,16,,,
73770,24,10,10,,,
73771,24,24,24,,,
73772,26,37,31,,,
73773,16,16,16,,,
73774,24,24,10,,,
73775,16,16,16,,,
73776,19,36,36,,,
73777,30,30,30,,,
73778,30,30,30,,,
73779,24,10,10,,,
73780,5,24,24,,,
73785,30,30,30,,,
73790,24,24,24,,,
73792,30,30,30,,,
73794,24,34,34,,,
73812,34,34,9,,,
73814,3,26,26,,,
73816,30,30,30,,,
73819,30,30,30,,,
73832,27,5,5,,,
73843,24,24,20,,,
73863,28,28,28,,,
73878,24,16,16,,,
73948,16,16,16,,,
73967,27,27,27,,,
73991,30,30,30,,,
73998,16,16,16,,,
74015,30,30,30,,,
74038,5,5,5,,,
74041,16,16,16,,,
74082,24,24,24,,,
74083,24,19,19,,,
74084,16,16,16,,,
74085,31,30,30,,,
74086,8,28,8,,,
74087,17,19,27,,,
74088,28,28,28,,,
74089,24,30,24,,,
74090,7,28,5,,,
74091,3,4,19,,,
74092,34,34,34,,,
74093,5,37,5,,,
74094,7,19,5,,,
74095,16,16,16,,,
74096,28,28,28,,,
74097,16,16,16,,,
74098,10,10,10,,,
74099,24,24,24,,,
74100,36,36,36,,,
74101,26,26,26,,,
74102,24,4,4,,,
74103,16,16,16,,,
74104,27,27,27,,,
74108,30,30,30,,,
74110,24,24,10,,,
74113,10,10,10,,,
74114,15,28,5,,,
74115,29,28,28,,,
74116,16,16,16,,,
74117,5,28,28,,,
74118,20,20,20,,,
74119,28,28,8,,,
74120,10,10,10,,,
74121,24,28,28,,,
74122,6,31,6,,,
74123,24,10,10,,,
74124,24,24,27,,,
74125,5,34,5,,,
74126,16,16,16,,,
74127,24,24,24,,,
74128,24,16,16,,,
74129,8,8,4,,,
74130,20,34,20,,,
74131,30,30,30,,,
74133,27,16,16,,,
74134,8,28,28,,,
74135,1,16,16,,,
74136,30,30,30,,,
74137,28,30,4,,,
74138,16,16,16,,,
74139,28,28,28,,,
74140,23,23,23,,,
74141,13,36,24,,,
74142,10,30,30,,,
74143,26,26,26,,,
74144,28,28,28,,,
74145,30,30,30,,,
74146,24,24,24,,,
74147,24,24,24,,,
74148,24,30,16,,,
74149,10,2,2,,,
74150,30,30,30,,,
74151,34,34,19,,,
74152,6,2,2,,,
74153,24,30,30,,,
74154,30,30,30,,,
74155,16,16,16,,,
74156,34,34,34,,,
74157,8,37,24,,,
74158,31,31,31,,,
74159,24,24,24,,,
74160,3,30,30,,,
74161,16,16,16,,,
74162,10,10,10,,,
74163,4,28,28,,,
74164,30,30,30,,,
74165,24,16,16,,,
74166,24,16,16,,,
74167,30,30,30,,,
74168,28,28,28,,,
74170,27,16,16,,,
74171,17,34,16,,,
74172,24,16,16,,,
74173,24,24,10,,,
74174,30,30,30,,,
74175,16,16,16,,,
74176,24,30,10,,,
74177,31,30,30,,,
74178,30,30,30,,,
74179,34,28,28,,,
74180,8,24,24,,,
74181,29,5,28,,,
74182,2,28,2,,,
74183,16,16,16,,,
74184,24,36,36,,,
74185,2,2,2,,,
74186,24,24,24,,,
74187,24,24,24,,,
74188,4,26,26,,,
74189,16,16,16,,,
74190,24,30,24,,,
74191,24,19,19,,,
74192,24,19,24,,,
74193,38,38,38,,,
74194,16,16,16,,,
74195,34,34,34,,,
74196,16,16,16,,,
74197,28,28,28,,,
74198,24,5,24,,,
74199,24,24,24,,,
74200,24,16,16,,,
74201,16,16,16,,,
74202,24,24,24,,,
74203,16,16,16,,,
74204,24,16,24,,,
74205,16,16,16,,,
74206,24,4,4,,,
74207,27,16,16,,,
74208,16,24,24,,,
74209,24,24,24,,,
74210,28,28,28,,,
74211,26,30,30,,,
74212,24,24,24,,,
74213,34,34,34,,,
74214,18,28,5,,,
74215,16,16,16,,,
74216,24,24,24,,,
74217,24,16,16,,,
74218,11,27,27,,,
74219,30,30,30,,,
74220,10,10,10,,,
74221,24,24,24,,,
74222,24,24,24,,,
74223,30,30,30,,,
74224,16,16,16,,,
74225,37,24,24,,,
74226,24,24,24,,,
74227,16,16,16,,,
74228,28,28,28,,,
74229,16,16,16,,,
74230,16,16,16,,,
74231,4,4,4,,,
74232,36,36,2,,,
74233,16,16,16,,,
74234,29,28,28,,,
74235,8,24,24,,,
74236,16,16,16,,,
74237,30,30,30,,,
74238,13,24,24,,,
74239,16,16,16,,,
74240,16,30,16,,,
74241,16,16,16,,,
74242,2,10,10,,,
74243,6,30,16,,,
74244,24,16,16,,,
74245,24,24,5,,,
74246,16,16,16,,,
74247,28,5,28,,,
74248,28,28,28,,,
74249,24,24,24,,,
74250,2,10,10,,,
74251,16,16,16,,,
74252,22,26,5,,,
74253,5,24,4,,,
74254,24,24,24,,,
74255,24,24,24,,,
74256,24,30,30,,,
74257,24,24,24,,,
74258,24,16,24,,,
74259,4,4,4,,,
74260,24,24,24,,,
74261,30,30,30,,,
74262,24,24,31,,,
74263,16,16,16,,,
74264,24,16,16,,,
74265,16,16,16,,,
74266,27,16,16,,,
74267,24,24,10,,,
74268,14,2,2,,,
74269,4,4,4,,,
74270,30,30,24,,,
74271,27,27,27,,,
74272,10,2,2,,,
74273,16,16,16,,,
74274,16,16,24,,,
74275,5,24,24,,,
74276,5,16,16,,,
74277,4,4,4,,,
74278,24,24,24,,,
74279,24,24,10,,,
74280,28,8,28,,,
74281,16,16,16,,,
74282,28,28,28,,,
74283,5,24,24,,,
74285,23,23,23,,,
74286,24,10,36,,,
74287,7,10,36,,,
74288,28,28,28,,,
74289,17,16,16,,,
74290,24,24,24,,,
74291,30,16,31,,,
74292,24,24,24,,,
74293,24,24,16,,,
74294,24,24,24,,,
74295,24,24,4,,,
74296,2,2,2,,,
74297,27,16,27,,,
74298,24,24,24,,,
74299,28,28,28,,,
74300,24,16,31,,,
74301,16,16,16,,,
74302,24,24,24,,,
74303,5,5,5,,,
74304,24,24,24,,,
74305,16,16,24,,,
74306,31,30,30,,,
74307,29,5,5,,,
74308,16,16,24,,,
74309,6,31,30,,,
74310,10,30,10,,,
74311,24,16,16,,,
74312,37,5,5,,,
74734,37,5,5,,,
74735,28,28,28,,,
74809,28,8,8,,,
74838,26,26,26,,,
74855,34,34,34,,,
74902,16,16,16,,,
74941,16,16,16,,,
74948,16,16,16,,,
74951,24,10,31,,,
74953,38,38,38,,,
74956,30,30,30,,,
74961,24,16,16,,,
74965,26,28,8,,,
74966,28,8,8,,,
74967,16,16,16,,,
74968,16,16,16,,,
74969,26,26,26,,,
74970,34,34,34,,,
74971,27,16,16,,,
74972,16,16,16,,,
74973,30,30,30,,,
74974,24,24,24,,,
74975,28,8,8,,,
74976,16,16,16,,,
74977,24,10,10,,,
74978,1,16,16,,,
74980,27,24,10,,,
74981,28,28,28,,,
74982,31,24,24,,,
74983,28,28,28,,,
74984,27,16,16,,,
74985,16,16,16,,,
74986,38,38,38,,,
74987,34,20,20,,,
74988,24,16,16,,,
74989,4,16,4,,,
74990,31,24,24,,,
74991,34,5,34,,,
74992,4,16,16,,,
74993,27,24,10,,,
74994,24,24,16,,,
74995,28,28,28,,,
74996,30,30,30,,,
74997,4,16,16,,,
74998,23,2,2,,,
74999,24,24,24,,,
75000,26,16,26,,,
75001,5,5,5,,,
75002,5,5,37,,,
75003,28,28,28,,,
75005,24,24,26,,,
75006,19,19,19,,,
75007,28,28,28,,,
75008,27,24,27,,,
75009,4,4,4,,,
75010,13,24,10,,,
75011,16,16,16,,,
75012,8,28,28,,,
75013,19,19,24,,,
75014,16,16,27,,,
75015,23,5,5,,,
75016,24,16,16,,,
75017,33,2,2,,,
75018,37,37,31,,,
75019,30,30,30,,,
75020,27,16,27,,,
75021,30,30,30,,,
75022,28,28,28,,,
75023,16,16,16,,,
75024,2,2,2,,,
75025,30,30,30,,,
75027,27,16,27,,,
75028,16,16,16,,,
75029,16,16,16,,,
75030,19,5,4,,,
75031,31,30,30,,,
75032,16,16,16,,,
75033,16,16,16,,,
75034,39,34,39,,,
75035,16,16,16,,,
75036,24,24,24,,,
75037,25,16,25,,,
75038,16,30,16,,,
75039,16,16,16,,,
75040,24,16,16,,,
75041,24,24,24,,,
75042,24,24,24,,,
75043,31,26,3,,,
75044,16,16,16,,,
75045,28,8,28,,,
75046,30,16,16,,,
75047,28,5,19,,,
75048,16,16,16,,,
75049,16,30,16,,,
75050,8,24,4,,,
75051,28,28,28,,,
75052,11,24,10,,,
75053,28,28,28,,,
75054,28,28,28,,,
75055,5,5,16,,,
75057,19,19,19,,,
75058,24,24,24,,,
75059,25,16,25,,,
75060,30,30,30,,,
75061,7,36,36,,,
75062,4,4,4,,,
75063,16,16,16,,,
75064,16,16,16,,,
75065,16,16,16,,,
75066,24,24,24,,,
75067,2,19,19,,,
75068,24,24,24,,,
75069,28,28,28,,,
75070,24,28,28,,,
75071,16,16,16,,,
75072,30,30,30,,,
75073,24,24,24,,,
75074,24,16,24,,,
75075,6,16,16,,,
75076,16,24,16,,,
75077,4,26,4,,,
75078,30,30,30,,,
75079,30,30,30,,,
75080,30,30,30,,,
75081,26,26,26,,,
75082,24,16,16,,,
75083,24,10,24,,,
75084,30,30,30,,,
75085,24,24,24,,,
75086,30,30,30,,,
75087,16,16,16,,,
75088,16,16,16,,,
75091,24,16,24,,,
75100,36,10,36,,,
75103,24,24,24,,,
75106,5,5,5,,,
75113,20,34,34,,,
75121,24,16,24,,,
75126,24,24,24,,,
75156,24,24,10,,,
75163,3,16,10,,,
75169,28,28,28,,,
75180,31,30,30,,,
75182,38,38,38,,,
75200,2,23,22,,,
75202,24,24,24,,,
75228,32,5,5,,,
75232,3,24,30,,,
75233,36,36,36,,,
75258,16,16,16,,,
75266,8,28,28,,,
75285,30,30,30,,,
75301,8,28,28,,,
75321,16,16,16,,,
75327,28,8,28,,,
75330,30,30,30,,,
75333,24,24,10,,,
75342,36,5,8,,,
75355,30,30,30,,,
75378,16,16,16,,,
75386,6,4,4,,,
75388,24,5,8,,,
75392,16,24,16,,,
75394,13,24,16,,,
75395,5,37,5,,,
75396,16,16,16,,,
75397,26,26,26,,,
75398,10,24,24,,,
75399,24,24,30,,,
75400,24,24,24,,,
75401,6,23,3,,,
75402,16,16,16,,,
75403,30,30,30,,,
75404,30,30,30,,,
75405,27,16,16,,,
75406,30,30,30,,,
75407,24,30,30,,,
75408,24,24,10,,,
75409,34,20,20,,,
75410,16,16,6,,,
75411,24,5,19,,,
75412,28,8,28,,,
75413,27,27,27,,,
75414,24,16,16,,,
75415,34,34,34,,,
75416,23,30,24,,,
75417,24,16,24,,,
75418,16,24,24,,,
75419,37,2,37,,,
75421,20,34,34,,,
75422,16,16,16,,,
75423,27,16,27,,,
75424,28,28,28,,,
75425,16,16,16,,,
75426,16,16,16,,,
75427,31,24,31,,,
75428,16,16,16,,,
75429,24,24,16,,,
75430,16,16,16,,,
75431,24,24,24,,,
75432,28,28,28,,,
75433,16,16,16,,,
75434,8,24,4,,,
75435,4,4,4,,,
75436,16,16,16,,,
75437,13,24,24,,,
75438,4,4,4,,,
75439,24,4,4,,,
75440,4,24,26,,,
75441,4,4,4,,,
75442,16,16,16,,,
75443,24,24,24,,,
75444,24,16,16,,,
75445,16,16,16,,,
75446,16,16,16,,,
75447,26,24,31,,,
75448,34,34,34,,,
75449,24,16,16,,,
75450,16,16,16,,,
75451,16,16,16,,,
75452,16,16,16,,,
75453,30,30,30,,,
75454,30,30,30,,,
75455,31,31,31,,,
75456,24,16,16,,,
75457,24,16,16,,,
75458,2,2,2,,,
75459,16,24,24,,,
75460,38,38,38,,,
75461,23,23,5,,,
75462,16,16,16,,,
75463,16,16,16,,,
75464,24,24,24,,,
75465,16,16,16,,,
75466,30,30,30,,,
75467,27,24,27,,,
75468,16,16,16,,,
75469,24,24,24,,,
75471,26,26,26,,,
75472,24,24,10,,,
75474,24,16,4,,,
75475,16,16,16,,,
75476,30,30,30,,,
75477,24,30,16,,,
75478,24,16,16,,,
75479,24,24,24,,,
75480,16,16,16,,,
75481,22,2,2,,,
75482,27,27,27,,,
75483,37,4,16,,,
75484,24,30,10,,,
75485,24,16,16,,,
75486,30,30,30,,,
75487,36,10,10,,,
75488,16,16,16,,,
75489,4,4,4,,,
75490,24,24,24,,,
75491,28,28,28,,,
75492,16,16,16,,,
75493,30,30,30,,,
75494,22,2,2,,,
75495,23,23,6,,,
75496,30,30,30,,,
75497,24,10,24,,,
75498,16,16,16,,,
75499,16,16,16,,,
75500,16,16,16,,,
75501,31,24,24,,,
75503,31,30,30,,,
75504,24,24,26,,,
75505,28,28,28,,,
75506,30,30,30,,,
75507,16,16,16,,,
75508,24,24,37,,,
75509,30,30,30,,,
75510,2,2,2,,,
75511,24,16,16,,,
75512,8,5,8,,,
75513,4,4,4,,,
75514,4,4,4,,,
75515,30,30,30,,,
75516,16,16,16,,,
75517,23,4,4,,,
75519,16,16,16,,,
75520,24,24,24,,,
75521,16,16,16,,,
75522,16,30,16,,,
75523,30,30,30,,,
75524,24,24,16,,,
75525,31,30,30,,,
75526,24,16,16,,,
75527,5,16,24,,,
75528,16,16,16,,,
75529,24,16,16,,,
75530,24,24,24,,,
75531,2,10,10,,,
75532,24,24,24,,,
75533,34,24,34,,,
75534,16,16,16,,,
75535,23,23,5,,,
75536,16,16,16,,,
75537,24,16,30,,,
75538,30,30,38,,,
75539,16,16,16,,,
75540,28,24,34,,,
75541,10,10,30,,,
75542,24,16,16,,,
75543,30,30,30,,,
75544,24,24,24,,,
75545,3,3,10,,,
75546,16,16,16,,,
75547,16,16,16,,,
75548,30,30,30,,,
75549,24,16,16,,,
75550,28,28,28,,,
75551,36,4,4,,,
75552,6,26,10,,,
75553,4,23,23,,,
75554,24,24,24,,,
75555,16,16,16,,,
75556,16,16,16,,,
75557,20,34,20,,,
75558,16,16,16,,,
75559,3,36,36,,,
75560,23,31,6,,,
75561,10,10,10,,,
75562,16,16,16,,,
75563,24,24,24,,,
75564,8,8,8,,,
75565,16,16,16,,,
75566,4,24,4,,,
75567,26,24,24,,,
75568,24,16,16,,,
75569,26,26,26,,,
75570,30,30,30,,,
75571,24,24,24,,,
75572,30,30,30,,,
75573,16,16,16,,,
75574,10,10,10,,,
75575,8,24,8,,,
75576,24,24,24,,,
75577,24,24,24,,,
75578,24,24,10,,,
75579,16,16,16,,,
75580,24,24,24,,,
75581,24,30,30,,,
75582,9,34,9,,,
75583,34,34,5,,,
75584,4,4,4,,,
75585,16,16,16,,,
75586,16,16,16,,,
75587,16,30,30,,,
75588,31,30,30,,,
75589,24,28,28,,,
75590,14,28,28,,,
75591,28,28,28,,,
75592,28,28,28,,,
75593,16,16,16,,,
75594,24,24,24,,,
75595,16,16,16,,,
75596,30,30,30,,,
75597,8,5,5,,,
75598,27,16,16,,,
75599,8,16,5,,,
75600,24,16,16,,,
75601,24,24,24,,,
75602,4,16,16,,,
75603,4,23,4,,,
75604,4,4,30,,,
75605,16,16,16,,,
75606,24,24,24,,,
75607,32,37,5,,,
75608,24,24,24,,,
75609,37,4,4,,,
75610,16,30,10,,,
75611,4,28,28,,,
75612,30,30,16,,,
75613,16,16,16,,,
75614,24,24,4,,,
75616,16,16,16,,,
75617,26,4,4,,,
75618,24,16,24,,,
76045,3,27,19,,,
76088,28,28,28,,,
76113,16,16,16,,,
76142,28,4,4,,,
76143,4,4,4,,,
76164,4,4,4,,,
76169,2,2,2,,,
76202,16,16,16,,,
76208,24,5,24,,,
76210,18,5,5,,,
76231,24,24,24,,,
76248,26,26,4,,,
76255,10,10,10,,,
76256,8,5,19,,,
76263,13,24,24,,,
76266,16,16,16,,,
76267,24,24,24,,,
76268,24,24,24,,,
76271,9,9,9,,,
76272,4,28,8,,,
76273,4,4,4,,,
76274,24,24,24,,,
76277,17,16,16,,,
76278,24,24,24,,,
76279,28,28,28,,,
76280,24,24,24,,,
76281,16,16,16,,,
76282,16,16,16,,,
76283,26,16,26,,,
76284,31,30,30,,,
76285,10,36,10,,,
76286,28,28,28,,,
76287,8,28,8,,,
76288,16,24,24,,,
76289,5,34,27,,,
76290,36,4,4,,,
76291,16,34,34,,,
76292,18,16,24,,,
76293,16,16,16,,,
76294,24,24,10,,,
76295,16,16,16,,,
76296,5,28,5,,,
76297,24,16,16,,,
76298,16,16,24,,,
76299,13,24,24,,,
76300,24,24,24,,,
76301,18,5,5,,,
76302,2,2,2,,,
76303,16,16,16,,,
76304,24,28,28,,,
76305,24,24,24,,,
76306,30,30,30,,,
76307,10,10,10,,,
76308,30,24,24,,,
76309,27,24,27,,,
76310,24,24,24,,,
76311,8,28,28,,,
76312,30,30,31,,,
76313,16,16,16,,,
76314,10,24,30,,,
76315,27,16,16,,,
76316,26,26,31,,,
76318,8,28,28,,,
76319,24,24,16,,,
76320,34,34,34,,,
76321,24,16,16,,,
76322,20,20,20,,,
76323,5,37,23,,,
76324,16,16,16,,,
76325,24,24,24,,,
76326,34,34,34,,,
76328,24,24,24,,,
76329,8,8,8,,,
76330,24,24,24,,,
76331,16,16,16,,,
76332,26,26,26,,,
76333,27,27,27,,,
76334,24,24,24,,,
76335,2,10,22,,,
76337,28,28,28,,,
76338,30,30,30,,,
76339,16,16,16,,,
76340,26,26,26,,,
76341,4,4,4,,,
76342,4,4,4,,,
76343,27,24,27,,,
76344,16,16,16,,,
76345,16,16,16,,,
76346,28,28,28,,,
76347,2,2,2,,,
76348,24,16,16,,,
76349,4,4,4,,,
76350,2,4,4,,,
76351,13,16,16,,,
76352,24,24,10,,,
76353,24,24,24,,,
76354,22,30,30,,,
76355,4,34,28,,,
76356,24,24,24,,,
76357,24,24,24,,,
76358,16,16,16,,,
76359,28,28,28,,,
76360,13,16,24,,,
76361,8,28,28,,,
76362,16,16,16,,,
76363,24,24,24,,,
76364,34,34,34,,,
76365,16,16,16,,,
76366,16,16,16,,,
76367,24,24,24,,,
76368,28,8,8,,,
76369,30,30,30,,,
76370,5,28,5,,,
76371,30,30,30,,,
76372,24,24,24,,,
76373,24,24,24,,,
76375,10,24,10,,,
76376,19,19,19,,,
76377,2,2,2,,,
76378,24,24,30,,,
76379,16,16,16,,,
76405,16,16,16,,,
76423,16,16,16,,,
76424,24,24,16,,,
76426,30,30,30,,,
76430,34,34,34,,,
76443,27,19,27,,,
76444,16,16,16,,,
76449,24,24,30,,,
76455,30,30,30,,,
76458,24,24,24,,,
76471,24,16,24,,,
76474,27,16,16,,,
76481,8,8,8,,,
76495,30,30,30,,,
76517,31,16,16,,,
76526,13,19,24,,,
76532,30,30,30,,,
76566,36,36,36,,,
76569,28,28,28,,,
76588,31,26,38,,,
76592,24,10,10,,,
76602,30,30,30,,,
76611,27,16,16,,,
76624,24,16,16,,,
76627,16,16,16,,,
76647,30,30,30,,,
76656,16,16,16,,,
76657,31,30,30,,,
76658,37,10,37,,,
76659,16,16,16,,,
76660,27,24,27,,,
76661,3,4,5,,,
76663,35,23,22,,,
76664,24,16,16,,,
76665,30,30,30,,,
76666,24,16,16,,,
76667,16,16,16,,,
76668,16,16,16,,,
76669,16,16,16,,,
76670,2,9,9,,,
76671,9,28,28,,,
76672,4,23,4,,,
76674,16,16,16,,,
76675,36,36,36,,,
76676,24,5,24,,,
76678,4,26,4,,,
76679,37,31,37,,,
76680,16,16,16,,,
76681,8,16,27,,,
76682,16,16,16,,,
76683,19,34,19,,,
76684,16,16,16,,,
76685,34,24,24,,,
76686,26,26,30,,,
76687,30,30,30,,,
76688,16,16,16,,,
76689,24,24,24,,,
76690,24,24,10,,,
76691,16,16,16,,,
76692,16,16,16,,,
76693,4,4,4,,,
76694,16,16,16,,,
76695,18,19,19,,,
76696,34,24,34,,,
76697,38,38,26,,,
76698,16,16,16,,,
76699,24,24,31,,,
76700,16,16,16,,,
76701,16,16,16,,,
76702,24,16,16,,,
76703,24,16,16,,,
76704,34,20,20,,,
76705,31,34,34,,,
76706,24,24,24,,,
76707,10,30,10,,,
76708,16,16,16,,,
76709,16,16,24,,,
76710,24,24,24,,,
76711,10,24,24,,,
76712,16,16,16,,,
76713,30,30,30,,,
76714,3,4,4,,,
76715,16,16,16,,,
76716,24,24,24,,,
76717,38,38,38,,,
76718,24,34,34,,,
76719,36,34,34,,,
76720,22,2,2,,,
76721,24,24,24,,,
76722,3,30,30,,,
76723,16,16,16,,,
76724,28,28,28,,,
76725,24,16,4,,,
76726,30,30,30,,,
76727,16,16,16,,,
76728,34,34,39,,,
76729,16,16,16,,,
76730,28,28,28,,,
76731,16,20,20,,,
76732,24,24,16,,,
76733,10,5,2,,,
76734,24,24,24,,,
76735,28,28,28,,,
76736,27,16,16,,,
76737,27,16,27,,,
76738,24,16,16,,,
76739,16,16,16,,,
76740,34,34,34,,,
76741,16,16,16,,,
76742,4,24,4,,,
76743,24,24,24,,,
76744,16,16,16,,,
76745,24,24,24,,,
76746,30,16,16,,,
76747,3,16,24,,,
76748,2,2,22,,,
76749,36,36,9,,,
76750,4,36,2,,,
76751,24,24,24,,,
76752,27,16,27,,,
76753,16,16,16,,,
76754,13,24,24,,,
76755,24,24,24,,,
76756,24,24,24,,,
76757,4,26,4,,,
76758,24,24,24,,,
76759,24,24,24,,,
76760,16,16,16,,,
76761,16,16,16,,,
76762,27,24,24,,,
76763,25,16,25,,,
76764,16,16,16,,,
76765,24,24,24,,,
76766,24,24,24,,,
76767,16,16,16,,,
76768,16,16,16,,,
76769,5,28,28,,,
76770,30,30,30,,,
76771,24,16,16,,,
76772,24,26,26,,,
76773,4,4,4,,,
76774,24,16,16,,,
76775,30,30,30,,,
76776,24,16,16,,,
76777,27,16,27,,,
76778,28,28,28,,,
76779,24,24,24,,,
76780,24,24,10,,,
76781,29,16,16,,,
76782,16,16,16,,,
76783,33,2,2,,,
76784,24,37,30,,,
76785,22,16,5,,,
76786,10,10,10,,,
76787,27,24,19,,,
76788,27,16,27,,,
76789,31,30,30,,,
76790,34,34,34,,,
76791,4,5,4,,,
76792,30,30,30,,,
76793,16,16,16,,,
76794,16,16,16,,,
76795,5,37,4,,,
76796,19,19,19,,,
76797,24,16,16,,,
76798,16,16,16,,,
76799,27,16,27,,,
76800,16,16,16,,,
76801,3,10,10,,,
76802,16,16,16,,,
76803,24,24,24,,,
76804,24,24,24,,,
76805,28,8,8,,,
76806,28,28,28,,,
76807,24,30,30,,,
76808,24,24,24,,,
76809,24,24,10,,,
76810,30,30,30,,,
76811,16,16,16,,,
76812,24,24,24,,,
76813,24,24,16,,,
76814,24,24,24,,,
76815,2,9,9,,,
76816,16,16,16,,,
76817,34,34,34,,,
76818,32,27,5,,,
76819,16,16,16,,,
76820,24,24,19,,,
76821,28,28,28,,,
76822,5,5,5,,,
76823,4,24,10,,,
76824,10,10,10,,,
76825,34,34,19,,,
76826,16,16,16,,,
76827,34,16,5,,,
76828,16,16,16,,,
76829,16,16,16,,,
76830,24,28,28,,,
76831,24,24,24,,,
76832,4,4,4,,,
76833,5,5,5,,,
76834,20,16,16,,,
76835,28,28,28,,,
76836,30,30,30,,,
76837,28,28,28,,,
76839,27,16,27,,,
76840,30,30,30,,,
76841,16,16,16,,,
76842,16,30,16,,,
76843,30,30,30,,,
76844,16,16,16,,,
76845,24,24,24,,,
76846,8,8,8,,,
76847,10,30,30,,,
76848,24,36,36,,,
76849,2,23,23,,,
76850,16,16,16,,,
76851,24,24,10,,,
76852,24,24,24,,,
76853,11,10,10,,,
76854,2,10,36,,,
76855,28,28,28,,,
76856,25,16,30,,,
76857,24,24,10,,,
76858,10,30,30,,,
76859,24,24,24,,,
76860,13,26,3,,,
76861,10,10,10,,,
76862,6,30,10,,,
76863,5,36,36,,,
76864,24,24,24,,,
76865,30,30,30,,,
76866,30,30,30,,,
76867,24,24,24,,,
76868,9,2,9,,,
76869,22,2,2,,,
76870,3,10,10,,,
76871,16,16,16,,,
76872,16,16,16,,,
76873,23,23,10,,,
76874,13,24,24,,,
76875,24,5,5,,,
76876,26,26,26,,,
76877,34,34,10,,,
76878,2,2,2,,,
76879,24,24,24,,,
76880,24,10,24,,,
76881,24,24,24,,,
76882,30,30,30,,,
76883,16,16,16,,,
76884,24,24,24,,,
76885,28,28,28,,,
76886,16,16,16,,,
76887,16,16,27,,,
76888,1,8,8,,,
76889,37,34,34,,,
76890,16,24,24,,,
76891,16,16,16,,,
76892,20,34,34,,,
76893,16,16,16,,,
76894,24,24,31,,,
76895,16,16,16,,,
76896,27,16,16,,,
77301,16,16,16,,,
77306,28,28,28,,,
77316,11,10,10,,,
77411,16,16,16,,,
77490,36,36,36,,,
77497,28,8,28,,,
77499,28,28,28,,,
77505,19,8,8,,,
77517,30,30,30,,,
77519,27,27,27,,,
77529,30,30,30,,,
77542,24,24,4,,,
77569,31,16,16,,,
77587,3,16,16,,,
77590,2,2,2,,,
77592,24,30,30,,,
77593,8,8,8,,,
77594,24,24,24,,,
77595,34,10,36,,,
77596,5,4,5,,,
77597,16,16,16,,,
77598,8,5,5,,,
77601,28,24,24,,,
77602,26,26,26,,,
77603,31,30,30,,,
77604,24,16,16,,,
77605,28,28,28,,,
77606,16,16,16,,,
77607,24,24,24,,,
77608,30,30,30,,,
77609,24,24,24,,,
77610,16,16,16,,,
77611,16,16,16,,,
77612,27,27,27,,,
77613,5,24,5,,,
77614,4,36,28,,,
77615,36,10,10,,,
77616,10,27,27,,,
77617,26,24,26,,,
77618,29,4,4,,,
77619,3,26,23,,,
77620,16,16,16,,,
77621,16,16,16,,,
77622,13,34,34,,,
77623,34,34,34,,,
77624,24,24,16,,,
77625,24,10,24,,,
77626,24,16,16,,,
77627,16,16,16,,,
77628,30,30,30,,,
77629,4,4,4,,,
77630,8,8,8,,,
77631,24,24,24,,,
77632,4,4,4,,,
77633,24,30,30,,,
77634,24,16,16,,,
77635,29,5,8,,,
77636,19,19,19,,,
77637,16,16,16,,,
77638,13,34,24,,,
77639,30,16,16,,,
77640,15,16,16,,,
77641,28,28,28,,,
77642,16,16,16,,,
77643,28,28,28,,,
77644,17,20,20,,,
77645,24,24,24,,,
77646,24,24,10,,,
77647,20,34,34,,,
77648,28,28,28,,,
77649,30,30,30,,,
77650,25,16,16,,,
77651,24,24,24,,,
77652,16,16,16,,,
77653,30,30,30,,,
77654,28,28,28,,,
77655,34,34,34,,,
77656,4,4,8,,,
77657,8,8,8,,,
77658,10,24,10,,,
77659,5,5,5,,,
77660,10,2,10,,,
77661,16,16,16,,,
77662,34,34,34,,,
77663,8,8,8,,,
77664,34,34,34,,,
77665,28,28,28,,,
77666,24,24,24,,,
77667,16,16,16,,,
77668,39,34,27,,,
77669,16,16,16,,,
77670,16,16,16,,,
77671,24,16,16,,,
77672,24,24,24,,,
77673,24,24,24,,,
77674,24,24,16,,,
77675,24,24,24,,,
77676,16,16,16,,,
77677,24,24,24,,,
77678,39,20,9,,,
77679,16,16,16,,,
77680,30,30,30,,,
77681,24,24,24,,,
77682,24,30,30,,,
77706,24,16,16,,,
77708,24,16,16,,,
77724,24,24,16,,,
77726,24,24,24,,,
77728,28,28,28,,,
77737,34,34,28,,,
77772,30,30,30,,,
77781,37,24,24,,,
77783,16,24,24,,,
77805,3,26,26,,,
77814,10,10,10,,,
77828,16,24,24,,,
77832,24,24,24,,,
77837,10,10,10,,,
77847,30,30,30,,,
77873,24,24,5,,,
77890,37,23,31,,,
77897,16,16,16,,,
77906,16,16,16,,,
77915,24,24,24,,,
77920,28,8,8,,,
77926,27,27,27,,,
77929,24,24,24,,,
77930,16,16,16,,,
77931,23,30,30,,,
77932,16,16,16,,,
77933,4,23,23,,,
77934,13,10,10,,,
77935,24,24,24,,,
77936,32,28,5,,,
77937,4,4,4,,,
77938,24,24,24,,,
77939,8,28,8,,,
77940,16,16,16,,,
77941,38,38,38,,,
77942,24,24,24,,,
77943,16,16,16,,,
77947,30,30,30,,,
77948,24,30,30,,,
77949,30,30,30,,,
77950,6,16,16,,,
77951,24,24,5,,,
77952,27,27,27,,,
77955,16,24,24,,,
77956,24,16,16,,,
77957,26,34,34,,,
77958,27,24,24,,,
77959,36,36,36,,,
77960,24,36,36,,,
77961,20,34,20,,,
77962,24,16,16,,,
77963,9,2,9,,,
77964,6,16,16,,,
77965,30,30,30,,,
77966,16,30,16,,,
77967,13,16,16,,,
77968,28,16,16,,,
77970,30,30,30,,,
77971,30,30,30,,,
77972,30,30,30,,,
77973,2,33,2,,,
77974,16,16,16,,,
77975,24,16,26,,,
77976,27,16,16,,,
77977,8,28,28,,,
77978,30,30,30,,,
77979,13,26,10,,,
77980,16,16,16,,,
77981,30,30,30,,,
77982,22,2,2,,,
77983,16,16,16,,,
77984,16,16,16,,,
77985,22,5,5,,,
77986,30,24,24,,,
77987,11,24,19,,,
77988,16,16,16,,,
77989,30,30,30,,,
77990,24,24,24,,,
77991,16,16,16,,,
77992,30,30,30,,,
77993,30,30,30,,,
77994,28,28,28,,,
77995,27,16,16,,,
77996,13,30,30,,,
77997,11,19,19,,,
77998,2,2,2,,,
77999,4,4,4,,,
78000,24,24,16,,,
78001,4,4,23,,,
78002,28,28,28,,,
78003,24,16,16,,,
78004,16,16,16,,,
78005,34,34,34,,,
78006,28,8,8,,,
78007,33,2,2,,,
78008,9,34,34,,,
78009,4,4,4,,,
78010,24,24,24,,,
78011,27,16,16,,,
78012,26,26,26,,,
78013,26,26,26,,,
78014,24,24,24,,,
78015,24,24,24,,,
78017,24,23,10,,,
78018,10,24,10,,,
78019,24,24,24,,,
78020,24,10,10,,,
78021,16,16,16,,,
78022,16,16,16,,,
78023,30,26,38,,,
78024,16,16,16,,,
78025,27,24,24,,,
78026,8,34,34,,,
78027,36,36,36,,,
78028,13,30,27,,,
78029,5,5,5,,,
78030,27,24,27,,,
78031,16,16,16,,,
78032,24,16,16,,,
78033,24,24,37,,,
78034,24,2,10,,,
78035,36,10,10,,,
78036,24,24,24,,,
78037,4,4,4,,,
78038,24,24,31,,,
78039,16,16,16,,,
78040,24,24,30,,,
78041,39,39,34,,,
78042,30,30,30,,,
78043,16,16,16,,,
78044,4,24,4,,,
78045,36,2,36,,,
78046,7,19,19,,,
78047,26,26,26,,,
78048,34,9,34,,,
78049,4,4,4,,,
78050,16,16,16,,,
78051,24,24,24,,,
78052,33,19,23,,,
78053,10,3,10,,,
78054,28,28,28,,,
78055,34,34,34,,,
78056,24,24,24,,,
78057,10,24,27,,,
78058,9,9,9,,,
78059,4,16,16,,,
78060,24,24,24,,,
78061,36,36,36,,,
78062,28,28,28,,,
78063,24,24,24,,,
78064,1,16,16,,,
78065,11,24,10,,,
78066,13,24,10,,,
78067,16,16,16,,,
78068,16,16,16,,,
78069,24,30,31,,,
78070,30,30,30,,,
78071,24,24,24,,,
78072,6,26,24,,,
78073,16,16,16,,,
78074,16,16,16,,,
78075,16,16,24,,,
78076,16,16,16,,,
78077,24,24,26,,,
78078,26,16,26,,,
78079,1,16,16,,,
78080,17,16,16,,,
78081,16,16,16,,,
78082,24,24,16,,,
78083,24,24,24,,,
78084,24,16,24,,,
78085,16,16,16,,,
78086,36,4,8,,,
78087,16,16,16,,,
78088,16,16,16,,,
78089,28,28,28,,,
78090,16,16,16,,,
78091,16,16,16,,,
78092,28,28,28,,,
78093,30,30,24,,,
78094,10,24,24,,,
78095,28,28,28,,,
78096,24,16,24,,,
78097,10,30,30,,,
78098,23,4,4,,,
78099,28,28,28,,,
78100,28,28,28,,,
78101,16,16,24,,,
78102,31,24,24,,,
78103,30,30,30,,,
78104,10,34,34,,,
78105,16,16,16,,,
78106,13,24,24,,,
78108,10,16,16,,,
78109,2,2,2,,,
78110,16,16,16,,,
78111,4,8,5,,,
78112,24,16,24,,,
78113,24,16,16,,,
78114,31,24,24,,,
78115,24,16,16,,,
78116,22,34,5,,,
78117,30,16,16,,,
78118,16,16,16,,,
78119,28,28,28,,,
78120,8,28,8,,,
78121,9,20,9,,,
78122,30,30,30,,,
78123,26,26,26,,,
78124,16,16,16,,,
78125,28,8,28,,,
78126,24,16,16,,,
78127,32,16,5,,,
78128,16,16,24,,,
78129,24,16,16,,,
78130,30,30,30,,,
78131,5,34,34,,,
78132,16,16,16,,,
78133,36,36,36,,,
78134,27,16,16,,,
78135,24,24,24,,,
78137,34,34,34,,,
78138,4,16,16,,,
78139,2,2,2,,,
78140,39,34,34,,,
78141,24,24,24,,,
78142,30,30,30,,,
78143,3,10,10,,,
78144,16,16,16,,,
78145,16,16,16,,,
78146,24,24,24,,,
78147,24,24,24,,,
78148,24,16,16,,,
78149,34,36,26,,,
78150,30,30,30,,,
78151,27,16,16,,,
78152,30,30,30,,,
78153,24,24,24,,,
78154,23,38,38,,,
78155,16,16,16,,,
78156,16,16,16,,,
78157,16,16,16,,,
78158,27,27,27,,,
78159,16,16,16,,,
78160,19,19,19,,,
78161,30,30,30,,,
78162,16,16,16,,,
78163,24,24,30,,,
78495,8,8,8,,,
78510,5,5,5,,,
78523,16,16,16,,,
78639,7,16,27,,,
78657,16,16,16,,,
78675,7,23,19,,,
78748,28,28,28,,,
78755,13,10,26,,,
78805,27,16,16,,,
78818,16,16,16,,,
78831,24,24,24,,,
78836,28,28,8,,,
78837,24,16,24,,,
78838,23,23,37,,,
78841,16,16,16,,,
78843,16,16,16,,,
78844,16,16,16,,,
78846,28,28,28,,,
78847,28,4,4,,,
78848,28,28,28,,,
78849,16,16,16,,,
78850,24,30,16,,,
78851,28,28,28,,,
78852,8,8,8,,,
78853,34,9,9,,,
78854,16,16,16,,,
78855,8,28,28,,,
78856,16,16,16,,,
78857,24,24,26,,,
78858,16,16,16,,,
78859,16,16,16,,,
78860,16,16,16,,,
78861,30,30,30,,,
78862,8,5,36,,,
78863,26,30,30,,,
78864,24,24,24,,,
78865,11,24,10,,,
78866,24,16,16,,,
78867,9,2,2,,,
78868,6,31,30,,,
78869,2,2,2,,,
78870,34,34,20,,,
78871,24,16,16,,,
78872,30,30,30,,,
78873,39,34,34,,,
78874,24,16,16,,,
78875,8,34,34,,,
78876,16,16,16,,,
78877,3,4,4,,,
78878,13,24,24,,,
78879,9,24,24,,,
78880,24,19,19,,,
78881,30,30,30,,,
78882,16,16,16,,,
78883,16,16,16,,,
78884,27,30,16,,,
78885,14,2,9,,,
78886,37,34,37,,,
78887,9,33,36,,,
78888,30,30,30,,,
78889,30,30,30,,,
78890,19,19,19,,,
78891,4,4,23,,,
78893,30,30,30,,,
78894,16,16,16,,,
78895,16,16,16,,,
78896,8,28,36,,,
78897,16,16,16,,,
78898,30,30,30,,,
78899,28,8,8,,,
78900,4,16,4,,,
78901,36,34,36,,,
78902,16,16,16,,,
78903,27,16,16,,,
78904,28,28,8,,,
78905,20,9,24,,,
78906,16,16,16,,,
78907,24,24,34,,,
78908,16,16,16,,,
78909,30,30,30,,,
78910,16,16,16,,,
78911,16,16,16,,,
78912,24,16,24,,,
78913,16,16,16,,,
78915,24,24,10,,,
78916,34,34,34,,,
78917,28,28,28,,,
78918,34,34,34,,,
78919,18,5,8,,,
78920,16,16,16,,,
78921,30,30,30,,,
78922,25,16,16,,,
78923,36,36,36,,,
78924,16,16,16,,,
78925,2,2,2,,,
78926,24,24,24,,,
78927,24,24,24,,,
78928,27,24,27,,,
78929,24,16,16,,,
78930,24,16,16,,,
78931,30,30,30,,,
78932,24,24,24,,,
78933,31,30,30,,,
78934,16,16,16,,,
78935,13,10,10,,,
78936,24,30,30,,,
78937,4,16,4,,,
78938,19,24,19,,,
78939,16,16,16,,,
78940,24,30,30,,,
78941,16,16,16,,,
78942,16,16,16,,,
78943,24,24,24,,,
78944,10,30,31,,,
78945,24,16,24,,,
78946,10,30,30,,,
78947,30,30,30,,,
78948,27,27,27,,,
78949,16,30,16,,,
78950,13,16,16,,,
78951,30,30,30,,,
78952,16,16,16,,,
78953,27,24,27,,,
78954,30,30,30,,,
78955,24,23,16,,,
78956,24,26,26,,,
78960,30,30,30,,,
78965,16,16,16,,,
78970,24,24,24,,,
78975,16,16,16,,,
78980,16,16,16,,,
78981,24,24,24,,,
78991,9,34,9,,,
78999,30,30,30,,,
79003,6,16,16,,,
79012,30,24,30,,,
79013,26,26,26,,,
79018,24,36,36,,,
79022,16,16,16,,,
79035,16,16,16,,,
79058,30,30,30,,,
79062,30,30,30,,,
79069,24,24,24,,,
79070,34,34,34,,,
79071,26,24,31,,,
79072,36,10,36,,,
79096,30,30,30,,,
79103,16,16,16,,,
79112,5,16,16,,,
79120,16,16,16,,,
79134,28,28,28,,,
79139,8,19,8,,,
79177,4,4,8,,,
79192,16,16,16,,,
79209,16,16,16,,,
79218,10,10,10,,,
79236,16,24,24,,,
79246,15,5,5,,,
79248,16,16,16,,,
79249,24,24,24,,,
79250,32,24,10,,,
79251,24,24,10,,,
79252,16,16,16,,,
79253,25,24,24,,,
79254,24,16,16,,,
79255,30,30,30,,,
79256,25,16,16,,,
79257,16,16,16,,,
79258,24,24,16,,,
79259,26,24,26,,,
79260,31,30,30,,,
79261,5,5,5,,,
79262,37,26,4,,,
79263,10,31,31,,,
79265,28,28,28,,,
79266,28,28,28,,,
79267,3,4,4,,,
79269,5,28,28,,,
79270,16,16,16,,,
79271,16,16,16,,,
79272,30,30,30,,,
79273,28,28,28,,,
79274,6,16,16,,,
79275,24,16,16,,,
79276,16,16,16,,,
79277,16,16,16,,,
79278,16,16,16,,,
79279,34,2,34,,,
79280,16,16,16,,,
79281,31,24,16,,,
79282,30,30,30,,,
79283,2,2,2,,,
79284,22,30,30,,,
79285,30,30,30,,,
79286,28,28,28,,,
79287,22,23,22,,,
79288,16,16,16,,,
79289,26,26,26,,,
79290,16,16,16,,,
79291,24,24,10,,,
79292,16,16,16,,,
79293,8,8,8,,,
79294,16,16,16,,,
79295,16,16,16,,,
79296,22,28,2,,,
79297,30,30,30,,,
79298,30,30,30,,,
79299,30,30,30,,,
79300,24,10,10,,,
79301,28,28,28,,,
79302,16,16,16,,,
79303,24,30,30,,,
79304,16,16,16,,,
79305,24,16,24,,,
79306,24,24,24,,,
79307,24,24,24,,,
79308,30,30,30,,,
79309,16,16,16,,,
79310,16,16,16,,,
79311,30,30,30,,,
79312,27,16,27,,,
79313,16,16,16,,,
79314,16,16,16,,,
79315,16,16,16,,,
79316,6,23,23,,,
79317,16,16,16,,,
79318,9,33,39,,,
79319,30,30,30,,,
79320,27,16,27,,,
79321,30,30,30,,,
79322,4,4,4,,,
79323,23,30,30,,,
79324,30,30,30,,,
79325,17,16,16,,,
79326,5,4,4,,,
79327,24,24,24,,,
79328,24,24,10,,,
79329,16,30,16,,,
79330,24,24,24,,,
79331,30,30,30,,,
79332,34,24,34,,,
79333,24,16,24,,,
79334,24,19,5,,,
79335,16,16,16,,,
79336,2,9,9,,,
79337,17,38,31,,,
79338,38,38,38,,,
79339,16,30,16,,,
79340,2,2,2,,,
79341,18,2,24,,,
79342,5,37,5,,,
79343,24,16,16,,,
79344,9,34,9,,,
79345,27,16,16,,,
79346,4,36,4,,,
79347,24,24,24,,,
79348,24,24,24,,,
79349,30,30,30,,,
79350,2,10,10,,,
79351,1,16,16,,,
79352,16,16,16,,,
79353,5,4,4,,,
79354,30,26,26,,,
79355,24,24,24,,,
79356,26,34,26,,,
79357,30,24,24,,,
79358,13,34,34,,,
79359,34,34,34,,,
79360,16,16,16,,,
79361,24,24,24,,,
79362,24,24,24,,,
79363,16,16,16,,,
79364,24,24,24,,,
79365,1,16,16,,,
79366,30,30,30,,,
79367,30,30,30,,,
79368,16,16,16,,,
79369,16,16,16,,,
79370,16,16,16,,,
79371,34,2,34,,,
79372,27,16,16,,,
79373,1,8,8,,,
79374,5,4,4,,,
79375,16,16,16,,,
79377,9,9,9,,,
79378,3,36,36,,,
79379,24,24,19,,,
79380,24,24,24,,,
79381,24,24,24,,,
79382,31,26,26,,,
79383,24,24,10,,,
79384,4,4,4,,,
79385,6,30,16,,,
79386,16,16,16,,,
79387,8,8,8,,,
79388,30,30,30,,,
79389,16,16,16,,,
79390,37,23,5,,,
79391,28,28,28,,,
79392,16,16,16,,,
79393,16,16,16,,,
79394,16,16,16,,,
79395,17,20,20,,,
79396,16,16,16,,,
79397,24,16,16,,,
79398,31,30,30,,,
79399,30,30,30,,,
79400,16,24,16,,,
79401,27,24,27,,,
79402,16,16,16,,,
79404,27,24,24,,,
79405,34,26,26,,,
79406,16,16,16,,,
79407,3,30,3,,,
79408,28,8,8,,,
79409,28,28,28,,,
79410,30,30,30,,,
79411,3,16,16,,,
79412,28,28,28,,,
79413,16,16,16,,,
79414,6,16,16,,,
79415,2,2,2,,,
79416,16,16,16,,,
79417,16,16,16,,,
79418,0,16,24,,,
79419,5,34,34,,,
79420,2,2,2,,,
79421,13,34,5,,,
79422,28,28,28,,,
79423,4,36,4,,,
79424,28,28,28,,,
79425,28,28,28,,,
79426,8,8,8,,,
79427,24,24,24,,,
79428,16,16,16,,,
79429,16,16,16,,,
79430,16,16,16,,,
79431,24,24,24,,,
79432,24,24,24,,,
79433,4,4,4,,,
79434,16,16,16,,,
79435,24,16,30,,,
79436,31,30,30,,,
79437,8,28,28,,,
79438,36,36,36,,,
79439,32,34,5,,,
79440,4,5,5,,,
79441,33,33,2,,,
79442,28,28,28,,,
79443,8,8,8,,,
79444,4,24,4,,,
79445,16,16,16,,,
79446,28,28,28,,,
79447,20,34,20,,,
79448,36,36,36,,,
79449,24,24,24,,,
79450,5,34,34,,,
79451,27,16,16,,,
79452,24,3,31,,,
79453,16,16,16,,,
79454,16,16,16,,,
79455,16,16,16,,,
79456,10,10,10,,,
79457,8,28,8,,,
79458,16,16,16,,,
79459,4,24,4,,,
79460,24,24,24,,,
79461,24,24,24,,,
79462,5,24,24,,,
79463,23,10,24,,,
79464,16,16,16,,,
79465,16,16,16,,,
79466,24,24,10,,,
79467,10,16,16,,,
79468,16,16,16,,,
79469,27,19,19,,,
79470,31,30,30,,,
79471,24,24,4,,,
79472,4,23,4,,,
79473,16,16,16,,,
79474,10,16,16,,,
79475,24,16,16,,,
79754,16,16,16,,,
79867,27,27,27,,,
79937,13,24,24,,,
80036,8,5,8,,,
80045,10,24,10,,,
80059,16,16,16,,,
80077,16,16,16,,,
80087,24,19,19,,,
80098,27,27,27,,,
80106,28,28,28,,,
80112,16,16,16,,,
80121,19,19,19,,,
80123,18,24,24,,,
80125,16,16,16,,,
80126,34,28,34,,,
80127,24,19,24,,,
80128,4,23,4,,,
80129,24,24,24,,,
80130,16,24,24,,,
80131,28,28,28,,,
80132,27,16,27,,,
80133,19,5,8,,,
80134,13,36,26,,,
80135,24,24,24,,,
80136,9,2,34,,,
80137,5,34,5,,,
80138,6,26,3,,,
80139,24,24,24,,,
80140,33,19,2,,,
80141,39,39,39,,,
80142,24,10,10,,,
80143,26,34,5,,,
80144,24,24,10,,,
80145,36,36,36,,,
80147,4,9,4,,,
80148,4,34,34,,,
80149,23,4,4,,,
80151,2,9,9,,,
80152,24,24,24,,,
80153,30,30,30,,,
80154,30,30,30,,,
80155,24,16,16,,,
80156,19,24,26,,,
80157,16,16,16,,,
80158,16,16,16,,,
80159,16,16,16,,,
80160,16,16,16,,,
80161,16,16,16,,,
80162,31,24,31,,,
80163,16,16,16,,,
80164,16,16,16,,,
80165,5,5,5,,,
80166,25,16,30,,,
80167,30,16,16,,,
80168,28,28,28,,,
80169,8,8,8,,,
80170,28,28,28,,,
80171,24,16,16,,,
80172,4,4,4,,,
80173,24,30,16,,,
80174,30,30,30,,,
80175,16,16,16,,,
80176,27,16,27,,,
80177,16,16,16,,,
80178,26,34,26,,,
80179,27,16,27,,,
80180,34,34,34,,,
80181,34,34,34,,,
80182,16,16,16,,,
80183,33,34,2,,,
80184,16,16,16,,,
80185,24,10,27,,,
80186,28,28,28,,,
80187,4,5,5,,,
80188,34,34,34,,,
80189,39,34,34,,,
80190,26,26,26,,,
80191,2,2,2,,,
80192,24,16,16,,,
80193,36,4,4,,,
80194,24,16,16,,,
80195,24,24,24,,,
80196,16,16,16,,,
80197,4,16,16,,,
80198,16,16,16,,,
80199,24,24,16,,,
80200,24,24,24,,,
80201,16,16,16,,,
80202,39,34,34,,,
80203,16,16,16,,,
80204,27,16,16,,,
80205,16,16,16,,,
80206,4,34,5,,,
80207,39,9,9,,,
80208,5,2,2,,,
80209,27,30,30,,,
80210,24,24,24,,,
80211,6,16,16,,,
80212,32,5,5,,,
80214,16,16,16,,,
80215,24,24,24,,,
80216,10,30,30,,,
80217,24,24,24,,,
80218,24,16,16,,,
80219,17,16,16,,,
80220,10,16,16,,,
80221,28,28,28,,,
80222,24,24,24,,,
80223,24,24,24,,,
80224,36,3,36,,,
80225,2,2,2,,,
80226,16,16,16,,,
80227,24,24,24,,,
80228,34,34,34,,,
80229,25,30,30,,,
80230,24,16,16,,,
80231,16,24,16,,,
80232,16,16,16,,,
80233,16,16,16,,,
80234,19,5,19,,,
80235,4,30,30,,,
80236,24,24,16,,,
80250,17,16,16,,,
80279,30,30,30,,,
80284,16,16,16,,,
80294,19,16,27,,,
80315,27,27,27,,,
80329,4,4,8,,,
80340,30,30,30,,,
80349,36,36,36,,,
80350,34,36,36,,,
80362,30,30,30,,,
80373,24,16,16,,,
80375,28,28,8,,,
80400,16,16,16,,,
80403,30,30,30,,,
80406,16,24,24,,,
80432,27,27,27,,,
80451,26,26,26,,,
80478,30,30,30,,,
80501,16,16,16,,,
80510,16,16,24,,,
80512,16,16,16,,,
80513,6,31,30,,,
80514,16,24,24,,,
80515,8,8,8,,,
80517,5,5,5,,,
80520,9,4,28,,,
80521,25,16,16,,,
80522,24,10,24,,,
80523,9,9,28,,,
80524,24,24,24,,,
80525,8,5,5,,,
80526,8,8,8,,,
80527,34,34,34,,,
80528,10,27,27,,,
80529,24,24,24,,,
80530,38,30,30,,,
80531,24,30,30,,,
80532,27,24,24,,,
80534,27,16,27,,,
80535,31,26,26,,,
80536,24,10,10,,,
80538,16,16,16,,,
80539,34,36,36,,,
80540,27,19,19,,,
80542,16,16,16,,,
80543,24,24,10,,,
80544,16,16,16,,,
80545,16,16,16,,,
80546,23,36,23,,,
80547,16,16,16,,,
80548,27,24,10,,,
80549,24,16,16,,,
80550,16,16,16,,,
80551,16,16,16,,,
80552,16,16,16,,,
80553,5,5,5,,,
80554,9,20,9,,,
80555,10,2,10,,,
80556,16,16,16,,,
80557,28,28,8,,,
80558,6,20,20,,,
80559,38,19,19,,,
80560,23,30,30,,,
80561,24,24,24,,,
80562,24,24,10,,,
80563,16,24,24,,,
80564,29,5,5,,,
80565,6,16,16,,,
80566,16,16,16,,,
80567,19,19,19,,,
80568,26,26,26,,,
80569,24,30,30,,,
80570,24,16,16,,,
80571,24,24,24,,,
80572,24,24,24,,,
80573,30,30,30,,,
80574,26,24,24,,,
80575,24,24,24,,,
80576,30,30,30,,,
80577,4,4,4,,,
80578,33,2,2,,,
80579,2,2,10,,,
80580,14,9,9,,,
80581,24,16,16,,,
80582,27,16,27,,,
80583,24,24,24,,,
80584,16,16,16,,,
80586,16,16,16,,,
80587,10,10,10,,,
80588,6,16,16,,,
80589,30,30,30,,,
80590,11,10,10,,,
80591,24,16,16,,,
80592,34,36,36,,,
80593,16,16,16,,,
80594,39,34,34,,,
80595,2,2,2,,,
80596,30,30,30,,,
80597,16,16,16,,,
80598,16,16,16,,,
80599,30,30,30,,,
80600,27,16,16,,,
80601,36,28,36,,,
80602,16,16,16,,,
80603,27,16,27,,,
80604,16,16,16,,,
80605,4,36,4,,,
80606,15,16,16,,,
80607,24,24,24,,,
80608,9,34,36,,,
80609,30,30,30,,,
80610,24,24,24,,,
80611,37,28,37,,,
80612,16,16,16,,,
80613,24,24,8,,,
80614,30,30,30,,,
80615,5,5,5,,,
80616,16,16,16,,,
80617,24,24,24,,,
80618,30,30,30,,,
80619,24,24,10,,,
80621,8,5,24,,,
80622,24,30,30,,,
80623,17,34,20,,,
80624,4,4,4,,,
80625,30,30,30,,,
80626,24,26,4,,,
80627,24,24,10,,,
80628,28,16,16,,,
80629,24,24,10,,,
80630,16,30,30,,,
80631,18,16,16,,,
80632,33,33,9,,,
80633,24,30,30,,,
80634,30,30,30,,,
80635,2,2,2,,,
80636,34,34,5,,,
80637,3,23,3,,,
80638,34,34,34,,,
80639,28,28,28,,,
80640,39,9,9,,,
80641,5,34,28,,,
80642,30,30,30,,,
80643,16,16,16,,,
80644,26,24,26,,,
80645,24,30,10,,,
80646,13,16,16,,,
80647,28,28,28,,,
80648,24,24,26,,,
80649,30,30,30,,,
80650,30,30,30,,,
80651,27,24,27,,,
80652,24,16,27,,,
80653,24,24,24,,,
80654,27,19,27,,,
80655,28,28,28,,,
80656,24,30,24,,,
80657,16,16,16,,,
80658,26,26,26,,,
80659,24,24,16,,,
80660,24,16,16,,,
80661,24,24,24,,,
80662,10,30,10,,,
80663,16,16,16,,,
80664,24,24,24,,,
80665,16,16,16,,,
80666,24,5,4,,,
80667,16,16,16,,,
80668,28,28,28,,,
80669,24,24,24,,,
80670,28,28,8,,,
80671,16,16,16,,,
80672,16,16,16,,,
80673,2,2,2,,,
80674,16,16,16,,,
80675,16,16,16,,,
80676,9,34,20,,,
80677,23,23,23,,,
80678,16,16,16,,,
80679,16,16,16,,,
80680,24,24,24,,,
80681,31,30,30,,,
80682,28,28,28,,,
80683,30,30,30,,,
80684,28,28,28,,,
80685,5,4,4,,,
80686,24,24,16,,,
80687,30,30,30,,,
80688,16,16,16,,,
80689,24,24,24,,,
80690,30,30,30,,,
80691,16,16,27,,,
80692,16,16,16,,,
80693,16,16,16,,,
80694,30,30,30,,,
80695,13,16,16,,,
80696,4,36,36,,,
80697,8,4,4,,,
80698,7,19,34,,,
80699,16,16,16,,,
80700,24,24,24,,,
80701,16,16,16,,,
80702,30,30,30,,,
80703,11,10,10,,,
80704,34,34,34,,,
80705,23,10,10,,,
80706,24,5,5,,,
80707,16,16,16,,,
80708,16,16,16,,,
80709,23,23,23,,,
80710,34,9,28,,,
80711,16,16,16,,,
80712,5,4,4,,,
80713,10,24,10,,,
80714,23,5,5,,,
80715,16,16,16,,,
80716,8,28,28,,,
80717,16,16,24,,,
80718,30,30,30,,,
80719,16,16,16,,,
80720,22,37,2,,,
80721,24,24,24,,,
80722,9,34,34,,,
80723,13,16,16,,,
80724,24,24,24,,,
80725,27,16,27,,,
80726,16,16,16,,,
80727,27,34,27,,,
80728,4,24,4,,,
80729,24,10,24,,,
80730,4,28,28,,,
80731,24,24,24,,,
80732,24,24,24,,,
80733,30,24,30,,,
80734,24,30,31,,,
80735,30,30,30,,,
80736,4,4,4,,,
80737,27,24,27,,,
80738,16,16,16,,,
80739,16,16,16,,,
80740,8,24,24,,,
80741,28,28,28,,,
80742,27,27,27,,,
80743,24,34,24,,,
80744,30,30,30,,,
80745,26,26,26,,,
80746,28,28,28,,,
80747,27,24,27,,,
80748,24,24,24,,,
80749,27,16,27,,,
80750,8,8,8,,,
80751,30,30,30,,,
80752,27,34,27,,,
80753,30,30,30,,,
80754,16,16,16,,,
80755,4,4,4,,,
81164,16,16,16,,,
81260,34,34,34,,,
81264,30,30,30,,,
81301,2,2,2,,,
81321,18,24,30,,,
81328,25,16,16,,,
81329,16,16,16,,,
81331,26,26,30,,,
81352,30,30,30,,,
81354,16,24,24,,,
81356,10,30,30,,,
81365,19,36,8,,,
81368,17,16,16,,,
81369,16,16,16,,,
81371,28,8,8,,,
81377,16,16,16,,,
81395,29,16,24,,,
81413,22,5,5,,,
81414,24,10,10,,,
81415,24,24,24,,,
81417,16,16,16,,,
81418,10,24,10,,,
81421,23,16,31,,,
81422,28,28,28,,,
81423,28,28,28,,,
81424,30,30,30,,,
81425,16,16,16,,,
81426,3,26,26,,,
81428,4,4,4,,,
81429,27,16,16,,,
81430,13,16,16,,,
81431,4,4,4,,,
81433,16,30,16,,,
81435,24,16,16,,,
81436,30,30,30,,,
81437,26,28,28,,,
81438,28,8,8,,,
81439,24,16,24,,,
81440,16,16,16,,,
81441,16,16,16,,,
81442,28,16,24,,,
81443,5,24,24,,,
81444,27,24,10,,,
81445,19,5,4,,,
81446,24,24,24,,,
81447,24,16,16,,,
81448,16,16,16,,,
81449,24,24,24,,,
81450,24,24,24,,,
81451,5,24,5,,,
81452,38,38,38,,,
81453,16,16,16,,,
81454,25,16,16,,,
81455,16,16,16,,,
81456,3,4,4,,,
81457,28,28,28,,,
81458,5,24,24,,,
81459,16,16,16,,,
81460,5,16,16,,,
81461,16,16,16,,,
81462,2,34,34,,,
81464,14,9,28,,,
81465,28,28,28,,,
81466,16,16,16,,,
81467,16,16,16,,,
81468,16,24,16,,,
81469,24,24,24,,,
81470,16,16,16,,,
81471,24,16,4,,,
81472,16,16,16,,,
81473,27,27,27,,,
81474,16,16,16,,,
81475,8,4,4,,,
81476,30,30,30,,,
81477,30,30,30,,,
81478,30,24,24,,,
81479,16,16,16,,,
81480,16,16,16,,,
81481,16,16,16,,,
81482,24,16,16,,,
81483,24,16,16,,,
81484,24,16,30,,,
81485,2,2,2,,,
81486,4,4,4,,,
81487,36,10,36,,,
81488,17,24,27,,,
81489,10,10,10,,,
81490,27,28,19,,,
81491,16,16,16,,,
81492,24,24,16,,,
81493,24,24,24,,,
81494,30,16,16,,,
81495,4,4,4,,,
81496,38,24,31,,,
81497,24,24,24,,,
81498,28,28,28,,,
81500,24,24,24,,,
81501,24,10,10,,,
81502,16,16,16,,,
81503,16,16,16,,,
81504,8,8,8,,,
81505,24,24,24,,,
81506,16,16,24,,,
81507,36,36,36,,,
81508,31,26,31,,,
81509,28,8,28,,,
81510,30,30,30,,,
81511,37,2,10,,,
81512,24,16,16,,,
81513,24,24,16,,,
81514,34,36,36,,,
81515,34,34,34,,,
81516,11,10,10,,,
81517,4,4,4,,,
81518,30,30,30,,,
81519,26,26,26,,,
81520,24,10,10,,,
81521,30,30,30,,,
81522,24,16,16,,,
81523,24,24,24,,,
81524,30,30,30,,,
81536,16,16,16,,,
81540,28,28,28,,,
81545,30,30,30,,,
81547,30,30,30,,,
81558,13,23,10,,,
81563,27,19,27,,,
81574,30,30,30,,,
81575,24,24,24,,,
81583,16,16,16,,,
81608,34,34,34,,,
81614,34,34,34,,,
81622,28,28,8,,,
81628,28,28,28,,,
81631,30,30,30,,,
81635,5,5,5,,,
81646,24,16,16,,,
81651,24,24,24,,,
81654,10,2,22,,,
81656,33,37,8,,,
81663,24,10,10,,,
81668,30,30,30,,,
81675,26,24,26,,,
81684,30,30,30,,,
81691,24,24,24,,,
81692,20,34,34,,,
81706,24,24,24,,,
81713,30,30,30,,,
81725,3,26,26,,,
81733,26,26,26,,,
81740,26,26,26,,,
81749,24,24,24,,,
81780,24,16,24,,,
81783,24,24,24,,,
81789,16,16,16,,,
81798,37,26,26,,,
81801,30,30,30,,,
81810,16,16,16,,,
81815,16,16,16,,,
81828,3,24,24,,,
81829,24,24,24,,,
81831,24,36,36,,,
81832,23,30,30,,,
81833,24,10,10,,,
81834,31,24,24,,,
81835,11,27,27,,,
81836,24,24,26,,,
81837,27,16,16,,,
81838,24,10,24,,,
81839,3,31,3,,,
81840,6,30,30,,,
81841,24,24,19,,,
81842,10,37,37,,,
81843,17,34,20,,,
81844,3,38,3,,,
81845,28,8,8,,,
81846,10,16,16,,,
81847,24,24,24,,,
81848,16,16,16,,,
81849,16,16,16,,,
81850,36,36,36,,,
81851,24,24,24,,,
81852,2,10,10,,,
81853,25,16,16,,,
81854,36,36,36,,,
81858,4,4,4,,,
81859,24,24,24,,,
81860,24,16,24,,,
81861,24,24,24,,,
81863,24,16,16,,,
81864,16,16,16,,,
81865,30,30,30,,,
81866,4,37,5,,,
81867,16,16,16,,,
81868,34,16,24,,,
81869,24,16,16,,,
81870,24,16,16,,,
81871,16,16,16,,,
81872,28,28,28,,,
81873,26,26,26,,,
81874,11,19,19,,,
81875,4,16,24,,,
81876,27,24,27,,,
81877,16,16,16,,,
81878,16,24,16,,,
81879,24,24,24,,,
81880,16,16,16,,,
81881,33,34,9,,,
81882,24,24,16,,,
81883,36,34,34,,,
81884,24,16,24,,,
81885,16,16,16,,,
81886,30,30,30,,,
81887,36,36,36,,,
81888,16,16,16,,,
81889,24,30,30,,,
81891,31,24,24,,,
81892,6,27,27,,,
81893,24,10,10,,,
81894,4,4,4,,,
81895,26,26,26,,,
81896,30,30,24,,,
81897,24,24,24,,,
81898,16,16,16,,,
81899,31,30,30,,,
81900,1,16,16,,,
81901,28,28,28,,,
81902,31,38,38,,,
81903,27,16,16,,,
81904,27,34,27,,,
81905,4,36,4,,,
81906,16,16,16,,,
81907,24,24,24,,,
81908,16,16,16,,,
81909,16,16,16,,,
81910,24,16,16,,,
81911,4,4,4,,,
81912,9,2,2,,,
81913,16,16,16,,,
81914,16,24,24,,,
81915,10,30,30,,,
81916,16,16,16,,,
81917,24,24,10,,,
81918,24,24,24,,,
81919,24,16,16,,,
81920,30,30,30,,,
81921,31,24,31,,,
81922,28,28,28,,,
81923,24,24,16,,,
81924,27,16,27,,,
81925,27,27,27,,,
81926,38,26,38,,,
81927,24,24,16,,,
81928,4,4,4,,,
81929,28,28,28,,,
81930,8,8,8,,,
81931,27,24,27,,,
81932,24,28,28,,,
81933,31,30,31,,,
81934,16,30,30,,,
81935,30,30,30,,,
81936,16,16,16,,,
81937,1,16,16,,,
81938,30,30,30,,,
81939,39,34,39,,,
81940,16,16,16,,,
81941,3,10,10,,,
81942,24,30,30,,,
81943,24,24,24,,,
81944,5,24,5,,,
81945,8,28,8,,,
81946,25,16,30,,,
81947,3,24,24,,,
81948,30,30,30,,,
81949,10,24,24,,,
81950,6,37,10,,,
81951,30,30,30,,,
81952,2,10,10,,,
81953,16,16,16,,,
81954,31,24,24,,,
81955,27,16,16,,,
81956,8,8,28,,,
81957,30,30,30,,,
81958,22,2,2,,,
81959,30,30,30,,,
81960,16,16,16,,,
81961,28,28,28,,,
81962,33,2,2,,,
81963,25,16,16,,,
81964,24,24,24,,,
81965,16,24,16,,,
81966,16,16,16,,,
81967,10,24,24,,,
81968,24,36,4,,,
81969,5,16,16,,,
81970,39,39,39,,,
81971,24,24,24,,,
81972,4,22,4,,,
81973,30,30,30,,,
81974,24,24,24,,,
81975,16,16,16,,,
81976,16,16,16,,,
81977,16,16,16,,,
81978,28,28,28,,,
81979,30,30,30,,,
81980,10,24,27,,,
81981,30,30,30,,,
81982,16,16,16,,,
81983,30,16,16,,,
81984,26,4,4,,,
81985,24,24,24,,,
81986,24,24,24,,,
81987,25,24,24,,,
81988,30,30,30,,,
81989,24,16,24,,,
81990,16,16,16,,,
81991,30,30,30,,,
81992,27,24,27,,,
81993,24,24,24,,,
81994,31,30,30,,,
81995,33,34,39,,,
81996,26,34,34,,,
81997,16,16,16,,,
81998,30,30,30,,,
81999,24,24,24,,,
82000,28,28,28,,,
82001,24,10,10,,,
82002,8,28,8,,,
82004,8,5,19,,,
82005,4,16,4,,,
82006,6,3,3,,,
82007,16,16,16,,,
82008,4,28,28,,,
82009,27,16,16,,,
82010,24,24,24,,,
82011,16,16,16,,,
82012,29,5,5,,,
82013,16,16,16,,,
82014,16,16,16,,,
82015,4,4,4,,,
82016,16,16,16,,,
82017,30,30,30,,,
82018,16,16,16,,,
82019,16,16,16,,,
82020,27,27,27,,,
82021,30,24,24,,,
82022,28,28,28,,,
82023,38,23,23,,,
82024,16,16,16,,,
82025,36,4,4,,,
82026,16,30,16,,,
82027,13,16,16,,,
82028,16,16,16,,,
82029,16,16,16,,,
82030,4,4,4,,,
82031,30,30,30,,,
82033,4,4,4,,,
82034,24,24,16,,,
82035,28,28,28,,,
82036,24,16,16,,,
82037,24,24,24,,,
82038,24,24,26,,,
82039,13,24,27,,,
82040,28,19,28,,,
82041,24,24,24,,,
82042,30,30,30,,,
82043,5,34,34,,,
82044,5,24,10,,,
82045,24,24,16,,,
82046,16,16,16,,,
82047,2,2,22,,,
82048,24,19,34,,,
82049,16,16,16,,,
82050,16,16,16,,,
82051,24,10,24,,,
82052,24,24,24,,,
82053,26,24,24,,,
82054,5,5,5,,,
82055,24,24,24,,,
82056,24,24,24,,,
82057,24,24,16,,,
82058,1,16,16,,,
82059,16,16,16,,,
82060,16,16,16,,,
82061,16,16,16,,,
82062,2,2,37,,,
82064,30,30,30,,,
82065,16,16,16,,,
82066,28,28,28,,,
82067,4,4,4,,,
82068,2,2,2,,,
82069,30,24,30,,,
82070,24,24,24,,,
82071,16,16,16,,,
82072,16,16,24,,,
82073,30,30,30,,,
82074,16,24,24,,,
82075,30,30,30,,,
82076,5,5,16,,,
82528,26,38,38,,,
82584,16,16,16,,,
82589,16,16,16,,,
82593,1,16,16,,,
82648,16,16,16,,,
82666,33,2,33,,,
82684,24,16,16,,,
82689,23,23,23,,,
82692,28,28,28,,,
82698,16,16,16,,,
82725,16,16,24,,,
82726,16,16,24,,,
82727,16,16,16,,,
82731,20,34,34,,,
82732,31,24,24,,,
82733,16,16,16,,,
82734,16,16,16,,,
82735,24,24,24,,,
82736,28,28,28,,,
82737,16,16,16,,,
82738,11,24,10,,,
82739,2,2,2,,,
82741,11,10,10,,,
82742,28,28,28,,,
82743,4,24,16,,,
82744,26,16,26,,,
82745,31,30,31,,,
82746,16,16,16,,,
82747,24,24,24,,,
82748,8,5,36,,,
82749,5,5,4,,,
82750,30,30,30,,,
82751,30,30,30,,,
82752,24,24,24,,,
82753,13,16,16,,,
82754,24,24,24,,,
82755,28,28,28,,,
82756,28,28,28,,,
82757,24,36,36,,,
82758,4,26,26,,,
82759,5,34,34,,,
82760,16,16,16,,,
82761,34,34,34,,,
82762,16,4,16,,,
82763,30,30,30,,,
82764,24,16,16,,,
82765,19,24,27,,,
82767,34,34,34,,,
82768,19,24,16,,,
82769,28,28,4,,,
82770,16,16,16,,,
82771,16,16,16,,,
82772,24,10,24,,,
82773,16,16,16,,,
82774,16,16,16,,,
82775,24,5,19,,,
82776,13,34,34,,,
82777,36,4,36,,,
82778,24,36,36,,,
82779,26,26,26,,,
82780,30,30,30,,,
82781,24,24,24,,,
82782,16,16,16,,,
82783,4,24,4,,,
82784,4,4,4,,,
82785,28,28,28,,,
82786,16,16,16,,,
82787,16,16,16,,,
82788,24,24,24,,,
82789,4,4,4,,,
82790,5,5,19,,,
82791,24,30,30,,,
82792,27,16,16,,,
82793,16,16,16,,,
82794,24,16,24,,,
82795,31,30,30,,,
82796,16,16,16,,,
82797,4,5,26,,,
82798,23,38,38,,,
82799,34,34,34,,,
82800,16,16,16,,,
82801,4,28,8,,,
82802,28,28,28,,,
82803,31,30,30,,,
82804,24,30,16,,,
82805,26,26,26,,,
82806,10,30,30,,,
82807,16,16,16,,,
82808,30,30,30,,,
82809,3,36,36,,,
82810,13,10,10,,,
82811,1,16,16,,,
82812,2,2,9,,,
82813,24,24,24,,,
82814,3,23,10,,,
82815,16,16,16,,,
82816,16,16,16,,,
82817,16,16,16,,,
82818,24,24,24,,,
82819,24,10,24,,,
82820,24,24,24,,,
82821,16,16,16,,,
82822,24,24,4,,,
82823,2,28,28,,,
82824,24,16,20,,,
82825,5,5,5,,,
82826,16,16,16,,,
82827,24,24,24,,,
82828,5,5,5,,,
82829,24,16,16,,,
82830,24,24,10,,,
82831,24,16,16,,,
82832,28,28,28,,,
82833,23,23,5,,,
82834,24,24,24,,,
82835,27,16,16,,,
82836,24,24,10,,,
82837,31,30,31,,,
82838,24,24,24,,,
82855,16,16,16,,,
82861,28,16,19,,,
82883,16,16,16,,,
82884,19,19,19,,,
82896,22,4,9,,,
82900,4,4,4,,,
82907,28,28,28,,,
82912,34,28,28,,,
82930,24,24,24,,,
82942,24,24,24,,,
82948,16,16,25,,,
82959,24,10,24,,,
82960,24,24,24,,,
82963,13,16,16,,,
82983,5,5,8,,,
82988,24,16,16,,,
83002,24,24,24,,,
83005,25,16,16,,,
83009,16,16,16,,,
83011,24,16,16,,,
83031,19,19,5,,,
83035,30,30,30,,,
83076,30,16,30,,,
83089,24,10,24,,,
83090,30,30,30,,,
83100,24,16,16,,,
83112,28,28,28,,,
83113,24,24,24,,,
83114,30,30,30,,,
83115,17,16,16,,,
83116,5,24,24,,,
83117,3,3,10,,,
83118,4,4,4,,,
83119,2,10,10,,,
83121,5,5,5,,,
83122,30,16,30,,,
83124,24,24,10,,,
83125,30,30,30,,,
83126,24,24,24,,,
83128,24,24,4,,,
83129,27,24,27,,,
83130,8,8,8,,,
83131,34,36,34,,,
83132,24,24,24,,,
83133,13,16,16,,,
83134,16,16,16,,,
83135,24,24,24,,,
83136,8,28,8,,,
83137,27,16,27,,,
83138,24,16,24,,,
83140,6,30,30,,,
83141,37,37,37,,,
83142,28,28,28,,,
83144,29,10,24,,,
83145,28,28,28,,,
83146,6,31,6,,,
83147,16,16,16,,,
83148,30,30,30,,,
83149,16,16,16,,,
83150,24,24,10,,,
83151,25,16,16,,,
83152,30,30,10,,,
83153,31,30,30,,,
83154,16,16,16,,,
83155,27,16,16,,,
83156,24,24,5,,,
83157,24,16,24,,,
83158,8,24,19,,,
83159,16,16,16,,,
83160,24,24,31,,,
83161,20,9,20,,,
83162,23,23,4,,,
83163,5,5,5,,,
83164,24,16,16,,,
83165,16,16,16,,,
83166,27,16,27,,,
83167,24,24,24,,,
83168,24,24,24,,,
83169,5,16,16,,,
83170,31,30,30,,,
83171,16,16,16,,,
83172,24,16,16,,,
83173,4,10,4,,,
83174,16,16,16,,,
83175,36,36,36,,,
83176,2,2,2,,,
83177,27,27,27,,,
83178,24,16,16,,,
83179,16,16,16,,,
83180,24,24,16,,,
83181,25,16,16,,,
83182,24,24,24,,,
83183,24,24,24,,,
83184,30,30,30,,,
83185,6,4,37,,,
83186,30,30,30,,,
83187,16,30,16,,,
83188,36,10,36,,,
83189,34,24,24,,,
83190,24,24,24,,,
83191,27,24,16,,,
83192,34,34,34,,,
83193,30,30,30,,,
83194,24,16,16,,,
83195,24,24,10,,,
83196,24,24,24,,,
83197,27,16,16,,,
83198,24,30,24,,,
83199,27,16,16,,,
83200,16,16,16,,,
83201,8,28,28,,,
83202,24,24,24,,,
83203,24,16,16,,,
83204,30,30,30,,,
83205,28,28,28,,,
83206,30,30,30,,,
83207,16,16,16,,,
83208,27,16,27,,,
83209,3,4,4,,,
83210,16,16,16,,,
83211,30,30,30,,,
83212,5,5,5,,,
83213,5,5,8,,,
83214,30,30,30,,,
83215,24,24,10,,,
83216,24,30,30,,,
83217,24,24,24,,,
83218,4,4,4,,,
83219,16,16,16,,,
83220,24,10,10,,,
83221,27,24,10,,,
83222,10,24,24,,,
83223,34,34,34,,,
83224,36,36,36,,,
83225,34,34,34,,,
83226,24,16,16,,,
83227,10,10,10,,,
83228,16,16,16,,,
83229,30,30,24,,,
83230,39,28,28,,,
83231,16,16,16,,,
83232,16,16,16,,,
83233,5,34,34,,,
83234,24,16,16,,,
83235,5,5,5,,,
83236,16,24,24,,,
83237,8,5,8,,,
83238,27,16,16,,,
83239,16,16,16,,,
83240,16,16,16,,,
83241,24,24,24,,,
83242,16,16,16,,,
83243,34,34,34,,,
83244,3,30,16,,,
83245,2,36,2,,,
83246,13,24,24,,,
83247,16,16,16,,,
83248,16,16,16,,,
83249,13,10,24,,,
83251,24,16,16,,,
83252,13,34,10,,,
83253,4,24,4,,,
83254,16,16,16,,,
83255,24,31,16,,,
83256,28,28,28,,,
83257,5,24,24,,,
83258,24,16,24,,,
83259,2,2,2,,,
83260,28,16,24,,,
83261,16,16,16,,,
83262,16,16,16,,,
83263,16,16,16,,,
83264,28,28,28,,,
83265,16,16,27,,,
83266,24,16,16,,,
83267,24,16,24,,,
83268,7,24,10,,,
83269,30,30,30,,,
83270,4,4,4,,,
83271,26,34,34,,,
83272,28,36,28,,,
83273,24,16,24,,,
83274,16,16,16,,,
83275,24,16,16,,,
83276,30,30,30,,,
83277,24,24,24,,,
83278,16,16,16,,,
83279,23,38,23,,,
83280,28,19,28,,,
83281,16,16,16,,,
83282,16,16,16,,,
83283,24,24,24,,,
83284,24,24,24,,,
83285,26,34,34,,,
83286,16,16,16,,,
83287,16,16,16,,,
83288,3,10,3,,,
83289,16,24,16,,,
83290,32,2,2,,,
83291,24,19,19,,,
83292,24,10,10,,,
83293,39,39,10,,,
83294,24,24,16,,,
83295,29,5,19,,,
83296,34,34,34,,,
83297,39,39,39,,,
83298,24,16,16,,,
83299,28,28,28,,,
83300,27,10,27,,,
83301,16,16,16,,,
83302,24,16,16,,,
83303,37,5,10,,,
83304,28,28,28,,,
83305,24,36,36,,,
83306,8,24,24,,,
83307,30,30,30,,,
83308,24,24,24,,,
83309,27,24,10,,,
83310,24,24,24,,,
83311,16,24,24,,,
83312,4,4,4,,,
83313,27,27,27,,,
83314,28,28,28,,,
83315,27,27,27,,,
83316,30,30,30,,,
83317,27,24,10,,,
83318,27,24,27,,,
83319,16,16,16,,,
83320,27,16,16,,,
83321,24,16,24,,,
83322,24,24,24,,,
83323,30,30,30,,,
83324,16,16,16,,,
83325,16,16,16,,,
83326,16,16,16,,,
83327,16,16,16,,,
83328,6,30,30,,,
83329,27,10,19,,,
83330,27,24,27,,,
83331,37,24,24,,,
83822,24,28,28,,,
83841,27,27,27,,,
83865,31,30,30,,,
83902,16,16,16,,,
83922,16,16,16,,,
83937,24,24,24,,,
83955,16,16,16,,,
83966,16,16,16,,,
83973,2,2,2,,,
84001,16,16,16,,,
84009,24,24,30,,,
84010,28,28,28,,,
84011,3,16,16,,,
84012,16,16,16,,,
84013,4,24,4,,,
84014,31,16,16,,,
84015,8,5,8,,,
84016,22,2,2,,,
84017,20,16,16,,,
84018,16,16,4,,,
84019,2,10,2,,,
84020,16,16,16,,,
84021,24,24,24,,,
84022,3,19,19,,,
84023,24,24,27,,,
84024,27,16,16,,,
84025,16,16,16,,,
84026,9,10,36,,,
84028,13,24,24,,,
84030,14,2,9,,,
84031,9,34,34,,,
84033,10,16,16,,,
84034,17,16,16,,,
84035,28,28,28,,,
84036,24,24,24,,,
84037,24,26,26,,,
84038,16,16,16,,,
84039,24,24,24,,,
84040,30,30,30,,,
84041,30,30,30,,,
84042,27,27,27,,,
84043,27,16,16,,,
84044,24,16,26,,,
84045,30,30,30,,,
84046,24,24,24,,,
84047,28,28,28,,,
84048,16,16,16,,,
84049,16,16,16,,,
84050,16,16,16,,,
84051,16,16,16,,,
84052,28,28,28,,,
84053,21,37,30,,,
84054,26,24,26,,,
84055,16,16,16,,,
84056,28,28,28,,,
84058,6,38,3,,,
84059,30,30,30,,,
84060,30,30,30,,,
84061,16,16,16,,,
84062,24,16,27,,,
84063,31,24,31,,,
84064,5,5,5,,,
84065,10,10,10,,,
84066,24,24,24,,,
84067,19,5,8,,,
84068,24,24,24,,,
84069,2,2,2,,,
84070,16,16,16,,,
84071,28,28,28,,,
84072,5,4,8,,,
84073,27,16,27,,,
84074,16,16,16,,,
84075,24,24,24,,,
84076,13,16,24,,,
84077,30,30,30,,,
84078,30,16,30,,,
84079,24,16,16,,,
84080,22,2,22,,,
84081,30,30,30,,,
84082,24,16,16,,,
84083,27,27,27,,,
84084,30,30,30,,,
84085,25,16,16,,,
84086,24,24,24,,,
84087,16,16,16,,,
84088,9,39,39,,,
84089,8,8,8,,,
84090,24,24,24,,,
84091,1,16,16,,,
84092,16,16,16,,,
84093,28,28,28,,,
84094,24,24,24,,,
84095,4,37,34,,,
84096,16,16,16,,,
84097,16,16,27,,,
84098,23,23,23,,,
84099,10,36,36,,,
84100,16,16,16,,,
84101,24,24,10,,,
84102,24,16,16,,,
84103,24,24,16,,,
84104,26,37,37,,,
84105,9,2,2,,,
84106,37,37,37,,,
84107,28,28,28,,,
84108,2,2,2,,,
84109,10,30,30,,,
84110,16,16,16,,,
84111,16,16,16,,,
84112,24,24,24,,,
84113,13,16,16,,,
84114,2,2,2,,,
84115,9,24,16,,,
84116,32,2,10,,,
84117,24,24,24,,,
84118,30,30,30,,,
84119,24,24,10,,,
84120,24,16,16,,,
84121,24,10,10,,,
84122,16,16,16,,,
84123,24,24,24,,,
84124,19,19,19,,,
84125,24,10,10,,,
84126,30,30,30,,,
84127,24,24,4,,,
84145,16,16,16,,,
84152,30,30,30,,,
84163,24,24,24,,,
84186,30,30,30,,,
84206,26,19,19,,,
84215,16,24,16,,,
84221,24,16,16,,,
84230,30,24,30,,,
84231,30,30,30,,,
84240,16,16,16,,,
84271,24,24,10,,,
84273,30,30,30,,,
84277,24,24,24,,,
84280,24,24,31,,,
84289,24,30,16,,,
84297,30,30,30,,,
84320,30,30,30,,,
84327,4,4,4,,,
84332,27,27,27,,,
84335,34,34,34,,,
84340,28,16,24,,,
84355,26,26,26,,,
84363,26,24,26,,,
84365,24,24,24,,,
84379,36,36,36,,,
84384,20,34,20,,,
84386,31,31,38,,,
84402,16,24,24,,,
84407,30,30,30,,,
84408,25,16,30,,,
84416,36,36,36,,,
84421,27,24,10,,,
84422,26,24,26,,,
84423,16,16,16,,,
84424,30,30,30,,,
84425,16,16,16,,,
84426,37,34,37,,,
84427,23,24,27,,,
84428,24,16,24,,,
84429,24,30,30,,,
84430,29,5,5,,,
84431,16,16,16,,,
84432,24,16,16,,,
84433,24,24,24,,,
84434,24,16,24,,,
84435,39,34,39,,,
84436,8,8,8,,,
84438,5,5,5,,,
84439,16,16,16,,,
84440,24,24,24,,,
84441,16,24,24,,,
84442,24,24,24,,,
84443,24,24,24,,,
84445,24,24,24,,,
84446,28,4,28,,,
84447,24,24,24,,,
84448,23,30,30,,,
84450,23,4,38,,,
84451,16,16,16,,,
84452,26,28,26,,,
84454,27,34,27,,,
84456,24,30,30,,,
84457,16,16,16,,,
84458,22,2,2,,,
84459,26,26,26,,,
84460,16,16,16,,,
84461,28,23,10,,,
84462,3,26,26,,,
84463,31,24,24,,,
84464,36,36,36,,,
84465,27,27,27,,,
84466,24,24,24,,,
84467,16,16,16,,,
84468,23,36,23,,,
84469,30,30,30,,,
84470,30,31,4,,,
84471,4,4,4,,,
84472,24,24,24,,,
84473,11,19,19,,,
84474,21,19,5,,,
84475,22,2,2,,,
84476,16,16,16,,,
84477,16,16,16,,,
84478,16,16,16,,,
84479,30,26,31,,,
84480,23,4,4,,,
84481,13,24,24,,,
84482,16,16,16,,,
84483,30,30,30,,,
84484,26,26,26,,,
84485,25,30,30,,,
84486,23,4,24,,,
84487,30,30,30,,,
84488,29,16,24,,,
84489,34,34,34,,,
84490,30,30,30,,,
84491,30,30,30,,,
84492,5,24,24,,,
84493,39,9,9,,,
84494,30,30,30,,,
84495,27,16,27,,,
84496,30,30,30,,,
84497,16,16,16,,,
84498,30,30,30,,,
84499,24,5,24,,,
84500,23,23,23,,,
84501,24,24,24,,,
84502,30,24,24,,,
84503,28,28,28,,,
84504,27,16,27,,,
84505,5,16,24,,,
84506,16,16,16,,,
84507,28,28,28,,,
84508,30,30,30,,,
84509,16,16,16,,,
84510,30,16,16,,,
84511,16,16,16,,,
84512,16,16,16,,,
84513,24,24,24,,,
84514,30,30,30,,,
84515,24,30,30,,,
84516,27,27,27,,,
84517,27,16,27,,,
84518,4,37,5,,,
84519,10,30,30,,,
84520,24,24,4,,,
84521,30,30,30,,,
84522,3,24,10,,,
84523,10,16,27,,,
84524,30,30,30,,,
84525,16,16,16,,,
84526,16,16,16,,,
84527,30,30,30,,,
84528,24,24,24,,,
84529,4,4,4,,,
84530,16,24,24,,,
84531,24,16,16,,,
84532,16,16,16,,,
84533,30,30,30,,,
84534,16,16,16,,,
84535,16,16,16,,,
84536,2,2,2,,,
84537,30,30,30,,,
84538,28,16,24,,,
84539,16,16,16,,,
84540,16,16,16,,,
84541,31,24,30,,,
84542,28,28,28,,,
84543,8,8,8,,,
84544,24,16,16,,,
84545,10,30,30,,,
84546,24,24,30,,,
84547,24,10,19,,,
84548,24,26,4,,,
84549,5,5,5,,,
84550,30,30,30,,,
84551,28,28,28,,,
84552,8,5,8,,,
84553,4,4,8,,,
84554,10,16,16,,,
84555,24,24,24,,,
84556,24,24,16,,,
84557,34,34,34,,,
84558,24,30,30,,,
84559,2,2,10,,,
84560,16,16,16,,,
84561,11,10,11,,,
84562,28,8,28,,,
84563,24,30,30,,,
84564,24,16,16,,,
84565,34,34,9,,,
84566,28,28,28,,,
84567,3,37,37,,,
84568,16,16,16,,,
84569,16,16,16,,,
84570,16,30,30,,,
84571,30,30,30,,,
84572,24,16,16,,,
84573,30,30,30,,,
84574,28,16,28,,,
84575,30,30,30,,,
84576,30,30,30,,,
84577,30,30,30,,,
84578,16,16,16,,,
84579,16,16,16,,,
84580,24,24,4,,,
84581,27,24,27,,,
84582,24,24,24,,,
84583,10,30,10,,,
84584,30,30,30,,,
84585,25,16,25,,,
84586,23,4,4,,,
84587,35,5,5,,,
84588,24,16,16,,,
84589,30,30,30,,,
84590,16,24,24,,,
84591,16,16,16,,,
84592,16,16,16,,,
84593,16,16,16,,,
84595,4,4,23,,,
84596,8,4,4,,,
84597,24,30,30,,,
84598,9,9,9,,,
84599,8,8,8,,,
84600,26,26,38,,,
84601,5,24,24,,,
84602,10,37,37,,,
84603,3,26,26,,,
84604,16,16,16,,,
84605,25,16,25,,,
84606,3,30,30,,,
84607,24,24,24,,,
84608,16,16,16,,,
84609,24,24,31,,,
84610,28,28,28,,,
84611,24,24,24,,,
84612,16,24,24,,,
84613,26,26,3,,,
84614,26,30,30,,,
84615,16,16,16,,,
84616,24,24,24,,,
84617,24,16,16,,,
84618,28,28,28,,,
84619,6,23,6,,,
84620,24,24,10,,,
84621,36,36,36,,,
84622,16,16,16,,,
84623,16,16,16,,,
84624,24,10,10,,,
84625,27,27,27,,,
84626,28,28,28,,,
84627,4,4,4,,,
84628,39,34,39,,,
84629,3,27,27,,,
84630,31,30,30,,,
84631,24,30,16,,,
84632,24,24,24,,,
84633,27,24,24,,,
84634,24,16,16,,,
84635,39,36,27,,,
84636,28,28,28,,,
84637,4,30,4,,,
84638,24,24,24,,,
84639,16,16,16,,,
84640,16,16,16,,,
84641,24,16,24,,,
84642,24,24,24,,,
84644,17,16,16,,,
84645,24,10,10,,,
84646,13,5,27,,,
84647,16,16,16,,,
84648,24,10,36,,,
84649,24,24,4,,,
84650,4,16,16,,,
84651,16,16,16,,,
84652,16,16,16,,,
84653,16,16,16,,,
84654,24,24,24,,,
84655,20,34,34,,,
84656,16,16,16,,,
84657,5,5,5,,,
84658,31,30,30,,,
84659,24,24,24,,,
84660,24,24,24,,,
84661,3,26,3,,,
84662,30,30,30,,,
84663,27,16,16,,,
84664,28,28,28,,,
84666,34,34,34,,,
84667,16,16,16,,,
84668,34,24,24,,,
84669,34,24,24,,,
84670,16,16,16,,,
84671,16,16,16,,,
84673,30,30,30,,,
84674,16,16,16,,,
84675,3,16,16,,,
84676,16,16,16,,,
84677,4,4,4,,,
84678,27,16,16,,,
84971,36,36,36,,,
85073,13,16,24,,,
85126,4,4,4,,,
85133,0,9,9,,,
85157,16,16,16,,,
85215,16,16,16,,,
85227,13,36,36,,,
85252,27,27,27,,,
85265,17,16,34,,,
85270,19,4,8,,,
85275,5,24,24,,,
85293,26,26,26,,,
85310,28,28,28,,,
85321,16,16,16,,,
85326,5,16,24,,,
85331,16,16,16,,,
85352,16,16,16,,,
85360,25,16,16,,,
85361,34,19,5,,,
85364,5,23,4,,,
85365,16,16,16,,,
85366,24,10,24,,,
85368,4,4,4,,,
85369,28,28,28,,,
85370,30,30,30,,,
85371,24,24,10,,,
85372,8,5,5,,,
85373,28,28,28,,,
85374,16,16,16,,,
85375,5,36,4,,,
85376,16,16,16,,,
85377,24,10,10,,,
85378,19,19,19,,,
85379,31,24,24,,,
85380,16,16,16,,,
85381,27,19,27,,,
85382,27,27,27,,,
85383,23,10,10,,,
85384,24,16,16,,,
85385,16,16,16,,,
85386,24,24,24,,,
85387,16,30,16,,,
85388,16,16,16,,,
85389,28,28,28,,,
85390,20,34,34,,,
85391,28,8,28,,,
85392,19,19,2,,,
85393,6,23,23,,,
85394,24,24,24,,,
85395,16,16,16,,,
85396,16,16,16,,,
85397,33,9,9,,,
85398,16,16,16,,,
85399,26,26,38,,,
85400,34,34,34,,,
85401,27,19,27,,,
85402,16,16,16,,,
85403,16,16,16,,,
85404,3,23,4,,,
85405,5,19,5,,,
85406,16,16,16,,,
85407,30,30,30,,,
85408,4,4,4,,,
85409,16,16,27,,,
85410,2,2,2,,,
85411,5,34,34,,,
85412,23,23,23,,,
85413,26,26,26,,,
85414,8,28,8,,,
85415,28,28,28,,,
85416,8,8,8,,,
85417,24,24,24,,,
85418,24,24,24,,,
85419,24,34,34,,,
85421,19,24,24,,,
85422,16,16,16,,,
85423,16,16,16,,,
85424,37,5,5,,,
85425,23,23,3,,,
85426,3,26,26,,,
85428,8,24,10,,,
85429,24,24,24,,,
85430,24,30,31,,,
85431,10,24,24,,,
85432,28,28,28,,,
85433,27,24,27,,,
85434,16,16,16,,,
85436,30,16,30,,,
85437,31,30,30,,,
85438,19,19,19,,,
85439,24,24,24,,,
85440,16,16,16,,,
85441,24,24,24,,,
85442,8,28,28,,,
85443,19,19,8,,,
85444,6,30,30,,,
85445,24,24,24,,,
85446,24,24,4,,,
85447,34,24,24,,,
85448,16,16,16,,,
85449,24,30,10,,,
85450,2,9,9,,,
85451,21,16,16,,,
85452,16,16,16,,,
85453,16,16,16,,,
85454,16,16,16,,,
85455,18,28,28,,,
85456,30,30,30,,,
85457,4,8,4,,,
85458,16,16,16,,,
85459,16,16,16,,,
85460,31,24,30,,,
85461,30,30,30,,,
85462,24,24,24,,,
85463,16,16,16,,,
85464,28,28,28,,,
85465,16,16,16,,,
85466,3,31,16,,,
85467,24,36,36,,,
85468,15,28,5,,,
85469,24,24,24,,,
85470,24,16,16,,,
85471,26,26,26,,,
85472,8,28,28,,,
85473,24,24,24,,,
85474,19,19,27,,,
85475,24,24,16,,,
85476,24,24,24,,,
85477,30,30,30,,,
85478,24,24,24,,,
85479,24,24,16,,,
85480,24,16,16,,,
85513,16,16,16,,,
85515,33,2,2,,,
85522,8,8,8,,,
85527,34,34,34,,,
85534,25,16,16,,,
85539,31,26,31,,,
85553,24,24,16,,,
85559,38,38,38,,,
85569,34,34,34,,,
85571,31,30,30,,,
85586,24,24,16,,,
85596,27,16,16,,,
85606,30,30,30,,,
85610,4,4,4,,,
85612,25,16,16,,,
85618,10,10,10,,,
85623,16,16,16,,,
85636,24,24,24,,,
85658,30,30,30,,,
85667,24,24,24,,,
85681,16,16,16,,,
85685,16,16,16,,,
85698,16,16,16,,,
85709,24,24,24,,,
85720,16,16,16,,,
85740,27,16,27,,,
85742,28,28,28,,,
85762,28,28,28,,,
85765,30,30,30,,,
85768,27,27,27,,,
85780,24,24,10,,,
85782,8,26,4,,,
85783,16,16,16,,,
85784,5,24,24,,,
85785,24,24,10,,,
85786,16,30,16,,,
85788,16,16,16,,,
85789,22,2,2,,,
85790,28,28,28,,,
85791,30,30,30,,,
85792,27,16,16,,,
85793,19,24,24,,,
85794,28,28,28,,,
85795,16,16,16,,,
85796,16,16,16,,,
85797,28,28,28,,,
85798,10,2,2,,,
85799,16,16,16,,,
85800,16,16,16,,,
85801,24,30,31,,,
85803,28,28,28,,,
85804,16,16,16,,,
85805,8,8,8,,,
85806,34,20,20,,,
85807,24,24,24,,,
85808,16,16,16,,,
85809,16,24,24,,,
85810,16,16,16,,,
85811,8,4,4,,,
85812,24,24,24,,,
85813,4,4,4,,,
85814,24,24,24,,,
85815,24,24,24,,,
85816,18,16,24,,,
85817,28,28,28,,,
85818,24,24,24,,,
85819,10,24,24,,,
85820,16,16,16,,,
85821,10,34,34,,,
85822,16,16,16,,,
85823,4,4,5,,,
85824,16,16,16,,,
85825,28,28,4,,,
85826,9,34,34,,,
85827,24,16,16,,,
85828,31,30,30,,,
85829,23,22,22,,,
85830,24,30,30,,,
85831,5,5,4,,,
85832,24,16,16,,,
85833,37,24,34,,,
85834,4,31,4,,,
85835,2,2,2,,,
85836,3,16,16,,,
85837,25,4,4,,,
85838,26,26,26,,,
85839,16,16,16,,,
85840,24,10,10,,,
85841,10,10,30,,,
85842,30,30,30,,,
85843,16,16,16,,,
85844,24,24,24,,,
85845,10,10,2,,,
85846,34,34,34,,,
85847,28,28,28,,,
85848,24,24,16,,,
85849,27,34,27,,,
85850,26,26,26,,,
85851,24,30,10,,,
85852,16,16,16,,,
85853,16,16,16,,,
85854,27,24,10,,,
85855,22,2,2,,,
85856,24,24,24,,,
85857,2,37,23,,,
85858,30,30,30,,,
85859,8,8,8,,,
85860,10,30,30,,,
85861,16,16,16,,,
85862,30,30,30,,,
85863,16,16,16,,,
85864,30,30,30,,,
85865,27,16,16,,,
85866,34,34,34,,,
85867,32,19,24,,,
85868,37,2,22,,,
85869,30,30,30,,,
85870,27,10,27,,,
85871,30,30,30,,,
85872,17,16,16,,,
85873,8,5,24,,,
85874,24,30,31,,,
85875,3,27,27,,,
85876,16,16,16,,,
85878,16,24,16,,,
85879,24,16,16,,,
85880,16,16,16,,,
85881,16,16,16,,,
85882,26,31,26,,,
85883,16,16,16,,,
85884,4,4,4,,,
85885,16,16,16,,,
85886,24,24,24,,,
85888,28,28,28,,,
85889,24,24,24,,,
85890,24,10,10,,,
85891,24,24,24,,,
85892,8,37,8,,,
85893,28,28,28,,,
85894,28,28,28,,,
85895,16,16,16,,,
85896,4,4,4,,,
85897,30,30,30,,,
85898,25,16,24,,,
85899,11,30,10,,,
85900,30,30,30,,,
85901,24,24,24,,,
85902,4,4,4,,,
85903,16,16,16,,,
85904,10,10,10,,,
85905,16,16,16,,,
85906,34,34,34,,,
85907,28,10,34,,,
85908,16,16,16,,,
85909,16,16,24,,,
85910,16,16,16,,,
85911,24,30,30,,,
85912,24,24,10,,,
85913,16,16,16,,,
85914,24,16,16,,,
85915,16,16,16,,,
85916,28,28,28,,,
85917,16,16,16,,,
85918,24,24,24,,,
85919,30,30,30,,,
85920,26,26,26,,,
85921,33,2,9,,,
85922,11,19,19,,,
85923,5,28,28,,,
85924,8,4,8,,,
85925,26,26,26,,,
85926,28,28,28,,,
85927,30,10,30,,,
85928,6,10,19,,,
85929,24,24,24,,,
85930,16,16,16,,,
85931,11,24,10,,,
85932,30,30,30,,,
85933,16,16,16,,,
85934,8,8,8,,,
85935,26,31,31,,,
85936,2,2,10,,,
85937,16,24,24,,,
85939,16,16,16,,,
85940,24,5,5,,,
85941,16,16,16,,,
85942,24,24,10,,,
85943,24,16,31,,,
85944,16,16,16,,,
85945,27,24,27,,,
85946,10,10,10,,,
85948,26,24,31,,,
85949,27,16,16,,,
85950,24,10,10,,,
85951,16,16,16,,,
85952,24,24,24,,,
85953,10,30,10,,,
85954,22,2,2,,,
85955,7,19,5,,,
85956,24,24,24,,,
85957,25,16,16,,,
85958,24,24,24,,,
85959,24,24,24,,,
85960,24,24,19,,,
85961,26,24,26,,,
85962,24,16,24,,,
85963,10,30,31,,,
85964,24,16,16,,,
85966,8,4,4,,,
85967,30,16,30,,,
85968,24,34,34,,,
85969,24,16,16,,,
85970,28,28,28,,,
85971,24,10,10,,,
85972,24,24,24,,,
85973,18,2,39,,,
85974,4,23,4,,,
85975,8,4,4,,,
85976,16,24,4,,,
85977,23,23,16,,,
85978,28,28,28,,,
85979,30,30,30,,,
85980,26,26,26,,,
85981,16,30,16,,,
85982,24,24,16,,,
85983,24,24,10,,,
85984,16,24,24,,,
85985,16,16,16,,,
85986,24,36,24,,,
85987,27,5,8,,,
85988,20,16,16,,,
85989,27,24,27,,,
85990,24,24,24,,,
85991,30,30,30,,,
85992,9,34,34,,,
85993,24,24,30,,,
85995,6,30,30,,,
85996,3,10,10,,,
85997,16,16,16,,,
85998,1,16,16,,,
86376,23,34,20,,,
86441,10,24,10,,,
86442,1,16,16,,,
86491,24,24,24,,,
86494,30,10,10,,,
86558,16,16,24,,,
86562,28,28,28,,,
86567,16,16,16,,,
86618,37,24,10,,,
86620,16,16,16,,,
86625,24,24,24,,,
86626,16,16,16,,,
86652,37,5,5,,,
86665,8,8,8,,,
86687,34,28,34,,,
86688,26,24,26,,,
86691,34,34,34,,,
86692,18,28,28,,,
86693,24,24,24,,,
86694,9,34,34,,,
86695,16,16,16,,,
86696,24,24,24,,,
86697,24,10,24,,,
86698,36,4,8,,,
86699,30,30,30,,,
86700,34,34,34,,,
86701,24,16,4,,,
86702,37,24,24,,,
86703,24,24,31,,,
86704,2,23,23,,,
86705,28,28,28,,,
86706,16,16,16,,,
86707,16,16,16,,,
86708,26,26,26,,,
86709,16,16,16,,,
86710,28,28,28,,,
86711,25,16,16,,,
86712,16,16,16,,,
86713,24,27,16,,,
86714,8,36,36,,,
86715,16,16,16,,,
86716,28,28,28,,,
86717,16,16,16,,,
86718,17,20,20,,,
86719,16,16,16,,,
86720,28,28,28,,,
86721,2,36,36,,,
86722,16,16,16,,,
86723,28,28,28,,,
86725,24,24,24,,,
86726,23,4,4,,,
86727,30,30,30,,,
86728,24,28,28,,,
86729,16,16,16,,,
86730,28,28,28,,,
86731,16,16,16,,,
86732,28,28,28,,,
86733,34,34,34,,,
86734,27,16,27,,,
86735,37,5,37,,,
86736,5,5,27,,,
86737,24,16,24,,,
86738,11,24,10,,,
86739,27,27,27,,,
86740,16,16,16,,,
86741,25,16,16,,,
86742,24,16,16,,,
86743,24,24,10,,,
86744,16,16,16,,,
86745,25,16,16,,,
86746,4,4,4,,,
86747,16,16,16,,,
86748,4,24,24,,,
86749,28,28,8,,,
86750,16,30,30,,,
86751,37,24,10,,,
86752,31,23,38,,,
86753,24,24,10,,,
86754,16,24,16,,,
86755,16,16,16,,,
86756,5,8,8,,,
86757,16,16,16,,,
86758,16,16,16,,,
86759,9,28,34,,,
86760,24,24,16,,,
86761,16,16,16,,,
86762,17,16,16,,,
86763,30,30,30,,,
86764,16,16,16,,,
86765,6,16,16,,,
86766,16,16,16,,,
86767,16,16,16,,,
86768,16,16,16,,,
86769,27,24,10,,,
86770,5,28,28,,,
86771,2,2,9,,,
86772,27,16,27,,,
86773,31,24,24,,,
86774,24,24,16,,,
86775,10,10,10,,,
86776,2,2,2,,,
86777,28,28,28,,,
86778,31,30,30,,,
86779,16,16,16,,,
86780,3,4,4,,,
86781,24,16,16,,,
86782,37,23,3,,,
86783,16,16,16,,,
86784,11,24,10,,,
86785,16,16,16,,,
86786,16,16,16,,,
86787,6,38,6,,,
86788,16,16,16,,,
86789,30,30,30,,,
86790,19,19,27,,,
86791,34,34,19,,,
86792,29,5,5,,,
86793,24,16,24,,,
86794,24,24,16,,,
86795,19,5,5,,,
86796,27,24,24,,,
86797,24,24,24,,,
86798,30,30,30,,,
86799,30,30,30,,,
86800,13,16,24,,,
86801,16,16,16,,,
86802,24,24,24,,,
86803,24,24,24,,,
86804,39,28,28,,,
86805,6,24,24,,,
86806,26,26,28,,,
86807,24,24,24,,,
86808,30,30,30,,,
86809,13,16,16,,,
86810,24,24,24,,,
86811,24,24,24,,,
86812,24,30,30,,,
86813,24,24,24,,,
86814,16,16,16,,,
86815,24,24,24,,,
86816,10,16,16,,,
86817,2,9,2,,,
86818,28,28,28,,,
86819,31,26,26,,,
86820,30,30,30,,,
86832,16,16,16,,,
86839,24,24,24,,,
86856,24,24,24,,,
86857,10,10,10,,,
86858,24,36,36,,,
86859,30,30,30,,,
86863,10,24,10,,,
86869,8,8,8,,,
86879,24,24,24,,,
86892,30,30,30,,,
86897,34,28,28,,,
86903,24,24,24,,,
86906,16,16,16,,,
86912,28,28,8,,,
86923,20,34,34,,,
86949,24,24,24,,,
86957,30,30,30,,,
86958,5,19,19,,,
87005,4,24,24,,,
87017,28,28,28,,,
87028,24,24,24,,,
87032,9,9,9,,,
87036,24,24,24,,,
87044,4,5,5,,,
87074,30,30,30,,,
87082,7,19,16,,,
87086,26,24,26,,,
87091,17,10,6,,,
87093,30,30,30,,,
87100,4,16,16,,,
87102,16,16,16,,,
87114,16,16,24,,,
87119,16,16,16,,,
87124,36,36,36,,,
87126,36,36,36,,,
87129,30,30,30,,,
87130,16,16,16,,,
87131,16,30,16,,,
87133,16,16,16,,,
87134,24,24,24,,,
87135,28,28,28,,,
87136,16,16,16,,,
87137,24,16,16,,,
87138,28,28,28,,,
87139,22,10,10,,,
87140,34,34,9,,,
87141,28,39,9,,,
87142,30,30,30,,,
87144,4,4,4,,,
87145,13,24,24,,,
87146,23,23,23,,,
87147,28,8,28,,,
87148,16,16,16,,,
87149,24,16,16,,,
87150,8,4,8,,,
87151,5,34,5,,,
87153,24,16,16,,,
87154,4,8,4,,,
87155,16,16,16,,,
87156,16,16,16,,,
87157,16,16,16,,,
87158,16,16,16,,,
87159,16,16,16,,,
87160,34,34,34,,,
87161,27,24,27,,,
87162,16,16,16,,,
87163,24,16,16,,,
87164,10,24,31,,,
87165,16,16,16,,,
87166,24,24,27,,,
87167,33,10,2,,,
87168,24,16,16,,,
87169,30,30,30,,,
87170,27,24,27,,,
87171,16,16,16,,,
87172,28,9,28,,,
87173,30,30,30,,,
87174,24,24,24,,,
87175,16,16,16,,,
87176,30,30,30,,,
87177,24,24,24,,,
87178,28,28,28,,,
87179,27,16,27,,,
87180,4,4,4,,,
87181,26,36,36,,,
87182,30,30,30,,,
87183,16,16,16,,,
87184,24,28,26,,,
87185,24,24,10,,,
87186,28,28,28,,,
87187,10,10,30,,,
87188,24,24,24,,,
87189,30,30,30,,,
87190,30,30,30,,,
87191,27,27,27,,,
87192,13,24,24,,,
87193,16,16,16,,,
87194,28,28,28,,,
87195,24,24,27,,,
87196,30,30,30,,,
87197,24,24,24,,,
87198,24,16,16,,,
87199,34,34,34,,,
87200,5,24,24,,,
87201,34,34,34,,,
87202,10,30,30,,,
87203,26,34,34,,,
87204,24,16,16,,,
87205,30,30,30,,,
87206,33,2,2,,,
87207,30,30,30,,,
87208,27,19,27,,,
87209,30,30,24,,,
87210,24,24,24,,,
87211,2,2,2,,,
87212,16,30,16,,,
87213,31,30,30,,,
87214,24,24,24,,,
87215,16,16,16,,,
87216,24,24,31,,,
87217,34,34,34,,,
87218,16,16,16,,,
87219,16,16,16,,,
87220,24,24,24,,,
87221,30,16,16,,,
87222,24,10,10,,,
87223,5,24,19,,,
87224,24,10,10,,,
87225,17,16,16,,,
87226,14,34,34,,,
87227,28,28,28,,,
87228,30,16,30,,,
87229,24,24,16,,,
87230,24,24,24,,,
87231,4,5,8,,,
87232,24,24,24,,,
87233,16,16,16,,,
87234,30,30,30,,,
87235,30,30,30,,,
87236,24,24,24,,,
87237,10,36,36,,,
87238,16,16,16,,,
87239,9,9,9,,,
87240,30,16,24,,,
87241,4,4,4,,,
87242,5,23,23,,,
87243,24,24,16,,,
87244,9,28,24,,,
87245,16,30,30,,,
87246,24,30,30,,,
87248,24,30,30,,,
87249,16,16,16,,,
87251,24,16,24,,,
87252,24,24,10,,,
87253,28,28,28,,,
87254,16,16,16,,,
87255,24,24,24,,,
87256,16,16,16,,,
87257,24,10,19,,,
87258,16,30,30,,,
87259,20,20,20,,,
87260,6,26,26,,,
87261,10,10,10,,,
87262,5,28,28,,,
87263,24,16,4,,,
87264,16,16,16,,,
87265,4,4,4,,,
87266,23,23,23,,,
87267,27,24,10,,,
87268,24,24,24,,,
87269,23,10,2,,,
87270,24,16,24,,,
87271,30,30,30,,,
87272,39,34,39,,,
87273,16,16,16,,,
87274,23,24,10,,,
87275,16,16,16,,,
87276,30,30,24,,,
87277,16,16,16,,,
87278,6,16,16,,,
87279,24,16,24,,,
87280,4,4,4,,,
87281,16,16,16,,,
87282,28,5,27,,,
87283,16,16,16,,,
87284,25,38,16,,,
87285,30,30,30,,,
87286,16,16,16,,,
87287,16,16,16,,,
87288,27,19,19,,,
87289,16,16,16,,,
87290,16,16,16,,,
87291,24,24,24,,,
87292,10,24,10,,,
87293,16,16,16,,,
87294,16,16,16,,,
87295,22,23,22,,,
87296,24,24,24,,,
87297,24,30,30,,,
87298,36,16,16,,,
87299,2,34,37,,,
87300,22,5,5,,,
87301,24,24,24,,,
87302,24,30,4,,,
87303,34,34,34,,,
87304,16,16,16,,,
87305,24,24,24,,,
87306,24,24,24,,,
87307,27,27,27,,,
87308,24,24,24,,,
87309,24,24,24,,,
87310,23,23,23,,,
87311,24,16,16,,,
87312,16,16,16,,,
87313,36,5,19,,,
87314,5,23,10,,,
87315,37,37,4,,,
87316,24,24,10,,,
87317,24,24,24,,,
87318,16,16,16,,,
87319,30,20,26,,,
87320,4,24,24,,,
87321,16,16,16,,,
87322,16,16,16,,,
87323,18,26,3,,,
87324,30,30,30,,,
87325,16,16,16,,,
87326,31,30,30,,,
87327,10,10,10,,,
87328,28,28,28,,,
87444,26,26,26,,,
87630,11,10,10,,,
87694,36,36,36,,,
87711,28,28,28,,,
87733,18,5,5,,,
87855,16,16,16,,,
87878,16,16,16,,,
87893,1,16,16,,,
87927,16,30,16,,,
87992,26,30,26,,,
88015,24,24,24,,,
88016,4,4,4,,,
88017,3,10,10,,,
88024,4,4,4,,,
88031,16,16,16,,,
88039,13,16,16,,,
88040,2,2,2,,,
88041,27,16,16,,,
88042,25,16,16,,,
88043,28,28,28,,,
88046,19,19,19,,,
88047,24,16,24,,,
88049,24,24,24,,,
88050,28,28,28,,,
88051,17,16,27,,,
88052,4,8,8,,,
88053,19,10,10,,,
88054,8,8,28,,,
88055,4,4,4,,,
88056,10,16,16,,,
88057,19,19,19,,,
88058,28,28,28,,,
88060,34,34,34,,,
88061,22,5,5,,,
88062,16,16,16,,,
88063,28,10,10,,,
88064,24,24,10,,,
88065,16,16,16,,,
88067,28,28,28,,,
88068,24,16,16,,,
88069,3,26,31,,,
88070,19,10,19,,,
88072,13,19,24,,,
88073,19,4,4,,,
88074,16,16,16,,,
88075,24,24,24,,,
88076,26,24,26,,,
88077,24,24,10,,,
88078,16,16,16,,,
88079,30,30,30,,,
88080,19,19,19,,,
88081,2,2,10,,,
88082,30,30,30,,,
88083,16,16,16,,,
88084,10,30,30,,,
88085,24,24,24,,,
88086,16,16,16,,,
88087,30,30,30,,,
88088,16,16,16,,,
88089,6,5,23,,,
88090,16,16,16,,,
88091,30,30,30,,,
88092,16,16,16,,,
88093,16,16,16,,,
88094,28,28,28,,,
88095,26,24,26,,,
88096,27,27,27,,,
88097,30,30,30,,,
88098,16,16,16,,,
88099,28,28,28,,,
88100,31,34,37,,,
88101,26,24,26,,,
88102,21,16,24,,,
88103,16,16,16,,,
88104,4,31,16,,,
88105,16,16,16,,,
88106,24,16,16,,,
88107,36,2,9,,,
88108,24,24,24,,,
88109,10,10,10,,,
88110,24,24,24,,,
88111,36,36,36,,,
88112,24,24,16,,,
88113,24,24,4,,,
88114,16,16,16,,,
88115,28,8,8,,,
88116,5,37,5,,,
88117,28,8,8,,,
88118,24,24,10,,,
88119,24,24,10,,,
88120,6,16,6,,,
88121,4,10,19,,,
88122,16,16,16,,,
88123,3,10,36,,,
88124,16,16,16,,,
88125,16,16,16,,,
88126,16,30,30,,,
88127,36,36,36,,,
88128,30,30,30,,,
88129,16,16,16,,,
88130,24,24,24,,,
88131,10,10,10,,,
88132,36,36,36,,,
88133,24,24,24,,,
88134,24,10,10,,,
88136,36,10,10,,,
88137,3,30,31,,,
88138,6,26,4,,,
88139,24,16,16,,,
88140,32,5,5,,,
88141,19,19,19,,,
88142,30,30,30,,,
88143,24,24,10,,,
88160,24,24,30,,,
88163,24,24,10,,,
88172,9,28,28,,,
88173,34,37,20,,,
88216,16,16,16,,,
88218,29,34,34,,,
88221,27,23,5,,,
88228,30,30,30,,,
88240,30,30,30,,,
88255,26,19,8,,,
88260,30,30,30,,,
88264,28,28,28,,,
88279,30,30,24,,,
88288,28,28,28,,,
88299,20,20,20,,,
88322,36,36,36,,,
88346,38,31,16,,,
88361,30,30,30,,,
88376,30,30,30,,,
88379,16,16,16,,,
88382,31,30,30,,,
88391,5,5,5,,,
88411,24,24,24,,,
88414,10,24,10,,,
88436,16,16,16,,,
88443,16,16,16,,,
88444,30,30,30,,,
88445,4,4,36,,,
88446,30,30,30,,,
88447,24,24,24,,,
88448,24,24,31,,,
88449,10,30,30,,,
88450,8,8,24,,,
88451,28,28,28,,,
88452,4,30,26,,,
88453,19,19,19,,,
88454,24,24,24,,,
88455,16,16,16,,,
88456,27,24,24,,,
88457,24,16,24,,,
88458,14,34,9,,,
88459,9,9,9,,,
88460,27,24,27,,,
88461,4,4,8,,,
88463,16,16,16,,,
88464,24,24,24,,,
88467,2,37,5,,,
88468,36,36,36,,,
88469,28,28,28,,,
88470,8,8,8,,,
88471,16,16,16,,,
88472,10,10,10,,,
88473,34,34,34,,,
88474,28,28,28,,,
88475,24,24,24,,,
88476,10,10,10,,,
88477,24,24,16,,,
88478,36,36,34,,,
88479,24,24,24,,,
88480,8,4,4,,,
88481,31,24,24,,,
88482,4,4,4,,,
88483,28,28,28,,,
88484,28,28,28,,,
88485,4,16,16,,,
88486,16,16,16,,,
88487,32,24,24,,,
88488,8,4,4,,,
88489,16,16,16,,,
88490,8,8,8,,,
88491,16,16,16,,,
88492,24,10,24,,,
88493,24,24,24,,,
88494,16,16,16,,,
88495,34,34,34,,,
88496,10,24,24,,,
88497,31,30,30,,,
88499,31,30,30,,,
88500,26,24,26,,,
88501,34,34,34,,,
88502,23,23,23,,,
88504,3,23,23,,,
88505,16,16,16,,,
88506,34,20,20,,,
88507,16,16,16,,,
88508,10,10,10,,,
88509,30,30,30,,,
88510,24,24,24,,,
88511,28,28,28,,,
88512,10,30,30,,,
88513,16,16,16,,,
88514,24,24,19,,,
88515,26,36,36,,,
88516,24,24,24,,,
88517,30,16,24,,,
88518,27,27,27,,,
88519,5,5,5,,,
88520,16,16,16,,,
88521,24,24,24,,,
88522,30,30,30,,,
88523,33,2,9,,,
88524,24,24,4,,,
88525,10,10,10,,,
88526,16,16,16,,,
88527,25,16,16,,,
88528,5,5,8,,,
88529,2,10,37,,,
88530,16,16,16,,,
88531,27,16,27,,,
88532,36,36,36,,,
88533,30,24,24,,,
88534,24,16,24,,,
88535,30,30,30,,,
88536,16,16,16,,,
88537,16,16,16,,,
88538,4,24,24,,,
88539,16,16,16,,,
88540,24,24,10,,,
88541,16,16,27,,,
88542,11,24,24,,,
88543,30,30,30,,,
88544,10,10,24,,,
88546,24,24,24,,,
88547,2,2,2,,,
88548,24,24,24,,,
88549,24,16,16,,,
88550,13,24,13,,,
88551,30,30,30,,,
88552,28,28,28,,,
88553,24,24,24,,,
88554,16,16,16,,,
88555,28,24,24,,,
88556,24,36,34,,,
88557,30,24,24,,,
88558,10,24,24,,,
88559,24,16,24,,,
88560,24,24,24,,,
88561,24,10,24,,,
88562,26,36,36,,,
88563,39,9,9,,,
88564,16,16,16,,,
88565,27,24,27,,,
88566,24,24,10,,,
88567,16,24,24,,,
88568,24,24,24,,,
88569,10,24,10,,,
88570,1,28,4,,,
88571,8,28,28,,,
88572,28,28,28,,,
88573,39,28,28,,,
88574,16,16,16,,,
88575,8,8,8,,,
88576,34,34,20,,,
88577,24,16,24,,,
88578,26,26,4,,,
88579,24,24,24,,,
88580,34,34,34,,,
88581,24,16,16,,,
88582,16,16,16,,,
88583,24,24,24,,,
88584,24,24,24,,,
88585,16,16,16,,,
88586,34,24,24,,,
88587,27,27,27,,,
88588,24,16,16,,,
88589,16,16,24,,,
88591,26,26,26,,,
88592,36,36,36,,,
88593,16,16,16,,,
88594,30,30,30,,,
88596,16,16,16,,,
88597,16,16,16,,,
88598,24,16,26,,,
88599,16,16,16,,,
88600,28,28,28,,,
88602,23,23,4,,,
88604,24,10,24,,,
88605,24,24,10,,,
88606,36,19,36,,,
88607,23,23,23,,,
88608,24,24,24,,,
88609,4,4,4,,,
88610,1,8,8,,,
88611,24,16,16,,,
88612,34,34,34,,,
88613,16,16,16,,,
88614,28,5,8,,,
88615,28,28,28,,,
88616,16,16,16,,,
88617,10,24,24,,,
88618,16,16,16,,,
88619,30,30,30,,,
88620,16,16,16,,,
88621,4,4,4,,,
88622,3,23,4,,,
88623,6,30,30,,,
88624,16,16,16,,,
88625,16,16,16,,,
88626,24,10,10,,,
88627,10,30,10,,,
88628,28,8,8,,,
88629,8,28,28,,,
88630,20,16,16,,,
88631,16,16,16,,,
88632,20,34,34,,,
88633,4,19,8,,,
88634,15,5,5,,,
88635,30,30,30,,,
88636,13,34,5,,,
88637,24,24,24,,,
88638,8,8,8,,,
88640,3,24,31,,,
88641,24,10,24,,,
88642,8,5,8,,,
88643,28,28,28,,,
88644,25,16,25,,,
88645,24,16,24,,,
88646,24,24,24,,,
88647,13,24,10,,,
88648,36,36,36,,,
88649,23,16,30,,,
88650,24,16,16,,,
88651,36,34,34,,,
88652,24,30,30,,,
88653,24,24,24,,,
88654,10,30,10,,,
88655,16,16,16,,,
88656,5,37,19,,,
88657,16,16,16,,,
88658,16,16,16,,,
88659,24,24,24,,,
88660,13,24,24,,,
88661,36,36,36,,,
88662,16,16,16,,,
88663,5,28,28,,,
88664,24,5,5,,,
88665,16,16,16,,,
88666,24,16,16,,,
88667,11,19,19,,,
88668,16,16,16,,,
88669,30,30,30,,,
88670,24,24,24,,,
88671,16,16,16,,,
88672,28,28,28,,,
88673,16,16,27,,,
88674,20,20,20,,,
88675,27,16,27,,,
88676,37,30,31,,,
88677,16,16,16,,,
88678,30,16,16,,,
88679,30,30,30,,,
88680,27,24,27,,,
88681,16,30,30,,,
88682,16,16,16,,,
88683,16,16,16,,,
88684,24,10,10,,,
89090,4,4,4,,,
89166,2,2,2,,,
89196,9,28,9,,,
89216,18,4,4,,,
89234,8,8,8,,,
89238,24,24,24,,,
89286,14,2,20,,,
89297,16,16,16,,,
89307,33,16,5,,,
89336,24,16,16,,,
89348,4,8,28,,,
89355,16,16,16,,,
89380,22,4,4,,,
89400,22,2,2,,,
89407,3,4,8,,,
89411,13,24,16,,,
89412,2,2,10,,,
89413,8,24,31,,,
89414,24,24,24,,,
89415,37,34,34,,,
89416,24,16,16,,,
89417,28,28,28,,,
89419,4,28,28,,,
89420,28,28,28,,,
89422,28,28,28,,,
89423,10,24,27,,,
89424,24,16,16,,,
89425,24,34,24,,,
89426,16,16,16,,,
89427,28,28,28,,,
89428,24,24,24,,,
89429,24,24,24,,,
89430,16,16,16,,,
89431,6,30,30,,,
89432,24,31,4,,,
89433,24,24,24,,,
89434,30,30,30,,,
89435,11,10,10,,,
89436,24,16,24,,,
89437,18,34,2,,,
89438,38,38,38,,,
89439,24,16,24,,,
89440,16,16,16,,,
89441,2,2,9,,,
89442,16,16,16,,,
89443,16,16,16,,,
89444,24,16,16,,,
89445,3,30,31,,,
89446,30,30,30,,,
89447,16,16,16,,,
89448,28,28,28,,,
89449,0,24,24,,,
89450,27,27,27,,,
89451,24,31,4,,,
89452,13,10,10,,,
89453,24,2,10,,,
89454,30,26,30,,,
89455,24,24,24,,,
89456,31,16,30,,,
89457,27,19,27,,,
89459,24,24,24,,,
89460,20,16,16,,,
89461,5,34,34,,,
89462,27,16,16,,,
89463,24,24,24,,,
89464,16,16,16,,,
89465,26,34,26,,,
89467,27,27,27,,,
89468,16,16,16,,,
89469,30,30,30,,,
89470,8,36,8,,,
89471,16,16,16,,,
89472,16,16,16,,,
89473,16,16,16,,,
89474,6,16,27,,,
89475,16,16,16,,,
89476,16,16,16,,,
89477,20,34,20,,,
89478,34,34,34,,,
89479,10,24,27,,,
89480,25,16,24,,,
89481,24,28,28,,,
89482,24,34,34,,,
89483,28,28,8,,,
89484,16,16,16,,,
89485,31,26,30,,,
89486,24,24,24,,,
89488,24,24,24,,,
89489,28,28,28,,,
89490,24,16,16,,,
89491,17,16,16,,,
89492,24,24,24,,,
89493,34,34,34,,,
89494,10,26,26,,,
89495,16,16,16,,,
89496,28,28,28,,,
89497,16,30,30,,,
89498,30,30,30,,,
89499,5,34,34,,,
89500,24,34,34,,,
89501,24,34,24,,,
89502,16,24,24,,,
89503,27,27,27,,,
89504,27,16,16,,,
89505,16,16,16,,,
89506,16,24,24,,,
89507,30,30,30,,,
89508,28,28,28,,,
89509,10,30,30,,,
89510,4,24,19,,,
89511,30,30,30,,,
89512,28,28,28,,,
89513,30,30,30,,,
89514,24,24,24,,,
89515,16,16,16,,,
89516,28,28,28,,,
89517,23,23,23,,,
89518,30,30,16,,,
89519,24,24,24,,,
89520,24,16,16,,,
89521,30,30,30,,,
89522,30,30,30,,,
89523,16,16,16,,,
89524,24,24,24,,,
89525,24,34,24,,,
89526,24,24,24,,,
89527,24,24,24,,,
89528,30,30,30,,,
89529,34,34,34,,,
89530,2,2,2,,,
89531,24,16,16,,,
89532,24,16,24,,,
89534,5,5,5,,,
89535,24,34,24,,,
89536,30,30,30,,,
89537,38,38,38,,,
89538,24,24,10,,,
89539,30,30,30,,,
89540,16,16,16,,,
89541,30,30,30,,,
89542,8,4,8,,,
89543,24,16,24,,,
89546,15,28,2,,,
89564,9,34,34,,,
89566,16,16,16,,,
89569,16,16,16,,,
89575,16,16,16,,,
89583,26,26,26,,,
89600,24,24,24,,,
89635,16,16,16,,,
89685,24,24,27,,,
89690,8,8,8,,,
89693,30,30,30,,,
89709,24,16,16,,,
89734,30,16,16,,,
89735,16,16,16,,,
89763,39,34,39,,,
89769,19,5,8,,,
89780,3,4,3,,,
89796,26,31,31,,,
89800,24,24,10,,,
89818,24,16,24,,,
89820,34,28,34,,,
89835,34,34,34,,,
89839,5,5,5,,,
89840,24,24,4,,,
89841,16,16,16,,,
89846,24,24,24,,,
89847,31,16,16,,,
89848,2,10,10,,,
89849,30,30,30,,,
89850,27,27,27,,,
89851,24,30,30,,,
89852,28,28,28,,,
89853,5,2,2,,,
89854,34,34,34,,,
89855,23,23,23,,,
89856,31,24,24,,,
89857,2,2,2,,,
89858,16,16,24,,,
89859,2,2,2,,,
89860,24,10,10,,,
89861,30,30,30,,,
89863,2,9,33,,,
89864,24,10,10,,,
89865,16,16,16,,,
89868,28,28,28,,,
89869,27,30,16,,,
89871,34,34,5,,,
89872,24,16,24,,,
89873,6,30,30,,,
89874,25,30,30,,,
89875,10,30,10,,,
89877,16,16,16,,,
89878,34,34,36,,,
89879,17,16,10,,,
89880,31,31,31,,,
89881,29,37,5,,,
89882,4,4,23,,,
89884,16,16,16,,,
89885,16,16,16,,,
89886,16,16,16,,,
89887,28,28,28,,,
89888,24,24,10,,,
89889,26,26,26,,,
89890,24,28,28,,,
89891,28,28,28,,,
89892,16,16,16,,,
89893,17,16,20,,,
89894,24,24,24,,,
89895,8,5,8,,,
89896,24,24,24,,,
89897,16,16,16,,,
89899,26,26,26,,,
89900,4,4,4,,,
89901,8,8,28,,,
89902,24,24,24,,,
89903,30,30,30,,,
89904,31,24,31,,,
89905,30,30,30,,,
89906,36,8,8,,,
89907,16,24,24,,,
89908,8,8,8,,,
89909,28,28,28,,,
89910,10,24,24,,,
89911,8,34,5,,,
89912,8,5,8,,,
89913,16,16,16,,,
89914,34,34,34,,,
89915,24,24,10,,,
89916,8,8,8,,,
89917,16,16,16,,,
89918,26,26,30,,,
89919,16,16,16,,,
89920,24,24,24,,,
89921,24,24,24,,,
89922,24,24,16,,,
89923,5,24,34,,,
89924,10,24,24,,,
89925,5,4,8,,,
89926,24,24,24,,,
89927,8,28,8,,,
89928,24,24,24,,,
89929,24,16,16,,,
89930,24,24,16,,,
89931,34,34,5,,,
89932,24,24,24,,,
89933,28,28,28,,,
89934,24,24,24,,,
89935,16,16,16,,,
89936,36,36,36,,,
89937,37,24,24,,,
89938,31,24,24,,,
89939,24,24,24,,,
89940,16,16,16,,,
89941,16,16,16,,,
89942,30,30,30,,,
89943,24,24,24,,,
89944,37,37,37,,,
89945,34,34,34,,,
89946,34,34,34,,,
89947,24,16,16,,,
89948,24,24,30,,,
89949,16,16,16,,,
89950,28,2,9,,,
89951,27,24,27,,,
89952,16,16,16,,,
89953,4,37,23,,,
89954,4,16,4,,,
89955,24,24,4,,,
89956,23,23,23,,,
89957,30,30,30,,,
89958,26,30,31,,,
89959,1,24,16,,,
89960,24,16,24,,,
89961,16,16,16,,,
89962,30,30,30,,,
89963,30,30,30,,,
89964,16,16,16,,,
89965,16,16,16,,,
89966,24,24,24,,,
89967,23,23,38,,,
89968,24,24,24,,,
89969,16,16,16,,,
89970,3,36,36,,,
89971,16,16,16,,,
89972,4,4,4,,,
89973,24,30,30,,,
89974,10,24,10,,,
89975,24,16,16,,,
89976,16,16,16,,,
89977,8,8,8,,,
89978,11,5,5,,,
89979,5,36,34,,,
89980,36,36,36,,,
89981,11,19,27,,,
89982,28,28,28,,,
89983,16,16,16,,,
89984,10,10,36,,,
89985,2,10,10,,,
89986,28,28,28,,,
89987,26,24,24,,,
89988,16,16,16,,,
89989,24,24,31,,,
89990,34,28,28,,,
89991,28,8,8,,,
89992,16,16,16,,,
89993,24,16,16,,,
89994,24,16,16,,,
89995,24,24,24,,,
89996,4,4,4,,,
89997,26,34,34,,,
89998,10,10,30,,,
89999,24,24,16,,,
90000,5,5,5,,,
90001,24,24,24,,,
90002,24,16,6,,,
90003,24,24,24,,,
90005,34,34,34,,,
90006,24,16,16,,,
90007,24,26,4,,,
90008,24,30,31,,,
90009,28,28,8,,,
90010,28,34,4,,,
90011,24,24,24,,,
90012,28,28,28,,,
90013,34,34,34,,,
90014,24,24,24,,,
90015,28,28,28,,,
90016,10,10,10,,,
90017,28,28,28,,,
90018,16,16,16,,,
90019,16,16,16,,,
90020,16,16,16,,,
90021,16,16,16,,,
90022,24,24,24,,,
90023,16,16,26,,,
90024,13,24,24,,,
90025,16,16,16,,,
90026,24,24,24,,,
90027,5,24,24,,,
90028,30,30,30,,,
90029,24,24,24,,,
90030,31,30,30,,,
90031,28,28,28,,,
90032,6,16,16,,,
90033,16,16,16,,,
90034,24,24,24,,,
90035,28,28,28,,,
90036,31,26,38,,,
90037,4,26,4,,,
90038,24,24,24,,,
90039,30,30,30,,,
90040,30,16,24,,,
90041,24,24,10,,,
90042,24,24,24,,,
90043,2,2,10,,,
90044,24,24,24,,,
90045,39,34,20,,,
90046,24,24,24,,,
90047,16,16,16,,,
90048,10,24,24,,,
90049,16,16,16,,,
90050,24,16,16,,,
90051,36,36,36,,,
90052,24,24,10,,,
90053,16,16,16,,,
90054,8,5,5,,,
90055,16,16,16,,,
90056,16,16,16,,,
90057,4,4,4,,,
90058,16,16,16,,,
90059,16,16,16,,,
90060,31,24,26,,,
90061,16,16,16,,,
90062,24,24,10,,,
90063,16,16,16,,,
90064,23,10,24,,,
90066,16,16,16,,,
90067,27,19,27,,,
90068,4,4,4,,,
90581,3,23,4,,,
90619,32,37,5,,,
90646,16,16,16,,,
90653,24,24,24,,,
90699,24,24,24,,,
90701,30,30,30,,,
90702,28,28,28,,,
90703,34,34,34,,,
90704,16,16,16,,,
90705,16,16,16,,,
90706,34,34,34,,,
90707,24,30,30,,,
90708,24,30,30,,,
90709,34,34,34,,,
90710,11,5,5,,,
90712,24,24,24,,,
90715,27,27,27,,,
90716,24,24,24,,,
90717,24,16,16,,,
90719,22,34,34,,,
90720,10,24,24,,,
90721,16,16,16,,,
90722,23,23,5,,,
90723,24,24,24,,,
90724,24,24,24,,,
90725,30,30,30,,,
90726,16,16,16,,,
90727,16,16,16,,,
90729,9,34,34,,,
90730,16,16,16,,,
90731,16,16,16,,,
90732,8,8,8,,,
90733,24,26,4,,,
90734,24,24,24,,,
90735,24,24,24,,,
90736,24,2,19,,,
90737,16,16,16,,,
90738,27,23,19,,,
90739,16,16,16,,,
90741,16,30,30,,,
90742,16,16,16,,,
90743,13,24,10,,,
90744,24,24,24,,,
90745,5,24,24,,,
90746,11,10,10,,,
90747,30,16,16,,,
90749,16,16,16,,,
90750,24,16,30,,,
90751,38,38,38,,,
90752,15,5,5,,,
90754,27,16,27,,,
90755,27,27,27,,,
90756,35,5,5,,,
90757,6,31,27,,,
90758,16,16,16,,,
90759,24,24,24,,,
90760,30,30,30,,,
90761,16,16,16,,,
90762,16,16,16,,,
90763,23,23,23,,,
90764,24,24,24,,,
90765,37,24,37,,,
90766,13,24,24,,,
90767,24,24,27,,,
90768,16,16,16,,,
90769,16,16,16,,,
90770,33,34,2,,,
90771,16,16,16,,,
90772,4,4,4,,,
90773,16,16,16,,,
90774,16,16,16,,,
90775,24,24,24,,,
90776,3,3,10,,,
90777,10,10,27,,,
90778,24,24,10,,,
90779,28,28,28,,,
90780,26,36,36,,,
90781,16,16,16,,,
90782,24,24,24,,,
90783,31,24,31,,,
90784,8,8,8,,,
90785,28,28,28,,,
90786,24,24,24,,,
90787,2,2,2,,,
90788,37,10,10,,,
90789,24,16,16,,,
90790,16,16,16,,,
90791,39,5,5,,,
90792,4,24,4,,,
90793,24,24,24,,,
90794,31,30,30,,,
90795,5,5,5,,,
90796,38,23,38,,,
90797,19,24,10,,,
90798,5,24,24,,,
90799,28,28,28,,,
90800,24,24,24,,,
90801,18,24,13,,,
90802,34,34,5,,,
90803,30,30,30,,,
90804,24,24,24,,,
90805,24,24,4,,,
90806,13,24,24,,,
90807,30,30,30,,,
90808,16,16,16,,,
90809,8,4,4,,,
90810,24,30,30,,,
90811,30,30,30,,,
90812,27,16,16,,,
90813,30,30,30,,,
90814,4,4,4,,,
90815,5,24,24,,,
90823,5,34,34,,,
90840,20,34,20,,,
90851,24,16,16,,,
90862,8,8,8,,,
90863,16,16,16,,,
90881,2,9,2,,,
90883,30,30,30,,,
90885,35,4,4,,,
90903,24,24,24,,,
90904,26,36,36,,,
90936,26,26,26,,,
90939,24,16,16,,,
90949,27,16,16,,,
90966,34,36,36,,,
90971,30,30,30,,,
90982,27,27,27,,,
90983,19,36,19,,,
91003,30,30,30,,,
91005,13,24,24,,,
91011,34,34,34,,,
91013,22,2,22,,,
91014,30,30,30,,,
91015,24,16,24,,,
91047,8,8,8,,,
91051,28,28,28,,,
91061,16,16,16,,,
91063,26,26,26,,,
91064,28,28,28,,,
91074,16,16,16,,,
91077,24,30,31,,,
91081,36,10,10,,,
91092,30,16,16,,,
91094,26,30,31,,,
91095,24,16,16,,,
91096,27,8,27,,,
91097,16,16,16,,,
91098,24,24,24,,,
91099,30,30,30,,,
91102,4,24,24,,,
91104,23,23,10,,,
91105,13,24,24,,,
91107,6,30,10,,,
91108,27,16,16,,,
91109,16,16,16,,,
91110,6,30,30,,,
91111,16,16,27,,,
91112,36,2,36,,,
91113,5,28,28,,,
91114,16,16,16,,,
91115,24,34,34,,,
91116,30,30,30,,,
91117,22,38,2,,,
91118,24,4,4,,,
91119,8,5,5,,,
91120,27,16,27,,,
91121,11,36,19,,,
91122,16,16,16,,,
91124,10,10,10,,,
91127,24,30,30,,,
91128,16,16,16,,,
91129,16,16,16,,,
91130,24,24,24,,,
91131,0,28,34,,,
91132,28,28,28,,,
91133,16,16,16,,,
91134,6,31,10,,,
91135,23,23,22,,,
91136,13,30,24,,,
91137,16,16,16,,,
91138,24,24,24,,,
91139,24,24,24,,,
91140,9,2,9,,,
91141,16,24,16,,,
91142,28,28,28,,,
91143,27,19,27,,,
91144,16,16,16,,,
91146,19,10,19,,,
91147,5,5,5,,,
91148,3,4,4,,,
91149,24,16,16,,,
91150,38,30,16,,,
91151,16,30,16,,,
91152,5,5,8,,,
91153,30,30,30,,,
91154,16,16,16,,,
91155,1,16,16,,,
91156,24,16,16,,,
91157,6,23,31,,,
91158,5,30,30,,,
91159,10,10,10,,,
91160,34,34,34,,,
91162,24,24,24,,,
91163,30,30,30,,,
91164,30,30,30,,,
91165,30,30,30,,,
91166,16,16,24,,,
91167,16,16,16,,,
91168,4,28,5,,,
91169,30,30,30,,,
91170,16,16,16,,,
91171,16,16,16,,,
91172,27,16,16,,,
91173,30,30,30,,,
91174,8,8,28,,,
91175,23,23,31,,,
91176,24,16,24,,,
91177,10,30,30,,,
91178,27,19,27,,,
91179,30,30,30,,,
91180,16,16,16,,,
91181,10,30,30,,,
91182,13,16,16,,,
91183,16,16,16,,,
91184,24,34,34,,,
91185,24,24,24,,,
91186,31,30,30,,,
91187,16,16,16,,,
91188,15,5,5,,,
91189,9,36,36,,,
91190,30,30,30,,,
91191,30,30,30,,,
91192,28,28,28,,,
91193,24,24,24,,,
91194,4,4,4,,,
91195,24,24,16,,,
91196,24,30,30,,,
91197,5,5,5,,,
91198,24,24,24,,,
91199,30,30,30,,,
91200,30,30,30,,,
91201,24,16,24,,,
91202,37,37,5,,,
91203,24,30,30,,,
91204,30,30,30,,,
91205,28,8,19,,,
91206,25,30,16,,,
91207,16,16,16,,,
91208,9,34,39,,,
91209,16,16,16,,,
91210,24,16,16,,,
91211,5,9,5,,,
91212,24,24,24,,,
91213,11,26,26,,,
91214,23,4,4,,,
91215,30,30,30,,,
91216,16,16,16,,,
91217,16,16,16,,,
91218,28,34,28,,,
91219,20,2,28,,,
91220,30,30,30,,,
91221,6,16,16,,,
91222,24,16,16,,,
91223,5,34,5,,,
91224,10,30,30,,,
91225,4,16,4,,,
91226,5,28,5,,,
91227,25,16,30,,,
91228,30,30,30,,,
91229,24,30,30,,,
91230,16,16,16,,,
91231,4,4,4,,,
91232,30,30,30,,,
91233,4,16,4,,,
91234,4,36,28,,,
91235,24,24,24,,,
91236,34,34,34,,,
91237,34,24,24,,,
91238,28,28,28,,,
91239,20,34,20,,,
91240,33,34,39,,,
91241,16,16,16,,,
91242,30,30,30,,,
91243,16,16,16,,,
91244,16,16,16,,,
91245,28,8,28,,,
91246,16,16,16,,,
91247,24,24,24,,,
91248,30,16,24,,,
91249,5,5,4,,,
91250,16,16,16,,,
91251,24,16,16,,,
91252,16,16,16,,,
91253,3,3,3,,,
91254,16,24,16,,,
91255,27,16,27,,,
91256,24,24,24,,,
91257,5,34,34,,,
91258,30,30,30,,,
91259,16,16,16,,,
91260,25,16,16,,,
91262,27,16,27,,,
91263,27,16,16,,,
91264,26,30,31,,,
91265,16,16,16,,,
91266,34,34,34,,,
91267,24,24,10,,,
91268,2,30,22,,,
91269,24,16,24,,,
91270,24,24,24,,,
91271,14,28,34,,,
91272,28,28,28,,,
91273,24,24,24,,,
91274,5,5,5,,,
91275,24,34,24,,,
91276,5,5,10,,,
91277,34,20,34,,,
91280,16,16,16,,,
91281,37,26,31,,,
91282,16,16,16,,,
91283,20,34,20,,,
91284,16,16,16,,,
91285,24,24,24,,,
91286,27,24,10,,,
91287,34,34,34,,,
91288,30,30,30,,,
91289,28,28,28,,,
91290,24,24,10,,,
91291,16,24,10,,,
91292,11,10,10,,,
91293,3,26,4,,,
91294,3,26,3,,,
91295,30,30,30,,,
91296,34,34,34,,,
91297,24,24,24,,,
91298,16,16,16,,,
91299,24,24,34,,,
91300,16,16,16,,,
91301,16,24,24,,,
91302,24,24,24,,,
91303,16,16,16,,,
91304,4,4,4,,,
91305,24,24,24,,,
91306,36,34,36,,,
91307,10,36,36,,,
91308,27,19,27,,,
91309,24,24,24,,,
91310,28,28,28,,,
91311,8,8,8,,,
91312,16,16,16,,,
91313,23,30,30,,,
91314,8,8,8,,,
91315,25,16,16,,,
91316,24,16,16,,,
91317,27,27,27,,,
91318,34,34,34,,,
91319,20,34,34,,,
91320,24,24,10,,,
91321,16,16,16,,,
91322,30,30,30,,,
91323,16,16,16,,,
91324,26,26,26,,,
91325,16,16,16,,,
91326,30,30,30,,,
91327,4,16,4,,,
91328,30,30,30,,,
91329,24,24,24,,,
91330,24,24,24,,,
91331,24,16,16,,,
91332,30,30,30,,,
91333,16,24,24,,,
91334,16,16,16,,,
91335,16,16,16,,,
91336,16,16,24,,,
91770,4,4,4,,,
91780,16,16,16,,,
91826,8,5,8,,,
91868,16,16,16,,,
91925,3,38,3,,,
91930,6,16,16,,,
91942,28,28,28,,,
91943,0,28,16,,,
91945,6,24,10,,,
91957,16,34,24,,,
91960,31,24,24,,,
91963,16,16,16,,,
91965,10,24,10,,,
91976,3,26,26,,,
91994,8,8,8,,,
91995,16,16,16,,,
91996,4,4,4,,,
91997,16,16,16,,,
91998,5,16,16,,,
91999,6,16,27,,,
92000,25,30,30,,,
92001,28,28,28,,,
92002,4,36,4,,,
92004,16,16,16,,,
92005,4,4,4,,,
92006,16,16,16,,,
92007,23,23,23,,,
92008,34,34,34,,,
92009,24,24,24,,,
92010,16,24,16,,,
92011,36,10,10,,,
92012,27,10,27,,,
92013,24,24,16,,,
92014,28,28,8,,,
92015,24,24,24,,,
92016,23,30,30,,,
92017,28,28,28,,,
92018,10,24,10,,,
92019,16,16,16,,,
92020,24,10,24,,,
92021,24,30,10,,,
92022,16,16,16,,,
92023,33,34,9,,,
92024,24,24,24,,,
92026,24,24,24,,,
92027,2,23,22,,,
92028,10,24,10,,,
92029,16,16,16,,,
92030,4,24,24,,,
92031,30,30,30,,,
92032,16,16,16,,,
92033,30,30,16,,,
92034,24,28,34,,,
92036,28,28,28,,,
92037,16,16,16,,,
92038,23,24,24,,,
92039,5,5,4,,,
92040,16,16,16,,,
92041,24,34,34,,,
92042,4,4,4,,,
92043,24,24,26,,,
92044,16,16,16,,,
92045,24,24,24,,,
92046,23,16,30,,,
92047,4,4,4,,,
92048,16,16,27,,,
92049,30,24,30,,,
92050,10,10,36,,,
92051,19,27,19,,,
92052,31,26,37,,,
92053,16,16,16,,,
92054,4,4,4,,,
92055,31,26,26,,,
92056,19,24,10,,,
92057,24,16,16,,,
92058,4,8,4,,,
92059,16,16,16,,,
92060,4,26,4,,,
92061,34,34,34,,,
92062,8,28,8,,,
92063,16,16,16,,,
92064,16,26,16,,,
92065,23,38,38,,,
92066,18,26,26,,,
92067,13,16,16,,,
92068,5,34,34,,,
92069,24,16,16,,,
92070,39,20,39,,,
92072,30,30,30,,,
92073,24,24,24,,,
92074,24,36,36,,,
92075,34,34,34,,,
92076,24,24,24,,,
92077,24,24,27,,,
92078,5,28,28,,,
92079,16,16,16,,,
92081,27,31,27,,,
92082,28,28,28,,,
92083,34,34,34,,,
92084,4,26,26,,,
92085,16,16,16,,,
92086,10,10,10,,,
92087,24,10,10,,,
92088,24,30,10,,,
92089,28,28,28,,,
92090,25,16,16,,,
92092,24,24,24,,,
92093,24,24,24,,,
92095,4,31,16,,,
92096,37,2,37,,,
92097,24,16,16,,,
92098,16,16,16,,,
92099,16,16,16,,,
92100,24,24,24,,,
92101,4,24,16,,,
92102,27,27,27,,,
92103,24,24,24,,,
92104,16,16,16,,,
92105,30,30,30,,,
92106,19,19,19,,,
92107,10,16,24,,,
92108,36,36,36,,,
92109,10,30,30,,,
92110,26,24,26,,,
92111,30,30,30,,,
92112,16,16,16,,,
92114,28,28,28,,,
92120,16,16,16,,,
92132,6,30,30,,,
92161,16,16,16,,,
92163,24,4,4,,,
92186,13,10,10,,,
92188,16,16,16,,,
92190,16,16,16,,,
92198,4,4,4,,,
92207,30,30,30,,,
92225,16,16,16,,,
92243,16,16,16,,,
92252,31,30,30,,,
92255,33,2,2,,,
92271,16,16,16,,,
92280,6,24,10,,,
92288,16,16,16,,,
92291,28,28,28,,,
92296,5,5,5,,,
92297,13,24,24,,,
92308,24,24,24,,,
92309,24,24,24,,,
92311,24,24,24,,,
92314,24,34,34,,,
92332,23,10,10,,,
92347,3,26,27,,,
92362,31,16,31,,,
92380,17,16,16,,,
92386,16,16,16,,,
92401,8,4,6,,,
92407,30,30,30,,,
92410,6,16,27,,,
92411,24,10,10,,,
92412,24,24,24,,,
92413,31,24,24,,,
92414,24,24,24,,,
92415,24,34,34,,,
92416,34,34,34,,,
92417,16,16,16,,,
92418,26,4,8,,,
92419,8,4,5,,,
92420,34,24,24,,,
92421,8,4,4,,,
92422,24,24,4,,,
92423,9,4,4,,,
92424,16,16,16,,,
92425,28,28,28,,,
92426,26,26,26,,,
92427,23,30,30,,,
92429,13,24,24,,,
92430,5,4,4,,,
92432,16,16,27,,,
92433,8,28,28,,,
92434,22,2,2,,,
92437,34,34,34,,,
92438,29,5,5,,,
92439,17,16,16,,,
92440,24,24,24,,,
92442,16,16,16,,,
92443,28,28,28,,,
92444,16,16,16,,,
92445,16,16,16,,,
92446,6,26,6,,,
92447,23,31,24,,,
92448,16,16,16,,,
92449,30,30,30,,,
92450,16,16,16,,,
92451,16,16,16,,,
92452,8,8,8,,,
92453,24,24,24,,,
92454,16,16,16,,,
92455,28,8,19,,,
92456,39,34,39,,,
92457,33,2,9,,,
92458,28,24,24,,,
92459,24,24,24,,,
92460,30,30,30,,,
92461,24,24,24,,,
92462,4,4,4,,,
92463,31,16,16,,,
92464,24,24,24,,,
92465,8,8,8,,,
92466,28,28,28,,,
92467,37,37,5,,,
92468,4,4,4,,,
92469,24,24,16,,,
92470,31,24,16,,,
92471,13,24,24,,,
92472,4,4,4,,,
92473,27,16,27,,,
92474,23,23,23,,,
92475,28,28,28,,,
92476,16,16,16,,,
92477,8,8,8,,,
92478,16,16,16,,,
92479,30,30,30,,,
92480,26,26,26,,,
92481,24,24,10,,,
92482,30,30,30,,,
92483,27,27,27,,,
92484,27,16,27,,,
92485,16,16,16,,,
92486,24,24,24,,,
92487,24,5,24,,,
92488,27,27,27,,,
92489,30,24,30,,,
92490,24,16,16,,,
92491,16,16,16,,,
92492,24,30,30,,,
92493,28,28,28,,,
92494,28,28,28,,,
92495,24,24,24,,,
92496,24,34,34,,,
92497,6,16,16,,,
92498,16,16,16,,,
92499,8,28,28,,,
92500,9,9,9,,,
92501,16,16,16,,,
92502,24,24,24,,,
92503,30,30,30,,,
92504,8,8,28,,,
92505,16,16,16,,,
92506,30,30,30,,,
92507,24,34,34,,,
92508,16,16,16,,,
92509,24,24,24,,,
92510,16,16,16,,,
92511,13,24,24,,,
92512,16,16,16,,,
92513,24,24,24,,,
92514,30,30,30,,,
92515,24,30,30,,,
92516,4,4,4,,,
92517,38,30,30,,,
92518,30,30,30,,,
92519,30,30,30,,,
92520,10,36,10,,,
92521,16,16,16,,,
92522,16,16,16,,,
92523,24,24,24,,,
92525,10,10,10,,,
92526,30,30,30,,,
92527,4,4,5,,,
92528,30,30,30,,,
92529,8,28,8,,,
92530,30,30,10,,,
92531,24,24,24,,,
92532,24,28,24,,,
92533,24,5,19,,,
92534,24,24,24,,,
92535,26,30,30,,,
92536,28,28,28,,,
92537,3,19,19,,,
92538,16,16,16,,,
92539,2,2,2,,,
92540,16,30,16,,,
92541,30,30,30,,,
92542,24,24,24,,,
92543,30,30,30,,,
92544,30,24,24,,,
92545,24,30,30,,,
92546,24,24,24,,,
92547,39,34,26,,,
92548,19,19,19,,,
92550,16,34,5,,,
92551,16,16,16,,,
92552,28,28,28,,,
92553,16,16,16,,,
92554,36,36,36,,,
92555,24,27,16,,,
92556,24,24,24,,,
92557,16,16,16,,,
92558,24,24,24,,,
92559,16,16,16,,,
92560,8,28,8,,,
92561,24,10,10,,,
92562,24,34,34,,,
92563,3,3,31,,,
92564,8,5,5,,,
92565,16,16,16,,,
92566,4,8,8,,,
92567,27,16,27,,,
92568,8,16,27,,,
92569,16,16,16,,,
92571,8,5,5,,,
92572,3,26,26,,,
92573,23,16,16,,,
92574,25,16,16,,,
92575,16,16,16,,,
92576,13,24,24,,,
92577,4,30,30,,,
92578,30,30,30,,,
92579,31,24,24,,,
92580,24,24,10,,,
92581,27,24,24,,,
92582,24,30,30,,,
92583,31,24,30,,,
92584,23,23,37,,,
92585,24,24,24,,,
92586,16,16,16,,,
92587,4,4,4,,,
92588,5,5,37,,,
92589,14,24,24,,,
92590,24,24,24,,,
92591,24,34,34,,,
92592,28,28,28,,,
92593,8,5,5,,,
92594,24,24,24,,,
92595,28,28,28,,,
92596,10,36,10,,,
92597,24,24,24,,,
92598,24,24,24,,,
92599,24,24,24,,,
92600,24,24,24,,,
92601,24,24,24,,,
92602,16,16,16,,,
92603,27,34,27,,,
92604,22,2,2,,,
92605,39,24,34,,,
92606,39,34,34,,,
92607,6,16,16,,,
92608,6,31,27,,,
92609,30,30,30,,,
92610,24,24,24,,,
92611,16,16,16,,,
92612,27,16,27,,,
92613,16,16,16,,,
92614,30,30,30,,,
92615,25,16,24,,,
92616,16,16,16,,,
92617,24,24,24,,,
92618,16,16,16,,,
92619,16,24,16,,,
92620,34,34,34,,,
92621,3,31,16,,,
92622,16,16,16,,,
92623,27,24,27,,,
92624,28,28,28,,,
92625,34,34,34,,,
92626,6,10,10,,,
92627,24,24,24,,,
92628,6,31,27,,,
92629,16,16,16,,,
92630,16,16,16,,,
92631,16,16,16,,,
92946,5,5,5,,,
93082,1,16,16,,,
93228,28,28,28,,,
93243,16,16,16,,,
93247,18,13,5,,,
93294,24,16,16,,,
93300,34,34,34,,,
93301,16,16,16,,,
93305,16,16,16,,,
93313,24,16,24,,,
93317,26,26,26,,,
93338,23,23,23,,,
93340,16,16,16,,,
93342,6,24,24,,,
93345,28,28,28,,,
93346,28,28,28,,,
93348,16,16,16,,,
93349,16,16,16,,,
93350,8,28,8,,,
93351,10,24,24,,,
93353,16,16,16,,,
93354,24,24,24,,,
93355,13,10,24,,,
93356,31,30,30,,,
93358,24,24,10,,,
93359,31,16,16,,,
93360,28,28,28,,,
93361,16,16,16,,,
93362,24,10,24,,,
93363,30,30,30,,,
93364,24,24,4,,,
93365,24,24,24,,,
93366,24,24,24,,,
93367,11,27,27,,,
93368,2,2,2,,,
93369,24,24,24,,,
93371,30,30,30,,,
93372,24,24,24,,,
93373,36,36,36,,,
93374,16,16,16,,,
93375,16,16,16,,,
93376,16,16,16,,,
93377,16,16,16,,,
93378,16,16,27,,,
93379,16,16,16,,,
93380,27,24,27,,,
93381,24,10,10,,,
93382,37,5,5,,,
93383,23,23,38,,,
93384,16,16,16,,,
93385,24,28,28,,,
93386,24,24,24,,,
93387,10,30,30,,,
93388,24,24,24,,,
93389,31,30,30,,,
93390,16,16,16,,,
93391,24,24,26,,,
93392,24,24,27,,,
93393,28,28,28,,,
93394,22,10,10,,,
93395,16,16,16,,,
93396,2,10,10,,,
93397,4,4,4,,,
93398,24,16,16,,,
93399,29,34,5,,,
93401,13,16,24,,,
93402,30,30,30,,,
93403,24,24,34,,,
93404,16,16,16,,,
93405,37,5,5,,,
93406,4,4,4,,,
93407,24,30,30,,,
93408,19,27,27,,,
93409,28,8,8,,,
93410,30,28,28,,,
93411,34,34,34,,,
93412,33,9,9,,,
93413,16,16,16,,,
93414,2,2,2,,,
93415,34,34,34,,,
93416,19,19,19,,,
93417,16,16,16,,,
93418,24,16,4,,,
93419,24,24,24,,,
93420,4,4,4,,,
93421,5,8,5,,,
93422,16,16,16,,,
93423,4,16,4,,,
93424,16,16,16,,,
93425,24,24,16,,,
93426,31,24,24,,,
93427,34,34,34,,,
93428,16,16,16,,,
93429,34,2,10,,,
93430,4,16,16,,,
93431,19,19,19,,,
93432,9,28,9,,,
93433,6,30,10,,,
93435,24,10,10,,,
93436,15,37,5,,,
93437,24,16,16,,,
93438,24,24,24,,,
93439,37,24,24,,,
93440,23,10,10,,,
93442,20,27,19,,,
93443,30,30,30,,,
93444,24,24,24,,,
93445,28,28,28,,,
93446,5,34,34,,,
93448,24,10,24,,,
93449,16,16,16,,,
93450,34,34,34,,,
93451,34,34,34,,,
93452,24,24,24,,,
93453,24,16,16,,,
93454,28,8,8,,,
93455,16,16,16,,,
93456,24,10,24,,,
93457,24,24,24,,,
93458,18,16,24,,,
93460,26,34,34,,,
93463,30,30,30,,,
93465,24,24,24,,,
93495,33,33,33,,,
93501,16,16,16,,,
93513,24,24,24,,,
93516,20,20,16,,,
93523,10,10,10,,,
93530,30,30,30,,,
93547,24,16,16,,,
93553,16,16,16,,,
93568,19,28,28,,,
93569,34,34,34,,,
93571,18,19,28,,,
93575,24,24,16,,,
93576,7,24,24,,,
93609,19,10,10,,,
93619,16,16,16,,,
93623,16,16,16,,,
93632,16,16,16,,,
93646,23,23,23,,,
93708,24,16,24,,,
93714,26,30,31,,,
93716,10,10,27,,,
93720,24,24,24,,,
93728,23,23,23,,,
93729,24,24,24,,,
93730,4,26,4,,,
93731,21,4,4,,,
93732,16,16,16,,,
93733,16,16,16,,,
93734,16,16,16,,,
93735,26,26,26,,,
93736,24,24,24,,,
93737,30,30,30,,,
93738,31,16,24,,,
93739,16,24,16,,,
93740,10,10,10,,,
93741,9,34,9,,,
93742,7,16,16,,,
93743,24,24,10,,,
93744,24,16,16,,,
93745,6,16,16,,,
93746,34,34,34,,,
93747,14,28,34,,,
93748,16,16,16,,,
93749,6,38,3,,,
93750,36,36,36,,,
93751,24,24,24,,,
93752,28,4,8,,,
93753,6,38,26,,,
93754,28,28,28,,,
93755,34,37,4,,,
93756,9,34,9,,,
93757,36,8,28,,,
93758,6,16,6,,,
93759,30,30,30,,,
93760,2,10,10,,,
93761,2,2,33,,,
93762,27,16,16,,,
93763,30,30,24,,,
93764,16,16,16,,,
93765,24,16,24,,,
93766,16,16,16,,,
93767,5,37,37,,,
93768,27,27,27,,,
93769,18,34,34,,,
93770,16,30,16,,,
93771,16,16,16,,,
93772,16,26,16,,,
93773,24,24,24,,,
93774,16,16,16,,,
93775,4,4,4,,,
93776,34,34,34,,,
93777,24,10,10,,,
93778,4,4,4,,,
93779,15,23,4,,,
93780,26,24,34,,,
93781,30,16,16,,,
93782,16,24,24,,,
93783,3,26,3,,,
93785,16,16,16,,,
93786,24,24,24,,,
93788,16,16,16,,,
93789,37,34,4,,,
93790,30,30,30,,,
93791,31,30,30,,,
93792,10,30,10,,,
93793,10,24,27,,,
93794,16,16,16,,,
93795,28,28,28,,,
93796,36,36,36,,,
93797,30,30,30,,,
93798,30,24,30,,,
93799,24,24,24,,,
93800,36,36,36,,,
93801,24,30,30,,,
93802,16,16,16,,,
93803,34,34,34,,,
93804,8,28,28,,,
93805,30,30,30,,,
93806,26,24,26,,,
93807,16,16,16,,,
93808,30,30,30,,,
93809,16,16,16,,,
93810,15,20,20,,,
93811,30,16,16,,,
93812,24,24,24,,,
93813,24,16,24,,,
93815,16,16,16,,,
93816,24,10,10,,,
93817,16,16,16,,,
93818,30,30,30,,,
93819,23,30,30,,,
93820,24,10,10,,,
93821,26,19,19,,,
93822,24,16,27,,,
93823,30,30,30,,,
93824,36,36,36,,,
93826,24,16,16,,,
93827,30,30,30,,,
93828,16,16,16,,,
93829,5,5,5,,,
93830,10,10,10,,,
93831,30,30,30,,,
93832,20,20,20,,,
93833,24,24,24,,,
93834,36,10,36,,,
93835,30,31,16,,,
93836,30,30,30,,,
93837,3,23,23,,,
93838,16,16,24,,,
93839,16,16,16,,,
93840,8,5,8,,,
93841,16,16,16,,,
93842,30,30,30,,,
93844,24,24,10,,,
93845,22,34,5,,,
93846,31,30,30,,,
93847,4,28,4,,,
93848,24,19,19,,,
93849,5,16,24,,,
93850,30,30,30,,,
93851,24,16,16,,,
93852,27,24,10,,,
93853,37,5,5,,,
93854,24,24,24,,,
93855,10,24,10,,,
93856,10,16,16,,,
93857,4,24,4,,,
93858,24,24,24,,,
93859,24,28,24,,,
93860,9,33,39,,,
93861,24,16,24,,,
93862,36,36,36,,,
93863,24,24,31,,,
93864,24,24,24,,,
93865,16,16,16,,,
93866,24,5,5,,,
93867,9,9,9,,,
93868,24,16,16,,,
93869,4,24,4,,,
93870,24,24,24,,,
93871,27,16,27,,,
93872,16,16,16,,,
93873,8,8,8,,,
93875,23,10,31,,,
93876,27,16,16,,,
93877,16,16,16,,,
93878,16,16,16,,,
93879,5,19,8,,,
93880,24,24,24,,,
93881,16,16,16,,,
93882,24,16,24,,,
93883,24,24,24,,,
93884,28,28,28,,,
93885,24,16,4,,,
93886,27,19,27,,,
93887,16,16,24,,,
93888,8,5,8,,,
93889,16,16,16,,,
93890,24,16,16,,,
93891,16,16,16,,,
93892,24,24,10,,,
93893,26,26,26,,,
93894,16,16,16,,,
93895,16,16,16,,,
93896,16,16,16,,,
93897,24,16,16,,,
93898,16,16,16,,,
93899,5,5,5,,,
93900,10,24,10,,,
93901,16,16,16,,,
93902,30,30,30,,,
93903,16,24,24,,,
93904,30,30,30,,,
93905,16,16,16,,,
93906,16,16,16,,,
93907,24,16,16,,,
93908,24,24,24,,,
93909,26,26,37,,,
93910,23,38,38,,,
93911,23,24,24,,,
93912,28,8,8,,,
93913,24,24,24,,,
93914,36,36,36,,,
93915,16,16,16,,,
93916,10,10,10,,,
93917,36,10,36,,,
93918,30,30,30,,,
93919,24,24,24,,,
93920,5,16,16,,,
93921,24,24,16,,,
93922,24,16,16,,,
93923,24,24,24,,,
93924,24,24,24,,,
93925,28,8,8,,,
93926,16,16,16,,,
93927,30,24,24,,,
93928,24,24,24,,,
93929,24,24,24,,,
93930,34,16,34,,,
93931,24,24,24,,,
93932,10,10,10,,,
93933,24,37,37,,,
93934,27,24,27,,,
93935,24,24,24,,,
93936,22,2,22,,,
93937,8,8,28,,,
93938,16,16,16,,,
93939,10,30,30,,,
93940,28,28,28,,,
93941,24,24,24,,,
93942,16,16,16,,,
93943,27,16,16,,,
93944,13,16,16,,,
93945,10,30,30,,,
93946,26,26,26,,,
93947,22,2,2,,,
93948,3,3,3,,,
93949,3,26,4,,,
93950,16,16,16,,,
93951,16,16,16,,,
93952,16,16,16,,,
93953,27,19,27,,,
93954,9,34,9,,,
93955,16,16,16,,,
93956,16,16,16,,,
93957,16,16,16,,,
93958,27,16,27,,,
93959,27,16,27,,,
94363,27,27,27,,,
94367,36,36,36,,,
94443,16,16,16,,,
94486,28,28,28,,,
94498,19,19,19,,,
94502,5,34,34,,,
94531,2,2,2,,,
94543,16,16,16,,,
94562,16,16,16,,,
94567,18,13,13,,,
94581,28,28,28,,,
94611,34,34,34,,,
94612,16,16,16,,,
94622,5,5,5,,,
94630,24,24,16,,,
94643,24,24,24,,,
94644,5,4,4,,,
94645,27,27,27,,,
94646,16,16,16,,,
94647,16,16,16,,,
94649,33,10,2,,,
94650,35,5,5,,,
94651,25,16,16,,,
94652,20,16,20,,,
94653,23,16,16,,,
94654,28,28,24,,,
94655,19,26,26,,,
94656,26,34,26,,,
94657,28,28,28,,,
94658,24,24,10,,,
94659,24,16,16,,,
94660,16,16,16,,,
94661,10,10,10,,,
94662,31,24,30,,,
94663,24,24,24,,,
94664,4,4,4,,,
94665,24,24,10,,,
94666,24,16,16,,,
94667,16,16,16,,,
94668,10,24,10,,,
94669,34,36,36,,,
94670,16,16,16,,,
94671,30,30,30,,,
94672,4,4,4,,,
94673,16,16,16,,,
94674,31,30,30,,,
94675,8,28,28,,,
94676,22,4,23,,,
94677,24,24,24,,,
94678,16,16,27,,,
94679,24,24,24,,,
94680,27,16,27,,,
94681,16,16,16,,,
94682,16,16,16,,,
94683,24,24,24,,,
94684,28,28,28,,,
94685,10,10,27,,,
94686,24,24,31,,,
94687,8,4,8,,,
94688,10,24,30,,,
94689,34,34,34,,,
94690,24,16,24,,,
94692,16,16,16,,,
94693,8,28,8,,,
94694,34,34,34,,,
94695,19,19,19,,,
94696,28,28,28,,,
94697,24,24,16,,,
94698,28,28,28,,,
94699,6,10,10,,,
94700,24,24,24,,,
94701,27,34,34,,,
94702,19,19,19,,,
94703,16,16,16,,,
94704,19,19,19,,,
94705,27,16,27,,,
94706,24,30,30,,,
94707,16,16,16,,,
94708,0,24,24,,,
94709,4,16,16,,,
94710,16,16,16,,,
94711,28,28,28,,,
94712,23,23,23,,,
94713,16,16,16,,,
94714,3,23,23,,,
94715,30,30,30,,,
94716,16,16,16,,,
94717,19,19,19,,,
94718,4,4,3,,,
94719,16,16,16,,,
94720,16,16,16,,,
94721,16,16,16,,,
94722,16,16,16,,,
94723,32,28,9,,,
94724,25,16,16,,,
94725,37,37,37,,,
94726,16,16,24,,,
94727,30,30,30,,,
94728,16,16,16,,,
94729,34,34,34,,,
94730,25,30,30,,,
94731,24,24,24,,,
94732,28,28,28,,,
94733,28,28,28,,,
94734,8,5,19,,,
94735,30,30,30,,,
94736,28,28,28,,,
94737,14,28,28,,,
94739,38,26,31,,,
94740,24,24,26,,,
94741,6,16,16,,,
94742,24,24,24,,,
94743,4,4,4,,,
94744,16,16,24,,,
94745,27,24,27,,,
94746,27,24,24,,,
94747,16,16,16,,,
94748,30,30,30,,,
94749,27,10,10,,,
94751,27,24,24,,,
94752,24,24,24,,,
94753,16,16,16,,,
94754,38,37,37,,,
94755,28,28,28,,,
94756,28,28,28,,,
94757,18,24,24,,,
94758,30,30,30,,,
94759,16,16,16,,,
94760,24,16,24,,,
94761,16,16,16,,,
94762,24,24,24,,,
94763,22,2,22,,,
94764,16,16,16,,,
94765,24,10,10,,,
94766,27,27,27,,,
94767,16,16,16,,,
94784,24,24,24,,,
94795,24,30,30,,,
94810,24,30,30,,,
94812,30,30,30,,,
94818,4,4,4,,,
94820,24,24,24,,,
94860,24,24,24,,,
94864,16,16,16,,,
94871,24,24,24,,,
94877,24,24,24,,,
94916,24,24,24,,,
94932,28,28,28,,,
94936,16,16,16,,,
94961,27,27,27,,,
94965,16,16,16,,,
94968,4,24,24,,,
94975,30,30,30,,,
94979,24,24,24,,,
94989,23,23,23,,,
94998,24,24,24,,,
95012,24,10,24,,,
95026,24,24,24,,,
95034,30,30,30,,,
95035,30,30,30,,,
95038,16,16,16,,,
95071,24,2,9,,,
95072,2,9,2,,,
95075,16,16,16,,,
95076,4,30,31,,,
95077,34,34,28,,,
95078,16,16,16,,,
95079,10,30,10,,,
95080,10,10,10,,,
95081,28,30,4,,,
95082,36,34,34,,,
95083,24,10,10,,,
95084,24,16,16,,,
95085,36,36,36,,,
95086,16,16,16,,,
95087,13,24,24,,,
95089,37,31,10,,,
95090,24,16,16,,,
95091,24,24,24,,,
95092,2,2,2,,,
95093,16,16,16,,,
95094,24,16,16,,,
95095,16,16,16,,,
95096,5,8,8,,,
95097,9,34,9,,,
95098,34,34,34,,,
95099,30,30,30,,,
95100,16,24,24,,,
95101,24,24,24,,,
95102,6,8,8,,,
95103,4,4,4,,,
95104,30,30,30,,,
95105,16,24,24,,,
95106,28,28,28,,,
95107,16,16,16,,,
95108,34,34,34,,,
95109,16,16,16,,,
95110,16,16,16,,,
95111,24,30,31,,,
95112,16,16,16,,,
95113,27,16,16,,,
95114,10,30,30,,,
95115,22,2,2,,,
95116,23,23,5,,,
95117,10,2,22,,,
95118,28,28,28,,,
95119,16,16,16,,,
95120,4,30,26,,,
95121,30,30,30,,,
95122,39,34,39,,,
95123,30,30,30,,,
95124,5,5,5,,,
95125,28,28,28,,,
95126,16,16,16,,,
95127,24,24,10,,,
95128,16,16,16,,,
95129,16,16,16,,,
95130,24,24,10,,,
95131,10,10,10,,,
95132,16,16,16,,,
95133,16,16,16,,,
95134,10,36,19,,,
95135,10,10,10,,,
95136,16,16,16,,,
95137,16,16,16,,,
95138,16,16,16,,,
95139,30,30,10,,,
95140,27,16,27,,,
95141,31,24,31,,,
95142,13,16,16,,,
95143,24,24,24,,,
95144,16,16,16,,,
95145,24,24,24,,,
95147,30,30,30,,,
95148,24,31,31,,,
95149,4,24,16,,,
95150,30,30,30,,,
95151,34,34,34,,,
95152,16,23,16,,,
95153,24,24,24,,,
95154,8,5,8,,,
95155,24,24,4,,,
95156,8,24,24,,,
95157,28,24,28,,,
95158,34,34,34,,,
95159,33,2,2,,,
95160,27,16,27,,,
95161,24,10,10,,,
95162,6,6,23,,,
95163,28,28,28,,,
95164,16,16,16,,,
95165,24,24,24,,,
95166,24,16,16,,,
95167,27,16,27,,,
95168,30,30,30,,,
95169,16,16,16,,,
95170,24,30,30,,,
95171,34,34,34,,,
95172,30,30,30,,,
95173,28,28,28,,,
95174,10,30,30,,,
95175,28,28,28,,,
95176,34,34,34,,,
95177,13,30,30,,,
95178,5,5,5,,,
95179,27,5,8,,,
95180,24,24,10,,,
95181,27,16,27,,,
95182,24,24,24,,,
95183,9,9,9,,,
95184,10,10,10,,,
95185,27,24,10,,,
95186,30,30,30,,,
95187,30,30,30,,,
95188,16,16,16,,,
95189,25,16,16,,,
95190,5,5,5,,,
95191,30,30,30,,,
95192,16,16,16,,,
95193,5,16,24,,,
95194,16,16,16,,,
95195,4,4,4,,,
95196,34,34,34,,,
95197,16,16,16,,,
95198,16,16,16,,,
95199,16,16,16,,,
95200,24,24,27,,,
95201,30,30,30,,,
95202,36,36,36,,,
95203,24,16,24,,,
95204,30,30,30,,,
95205,30,30,30,,,
95206,27,16,27,,,
95207,13,24,24,,,
95208,24,30,30,,,
95209,16,16,16,,,
95210,7,28,19,,,
95211,16,16,16,,,
95213,24,16,24,,,
95214,8,8,8,,,
95215,4,5,4,,,
95216,16,16,16,,,
95217,24,16,24,,,
95218,24,24,24,,,
95219,16,16,16,,,
95220,16,16,16,,,
95221,11,19,19,,,
95222,16,16,16,,,
95223,28,28,28,,,
95224,16,16,16,,,
95225,2,34,39,,,
95226,24,24,24,,,
95227,28,8,8,,,
95228,5,37,5,,,
95229,26,26,26,,,
95230,24,24,24,,,
95231,37,5,5,,,
95232,24,16,24,,,
95233,5,24,24,,,
95234,29,8,28,,,
95235,30,30,30,,,
95236,16,16,27,,,
95237,30,30,30,,,
95238,36,36,36,,,
95239,16,16,16,,,
95240,25,16,16,,,
95241,4,34,34,,,
95242,4,5,5,,,
95243,24,24,24,,,
95244,36,36,36,,,
95245,13,24,24,,,
95246,32,5,5,,,
95247,28,24,24,,,
95248,16,16,16,,,
95249,24,24,24,,,
95250,27,24,27,,,
95251,34,26,26,,,
95252,28,8,8,,,
95253,28,28,28,,,
95254,6,30,30,,,
95255,16,16,16,,,
95256,4,4,4,,,
95257,23,4,8,,,
95258,24,24,24,,,
95259,10,24,24,,,
95260,34,34,34,,,
95261,37,8,37,,,
95262,8,8,8,,,
95263,2,2,2,,,
95264,8,4,8,,,
95265,5,5,5,,,
95266,36,36,36,,,
95267,34,34,34,,,
95268,36,36,36,,,
95269,24,24,24,,,
95270,16,16,16,,,
95271,24,24,24,,,
95272,24,24,16,,,
95273,24,16,24,,,
95274,30,30,30,,,
95275,28,16,24,,,
95276,24,24,24,,,
95277,4,24,4,,,
95278,26,24,24,,,
95279,16,16,16,,,
95280,16,16,16,,,
95281,10,27,27,,,
95282,34,34,34,,,
95283,16,24,24,,,
95284,16,16,16,,,
95285,16,16,16,,,
95286,17,16,16,,,
95287,24,24,24,,,
95288,16,16,16,,,
95600,16,16,24,,,
95700,16,16,16,,,
95787,26,26,26,,,
95813,23,23,23,,,
95821,30,30,30,,,
95822,28,28,28,,,
95833,16,16,16,,,
95854,4,38,28,,,
95856,13,24,24,,,
95926,16,16,16,,,
95938,28,8,28,,,
95958,24,24,24,,,
95959,16,16,16,,,
95960,24,16,16,,,
95962,31,24,24,,,
95963,31,30,30,,,
95965,28,28,28,,,
95967,28,28,28,,,
95968,36,19,19,,,
95969,24,16,16,,,
95970,21,31,26,,,
95971,16,16,16,,,
95972,5,28,28,,,
95973,13,10,13,,,
95974,24,24,24,,,
95975,24,24,24,,,
95976,28,28,28,,,
95977,37,37,10,,,
95978,24,10,24,,,
95979,3,8,28,,,
95980,10,30,10,,,
95981,24,24,24,,,
95982,24,16,24,,,
95983,24,24,24,,,
95984,10,16,27,,,
95985,31,24,24,,,
95986,16,16,16,,,
95987,34,34,34,,,
95988,2,10,22,,,
95989,4,4,4,,,
95990,13,24,30,,,
95991,8,5,8,,,
95992,25,16,16,,,
95993,16,16,16,,,
95994,23,23,23,,,
95995,26,38,26,,,
95996,16,16,16,,,
95997,10,10,10,,,
95998,21,5,5,,,
95999,16,16,16,,,
96001,15,16,24,,,
96002,24,28,28,,,
96003,16,16,16,,,
96004,19,19,19,,,
96005,24,24,24,,,
96006,16,16,16,,,
96007,28,28,28,,,
96008,24,24,24,,,
96009,4,24,10,,,
96011,16,16,16,,,
96012,28,28,28,,,
96013,24,24,19,,,
96014,25,16,16,,,
96015,16,16,16,,,
96016,16,16,16,,,
96017,24,16,24,,,
96018,30,30,30,,,
96019,8,5,8,,,
96021,25,30,30,,,
96022,16,16,16,,,
96023,28,16,16,,,
96024,19,27,27,,,
96025,23,30,30,,,
96026,36,36,36,,,
96027,16,16,16,,,
96028,24,16,25,,,
96029,25,16,16,,,
96030,24,10,10,,,
96031,26,26,6,,,
96032,16,16,16,,,
96035,4,4,4,,,
96036,16,16,16,,,
96037,24,26,26,,,
96038,5,24,30,,,
96039,13,24,24,,,
96040,16,16,16,,,
96041,6,16,16,,,
96043,16,16,16,,,
96044,30,30,30,,,
96045,16,16,16,,,
96046,16,16,16,,,
96047,34,34,34,,,
96048,8,5,5,,,
96049,2,2,2,,,
96050,24,24,16,,,
96051,9,9,9,,,
96052,0,19,19,,,
96053,28,28,28,,,
96054,24,24,24,,,
96055,34,34,34,,,
96056,33,2,2,,,
96057,16,16,16,,,
96058,34,34,34,,,
96059,30,30,30,,,
96060,16,16,16,,,
96061,8,16,4,,,
96062,34,34,34,,,
96063,24,16,16,,,
96064,27,16,16,,,
96065,24,24,24,,,
96068,4,5,5,,,
96069,26,26,26,,,
96070,22,2,5,,,
96071,4,16,4,,,
96072,24,16,24,,,
96073,24,24,24,,,
96074,8,8,8,,,
96075,24,24,16,,,
96076,24,24,24,,,
96077,24,24,24,,,
96078,26,26,26,,,
96079,30,30,30,,,
96080,4,4,4,,,
96081,4,4,5,,,
96082,16,16,16,,,
96083,16,16,16,,,
96084,27,27,27,,,
96086,24,24,4,,,
96094,26,26,26,,,
96100,4,4,4,,,
96106,24,24,24,,,
96114,26,30,26,,,
96139,24,36,36,,,
96148,28,28,28,,,
96154,24,24,30,,,
96163,16,16,16,,,
96169,7,19,19,,,
96187,16,16,16,,,
96188,16,16,16,,,
96189,8,28,28,,,
96196,24,24,24,,,
96216,27,16,27,,,
96218,24,24,4,,,
96220,30,30,30,,,
96240,10,2,2,,,
96267,16,16,16,,,
96275,37,26,4,,,
96314,24,24,24,,,
96315,26,31,3,,,
96316,24,10,24,,,
96351,4,9,9,,,
96359,24,24,24,,,
96360,24,30,16,,,
96361,16,16,16,,,
96362,34,34,34,,,
96364,4,4,8,,,
96365,4,4,27,,,
96366,24,24,24,,,
96367,16,16,16,,,
96368,16,16,16,,,
96369,2,19,2,,,
96370,4,4,4,,,
96371,2,2,2,,,
96372,16,16,16,,,
96373,16,16,16,,,
96374,24,16,26,,,
96375,24,24,24,,,
96376,4,28,8,,,
96377,16,16,16,,,
96378,27,16,16,,,
96379,16,16,16,,,
96380,16,16,16,,,
96381,14,28,34,,,
96382,6,23,6,,,
96383,20,34,34,,,
96384,31,30,30,,,
96385,21,26,26,,,
96386,30,30,30,,,
96387,24,24,24,,,
96388,4,39,9,,,
96389,16,16,16,,,
96390,24,16,16,,,
96391,10,10,10,,,
96392,24,24,10,,,
96393,27,16,27,,,
96396,23,38,38,,,
96397,6,30,30,,,
96398,30,30,30,,,
96399,10,10,10,,,
96400,30,30,30,,,
96401,10,24,10,,,
96402,5,28,28,,,
96403,16,16,16,,,
96404,16,16,16,,,
96405,30,30,31,,,
96406,28,28,28,,,
96407,16,16,16,,,
96408,34,34,9,,,
96409,4,4,4,,,
96410,28,28,28,,,
96411,30,30,30,,,
96412,30,30,30,,,
96413,4,4,4,,,
96414,5,2,2,,,
96415,30,30,30,,,
96416,30,30,30,,,
96417,23,30,30,,,
96418,23,23,23,,,
96419,10,10,10,,,
96420,30,30,30,,,
96421,30,30,30,,,
96422,16,16,16,,,
96423,30,30,30,,,
96424,16,16,16,,,
96425,24,24,24,,,
96426,24,10,24,,,
96427,7,23,23,,,
96428,24,24,24,,,
96429,4,4,4,,,
96430,30,30,30,,,
96431,24,16,16,,,
96432,28,28,28,,,
96433,27,16,27,,,
96434,5,5,5,,,
96435,30,30,30,,,
96436,10,26,26,,,
96437,6,3,6,,,
96438,30,30,30,,,
96439,27,16,16,,,
96440,30,30,30,,,
96441,30,30,30,,,
96442,24,10,10,,,
96443,24,24,10,,,
96444,6,30,10,,,
96445,36,36,36,,,
96446,16,16,16,,,
96447,16,16,16,,,
96448,4,16,16,,,
96449,10,16,27,,,
96450,24,24,24,,,
96451,24,24,16,,,
96452,16,16,16,,,
96453,39,34,34,,,
96454,27,16,16,,,
96455,24,24,24,,,
96456,16,16,16,,,
96457,5,5,5,,,
96458,4,16,16,,,
96459,4,4,4,,,
96460,27,27,27,,,
96461,27,16,27,,,
96462,24,30,31,,,
96463,16,16,16,,,
96464,10,24,10,,,
96465,27,24,27,,,
96466,9,34,34,,,
96467,34,24,24,,,
96468,24,24,24,,,
96469,4,4,4,,,
96470,24,24,16,,,
96471,16,16,16,,,
96472,16,24,24,,,
96473,30,30,30,,,
96474,30,30,30,,,
96475,24,24,24,,,
96476,25,16,16,,,
96477,24,16,24,,,
96478,17,34,34,,,
96479,34,24,24,,,
96480,28,28,28,,,
96481,24,16,16,,,
96482,24,16,16,,,
96483,28,28,28,,,
96484,10,10,10,,,
96485,16,16,16,,,
96486,34,34,34,,,
96487,27,27,27,,,
96488,24,16,16,,,
96489,24,16,16,,,
96490,10,10,10,,,
96491,24,24,24,,,
96492,2,23,23,,,
96493,8,5,8,,,
96494,16,16,16,,,
96495,30,30,30,,,
96496,34,34,34,,,
96497,16,16,16,,,
96498,5,5,5,,,
96499,21,26,23,,,
96500,16,16,16,,,
96501,34,34,34,,,
96502,24,24,24,,,
96503,16,16,16,,,
96504,10,30,30,,,
96505,27,27,27,,,
96506,30,30,30,,,
96507,30,30,30,,,
96508,16,16,16,,,
96509,30,30,30,,,
96510,34,34,34,,,
96511,24,24,10,,,
96512,16,16,16,,,
96513,16,16,16,,,
96514,30,30,30,,,
96515,10,24,24,,,
96516,24,24,24,,,
96517,16,16,16,,,
96518,16,16,16,,,
96519,24,16,16,,,
96520,16,16,16,,,
96521,16,24,24,,,
96522,27,27,27,,,
96523,24,24,24,,,
96524,8,8,8,,,
96525,16,16,16,,,
96526,16,16,16,,,
96528,16,16,16,,,
96529,24,16,24,,,
96530,24,30,30,,,
96531,30,30,30,,,
96532,28,39,9,,,
96533,24,24,30,,,
96534,16,16,16,,,
96535,28,28,8,,,
96536,24,24,24,,,
96537,5,4,5,,,
96538,8,8,8,,,
96539,2,33,2,,,
96540,24,24,24,,,
96541,31,16,37,,,
96542,9,34,34,,,
96543,13,24,30,,,
96544,16,16,16,,,
96545,16,16,16,,,
96546,28,28,28,,,
96547,30,30,30,,,
96548,16,16,16,,,
96549,36,8,8,,,
96550,16,16,16,,,
96551,8,5,8,,,
96552,22,2,2,,,
96553,24,24,24,,,
96554,6,10,10,,,
96555,22,37,22,,,
96556,24,30,10,,,
96557,33,9,9,,,
96558,37,37,37,,,
96559,24,10,10,,,
96560,11,24,24,,,
96561,30,30,30,,,
96562,24,24,24,,,
96563,10,10,10,,,
96564,24,24,24,,,
96565,16,16,16,,,
96566,24,16,16,,,
96567,24,24,24,,,
96568,28,28,8,,,
96569,28,28,28,,,
96570,8,5,8,,,
96571,16,16,16,,,
96572,24,24,24,,,
96573,10,24,10,,,
96574,24,16,24,,,
96575,30,30,30,,,
96576,34,26,26,,,
96577,34,34,34,,,
96578,24,24,30,,,
96579,24,24,24,,,
96580,24,16,16,,,
96581,24,24,24,,,
96582,34,5,5,,,
96583,27,19,19,,,
96584,16,16,16,,,
96585,28,8,8,,,
96586,24,24,24,,,
96587,28,28,28,,,
96588,24,24,16,,,
96589,26,24,31,,,
96590,25,16,24,,,
96591,24,24,10,,,
96593,24,24,24,,,
96594,5,5,5,,,
96595,22,2,2,,,
96596,26,10,10,,,
96597,28,8,8,,,
96598,24,24,24,,,
96599,16,16,16,,,
96600,10,30,30,,,
96601,10,24,10,,,
96602,20,34,34,,,
96603,24,24,24,,,
96604,34,28,34,,,
96605,16,16,16,,,
96606,24,24,24,,,
96607,27,10,27,,,
96972,28,28,28,,,
97082,28,28,28,,,
97143,3,4,26,,,
97154,4,4,4,,,
97221,22,2,2,,,
97223,24,24,24,,,
97226,27,10,27,,,
97235,6,16,16,,,
97238,23,5,5,,,
97261,16,24,26,,,
97262,24,16,24,,,
97263,8,19,19,,,
97264,16,16,16,,,
97265,34,34,34,,,
97266,24,24,24,,,
97267,24,16,16,,,
97268,16,16,16,,,
97269,16,16,16,,,
97270,30,30,30,,,
97271,13,34,34,,,
97272,16,16,16,,,
97273,30,30,30,,,
97274,8,5,8,,,
97275,16,16,16,,,
97276,16,16,16,,,
97277,39,2,2,,,
97278,28,28,28,,,
97279,24,26,26,,,
97280,24,24,24,,,
97281,27,24,27,,,
97282,11,27,27,,,
97283,34,39,39,,,
97284,24,28,28,,,
97285,5,5,5,,,
97286,16,16,16,,,
97287,33,9,9,,,
97288,19,19,19,,,
97289,27,16,16,,,
97290,24,24,10,,,
97292,19,24,10,,,
97293,16,16,16,,,
97294,24,16,30,,,
97295,27,16,27,,,
97296,28,28,28,,,
97297,13,24,24,,,
97298,16,16,16,,,
97299,30,30,30,,,
97300,10,24,24,,,
97301,16,16,16,,,
97302,5,23,23,,,
97303,30,30,30,,,
97304,16,16,16,,,
97305,30,30,30,,,
97306,38,38,38,,,
97307,4,16,31,,,
97308,26,30,30,,,
97309,16,16,16,,,
97310,2,2,2,,,
97311,24,24,24,,,
97312,4,28,4,,,
97313,27,16,27,,,
97314,16,16,16,,,
97315,16,16,16,,,
97316,8,28,28,,,
97317,16,16,16,,,
97318,6,10,10,,,
97319,16,16,16,,,
97320,27,27,27,,,
97321,16,16,16,,,
97322,24,30,30,,,
97323,24,24,24,,,
97324,30,30,30,,,
97325,34,5,8,,,
97326,16,16,16,,,
97327,21,23,23,,,
97328,30,30,30,,,
97329,30,30,30,,,
97330,24,16,16,,,
97331,28,20,28,,,
97332,30,30,30,,,
97333,36,2,2,,,
97334,13,10,10,,,
97335,16,16,24,,,
97336,37,24,24,,,
97337,34,20,34,,,
97338,21,5,5,,,
97339,16,16,16,,,
97340,28,28,28,,,
97341,16,24,27,,,
97342,24,24,24,,,
97343,24,24,16,,,
97344,34,34,34,,,
97345,34,34,34,,,
97346,24,16,16,,,
97347,24,24,24,,,
97348,8,5,8,,,
97349,10,30,30,,,
97351,24,24,24,,,
97352,19,19,19,,,
97353,27,16,24,,,
97354,16,16,16,,,
97355,34,34,34,,,
97356,24,24,16,,,
97357,8,5,8,,,
97358,24,24,24,,,
97359,28,9,28,,,
97360,24,24,24,,,
97361,4,38,4,,,
97362,16,16,16,,,
97363,11,5,5,,,
97364,30,30,30,,,
97365,24,24,24,,,
97366,24,24,16,,,
97367,16,16,16,,,
97368,31,24,31,,,
97369,21,36,9,,,
97370,24,24,24,,,
97371,22,36,4,,,
97373,23,4,4,,,
97374,26,26,26,,,
97375,16,16,16,,,
97376,16,16,16,,,
97377,24,24,4,,,
97388,23,16,24,,,
97399,22,2,2,,,
97415,8,16,4,,,
97439,10,16,24,,,
97442,9,34,9,,,
97446,24,16,16,,,
97455,16,16,16,,,
97467,8,8,8,,,
97480,23,23,23,,,
97487,30,30,30,,,
97500,30,30,30,,,
97508,24,24,24,,,
97511,4,26,4,,,
97520,37,30,30,,,
97528,10,10,24,,,
97529,4,30,16,,,
97532,30,30,30,,,
97552,30,30,30,,,
97573,23,30,30,,,
97578,6,30,16,,,
97584,30,30,30,,,
97586,10,4,4,,,
97598,24,24,24,,,
97600,9,34,34,,,
97602,36,36,36,,,
97611,16,16,16,,,
97621,24,24,24,,,
97624,22,16,16,,,
97630,28,28,28,,,
97632,27,27,27,,,
97647,24,24,24,,,
97662,34,28,34,,,
97666,25,30,30,,,
97676,16,16,16,,,
97684,24,24,10,,,
97685,24,24,24,,,
97686,16,16,16,,,
97689,28,28,8,,,
97690,27,27,27,,,
97691,37,4,4,,,
97692,16,16,16,,,
97693,30,30,30,,,
97694,24,16,16,,,
97695,16,16,16,,,
97696,16,16,16,,,
97697,16,16,16,,,
97698,30,30,30,,,
97699,36,36,36,,,
97700,24,16,16,,,
97701,16,16,16,,,
97705,16,16,16,,,
97706,16,16,16,,,
97707,16,16,16,,,
97709,16,16,16,,,
97710,27,16,16,,,
97711,24,24,24,,,
97712,26,30,30,,,
97713,27,24,27,,,
97714,24,16,16,,,
97715,28,28,28,,,
97716,16,16,16,,,
97717,6,16,16,,,
97718,24,10,10,,,
97719,34,20,34,,,
97720,2,2,2,,,
97721,10,10,23,,,
97722,9,9,9,,,
97723,16,16,16,,,
97724,16,16,16,,,
97725,16,16,16,,,
97726,24,4,4,,,
97727,28,9,9,,,
97728,24,24,24,,,
97729,27,27,27,,,
97730,24,10,24,,,
97731,28,28,28,,,
97732,30,30,30,,,
97733,36,36,36,,,
97734,16,16,16,,,
97735,16,16,16,,,
97736,28,28,28,,,
97737,24,24,31,,,
97738,16,16,16,,,
97739,28,5,5,,,
97740,6,26,34,,,
97741,27,24,27,,,
97742,16,16,16,,,
97743,11,10,10,,,
97744,5,9,20,,,
97745,24,36,10,,,
97746,16,16,16,,,
97747,24,30,24,,,
97748,28,34,34,,,
97749,24,24,24,,,
97750,10,27,27,,,
97751,16,16,16,,,
97752,30,30,30,,,
97753,27,27,27,,,
97754,24,30,30,,,
97755,30,30,30,,,
97756,24,24,30,,,
97757,25,24,30,,,
97758,30,30,30,,,
97759,16,16,16,,,
97760,16,16,16,,,
97761,24,24,24,,,
97762,20,20,20,,,
97763,8,5,5,,,
97764,4,4,4,,,
97765,30,30,30,,,
97766,5,2,2,,,
97767,4,34,34,,,
97769,28,28,28,,,
97770,24,24,24,,,
97771,30,30,30,,,
97772,30,30,30,,,
97773,2,2,2,,,
97774,30,30,30,,,
97775,8,8,8,,,
97776,13,16,16,,,
97777,16,16,16,,,
97778,8,4,4,,,
97779,24,24,24,,,
97780,16,16,16,,,
97781,24,16,16,,,
97782,4,16,24,,,
97783,24,24,24,,,
97784,30,30,30,,,
97785,10,10,19,,,
97786,24,16,16,,,
97787,24,30,16,,,
97788,10,10,10,,,
97789,24,30,30,,,
97790,16,16,16,,,
97791,24,24,10,,,
97792,16,16,16,,,
97793,16,16,16,,,
97794,28,28,28,,,
97795,4,5,8,,,
97796,28,28,28,,,
97797,16,16,16,,,
97798,30,30,30,,,
97799,24,24,24,,,
97800,30,30,30,,,
97801,16,16,24,,,
97802,16,16,16,,,
97803,23,23,10,,,
97804,5,5,8,,,
97805,24,19,24,,,
97806,34,34,34,,,
97808,30,26,26,,,
97809,39,34,39,,,
97810,24,24,24,,,
97811,16,16,16,,,
97812,24,10,10,,,
97813,13,27,27,,,
97814,5,23,5,,,
97815,13,24,24,,,
97816,24,16,24,,,
97817,24,10,36,,,
97818,16,24,24,,,
97819,16,16,16,,,
97820,28,28,28,,,
97821,30,30,24,,,
97822,16,16,16,,,
97823,30,30,30,,,
97824,24,30,30,,,
97825,24,24,24,,,
97826,16,16,16,,,
97827,16,16,16,,,
97828,24,24,24,,,
97829,16,16,16,,,
97830,24,24,24,,,
97831,39,34,34,,,
97832,16,16,16,,,
97833,24,30,30,,,
97834,10,24,10,,,
97835,5,37,5,,,
97836,24,24,24,,,
97837,16,16,16,,,
97838,30,30,30,,,
97839,27,27,27,,,
97840,30,30,30,,,
97841,27,16,27,,,
97842,24,24,24,,,
97843,24,24,24,,,
97844,16,16,16,,,
97845,38,38,38,,,
97846,6,16,16,,,
97847,24,16,24,,,
97848,21,16,16,,,
97849,26,26,26,,,
97850,6,10,16,,,
97851,16,16,16,,,
97852,6,10,10,,,
97853,5,4,4,,,
97854,24,24,10,,,
97855,27,27,27,,,
97856,30,30,30,,,
97857,10,10,10,,,
97858,16,16,16,,,
97859,11,24,10,,,
97860,24,4,5,,,
97861,28,28,28,,,
97862,24,24,16,,,
97863,34,34,34,,,
97864,16,16,16,,,
97865,16,16,16,,,
97866,24,24,24,,,
97867,28,8,8,,,
97868,34,34,34,,,
97869,16,16,16,,,
97870,16,16,16,,,
97871,34,9,9,,,
97872,28,28,28,,,
97873,28,28,28,,,
97874,4,26,4,,,
97875,24,24,24,,,
97876,23,23,23,,,
97877,4,5,4,,,
97878,16,16,16,,,
97879,24,10,10,,,
97880,10,4,4,,,
97881,24,24,24,,,
97882,16,16,16,,,
97883,4,16,5,,,
97884,16,16,16,,,
97885,23,4,4,,,
97886,37,5,5,,,
97887,24,24,24,,,
97888,16,16,16,,,
97889,29,8,8,,,
97890,23,30,30,,,
97891,8,8,8,,,
97892,24,16,16,,,
97893,24,24,24,,,
97894,28,28,28,,,
97895,5,5,5,,,
97896,24,24,24,,,
97897,4,4,4,,,
97898,37,24,37,,,
97899,17,16,16,,,
97900,16,16,16,,,
97902,30,30,30,,,
97903,16,16,16,,,
97904,23,23,23,,,
97905,37,16,16,,,
97906,24,16,16,,,
97907,24,24,24,,,
97908,16,16,16,,,
97909,16,24,24,,,
97910,16,16,16,,,
97911,36,36,36,,,
97912,16,16,16,,,
97913,34,24,26,,,
97914,33,10,30,,,
97915,24,30,24,,,
97916,8,28,28,,,
97917,16,16,16,,,
97918,10,10,16,,,
97919,22,22,4,,,
97920,27,16,27,,,
97921,26,26,26,,,
97922,34,34,34,,,
97923,16,24,16,,,
97924,20,34,20,,,
97925,13,16,16,,,
97926,24,24,16,,,
97927,10,10,10,,,
97928,30,30,30,,,
98304,9,9,9,,,
98401,19,19,19,,,
98420,24,16,24,,,
98457,16,16,16,,,
98489,28,28,28,,,
98499,28,28,28,,,
98502,28,8,8,,,
98529,4,4,4,,,
98531,8,8,8,,,
98534,24,30,10,,,
98552,24,16,16,,,
98578,2,2,2,,,
98602,28,28,28,,,
98606,4,5,4,,,
98607,16,16,16,,,
98608,24,16,16,,,
98609,28,28,28,,,
98610,28,28,28,,,
98611,16,16,16,,,
98612,16,16,16,,,
98613,28,28,28,,,
98615,4,4,4,,,
98616,4,4,4,,,
98617,30,30,30,,,
98618,24,24,24,,,
98619,16,16,16,,,
98620,24,24,24,,,
98621,19,19,19,,,
98622,34,24,24,,,
98623,24,5,24,,,
98624,39,34,39,,,
98625,10,10,10,,,
98626,27,27,27,,,
98627,16,16,16,,,
98628,16,16,16,,,
98629,24,24,30,,,
98630,30,26,26,,,
98631,36,36,36,,,
98632,3,10,10,,,
98633,16,16,16,,,
98634,16,16,16,,,
98635,18,28,13,,,
98636,30,30,30,,,
98637,9,9,9,,,
98638,24,24,24,,,
98639,22,37,5,,,
98640,2,2,2,,,
98641,16,16,16,,,
98642,8,4,8,,,
98643,16,16,16,,,
98644,31,26,30,,,
98646,20,34,39,,,
98647,24,24,24,,,
98648,16,16,16,,,
98649,30,16,16,,,
98650,16,16,16,,,
98651,4,23,4,,,
98652,4,24,16,,,
98653,24,10,10,,,
98654,16,16,16,,,
98655,24,24,24,,,
98656,16,16,16,,,
98657,11,34,34,,,
98658,14,28,28,,,
98659,28,28,28,,,
98660,16,16,16,,,
98661,16,16,16,,,
98662,16,16,16,,,
98663,16,16,16,,,
98664,4,36,36,,,
98665,13,24,24,,,
98666,9,34,34,,,
98668,16,16,16,,,
98669,8,28,28,,,
98670,28,28,28,,,
98671,16,16,16,,,
98672,28,28,28,,,
98673,16,16,16,,,
98674,23,23,4,,,
98675,24,16,16,,,
98676,39,34,34,,,
98677,24,24,24,,,
98678,24,24,10,,,
98679,16,16,16,,,
98680,36,36,36,,,
98682,23,23,4,,,
98683,2,2,2,,,
98684,16,16,16,,,
98685,11,24,24,,,
98686,16,16,16,,,
98687,6,16,4,,,
98688,30,30,30,,,
98689,36,10,2,,,
98690,27,24,27,,,
98691,10,4,30,,,
98692,24,24,24,,,
98693,5,16,16,,,
98694,27,24,27,,,
98695,16,24,16,,,
98696,16,16,16,,,
98697,11,36,19,,,
98698,30,30,30,,,
98699,24,24,24,,,
98700,30,30,30,,,
98701,3,4,4,,,
98702,16,16,16,,,
98703,16,16,16,,,
98704,33,9,2,,,
98705,16,16,16,,,
98706,25,16,16,,,
98708,24,24,24,,,
98709,8,24,24,,,
98710,24,24,10,,,
98711,30,30,30,,,
98712,14,2,9,,,
98713,28,28,28,,,
98715,27,27,27,,,
98716,24,24,24,,,
98717,4,4,4,,,
98730,8,8,8,,,
98744,16,16,16,,,
98763,4,28,8,,,
98792,16,16,16,,,
98800,24,10,10,,,
98801,27,4,27,,,
98802,24,24,24,,,
98836,24,24,24,,,
98841,26,26,26,,,
98858,24,24,24,,,
98863,30,16,16,,,
98879,34,28,28,,,
98880,36,36,36,,,
98886,30,30,30,,,
98890,38,38,38,,,
98896,37,37,10,,,
98905,16,16,16,,,
98919,31,24,31,,,
98920,24,24,24,,,
98921,26,24,26,,,
98927,24,16,4,,,
98940,24,24,24,,,
98951,5,8,8,,,
98962,16,16,16,,,
98969,30,30,30,,,
98977,3,4,4,,,
98995,24,24,10,,,
98999,8,28,8,,,
99000,24,16,24,,,
99001,16,16,16,,,
99002,24,24,24,,,
99003,27,30,30,,,
99004,24,36,36,,,
99005,27,16,16,,,
99006,4,26,26,,,
99007,24,24,24,,,
99008,24,24,24,,,
99009,30,30,30,,,
99010,4,26,4,,,
99011,37,37,37,,,
99012,24,24,24,,,
99013,28,28,28,,,
99014,27,24,24,,,
99015,24,16,16,,,
99016,18,28,5,,,
99017,34,24,34,,,
99018,28,24,24,,,
99019,34,28,34,,,
99020,6,30,30,,,
99022,28,5,24,,,
99024,5,4,4,,,
99025,30,30,30,,,
99026,30,30,30,,,
99027,16,16,16,,,
99028,24,24,24,,,
99029,26,24,24,,,
99030,16,24,24,,,
99031,20,20,20,,,
99032,4,4,8,,,
99033,30,30,30,,,
99034,24,24,24,,,
99035,26,26,26,,,
99036,24,24,10,,,
99037,24,24,24,,,
99038,30,30,30,,,
99039,27,27,27,,,
99040,29,23,24,,,
99041,28,8,8,,,
99042,24,10,24,,,
99043,16,30,30,,,
99044,8,5,8,,,
99045,13,24,24,,,
99046,3,23,27,,,
99047,24,30,30,,,
99048,24,24,16,,,
99049,30,30,30,,,
99050,16,16,16,,,
99051,30,30,30,,,
99052,31,16,16,,,
99053,16,16,16,,,
99054,30,30,30,,,
99055,8,5,5,,,
99056,9,2,2,,,
99057,25,16,16,,,
99058,16,16,16,,,
99059,28,28,28,,,
99060,9,36,36,,,
99061,30,30,30,,,
99062,30,30,30,,,
99063,28,28,28,,,
99064,30,30,24,,,
99065,28,28,28,,,
99066,16,16,16,,,
99067,16,16,16,,,
99068,30,30,30,,,
99069,16,16,16,,,
99070,24,16,16,,,
99071,16,16,16,,,
99072,4,4,4,,,
99073,24,24,16,,,
99074,30,30,30,,,
99075,27,24,27,,,
99076,23,23,23,,,
99077,30,30,30,,,
99078,24,24,24,,,
99079,30,30,30,,,
99080,16,16,16,,,
99081,30,30,30,,,
99082,8,5,8,,,
99083,11,19,19,,,
99084,34,20,26,,,
99085,28,28,28,,,
99086,3,31,26,,,
99087,16,16,16,,,
99088,34,34,34,,,
99089,30,30,30,,,
99090,16,16,16,,,
99091,10,24,10,,,
99092,16,16,16,,,
99093,34,34,5,,,
99094,16,16,16,,,
99095,9,24,10,,,
99096,10,23,10,,,
99097,28,28,28,,,
99098,27,24,10,,,
99099,16,16,16,,,
99100,27,27,27,,,
99101,24,16,26,,,
99102,16,16,16,,,
99103,24,34,34,,,
99104,16,16,16,,,
99105,30,30,30,,,
99107,27,27,27,,,
99108,24,24,24,,,
99109,24,16,16,,,
99110,35,5,5,,,
99111,24,24,24,,,
99112,6,16,16,,,
99113,24,24,24,,,
99114,16,16,16,,,
99115,24,30,24,,,
99116,13,24,24,,,
99117,2,2,22,,,
99118,27,27,27,,,
99119,16,16,16,,,
99120,16,16,16,,,
99121,5,34,34,,,
99122,16,16,16,,,
99123,26,24,26,,,
99124,16,16,16,,,
99125,23,4,8,,,
99126,30,30,30,,,
99127,13,26,24,,,
99128,10,10,10,,,
99129,28,28,28,,,
99130,30,30,30,,,
99131,24,5,24,,,
99132,4,31,4,,,
99133,16,16,16,,,
99134,16,16,16,,,
99135,16,16,16,,,
99136,24,16,16,,,
99137,16,16,16,,,
99139,24,24,24,,,
99140,24,24,24,,,
99141,30,30,30,,,
99142,31,30,31,,,
99143,24,24,24,,,
99144,24,24,24,,,
99145,11,10,10,,,
99146,24,24,10,,,
99147,27,24,16,,,
99148,24,16,16,,,
99149,16,16,24,,,
99150,34,34,34,,,
99151,24,24,24,,,
99152,30,24,30,,,
99153,16,16,16,,,
99154,16,16,16,,,
99155,5,23,4,,,
99156,37,24,10,,,
99157,24,16,4,,,
99158,16,16,16,,,
99159,24,16,16,,,
99160,24,24,24,,,
99161,30,30,30,,,
99162,2,10,10,,,
99163,13,16,16,,,
99164,28,28,28,,,
99165,5,5,5,,,
99166,16,16,16,,,
99168,36,24,24,,,
99169,24,24,24,,,
99170,16,16,16,,,
99172,8,8,8,,,
99173,24,30,24,,,
99174,28,8,28,,,
99175,16,16,16,,,
99176,14,24,16,,,
99177,16,16,16,,,
99178,24,16,24,,,
99179,31,30,31,,,
99180,2,2,2,,,
99181,30,16,16,,,
99182,16,30,16,,,
99183,30,30,30,,,
99184,30,30,30,,,
99185,34,36,36,,,
99186,10,24,10,,,
99187,31,26,36,,,
99188,10,16,16,,,
99189,24,16,24,,,
99190,5,24,24,,,
99191,10,10,10,,,
99192,24,16,16,,,
99193,24,24,24,,,
99194,30,30,30,,,
99195,26,26,26,,,
99196,3,26,3,,,
99197,24,24,24,,,
99198,16,16,16,,,
99199,30,30,30,,,
99200,28,28,28,,,
99201,36,36,36,,,
99202,24,30,30,,,
99203,30,30,30,,,
99204,11,24,10,,,
99205,23,23,38,,,
99206,10,30,10,,,
99207,16,16,16,,,
99208,24,30,30,,,
99209,23,4,8,,,
99210,22,5,5,,,
99211,17,16,16,,,
99212,5,5,10,,,
99213,10,2,9,,,
99214,28,28,28,,,
99215,27,24,13,,,
99216,16,16,16,,,
99217,10,24,10,,,
99218,24,24,10,,,
99219,24,24,24,,,
99220,16,16,16,,,
99221,16,16,16,,,
99222,16,16,16,,,
99223,16,16,16,,,
99224,24,24,24,,,
99225,30,30,30,,,
99226,27,16,27,,,
99227,4,4,4,,,
99228,24,24,24,,,
99229,6,16,16,,,
99230,10,34,10,,,
99231,16,16,16,,,
99232,2,2,2,,,
99233,4,16,24,,,
99234,16,16,16,,,
99235,24,24,10,,,
99236,6,10,10,,,
99237,34,34,39,,,
99238,2,24,10,,,
99239,27,27,27,,,
99240,28,28,28,,,
99241,16,16,16,,,
99242,24,16,4,,,
99243,10,24,19,,,
99244,5,34,34,,,
99245,10,30,10,,,
99246,16,16,16,,,
99247,30,30,30,,,
99248,16,16,16,,,
99249,4,23,24,,,
99250,16,16,16,,,
99251,30,30,30,,,
99252,24,24,24,,,
99253,30,30,30,,,
99611,34,34,34,,,
99620,31,26,31,,,
99662,28,28,28,,,
99671,8,5,8,,,
99778,26,38,26,,,
99782,8,5,8,,,
99807,34,24,26,,,
99813,16,16,16,,,
99860,14,2,2,,,
99872,24,16,5,,,
99902,16,16,16,,,
99908,30,30,30,,,
99909,26,34,26,,,
99913,39,34,39,,,
99914,16,16,16,,,
99915,5,34,34,,,
99916,30,30,30,,,
99917,16,16,16,,,
99918,31,30,30,,,
99919,28,28,28,,,
99920,8,5,8,,,
99921,28,28,28,,,
99922,9,34,9,,,
99923,2,10,36,,,
99924,16,16,16,,,
99926,30,30,30,,,
99927,4,23,23,,,
99928,10,27,27,,,
99929,7,19,5,,,
99930,30,30,30,,,
99931,24,16,27,,,
99932,2,4,2,,,
99933,3,24,24,,,
99934,23,30,30,,,
99935,24,24,24,,,
99936,4,4,4,,,
99937,13,16,24,,,
99938,24,24,24,,,
99941,5,34,34,,,
99942,27,24,10,,,
99943,23,30,30,,,
99944,16,16,16,,,
99945,24,24,24,,,
99946,16,16,16,,,
99947,16,16,16,,,
99948,20,34,34,,,
99949,16,16,16,,,
99950,28,34,9,,,
99951,4,4,4,,,
99952,24,10,10,,,
99953,13,24,24,,,
99954,8,5,8,,,
99955,16,16,16,,,
99956,16,16,16,,,
99957,24,34,34,,,
99958,38,38,38,,,
99959,8,4,37,,,
99960,6,23,23,,,
99961,11,24,27,,,
99962,6,30,16,,,
99963,34,34,34,,,
99964,33,19,33,,,
99965,24,24,24,,,
99966,27,16,27,,,
99967,24,34,34,,,
99968,24,16,16,,,
99969,30,30,30,,,
99970,16,16,16,,,
99971,16,16,16,,,
99973,28,28,28,,,
99974,10,10,30,,,
99975,16,24,24,,,
99976,24,24,30,,,
99977,26,4,4,,,
99978,16,16,16,,,
99979,30,30,30,,,
99980,29,5,5,,,
99981,5,5,4,,,
99982,33,2,2,,,
99983,27,24,27,,,
99984,24,24,10,,,
99985,30,30,30,,,
99986,16,16,16,,,
99987,30,30,30,,,
99988,16,16,16,,,
99989,24,24,10,,,
99990,16,16,16,,,
99992,16,16,16,,,
99993,13,24,24,,,
99994,16,16,16,,,
99995,8,8,8,,,
99998,25,16,16,,,
99999,16,16,16,,,
100000,13,24,24,,,
100001,28,28,28,,,
100002,25,16,16,,,
100003,24,27,24,,,
100004,4,36,4,,,
100005,24,16,16,,,
100006,33,2,9,,,
100007,28,28,28,,,
100009,30,24,30,,,
100010,16,16,16,,,
100011,16,16,16,,,
100012,5,4,8,,,
100013,3,3,6,,,
100014,26,26,26,,,
100015,26,26,3,,,
100016,27,24,10,,,
100017,16,24,16,,,
100018,24,16,16,,,
100019,24,16,24,,,
100020,24,24,24,,,
100021,24,24,16,,,
100022,31,24,24,,,
100023,8,8,5,,,
100024,24,16,16,,,
100025,4,37,23,,,
100026,5,24,24,,,
100027,24,24,24,,,
100028,30,30,30,,,
100029,16,16,16,,,
100030,27,27,27,,,
100031,31,30,30,,,
100032,30,30,30,,,
100033,24,24,24,,,
100037,16,16,16,,,
100049,7,19,5,,,
100053,16,16,16,,,
100057,20,16,16,,,
100069,28,36,28,,,
100072,26,24,26,,,
100073,30,30,30,,,
100075,24,24,24,,,
100076,27,16,16,,,
100097,27,16,27,,,
100099,24,10,10,,,
100104,24,24,16,,,
100119,16,16,16,,,
100121,16,16,16,,,
100141,24,36,36,,,
100155,8,34,34,,,
100182,30,30,30,,,
100205,16,16,24,,,
100210,24,16,16,,,
100211,24,30,30,,,
100217,28,28,28,,,
100243,30,30,30,,,
100244,24,24,24,,,
100245,31,24,24,,,
100252,13,16,24,,,
100271,26,30,30,,,
100277,24,24,24,,,
100283,24,34,34,,,
100318,16,16,16,,,
100319,10,30,30,,,
100320,34,34,9,,,
100321,4,24,24,,,
100322,24,24,24,,,
100324,31,26,31,,,
100325,20,34,20,,,
100326,34,34,34,,,
100327,24,24,24,,,
100328,24,24,24,,,
100329,24,24,24,,,
100330,16,16,16,,,
100331,28,8,28,,,
100332,31,24,24,,,
100333,25,16,16,,,
100334,24,24,34,,,
100335,24,16,16,,,
100336,24,24,24,,,
100337,31,24,24,,,
100338,24,30,30,,,
100339,3,10,10,,,
100340,30,30,30,,,
100342,26,26,26,,,
100343,5,4,4,,,
100344,8,28,28,,,
100345,34,34,34,,,
100346,30,30,30,,,
100347,27,10,27,,,
100348,16,16,16,,,
100349,30,30,30,,,
100350,6,10,10,,,
100351,24,10,10,,,
100352,24,10,19,,,
100353,23,23,23,,,
100354,26,26,26,,,
100355,5,5,5,,,
100356,25,30,16,,,
100357,8,8,8,,,
100358,25,16,16,,,
100359,10,10,10,,,
100360,16,16,16,,,
100361,24,16,16,,,
100362,34,34,34,,,
100363,24,34,34,,,
100364,13,24,24,,,
100365,16,16,16,,,
100366,4,4,8,,,
100367,34,34,5,,,
100368,30,30,30,,,
100369,3,26,26,,,
100370,4,4,4,,,
100371,24,24,24,,,
100372,16,16,16,,,
100373,30,30,30,,,
100374,16,16,16,,,
100375,24,24,24,,,
100376,24,16,16,,,
100377,24,16,16,,,
100378,16,16,16,,,
100379,24,24,24,,,
100380,30,30,30,,,
100381,30,30,30,,,
100382,24,10,24,,,
100383,30,30,30,,,
100384,24,16,24,,,
100385,24,24,24,,,
100386,24,24,24,,,
100387,24,24,27,,,
100388,3,16,16,,,
100389,16,16,16,,,
100390,27,27,27,,,
100391,30,10,10,,,
100392,2,2,2,,,
100393,36,36,36,,,
100394,28,28,28,,,
100395,4,36,4,,,
100396,16,16,16,,,
100397,27,27,27,,,
100398,4,4,4,,,
100399,24,24,24,,,
100400,27,16,27,,,
100401,16,16,16,,,
100402,16,16,16,,,
100403,11,19,19,,,
100404,10,2,2,,,
100405,24,36,4,,,
100406,24,34,24,,,
100407,24,24,24,,,
100408,30,30,30,,,
100409,16,16,16,,,
100410,24,10,10,,,
100411,24,24,24,,,
100412,27,16,16,,,
100413,16,16,16,,,
100414,24,16,16,,,
100415,24,24,10,,,
100416,30,30,30,,,
100417,24,16,24,,,
100418,5,5,5,,,
100419,23,23,23,,,
100420,16,16,16,,,
100421,24,34,34,,,
100422,30,30,30,,,
100423,16,16,27,,,
100424,30,16,16,,,
100425,28,28,34,,,
100426,25,16,16,,,
100427,24,5,5,,,
100428,39,20,34,,,
100429,24,24,24,,,
100430,24,10,24,,,
100431,6,26,3,,,
100432,30,30,30,,,
100433,30,30,24,,,
100434,2,9,9,,,
100435,24,24,24,,,
100436,5,16,16,,,
100437,28,28,28,,,
100438,4,4,4,,,
100439,25,16,16,,,
100440,16,16,16,,,
100441,10,10,10,,,
100442,16,16,16,,,
100443,24,24,24,,,
100444,24,24,24,,,
100445,24,24,24,,,
100446,31,24,24,,,
100447,1,16,16,,,
100448,16,24,24,,,
100449,24,30,24,,,
100450,5,34,34,,,
100451,34,34,34,,,
100452,24,24,24,,,
100453,23,23,23,,,
100454,23,4,4,,,
100455,24,24,30,,,
100456,30,30,30,,,
100457,10,2,2,,,
100458,24,24,24,,,
100459,28,28,28,,,
100460,11,10,10,,,
100461,16,16,24,,,
100462,16,16,16,,,
100463,16,16,16,,,
100464,24,24,24,,,
100465,4,36,4,,,
100466,28,28,28,,,
100468,30,30,30,,,
100469,27,27,27,,,
100470,21,10,10,,,
100471,2,3,2,,,
100472,24,30,30,,,
100473,16,16,16,,,
100474,39,34,34,,,
100476,16,16,16,,,
100477,16,16,16,,,
100478,16,16,16,,,
100479,16,16,16,,,
100480,16,16,16,,,
100481,16,16,16,,,
100482,16,16,16,,,
100483,24,30,24,,,
100484,28,28,28,,,
100485,34,34,34,,,
100486,30,30,30,,,
100487,28,28,28,,,
100488,31,30,30,,,
100489,10,10,10,,,
100490,39,34,34,,,
100491,16,16,24,,,
100492,38,38,38,,,
100493,8,8,8,,,
100494,23,23,23,,,
100495,6,27,27,,,
100496,23,23,5,,,
100497,16,16,16,,,
100498,27,27,27,,,
100499,3,26,3,,,
100500,24,24,24,,,
100501,24,24,24,,,
100502,27,16,27,,,
100503,24,24,24,,,
100504,24,24,4,,,
100505,6,30,10,,,
100506,23,23,5,,,
100507,6,16,3,,,
100508,4,24,24,,,
100509,24,24,24,,,
100510,16,16,16,,,
100511,5,28,34,,,
100512,31,26,16,,,
100513,34,20,20,,,
100514,16,16,16,,,
100515,13,34,34,,,
100516,16,16,16,,,
100517,4,4,4,,,
100518,24,24,24,,,
100519,24,24,10,,,
100520,10,24,10,,,
100521,20,20,20,,,
100522,24,4,4,,,
100523,24,24,24,,,
100524,16,16,16,,,
100525,24,10,10,,,
100526,16,16,16,,,
100527,10,24,10,,,
100528,30,24,30,,,
100529,24,10,10,,,
100530,4,24,4,,,
100531,24,30,30,,,
100532,37,5,5,,,
100533,24,24,24,,,
100534,2,5,22,,,
100535,4,24,24,,,
100536,16,16,16,,,
100537,10,16,24,,,
100538,8,4,28,,,
100539,16,16,16,,,
100540,24,24,24,,,
100541,23,23,31,,,
100542,16,16,16,,,
100543,16,16,16,,,
100544,16,16,24,,,
100545,28,28,28,,,
100546,28,28,28,,,
100547,24,24,24,,,
100941,10,10,10,,,
100994,16,16,16,,,
100999,16,16,16,,,
101001,16,16,16,,,
101033,16,16,27,,,
101081,0,19,19,,,
101093,26,36,36,,,
101100,16,16,16,,,
101138,24,16,16,,,
101147,26,26,26,,,
101185,10,24,24,,,
101203,26,19,8,,,
101218,5,24,19,,,
101219,24,24,24,,,
101220,35,5,5,,,
101221,16,16,16,,,
101225,10,23,10,,,
101226,4,23,23,,,
101227,16,16,16,,,
101228,34,34,34,,,
101229,10,24,30,,,
101230,4,4,4,,,
101231,16,16,16,,,
101232,16,16,16,,,
101233,24,24,24,,,
101234,10,30,30,,,
101235,24,24,24,,,
101236,16,16,16,,,
101237,37,37,37,,,
101238,26,26,26,,,
101239,16,16,16,,,
101240,16,16,16,,,
101241,24,20,20,,,
101242,24,24,24,,,
101243,4,4,4,,,
101244,28,28,28,,,
101245,9,28,28,,,
101246,24,16,4,,,
101247,10,27,19,,,
101249,5,5,5,,,
101250,30,30,30,,,
101251,27,24,24,,,
101252,28,28,28,,,
101253,23,23,23,,,
101254,28,28,28,,,
101255,23,10,23,,,
101256,24,16,16,,,
101257,24,24,5,,,
101258,0,16,16,,,
101259,16,16,16,,,
101260,5,4,4,,,
101261,16,16,16,,,
101262,23,23,23,,,
101263,24,24,24,,,
101264,28,28,28,,,
101265,28,28,28,,,
101266,24,24,24,,,
101267,4,4,4,,,
101268,28,28,28,,,
101269,16,16,16,,,
101270,16,16,16,,,
101271,8,4,4,,,
101272,16,16,16,,,
101273,8,28,28,,,
101274,25,16,16,,,
101275,24,24,31,,,
101276,19,24,19,,,
101277,10,10,10,,,
101278,30,30,30,,,
101279,3,26,26,,,
101280,31,30,16,,,
101281,31,31,30,,,
101282,2,33,9,,,
101283,16,16,16,,,
101284,16,16,16,,,
101285,17,16,24,,,
101286,16,16,16,,,
101287,5,24,24,,,
101288,24,24,10,,,
101289,28,16,16,,,
101290,4,4,4,,,
101291,24,34,34,,,
101292,23,23,5,,,
101293,5,34,39,,,
101294,7,36,24,,,
101295,24,24,10,,,
101296,16,16,16,,,
101297,28,28,8,,,
101298,36,36,36,,,
101299,24,4,4,,,
101300,2,2,2,,,
101301,16,16,16,,,
101302,24,24,24,,,
101303,31,24,16,,,
101304,24,10,36,,,
101305,17,16,16,,,
101307,16,24,16,,,
101308,26,36,26,,,
101309,33,34,34,,,
101310,28,8,28,,,
101311,16,16,16,,,
101312,38,38,38,,,
101313,16,16,16,,,
101314,10,5,36,,,
101315,24,24,24,,,
101316,9,34,39,,,
101317,26,26,26,,,
101318,24,19,24,,,
101319,30,30,30,,,
101320,18,2,34,,,
101321,30,30,30,,,
101338,34,34,9,,,
101353,36,34,36,,,
101372,16,16,16,,,
101380,30,30,30,,,
101391,24,24,24,,,
101463,37,37,4,,,
101469,24,24,24,,,
101472,5,23,5,,,
101474,19,19,19,,,
101516,28,28,28,,,
101524,24,24,10,,,
101528,30,24,30,,,
101533,24,24,24,,,
101535,24,24,24,,,
101552,26,26,26,,,
101591,24,16,16,,,
101593,24,30,30,,,
101600,24,24,26,,,
101604,4,4,4,,,
101620,24,24,24,,,
101621,24,30,30,,,
101622,23,4,23,,,
101623,13,24,24,,,
101624,24,30,30,,,
101625,23,37,23,,,
101626,4,4,28,,,
101628,24,24,24,,,
101629,31,24,24,,,
101630,16,16,16,,,
101631,8,8,8,,,
101633,4,24,16,,,
101634,24,24,24,,,
101635,2,10,10,,,
101636,6,4,8,,,
101637,16,16,16,,,
101638,10,10,10,,,
101639,34,34,34,,,
101640,8,8,8,,,
101641,16,16,24,,,
101643,10,36,36,,,
101644,4,4,4,,,
101645,2,5,8,,,
101646,16,16,16,,,
101647,16,16,16,,,
101648,30,30,30,,,
101649,31,24,24,,,
101650,4,16,16,,,
101652,16,16,24,,,
101653,16,16,16,,,
101654,16,16,16,,,
101655,30,24,30,,,
101656,10,24,10,,,
101657,16,16,16,,,
101658,16,16,16,,,
101659,15,5,5,,,
101660,16,16,16,,,
101661,16,16,16,,,
101662,2,2,2,,,
101663,16,16,16,,,
101664,18,16,24,,,
101665,15,28,5,,,
101666,26,24,31,,,
101667,16,16,16,,,
101668,16,16,16,,,
101669,30,30,30,,,
101670,30,30,30,,,
101671,27,27,27,,,
101672,16,16,16,,,
101673,10,34,24,,,
101674,26,26,26,,,
101675,24,24,24,,,
101676,26,5,26,,,
101677,22,37,2,,,
101678,27,19,27,,,
101679,30,30,30,,,
101680,10,24,30,,,
101681,10,30,10,,,
101682,16,16,24,,,
101683,28,28,28,,,
101684,24,24,24,,,
101685,30,30,30,,,
101686,27,30,30,,,
101687,30,30,30,,,
101688,23,23,23,,,
101689,16,16,16,,,
101690,27,24,16,,,
101691,27,27,27,,,
101692,10,10,27,,,
101693,28,28,28,,,
101694,16,16,16,,,
101695,24,24,24,,,
101696,27,16,27,,,
101698,24,16,24,,,
101699,30,30,30,,,
101700,27,24,24,,,
101701,5,5,5,,,
101702,27,24,27,,,
101703,36,36,36,,,
101704,16,16,16,,,
101705,24,24,24,,,
101706,30,30,30,,,
101707,30,30,30,,,
101708,6,23,3,,,
101709,31,26,26,,,
101710,24,24,24,,,
101711,30,26,38,,,
101712,30,30,30,,,
101713,24,16,16,,,
101714,24,10,10,,,
101715,27,16,27,,,
101716,10,24,10,,,
101717,36,36,36,,,
101718,30,30,30,,,
101719,37,37,37,,,
101720,17,2,2,,,
101721,16,16,16,,,
101722,16,16,24,,,
101723,24,24,30,,,
101724,16,16,16,,,
101725,30,30,30,,,
101726,34,34,34,,,
101727,5,16,16,,,
101728,24,10,24,,,
101729,4,24,4,,,
101730,10,30,30,,,
101731,11,23,3,,,
101732,27,10,27,,,
101733,16,16,16,,,
101734,23,38,6,,,
101735,24,24,24,,,
101736,8,8,8,,,
101737,16,16,16,,,
101738,16,24,4,,,
101739,34,34,34,,,
101740,10,24,10,,,
101741,16,16,16,,,
101742,24,24,24,,,
101743,28,28,28,,,
101744,6,3,31,,,
101745,10,24,24,,,
101746,16,16,16,,,
101747,30,30,30,,,
101748,24,30,30,,,
101749,16,16,16,,,
101751,37,23,23,,,
101752,18,16,24,,,
101753,28,28,28,,,
101754,28,28,28,,,
101755,30,30,30,,,
101756,27,27,27,,,
101757,16,16,16,,,
101758,16,16,16,,,
101759,24,24,24,,,
101760,24,16,24,,,
101761,16,16,16,,,
101762,24,24,10,,,
101763,28,28,28,,,
101764,24,16,24,,,
101765,8,8,8,,,
101766,16,16,16,,,
101767,25,16,30,,,
101768,3,36,10,,,
101769,37,37,37,,,
101770,30,30,30,,,
101771,8,4,8,,,
101772,26,30,26,,,
101773,27,16,24,,,
101774,16,24,16,,,
101775,6,38,4,,,
101776,30,30,30,,,
101777,16,16,16,,,
101778,16,16,16,,,
101779,8,5,5,,,
101780,26,30,30,,,
101781,2,10,10,,,
101782,34,34,34,,,
101783,26,16,16,,,
101784,27,30,10,,,
101785,16,16,16,,,
101786,28,28,28,,,
101787,28,5,5,,,
101788,24,16,16,,,
101789,32,19,10,,,
101790,30,30,30,,,
101791,10,30,30,,,
101792,8,8,8,,,
101793,23,23,23,,,
101794,24,24,24,,,
101795,30,16,16,,,
101796,2,2,2,,,
101797,6,37,37,,,
101798,24,24,16,,,
101799,2,10,36,,,
101800,24,24,24,,,
101801,24,24,24,,,
101802,24,24,16,,,
101803,24,24,10,,,
101804,6,16,16,,,
101805,36,36,36,,,
101806,24,24,24,,,
101807,24,16,24,,,
101808,36,10,24,,,
101809,8,4,4,,,
101810,16,16,16,,,
101811,3,26,26,,,
101812,24,24,24,,,
101813,9,9,9,,,
101814,34,34,34,,,
101815,16,16,16,,,
101817,30,30,30,,,
101818,24,24,24,,,
101819,24,24,24,,,
101820,24,24,16,,,
101821,24,24,10,,,
101822,24,24,24,,,
101823,27,16,27,,,
101824,30,30,27,,,
101825,30,30,30,,,
101826,24,24,24,,,
101827,37,37,37,,,
101828,36,36,26,,,
101829,27,30,10,,,
101830,16,16,16,,,
101831,24,16,16,,,
101832,11,27,27,,,
101833,27,24,27,,,
102164,9,9,9,,,
102297,28,28,28,,,
102327,5,37,37,,,
102359,24,30,30,,,
102364,16,16,16,,,
102396,27,8,19,,,
102432,16,16,16,,,
102450,24,16,16,,,
102457,16,16,16,,,
102462,39,34,39,,,
102468,10,10,10,,,
102475,26,30,30,,,
102484,30,30,31,,,
102490,17,16,27,,,
102504,8,28,8,,,
102506,20,5,5,,,
102508,28,28,28,,,
102509,5,5,5,,,
102511,4,36,4,,,
102512,26,30,30,,,
102513,24,24,24,,,
102514,27,16,16,,,
102515,16,16,16,,,
102516,28,28,28,,,
102517,24,30,30,,,
102518,16,16,16,,,
102519,24,16,16,,,
102520,31,24,24,,,
102521,34,34,34,,,
102522,4,26,4,,,
102523,4,16,16,,,
102524,23,23,23,,,
102525,24,10,10,,,
102526,5,23,23,,,
102527,26,24,26,,,
102528,24,24,24,,,
102529,22,10,2,,,
102530,28,28,28,,,
102531,24,16,16,,,
102532,30,30,30,,,
102533,6,24,27,,,
102534,34,34,34,,,
102535,8,28,28,,,
102536,24,24,24,,,
102537,34,34,34,,,
102538,16,16,16,,,
102539,24,24,10,,,
102540,34,34,34,,,
102541,24,24,26,,,
102542,11,30,10,,,
102543,4,4,4,,,
102544,24,24,24,,,
102545,16,16,16,,,
102546,5,34,34,,,
102548,28,16,24,,,
102549,30,30,30,,,
102550,28,28,28,,,
102551,24,24,16,,,
102552,16,24,16,,,
102553,4,39,9,,,
102554,26,26,26,,,
102555,27,24,27,,,
102556,16,16,16,,,
102557,10,23,10,,,
102558,28,28,28,,,
102559,27,16,27,,,
102560,27,16,27,,,
102561,22,2,2,,,
102562,19,19,19,,,
102563,28,28,28,,,
102564,30,30,30,,,
102565,16,16,16,,,
102566,16,16,16,,,
102567,16,16,16,,,
102568,24,16,16,,,
102569,30,30,30,,,
102570,24,16,16,,,
102571,31,30,31,,,
102572,24,16,16,,,
102573,30,30,30,,,
102574,5,34,34,,,
102575,16,16,16,,,
102576,24,16,16,,,
102577,34,34,34,,,
102578,5,5,5,,,
102579,18,19,19,,,
102580,16,16,16,,,
102581,33,2,2,,,
102582,30,30,30,,,
102583,2,2,2,,,
102584,31,24,30,,,
102585,16,16,16,,,
102586,39,34,34,,,
102587,28,28,28,,,
102588,37,37,37,,,
102589,27,24,27,,,
102590,23,23,4,,,
102591,16,16,16,,,
102592,24,24,24,,,
102593,30,30,30,,,
102594,38,37,4,,,
102595,34,34,34,,,
102596,16,16,16,,,
102597,21,3,10,,,
102598,16,16,16,,,
102599,28,28,28,,,
102600,22,2,2,,,
102601,22,9,2,,,
102602,16,16,16,,,
102603,30,30,30,,,
102604,10,27,27,,,
102605,16,16,16,,,
102606,24,24,24,,,
102607,24,16,16,,,
102608,24,24,24,,,
102609,24,24,24,,,
102610,16,16,16,,,
102611,16,16,16,,,
102612,24,24,24,,,
102613,24,24,10,,,
102614,30,30,30,,,
102615,27,16,16,,,
102616,24,24,24,,,
102617,17,16,16,,,
102618,30,30,30,,,
102619,30,30,30,,,
102620,5,37,5,,,
102621,22,24,24,,,
102622,24,24,24,,,
102623,38,38,38,,,
102624,10,3,10,,,
102625,24,24,24,,,
102626,24,24,24,,,
102638,30,30,30,,,
102642,28,28,28,,,
102656,16,16,16,,,
102659,16,16,16,,,
102662,25,16,16,,,
102664,16,16,16,,,
102676,24,24,24,,,
102686,30,30,30,,,
102689,28,28,28,,,
102696,16,16,16,,,
102700,16,16,16,,,
102703,11,24,10,,,
102706,24,24,24,,,
102708,16,16,16,,,
102730,23,23,23,,,
102736,30,10,10,,,
102747,24,24,4,,,
102752,33,33,2,,,
102760,16,16,16,,,
102780,16,16,16,,,
102787,16,16,16,,,
102797,19,10,10,,,
102827,26,26,26,,,
102830,24,24,10,,,
102832,10,10,10,,,
102842,10,10,10,,,
102860,24,24,24,,,
102865,24,16,16,,,
102868,24,34,24,,,
102873,2,2,2,,,
102877,30,30,30,,,
102886,24,30,10,,,
102894,27,16,27,,,
102910,34,34,34,,,
102917,26,24,24,,,
102922,24,10,10,,,
102924,16,16,16,,,
102925,30,30,30,,,
102926,27,19,19,,,
102927,2,2,2,,,
102928,24,24,24,,,
102929,34,34,9,,,
102930,16,16,16,,,
102931,24,16,4,,,
102932,30,30,30,,,
102933,2,2,2,,,
102934,23,30,30,,,
102935,24,24,24,,,
102936,28,28,28,,,
102937,30,30,30,,,
102938,28,28,28,,,
102939,10,10,10,,,
102940,20,20,34,,,
102941,20,20,20,,,
102942,4,16,4,,,
102943,30,30,30,,,
102946,24,16,16,,,
102947,24,24,24,,,
102948,17,16,16,,,
102950,8,8,8,,,
102952,16,16,16,,,
102953,6,16,16,,,
102954,24,24,24,,,
102955,30,30,30,,,
102956,16,16,16,,,
102957,5,28,8,,,
102958,24,16,16,,,
102959,6,10,10,,,
102960,16,16,16,,,
102961,24,16,16,,,
102962,9,34,34,,,
102963,30,30,30,,,
102964,16,16,16,,,
102965,16,16,16,,,
102966,4,26,26,,,
102967,24,30,30,,,
102968,31,30,30,,,
102969,28,28,28,,,
102970,16,16,16,,,
102971,16,16,16,,,
102972,31,30,31,,,
102973,24,16,16,,,
102974,24,24,10,,,
102976,16,16,16,,,
102977,30,30,30,,,
102978,30,30,30,,,
102979,24,24,24,,,
102980,24,24,24,,,
102981,16,16,16,,,
102982,28,28,28,,,
102983,5,5,5,,,
102984,16,16,16,,,
102985,27,10,27,,,
102986,24,16,16,,,
102987,27,27,27,,,
102989,24,24,24,,,
102990,16,16,16,,,
102991,30,30,30,,,
102992,5,9,9,,,
102993,24,24,24,,,
102994,24,24,24,,,
102995,30,30,30,,,
102996,39,34,39,,,
102997,10,10,10,,,
102998,10,36,36,,,
102999,24,24,24,,,
103000,4,28,4,,,
103001,30,30,30,,,
103002,24,16,16,,,
103003,30,30,30,,,
103004,34,34,34,,,
103005,28,28,28,,,
103006,24,24,10,,,
103007,24,34,34,,,
103008,24,24,24,,,
103009,24,24,24,,,
103010,1,16,16,,,
103011,30,30,30,,,
103012,16,16,16,,,
103013,13,24,24,,,
103014,16,16,16,,,
103015,16,16,16,,,
103017,16,16,16,,,
103018,24,24,16,,,
103019,16,16,16,,,
103020,28,8,8,,,
103021,27,27,27,,,
103022,16,16,16,,,
103023,27,16,16,,,
103024,5,5,5,,,
103025,7,19,19,,,
103026,30,30,30,,,
103027,24,30,30,,,
103028,27,16,27,,,
103029,5,5,5,,,
103030,30,30,30,,,
103031,8,28,8,,,
103032,16,16,16,,,
103033,25,16,25,,,
103034,30,30,30,,,
103035,25,16,16,,,
103036,24,36,36,,,
103037,20,20,20,,,
103038,30,30,30,,,
103039,24,30,30,,,
103040,3,36,2,,,
103041,30,30,30,,,
103042,24,16,16,,,
103043,8,5,8,,,
103044,30,30,30,,,
103045,30,30,30,,,
103046,34,34,34,,,
103047,5,5,5,,,
103048,30,30,30,,,
103049,30,30,30,,,
103050,16,16,16,,,
103051,27,27,27,,,
103052,24,16,16,,,
103053,27,16,16,,,
103054,30,30,30,,,
103055,24,16,24,,,
103056,16,30,30,,,
103057,24,16,16,,,
103058,16,16,16,,,
103059,16,16,16,,,
103060,23,2,2,,,
103061,16,16,16,,,
103062,24,24,24,,,
103063,20,20,20,,,
103064,16,16,16,,,
103065,24,24,24,,,
103066,4,4,4,,,
103067,16,16,16,,,
103068,24,24,5,,,
103069,6,16,16,,,
103070,16,16,16,,,
103071,27,16,27,,,
103072,28,28,28,,,
103073,30,16,30,,,
103074,16,16,16,,,
103075,24,30,30,,,
103076,27,5,34,,,
103077,16,16,16,,,
103078,24,10,24,,,
103079,24,24,24,,,
103080,24,24,24,,,
103081,24,16,24,,,
103082,24,16,16,,,
103083,10,10,24,,,
103084,16,16,16,,,
103085,16,16,16,,,
103086,30,30,30,,,
103087,23,30,23,,,
103088,24,16,16,,,
103089,24,24,10,,,
103090,24,24,24,,,
103091,16,16,16,,,
103092,28,28,28,,,
103093,2,2,2,,,
103094,30,30,30,,,
103095,10,34,34,,,
103096,28,28,28,,,
103097,24,24,24,,,
103098,5,28,28,,,
103099,9,2,2,,,
103100,4,4,4,,,
103101,24,16,16,,,
103102,30,30,30,,,
103103,24,24,24,,,
103104,24,16,16,,,
103105,26,26,26,,,
103106,28,8,8,,,
103107,24,24,24,,,
103108,24,24,16,,,
103109,24,24,24,,,
103110,11,19,19,,,
103111,24,24,16,,,
103112,24,24,24,,,
103113,14,20,34,,,
103114,24,24,24,,,
103115,24,16,16,,,
103116,24,16,16,,,
103117,30,30,30,,,
103118,24,24,10,,,
103119,24,24,4,,,
103120,34,34,34,,,
103121,24,24,4,,,
103122,13,24,24,,,
103123,24,24,10,,,
103124,24,24,24,,,
103125,4,30,30,,,
103126,10,10,10,,,
103127,16,16,16,,,
103128,24,24,16,,,
103129,6,26,10,,,
103130,24,24,24,,,
103131,24,24,24,,,
103132,27,16,16,,,
103133,37,37,37,,,
103134,30,30,30,,,
103135,24,30,24,,,
103136,24,10,10,,,
103137,16,16,16,,,
103138,24,24,16,,,
103139,2,2,10,,,
103140,27,24,27,,,
103141,16,24,24,,,
103548,36,36,36,,,
103666,16,16,16,,,
103704,28,5,19,,,
103720,38,38,38,,,
103731,0,24,24,,,
103757,16,16,16,,,
103771,4,26,4,,,
103789,27,16,16,,,
103797,16,24,16,,,
103799,24,24,24,,,
103815,24,16,16,,,
103818,23,30,30,,,
103820,24,24,24,,,
103821,24,16,16,,,
103824,16,16,16,,,
103825,3,4,4,,,
103826,24,24,24,,,
103827,24,24,24,,,
103828,10,24,10,,,
103829,28,28,28,,,
103830,24,24,24,,,
103831,16,16,16,,,
103832,10,24,10,,,
103833,16,16,16,,,
103834,28,34,34,,,
103835,24,24,24,,,
103836,28,28,28,,,
103837,25,16,16,,,
103838,24,24,24,,,
103839,5,34,5,,,
103840,18,16,5,,,
103841,2,2,2,,,
103842,28,28,28,,,
103843,28,28,28,,,
103844,30,30,30,,,
103845,25,16,16,,,
103846,38,38,38,,,
103847,13,24,24,,,
103848,16,30,16,,,
103849,24,24,24,,,
103850,24,24,10,,,
103851,23,23,23,,,
103852,24,34,24,,,
103853,28,28,28,,,
103854,30,16,30,,,
103855,10,3,6,,,
103856,34,34,34,,,
103857,19,19,28,,,
103858,24,24,24,,,
103859,27,34,20,,,
103860,19,19,19,,,
103861,38,38,38,,,
103862,24,24,10,,,
103863,24,24,24,,,
103864,6,30,30,,,
103865,10,3,10,,,
103866,28,28,28,,,
103867,24,24,24,,,
103868,34,34,34,,,
103869,16,16,16,,,
103871,19,19,19,,,
103872,26,26,26,,,
103873,34,34,34,,,
103874,4,4,4,,,
103875,16,16,16,,,
103876,4,4,4,,,
103877,26,30,30,,,
103878,8,8,8,,,
103879,8,28,5,,,
103880,24,16,16,,,
103881,16,16,16,,,
103882,30,30,30,,,
103883,16,16,16,,,
103884,30,30,30,,,
103885,19,19,19,,,
103886,16,16,16,,,
103887,24,16,16,,,
103888,28,28,28,,,
103889,3,24,26,,,
103890,17,16,34,,,
103891,28,9,28,,,
103892,16,16,16,,,
103893,30,30,30,,,
103894,16,16,16,,,
103895,16,16,16,,,
103896,24,16,16,,,
103898,30,30,30,,,
103899,36,36,36,,,
103900,26,30,31,,,
103901,16,16,16,,,
103902,24,24,24,,,
103903,16,16,16,,,
103904,28,28,28,,,
103905,27,16,27,,,
103906,28,24,24,,,
103907,36,4,8,,,
103908,31,30,30,,,
103909,6,16,16,,,
103910,24,24,24,,,
103911,38,38,38,,,
103912,22,23,5,,,
103913,16,16,16,,,
103914,30,30,30,,,
103915,16,16,16,,,
103916,24,24,24,,,
103917,11,36,36,,,
103918,24,10,24,,,
103919,16,16,24,,,
103920,16,16,16,,,
103921,24,24,24,,,
103922,27,27,27,,,
103923,24,24,24,,,
103924,16,16,16,,,
103925,16,16,16,,,
103926,24,16,16,,,
103927,8,8,8,,,
103928,24,26,10,,,
103931,32,2,2,,,
103942,28,28,28,,,
103948,33,2,9,,,
103955,15,5,5,,,
103958,30,30,30,,,
103961,8,8,8,,,
103971,24,16,16,,,
103976,16,16,16,,,
103995,16,16,16,,,
103997,16,16,16,,,
104013,30,30,30,,,
104015,10,30,30,,,
104017,24,24,10,,,
104018,16,16,16,,,
104019,24,16,16,,,
104020,16,16,16,,,
104023,20,23,27,,,
104036,30,30,30,,,
104038,24,24,24,,,
104052,16,16,20,,,
104056,16,16,16,,,
104060,24,24,24,,,
104062,16,30,16,,,
104067,19,5,8,,,
104087,24,24,24,,,
104088,16,16,16,,,
104100,24,24,16,,,
104104,16,16,16,,,
104108,28,10,26,,,
104115,30,30,30,,,
104134,26,26,26,,,
104163,24,30,31,,,
104180,24,16,16,,,
104184,14,34,34,,,
104193,15,5,5,,,
104198,16,16,16,,,
104199,16,16,16,,,
104200,24,24,24,,,
104202,24,16,16,,,
104203,31,24,24,,,
104204,19,19,19,,,
104205,38,38,38,,,
104206,24,24,16,,,
104207,37,2,2,,,
104208,30,30,30,,,
104209,24,10,10,,,
104210,24,10,10,,,
104211,26,30,31,,,
104212,6,30,30,,,
104213,27,24,10,,,
104214,16,16,16,,,
104215,16,16,16,,,
104216,24,24,24,,,
104217,30,30,30,,,
104218,5,37,5,,,
104219,16,16,16,,,
104221,23,24,10,,,
104222,8,28,28,,,
104223,16,30,16,,,
104224,16,16,16,,,
104225,4,26,4,,,
104227,39,34,34,,,
104229,30,30,30,,,
104230,16,16,16,,,
104231,24,24,24,,,
104232,16,16,16,,,
104233,16,16,16,,,
104234,23,23,4,,,
104235,16,16,16,,,
104236,24,24,24,,,
104237,16,16,16,,,
104238,4,28,28,,,
104239,22,2,2,,,
104240,30,30,30,,,
104241,34,34,5,,,
104242,16,16,16,,,
104243,34,34,34,,,
104244,30,30,30,,,
104245,31,31,30,,,
104246,27,16,27,,,
104247,16,16,16,,,
104248,16,16,16,,,
104249,30,30,30,,,
104251,24,28,28,,,
104252,20,20,20,,,
104253,16,16,16,,,
104254,24,10,24,,,
104255,31,30,30,,,
104256,30,30,30,,,
104257,28,28,28,,,
104258,24,24,10,,,
104259,24,24,24,,,
104260,24,24,4,,,
104261,16,16,16,,,
104262,16,16,16,,,
104263,10,36,36,,,
104264,39,34,34,,,
104265,10,30,30,,,
104266,16,16,16,,,
104267,3,16,4,,,
104268,26,30,30,,,
104269,27,16,27,,,
104270,11,34,8,,,
104271,24,16,24,,,
104272,34,34,27,,,
104273,2,10,10,,,
104274,5,4,4,,,
104275,17,16,16,,,
104276,28,28,28,,,
104277,1,16,16,,,
104278,24,30,30,,,
104279,27,27,27,,,
104280,4,4,4,,,
104281,8,16,16,,,
104282,37,10,10,,,
104283,27,27,27,,,
104284,24,16,16,,,
104285,37,16,16,,,
104287,24,30,24,,,
104288,27,16,16,,,
104290,4,23,4,,,
104291,16,16,16,,,
104292,24,24,24,,,
104293,10,30,16,,,
104294,24,16,16,,,
104295,30,26,26,,,
104296,24,24,24,,,
104297,16,16,16,,,
104298,10,10,27,,,
104300,24,24,24,,,
104301,30,30,30,,,
104302,27,16,27,,,
104303,37,37,37,,,
104304,24,24,24,,,
104305,34,26,26,,,
104306,16,16,16,,,
104307,16,16,16,,,
104308,24,24,10,,,
104309,27,16,27,,,
104310,8,37,5,,,
104311,4,4,4,,,
104312,23,23,23,,,
104313,4,31,4,,,
104314,16,16,16,,,
104315,30,30,30,,,
104316,25,16,16,,,
104317,24,24,24,,,
104318,16,16,16,,,
104319,16,16,16,,,
104320,24,16,24,,,
104321,16,16,16,,,
104322,36,36,36,,,
104323,34,36,4,,,
104324,10,10,10,,,
104325,28,28,28,,,
104326,27,16,16,,,
104327,15,8,8,,,
104328,24,16,16,,,
104329,4,4,4,,,
104330,4,4,4,,,
104331,36,10,36,,,
104332,24,24,31,,,
104333,28,28,28,,,
104334,24,16,16,,,
104335,24,24,24,,,
104336,8,5,8,,,
104337,34,28,34,,,
104338,39,20,5,,,
104339,30,30,30,,,
104340,24,30,30,,,
104341,25,16,16,,,
104342,20,16,16,,,
104343,24,16,24,,,
104344,2,2,2,,,
104345,31,30,30,,,
104346,10,24,24,,,
104347,30,30,30,,,
104348,30,30,30,,,
104349,3,23,5,,,
104350,16,16,16,,,
104351,37,37,37,,,
104352,10,10,10,,,
104353,24,24,24,,,
104354,26,26,26,,,
104355,16,16,16,,,
104356,4,4,5,,,
104357,16,16,16,,,
104358,16,16,16,,,
104359,24,24,24,,,
104360,30,30,30,,,
104361,27,24,27,,,
104362,24,5,24,,,
104363,38,38,38,,,
104364,16,16,16,,,
104365,8,24,24,,,
104366,16,16,16,,,
104367,16,16,16,,,
104368,16,16,16,,,
104369,24,24,24,,,
104370,37,26,26,,,
104371,36,34,34,,,
104372,16,16,16,,,
104373,24,24,24,,,
104374,8,8,8,,,
104375,28,9,28,,,
104376,30,30,30,,,
104377,5,28,8,,,
104378,24,26,26,,,
104379,16,8,8,,,
104380,25,16,25,,,
104381,30,30,30,,,
104382,24,16,16,,,
104383,11,36,19,,,
104384,8,24,24,,,
104385,28,28,28,,,
104386,5,19,5,,,
104387,30,30,30,,,
104388,5,5,5,,,
104389,16,16,16,,,
104390,28,28,28,,,
104391,24,16,24,,,
104392,27,16,16,,,
104393,28,28,28,,,
104394,36,8,8,,,
104395,7,19,19,,,
104396,4,4,4,,,
104397,23,30,30,,,
104398,26,26,26,,,
104399,16,16,16,,,
104400,6,23,5,,,
104401,24,16,16,,,
104402,30,30,30,,,
104403,16,16,16,,,
104404,11,24,10,,,
104405,5,34,34,,,
104406,24,16,16,,,
104407,24,24,24,,,
104408,16,16,16,,,
104409,24,24,30,,,
104410,24,24,24,,,
104411,2,2,2,,,
104412,31,37,37,,,
104413,16,16,16,,,
104414,5,5,5,,,
104415,28,28,28,,,
104416,16,16,16,,,
104417,16,16,16,,,
104418,27,24,19,,,
104419,10,16,24,,,
104420,27,16,16,,,
104421,10,26,26,,,
104422,9,34,26,,,
104423,16,30,16,,,
104424,30,30,30,,,
104425,24,24,24,,,
104426,16,16,16,,,
104427,28,28,28,,,
104428,23,23,23,,,
104429,24,24,24,,,
104430,16,16,16,,,
104431,30,30,30,,,
104432,7,28,5,,,
104433,22,2,2,,,
104434,16,16,16,,,
104435,24,24,24,,,
104436,6,30,10,,,
104437,9,34,34,,,
104438,16,16,16,,,
104439,5,5,8,,,
104440,23,23,23,,,
104441,4,4,4,,,
104442,9,9,9,,,
104443,36,5,8,,,
104444,9,9,9,,,
104445,16,16,27,,,
104446,5,5,5,,,
104755,24,24,24,,,
104944,16,16,16,,,
104994,28,28,28,,,
105021,26,26,26,,,
105044,19,5,36,,,
105068,30,24,24,,,
105097,24,16,24,,,
105098,6,3,26,,,
105099,16,16,16,,,
105106,29,16,24,,,
105113,16,16,16,,,
105114,34,2,9,,,
105121,4,4,4,,,
105122,3,4,4,,,
105144,16,31,16,,,
105145,19,27,27,,,
105146,4,4,4,,,
105149,19,19,19,,,
105150,24,16,16,,,
105151,24,24,24,,,
105152,16,16,16,,,
105153,27,24,27,,,
105154,16,16,16,,,
105155,34,34,34,,,
105156,24,24,24,,,
105157,28,4,4,,,
105158,28,28,28,,,
105159,16,16,16,,,
105160,16,23,16,,,
105161,37,37,37,,,
105162,27,4,27,,,
105163,30,30,30,,,
105164,24,24,4,,,
105166,16,16,16,,,
105167,23,23,23,,,
105168,26,26,30,,,
105169,28,28,28,,,
105170,34,9,9,,,
105171,16,16,16,,,
105172,8,8,8,,,
105173,24,16,16,,,
105174,16,16,16,,,
105175,27,19,19,,,
105176,10,10,10,,,
105177,23,23,23,,,
105178,36,36,36,,,
105179,16,16,24,,,
105180,24,28,19,,,
105181,4,4,4,,,
105182,19,19,19,,,
105183,27,16,27,,,
105185,23,38,6,,,
105186,16,16,27,,,
105187,24,24,24,,,
105188,30,30,30,,,
105189,11,10,24,,,
105190,27,16,27,,,
105191,4,4,4,,,
105192,24,24,24,,,
105193,30,30,30,,,
105194,19,19,19,,,
105195,31,30,30,,,
105196,16,16,16,,,
105197,16,16,16,,,
105198,16,16,16,,,
105199,5,5,5,,,
105200,24,24,24,,,
105201,25,16,16,,,
105202,28,28,28,,,
105203,24,24,10,,,
105204,16,16,16,,,
105205,24,24,24,,,
105206,23,38,38,,,
105207,24,16,16,,,
105208,16,16,16,,,
105209,37,24,24,,,
105210,16,16,16,,,
105211,6,30,30,,,
105212,8,8,8,,,
105213,3,26,26,,,
105214,24,24,24,,,
105215,30,30,30,,,
105216,23,4,5,,,
105217,16,16,16,,,
105219,5,5,5,,,
105220,16,16,16,,,
105221,24,24,24,,,
105222,23,23,31,,,
105223,16,16,16,,,
105224,4,4,4,,,
105225,16,16,16,,,
105226,8,8,8,,,
105227,24,24,24,,,
105228,5,34,34,,,
105230,6,16,16,,,
105231,24,34,34,,,
105232,5,16,16,,,
105233,13,16,16,,,
105234,16,16,16,,,
105235,16,16,16,,,
105236,28,28,28,,,
105237,24,24,24,,,
105238,30,30,30,,,
105239,28,28,28,,,
105240,2,10,2,,,
105241,30,30,30,,,
105242,31,30,31,,,
105243,16,16,16,,,
105244,1,30,10,,,
105245,24,24,24,,,
105246,3,24,24,,,
105247,5,34,19,,,
105248,28,28,28,,,
105249,4,4,3,,,
105250,24,24,10,,,
105251,9,34,9,,,
105252,28,28,28,,,
105253,18,34,5,,,
105254,22,2,2,,,
105255,30,30,30,,,
105256,5,2,2,,,
105257,28,28,28,,,
105258,5,4,4,,,
105259,31,16,16,,,
105260,38,37,10,,,
105261,24,36,4,,,
105262,24,24,31,,,
105263,16,16,16,,,
105264,30,30,30,,,
105265,8,5,8,,,
105266,8,5,5,,,
105267,24,16,24,,,
105268,24,24,24,,,
105269,30,30,30,,,
105270,24,24,24,,,
105272,27,27,27,,,
105273,19,10,2,,,
105274,27,27,27,,,
105275,16,16,16,,,
105276,31,24,24,,,
105280,16,16,16,,,
105294,25,16,30,,,
105296,2,10,22,,,
105318,2,2,2,,,
105335,3,10,10,,,
105349,19,24,24,,,
105362,2,2,2,,,
105369,24,24,24,,,
105380,24,16,16,,,
105398,16,16,16,,,
105406,8,8,8,,,
105420,31,24,30,,,
105427,28,20,9,,,
105436,24,24,24,,,
105440,16,16,16,,,
105443,30,30,30,,,
105449,30,30,30,,,
105482,4,4,4,,,
105502,24,24,24,,,
105506,13,24,24,,,
105547,30,30,30,,,
105554,24,24,24,,,
105555,36,36,36,,,
105556,16,24,30,,,
105557,16,16,16,,,
105558,16,16,16,,,
105560,34,34,34,,,
105561,24,36,4,,,
105563,24,24,10,,,
105564,30,30,30,,,
105565,28,8,27,,,
105566,16,16,16,,,
105567,28,28,28,,,
105568,30,30,30,,,
105569,16,16,16,,,
105570,16,16,16,,,
105571,4,4,4,,,
105572,24,24,24,,,
105573,27,16,27,,,
105574,4,4,4,,,
105575,23,4,31,,,
105576,24,30,30,,,
105577,34,26,26,,,
105578,4,5,8,,,
105579,28,28,28,,,
105581,4,4,4,,,
105582,4,4,4,,,
105583,16,16,16,,,
105584,26,26,26,,,
105586,24,16,16,,,
105588,24,10,10,,,
105589,6,16,16,,,
105590,16,24,16,,,
105591,8,28,28,,,
105592,16,16,16,,,
105593,3,5,4,,,
105594,30,30,10,,,
105595,2,10,10,,,
105596,28,28,27,,,
105597,30,30,30,,,
105598,27,5,27,,,
105599,34,20,39,,,
105600,16,16,16,,,
105601,16,16,16,,,
105602,6,26,36,,,
105603,4,4,8,,,
105604,37,30,2,,,
105605,30,30,30,,,
105607,16,24,16,,,
105608,30,30,30,,,
105609,10,30,30,,,
105610,24,24,24,,,
105611,30,30,30,,,
105612,6,16,27,,,
105613,30,30,30,,,
105614,28,28,28,,,
105615,30,30,30,,,
105616,37,34,34,,,
105617,24,24,24,,,
105618,9,34,9,,,
105619,28,24,24,,,
105620,16,16,16,,,
105621,24,24,16,,,
105622,24,16,16,,,
105624,30,30,30,,,
105625,8,28,28,,,
105626,28,28,28,,,
105627,27,19,19,,,
105628,6,24,24,,,
105629,24,24,10,,,
105630,8,8,8,,,
105631,34,34,34,,,
105632,16,16,16,,,
105633,24,36,36,,,
105634,24,16,16,,,
105635,30,30,30,,,
105636,28,28,28,,,
105637,16,16,16,,,
105638,24,24,24,,,
105639,35,5,8,,,
105640,24,24,5,,,
105641,16,16,16,,,
105642,37,5,37,,,
105643,24,30,30,,,
105644,24,16,16,,,
105645,30,30,30,,,
105646,24,24,10,,,
105647,33,2,2,,,
105648,24,16,16,,,
105649,5,5,5,,,
105650,16,16,16,,,
105651,10,10,27,,,
105652,27,16,16,,,
105653,30,30,30,,,
105654,4,4,4,,,
105655,8,4,4,,,
105656,27,16,16,,,
105657,34,34,5,,,
105658,30,30,30,,,
105659,30,30,30,,,
105660,3,24,24,,,
105661,16,16,16,,,
105662,31,30,31,,,
105663,16,16,16,,,
105664,24,24,24,,,
105665,24,24,24,,,
105666,1,30,30,,,
105667,24,24,24,,,
105668,4,4,4,,,
105669,24,24,24,,,
105670,33,24,10,,,
105671,34,24,24,,,
105672,30,24,30,,,
105673,24,24,24,,,
105674,38,38,38,,,
105675,36,10,24,,,
105676,7,19,27,,,
105677,30,30,30,,,
105678,24,16,24,,,
105679,16,16,16,,,
105680,28,28,28,,,
105681,30,30,30,,,
105682,36,19,19,,,
105683,16,16,16,,,
105684,34,24,26,,,
105685,22,37,22,,,
105686,16,16,16,,,
105687,16,16,24,,,
105688,13,16,24,,,
105689,31,30,30,,,
105690,24,5,10,,,
105691,25,16,24,,,
105692,24,24,28,,,
105693,8,28,28,,,
105694,16,16,16,,,
105695,24,24,24,,,
105696,16,16,16,,,
105697,24,10,10,,,
105698,27,16,16,,,
105699,24,24,24,,,
105700,16,16,16,,,
105701,23,23,5,,,
105702,30,30,16,,,
105703,24,24,10,,,
105704,16,16,16,,,
105705,24,10,24,,,
105706,16,16,16,,,
105707,22,10,2,,,
105709,11,24,28,,,
105710,16,16,16,,,
105711,4,36,4,,,
105712,16,16,16,,,
105713,4,16,30,,,
105714,24,24,10,,,
105715,10,36,36,,,
105716,16,16,16,,,
105717,16,16,16,,,
105718,6,16,27,,,
105719,24,16,16,,,
105720,4,16,4,,,
105721,9,34,34,,,
105722,16,16,24,,,
105723,23,23,4,,,
105724,4,36,19,,,
105725,24,24,24,,,
105726,16,16,16,,,
105727,16,16,16,,,
105728,33,10,10,,,
105729,2,10,10,,,
105730,16,16,16,,,
105731,16,16,16,,,
105732,36,36,36,,,
105733,2,2,2,,,
105734,30,30,30,,,
105735,30,30,30,,,
105736,24,30,30,,,
105737,30,16,30,,,
105738,25,16,16,,,
105739,10,30,30,,,
105740,16,16,16,,,
105741,28,28,28,,,
105742,13,24,24,,,
105743,28,28,28,,,
105744,26,26,26,,,
105745,4,26,26,,,
105746,22,2,2,,,
105747,11,5,19,,,
105748,6,30,10,,,
105749,24,24,24,,,
105750,16,16,16,,,
105751,8,5,8,,,
105752,4,24,24,,,
105753,4,4,4,,,
105754,31,24,24,,,
105755,25,16,16,,,
105756,22,2,22,,,
105757,23,30,30,,,
105758,29,16,16,,,
105759,13,34,34,,,
105760,8,8,8,,,
105761,16,16,16,,,
105762,24,24,16,,,
105763,24,24,24,,,
105764,10,8,19,,,
105765,31,30,30,,,
105766,4,4,16,,,
105767,24,16,16,,,
105768,34,28,28,,,
105769,27,16,16,,,
105770,34,16,34,,,
105771,24,24,16,,,
105772,16,16,16,,,
105773,24,24,24,,,
105774,10,24,24,,,
105775,30,30,30,,,
105776,27,24,27,,,
105777,28,28,28,,,
105778,5,34,5,,,
105779,27,24,27,,,
105780,16,16,24,,,
105781,16,16,16,,,
105782,27,27,27,,,
105783,16,16,16,,,
105784,26,30,30,,,
105785,24,24,5,,,
105786,24,24,24,,,
105787,22,24,24,,,
105788,3,10,10,,,
105789,30,30,30,,,
105790,16,16,16,,,
105791,4,16,16,,,
105792,28,28,28,,,
105793,5,5,5,,,
105794,22,36,10,,,
106300,16,16,16,,,
106318,26,10,26,,,
106439,22,2,2,,,
106452,24,16,16,,,
106466,17,16,16,,,
106493,16,16,16,,,
106495,24,24,10,,,
106504,34,24,24,,,
106508,10,30,30,,,
106509,8,8,8,,,
106512,28,28,28,,,
106514,16,16,16,,,
106515,27,28,8,,,
106516,30,30,30,,,
106518,24,24,10,,,
106519,16,16,16,,,
106520,16,16,16,,,
106521,19,19,26,,,
106522,24,24,24,,,
106523,24,24,24,,,
106524,2,2,2,,,
106526,4,8,4,,,
106527,24,24,10,,,
106529,16,16,16,,,
106530,9,28,9,,,
106531,3,26,26,,,
106532,10,24,10,,,
106533,4,24,10,,,
106534,8,5,8,,,
106535,8,5,8,,,
106536,28,8,8,,,
106537,5,26,8,,,
106538,16,16,16,,,
106539,30,30,30,,,
106540,30,16,16,,,
106541,24,24,24,,,
106542,10,31,31,,,
106543,4,28,28,,,
106544,30,30,30,,,
106545,24,5,5,,,
106546,28,28,28,,,
106547,24,24,16,,,
106549,24,24,10,,,
106551,16,24,24,,,
106552,16,16,16,,,
106553,16,16,16,,,
106554,34,34,20,,,
106555,28,28,28,,,
106556,16,16,16,,,
106557,13,19,10,,,
106558,30,30,30,,,
106559,28,16,16,,,
106561,30,30,30,,,
106562,27,16,27,,,
106563,16,16,16,,,
106564,30,30,30,,,
106565,13,24,24,,,
106566,24,24,24,,,
106568,4,23,4,,,
106569,16,16,16,,,
106570,16,16,16,,,
106571,19,36,36,,,
106572,16,16,16,,,
106573,28,8,8,,,
106574,28,28,28,,,
106576,10,10,5,,,
106577,16,16,16,,,
106578,30,30,30,,,
106579,16,16,16,,,
106580,34,34,9,,,
106581,16,16,16,,,
106582,24,16,30,,,
106583,23,23,31,,,
106584,16,16,16,,,
106585,34,24,24,,,
106586,19,5,27,,,
106587,16,16,16,,,
106588,24,16,16,,,
106589,30,30,10,,,
106590,30,30,30,,,
106591,5,5,5,,,
106592,24,10,10,,,
106593,16,16,16,,,
106594,36,36,36,,,
106595,16,16,16,,,
106596,16,16,16,,,
106597,16,16,16,,,
106598,24,24,24,,,
106599,16,16,16,,,
106600,24,24,24,,,
106601,2,2,4,,,
106602,24,34,24,,,
106603,24,30,30,,,
106604,34,34,34,,,
106605,8,8,8,,,
106606,24,24,24,,,
106607,24,10,10,,,
106608,8,4,4,,,
106609,24,24,24,,,
106610,24,16,16,,,
106611,16,30,16,,,
106612,16,16,16,,,
106613,13,24,24,,,
106614,13,24,24,,,
106615,16,16,16,,,
106616,24,24,24,,,
106617,30,30,30,,,
106618,16,16,16,,,
106619,31,30,30,,,
106620,24,24,24,,,
106621,38,16,37,,,
106622,24,24,24,,,
106623,24,16,24,,,
106624,28,28,28,,,
106625,6,26,30,,,
106626,30,30,30,,,
106627,24,24,24,,,
106628,16,16,16,,,
106629,16,16,16,,,
106631,27,16,16,,,
106634,16,16,16,,,
106648,24,5,5,,,
106649,5,4,4,,,
106650,16,16,16,,,
106654,24,16,16,,,
106674,30,30,30,,,
106679,16,16,16,,,
106707,24,36,36,,,
106724,16,24,24,,,
106726,31,24,30,,,
106735,8,5,5,,,
106768,16,16,16,,,
106778,24,24,24,,,
106780,26,26,26,,,
106785,16,16,16,,,
106800,24,24,24,,,
106831,9,34,34,,,
106834,2,2,2,,,
106836,24,24,10,,,
106840,26,16,16,,,
106844,16,16,16,,,
106849,24,24,24,,,
106853,30,30,30,,,
106867,39,33,28,,,
106869,30,30,30,,,
106872,30,30,30,,,
106888,16,30,16,,,
106900,10,30,30,,,
106906,16,16,16,,,
106908,30,30,30,,,
106913,10,10,10,,,
106917,30,30,30,,,
106922,28,28,28,,,
106923,30,30,30,,,
106924,22,2,2,,,
106925,30,30,30,,,
106926,30,30,30,,,
106927,36,36,9,,,
106928,24,16,16,,,
106929,27,24,27,,,
106930,4,19,8,,,
106931,9,9,9,,,
106932,16,16,16,,,
106933,30,30,30,,,
106934,16,16,16,,,
106935,4,4,4,,,
106936,24,16,16,,,
106937,31,38,31,,,
106938,3,16,16,,,
106939,6,16,16,,,
106940,30,30,30,,,
106941,28,28,28,,,
106942,4,4,8,,,
106945,31,26,26,,,
106946,23,10,10,,,
106947,39,36,36,,,
106948,16,16,16,,,
106949,8,8,8,,,
106950,23,23,23,,,
106951,16,16,16,,,
106952,24,24,24,,,
106953,16,16,16,,,
106954,16,16,16,,,
106955,30,30,30,,,
106956,16,16,16,,,
106957,24,24,16,,,
106958,16,30,30,,,
106959,16,30,16,,,
106962,22,30,30,,,
106963,16,16,16,,,
106964,39,34,20,,,
106965,24,24,10,,,
106966,24,24,10,,,
106967,4,36,4,,,
106968,24,16,24,,,
106969,30,30,30,,,
106970,28,28,28,,,
106971,4,24,26,,,
106972,8,28,28,,,
106974,16,16,16,,,
106975,30,30,30,,,
106976,10,10,10,,,
106977,16,16,16,,,
106978,4,28,28,,,
106979,24,24,24,,,
106980,30,30,30,,,
106981,27,16,16,,,
106982,16,24,24,,,
106983,16,16,16,,,
106984,30,30,30,,,
106985,24,16,16,,,
106986,3,10,10,,,
106987,16,16,16,,,
106988,30,30,30,,,
106989,3,4,4,,,
106990,16,16,16,,,
106991,16,30,30,,,
106992,16,30,30,,,
106993,30,30,30,,,
106994,16,16,16,,,
106995,10,24,24,,,
106996,11,26,36,,,
106997,16,16,16,,,
106998,16,16,16,,,
106999,10,24,24,,,
107000,24,24,24,,,
107001,16,16,16,,,
107003,24,16,16,,,
107004,24,16,16,,,
107005,8,8,8,,,
107006,16,16,16,,,
107007,24,16,16,,,
107008,28,28,28,,,
107009,28,28,28,,,
107010,16,16,27,,,
107011,16,16,16,,,
107012,27,27,2,,,
107013,16,16,16,,,
107014,24,10,10,,,
107015,10,10,10,,,
107016,16,16,16,,,
107017,16,16,16,,,
107018,24,24,24,,,
107019,10,10,10,,,
107020,28,28,28,,,
107021,3,26,30,,,
107022,24,24,24,,,
107023,24,24,24,,,
107024,16,24,4,,,
107025,24,24,24,,,
107026,16,16,24,,,
107027,30,30,30,,,
107028,20,2,34,,,
107029,5,16,16,,,
107030,24,24,24,,,
107031,24,24,24,,,
107032,24,24,24,,,
107033,30,30,30,,,
107035,34,34,34,,,
107036,24,24,24,,,
107037,4,16,4,,,
107038,3,4,5,,,
107039,23,23,23,,,
107040,26,30,26,,,
107041,24,24,24,,,
107042,16,24,24,,,
107043,25,16,16,,,
107044,16,16,16,,,
107045,16,16,16,,,
107046,18,24,28,,,
107047,24,24,5,,,
107048,30,30,30,,,
107049,30,30,30,,,
107050,10,30,30,,,
107051,24,24,24,,,
107052,16,16,16,,,
107053,30,30,30,,,
107054,24,30,30,,,
107055,5,5,5,,,
107056,16,16,16,,,
107057,24,16,16,,,
107058,30,30,30,,,
107059,16,16,16,,,
107060,30,30,30,,,
107061,16,16,16,,,
107062,26,30,30,,,
107063,24,24,4,,,
107064,24,24,34,,,
107065,37,5,5,,,
107066,16,16,16,,,
107067,24,24,24,,,
107068,36,36,36,,,
107069,27,16,16,,,
107070,16,16,16,,,
107071,15,5,5,,,
107072,16,16,16,,,
107073,16,16,16,,,
107074,16,16,16,,,
107075,13,16,16,,,
107076,16,16,16,,,
107077,24,24,24,,,
107078,23,23,23,,,
107079,16,16,16,,,
107080,25,16,30,,,
107081,30,30,30,,,
107082,24,24,16,,,
107083,30,30,30,,,
107084,20,20,20,,,
107085,24,24,24,,,
107086,26,10,26,,,
107087,24,24,24,,,
107088,23,30,22,,,
107089,27,16,27,,,
107090,26,24,10,,,
107091,8,16,24,,,
107092,24,24,24,,,
107093,16,16,16,,,
107094,16,16,16,,,
107095,24,24,24,,,
107096,23,23,4,,,
107097,0,24,24,,,
107098,24,24,24,,,
107099,28,5,5,,,
107100,39,9,9,,,
107101,34,34,34,,,
107102,4,4,4,,,
107103,8,28,28,,,
107104,8,8,8,,,
107105,24,24,24,,,
107106,3,26,26,,,
107107,16,16,16,,,
107108,24,24,24,,,
107109,4,24,4,,,
107110,24,30,30,,,
107111,4,4,4,,,
107112,27,27,27,,,
107113,7,24,24,,,
107114,16,16,16,,,
107115,10,16,16,,,
107116,4,4,4,,,
107117,16,16,16,,,
107118,24,16,16,,,
107119,10,34,20,,,
107120,31,24,24,,,
107121,16,16,16,,,
107122,5,5,10,,,
107123,24,24,24,,,
107124,27,27,27,,,
107125,24,24,24,,,
107126,26,27,5,,,
107127,27,27,27,,,
107128,24,24,24,,,
107129,28,4,4,,,
107130,16,16,16,,,
107131,16,16,16,,,
107132,34,34,34,,,
107133,34,34,34,,,
107134,24,24,10,,,
107135,34,24,24,,,
107136,16,24,24,,,
107137,16,24,16,,,
107138,27,27,27,,,
107139,22,23,30,,,
107140,24,24,24,,,
107141,24,16,16,,,
107142,24,24,24,,,
107143,8,8,8,,,
107144,34,34,34,,,
107145,16,16,16,,,
107146,24,30,24,,,
107147,36,36,36,,,
107148,4,4,4,,,
107149,30,30,30,,,
107150,6,30,10,,,
107151,16,16,16,,,
107152,28,28,28,,,
107153,9,36,2,,,
107154,16,16,16,,,
107155,23,23,23,,,
107507,5,16,16,,,
107633,4,16,16,,,
107716,24,24,24,,,
107724,24,24,24,,,
107731,8,16,8,,,
107766,34,19,8,,,
107797,2,2,10,,,
107813,13,24,24,,,
107851,28,28,28,,,
107852,34,20,34,,,
107853,24,5,5,,,
107855,16,16,16,,,
107856,28,8,8,,,
107857,27,16,27,,,
107858,24,24,24,,,
107859,16,16,16,,,
107860,25,16,16,,,
107861,16,16,16,,,
107862,22,5,34,,,
107863,16,16,16,,,
107864,2,10,10,,,
107865,31,38,38,,,
107866,16,16,16,,,
107867,16,16,16,,,
107868,34,5,34,,,
107869,19,24,27,,,
107870,9,2,34,,,
107871,8,4,4,,,
107873,24,24,24,,,
107874,29,5,5,,,
107875,16,16,16,,,
107876,24,16,16,,,
107877,24,30,10,,,
107878,28,36,36,,,
107879,26,26,3,,,
107880,28,28,28,,,
107881,29,23,5,,,
107882,24,24,24,,,
107883,16,16,16,,,
107884,16,16,16,,,
107885,16,16,16,,,
107886,16,16,16,,,
107888,22,24,24,,,
107889,28,28,28,,,
107890,31,30,30,,,
107891,8,8,8,,,
107892,34,24,24,,,
107893,24,16,16,,,
107894,16,16,16,,,
107895,16,16,16,,,
107896,20,16,20,,,
107897,3,23,19,,,
107898,16,16,16,,,
107899,10,27,27,,,
107900,37,10,34,,,
107901,13,16,24,,,
107902,16,16,16,,,
107903,34,34,34,,,
107904,16,16,16,,,
107905,16,16,16,,,
107906,9,34,9,,,
107907,16,16,16,,,
107908,13,26,13,,,
107909,24,36,36,,,
107910,16,16,16,,,
107911,24,24,16,,,
107912,30,30,30,,,
107913,16,16,30,,,
107914,24,24,16,,,
107915,16,16,16,,,
107916,16,16,16,,,
107917,16,16,16,,,
107918,16,16,16,,,
107919,28,28,28,,,
107920,30,30,30,,,
107921,3,26,3,,,
107922,24,24,24,,,
107923,4,16,16,,,
107924,39,20,20,,,
107925,36,36,36,,,
107926,16,16,16,,,
107927,24,16,16,,,
107928,16,16,16,,,
107929,5,16,16,,,
107930,32,23,5,,,
107931,14,20,20,,,
107932,16,16,16,,,
107933,16,16,16,,,
107934,36,10,36,,,
107936,24,24,24,,,
107937,38,24,30,,,
107938,4,4,4,,,
107939,24,10,24,,,
107940,24,24,24,,,
107941,16,16,16,,,
107942,24,24,24,,,
107943,16,16,16,,,
107944,24,24,24,,,
107945,16,16,16,,,
107946,2,2,10,,,
107947,34,34,34,,,
107948,16,16,16,,,
107949,16,16,16,,,
107950,5,5,5,,,
107951,23,24,16,,,
107952,24,24,24,,,
107953,24,24,24,,,
107954,28,28,28,,,
107955,24,24,24,,,
107956,30,30,30,,,
107957,24,24,24,,,
107958,24,24,24,,,
107959,38,37,4,,,
107960,24,24,16,,,
107961,30,30,30,,,
107962,30,30,30,,,
107963,24,16,16,,,
107964,30,30,30,,,
107985,24,28,24,,,
107998,28,28,28,,,
108000,30,30,30,,,
108006,16,16,16,,,
108030,16,16,16,,,
108045,16,16,16,,,
108049,24,24,24,,,
108059,16,16,16,,,
108060,30,30,30,,,
108067,30,30,30,,,
108075,16,16,16,,,
108079,30,30,30,,,
108086,24,24,4,,,
108105,16,16,16,,,
108129,24,16,24,,,
108140,24,24,24,,,
108144,24,24,24,,,
108159,26,26,26,,,
108172,24,10,24,,,
108187,24,16,16,,,
108203,16,16,16,,,
108227,24,24,24,,,
108228,16,16,16,,,
108229,16,16,16,,,
108230,24,24,16,,,
108231,16,16,16,,,
108232,24,24,24,,,
108233,16,16,16,,,
108234,24,16,24,,,
108235,30,30,30,,,
108237,34,34,34,,,
108238,38,38,38,,,
108239,27,16,27,,,
108241,8,28,8,,,
108242,24,24,24,,,
108243,34,34,34,,,
108244,16,16,16,,,
108245,24,24,24,,,
108246,30,30,30,,,
108247,28,28,28,,,
108249,30,30,30,,,
108250,2,33,2,,,
108251,2,2,22,,,
108252,16,16,16,,,
108253,24,16,16,,,
108254,27,16,16,,,
108256,4,4,4,,,
108257,30,30,30,,,
108258,27,27,27,,,
108259,16,16,16,,,
108260,16,16,16,,,
108261,16,16,16,,,
108262,27,16,27,,,
108263,8,8,8,,,
108264,16,16,16,,,
108265,13,34,10,,,
108266,6,16,27,,,
108267,16,16,16,,,
108268,16,16,16,,,
108269,30,30,30,,,
108270,34,34,34,,,
108271,4,4,4,,,
108272,16,16,16,,,
108273,16,16,16,,,
108274,24,30,24,,,
108275,26,26,26,,,
108276,16,16,16,,,
108277,8,5,8,,,
108278,27,24,27,,,
108279,30,30,30,,,
108280,3,3,6,,,
108281,4,4,16,,,
108282,24,30,30,,,
108283,34,34,34,,,
108284,30,30,31,,,
108285,28,34,24,,,
108286,30,30,30,,,
108287,24,16,16,,,
108288,2,2,2,,,
108289,30,30,30,,,
108290,6,23,6,,,
108291,4,16,30,,,
108292,30,30,30,,,
108293,24,24,10,,,
108294,28,28,28,,,
108295,30,30,30,,,
108296,16,16,16,,,
108297,23,23,23,,,
108298,30,26,30,,,
108299,30,30,30,,,
108300,30,30,30,,,
108301,24,34,24,,,
108303,24,24,24,,,
108304,16,16,24,,,
108305,28,28,28,,,
108306,9,28,28,,,
108307,24,24,24,,,
108308,24,24,24,,,
108309,24,16,16,,,
108310,24,24,24,,,
108311,38,38,38,,,
108312,30,30,30,,,
108313,31,24,26,,,
108315,10,10,10,,,
108316,30,24,30,,,
108317,30,30,30,,,
108318,30,30,30,,,
108319,13,24,24,,,
108320,16,16,16,,,
108321,24,10,10,,,
108322,24,24,24,,,
108323,18,16,16,,,
108324,24,24,24,,,
108325,26,26,26,,,
108326,24,24,24,,,
108327,24,24,24,,,
108328,26,26,26,,,
108329,30,30,30,,,
108330,16,16,16,,,
108331,30,30,30,,,
108332,30,16,16,,,
108333,24,24,24,,,
108334,34,34,34,,,
108335,30,30,30,,,
108336,16,30,16,,,
108337,31,30,30,,,
108338,24,16,16,,,
108339,30,24,16,,,
108340,30,30,30,,,
108341,30,30,30,,,
108342,4,16,16,,,
108343,24,24,24,,,
108344,28,36,28,,,
108345,16,16,16,,,
108346,30,30,30,,,
108347,30,16,24,,,
108348,8,8,8,,,
108349,16,16,16,,,
108350,24,16,27,,,
108351,30,30,30,,,
108352,17,16,24,,,
108353,4,5,5,,,
108354,6,16,16,,,
108355,10,24,10,,,
108356,34,34,34,,,
108357,28,28,28,,,
108358,25,30,30,,,
108359,24,24,24,,,
108360,30,30,30,,,
108361,30,30,30,,,
108362,24,24,24,,,
108363,39,26,26,,,
108364,8,4,4,,,
108365,24,24,26,,,
108366,5,36,10,,,
108367,16,16,16,,,
108368,16,16,16,,,
108369,16,16,16,,,
108370,16,16,16,,,
108371,13,24,24,,,
108372,27,16,16,,,
108373,1,8,5,,,
108374,24,24,24,,,
108375,23,10,10,,,
108376,24,24,24,,,
108377,16,16,16,,,
108378,30,30,30,,,
108379,16,16,16,,,
108380,34,34,34,,,
108381,13,16,24,,,
108382,16,16,16,,,
108383,30,30,30,,,
108384,16,16,16,,,
108385,16,16,16,,,
108386,30,30,30,,,
108387,16,16,16,,,
108388,24,24,24,,,
108389,34,34,34,,,
108390,16,16,16,,,
108391,8,8,8,,,
108392,2,2,2,,,
108393,14,30,30,,,
108394,13,24,24,,,
108395,16,16,16,,,
108396,16,16,16,,,
108397,23,30,30,,,
108398,23,26,31,,,
108399,30,30,30,,,
108400,5,8,5,,,
108401,16,16,16,,,
108402,28,28,28,,,
108403,24,24,24,,,
108404,10,10,10,,,
108405,16,16,16,,,
108406,16,16,16,,,
108407,24,16,16,,,
108409,24,24,24,,,
108410,16,24,16,,,
108411,4,4,4,,,
108412,28,28,28,,,
108413,17,16,16,,,
108414,37,10,37,,,
108415,8,28,28,,,
108416,16,16,16,,,
108417,8,8,8,,,
108418,7,23,23,,,
108419,24,16,16,,,
108420,16,16,16,,,
108421,5,24,24,,,
108422,4,23,23,,,
108423,16,16,30,,,
108424,2,2,2,,,
108425,8,28,28,,,
108426,23,38,23,,,
108427,24,24,24,,,
108428,16,16,16,,,
108429,29,5,5,,,
108430,26,24,26,,,
108431,22,2,2,,,
108432,2,9,2,,,
108433,28,28,28,,,
108434,24,24,24,,,
108435,30,30,30,,,
108436,4,26,26,,,
108437,16,16,16,,,
108438,24,24,24,,,
108439,24,24,24,,,
108440,28,24,24,,,
108441,16,16,16,,,
108442,24,16,24,,,
108443,24,24,10,,,
108444,10,24,24,,,
108445,16,16,16,,,
108446,24,24,24,,,
108447,5,5,5,,,
108448,5,5,5,,,
108450,27,24,27,,,
108451,14,2,2,,,
108452,2,24,24,,,
108453,10,10,10,,,
108454,36,36,36,,,
108455,4,4,4,,,
108456,34,36,28,,,
108457,30,30,30,,,
108458,5,24,5,,,
108459,24,16,16,,,
108460,4,4,37,,,
108461,24,24,24,,,
108462,16,24,24,,,
108463,34,34,34,,,
108464,5,24,24,,,
108465,30,30,30,,,
108466,3,10,10,,,
108467,24,24,24,,,
108468,34,34,34,,,
108469,8,5,5,,,
108470,31,30,31,,,
108471,24,16,16,,,
108472,30,24,24,,,
108473,27,16,16,,,
108474,27,16,27,,,
108475,16,16,16,,,
108476,24,24,24,,,
108477,16,16,16,,,
108769,16,16,16,,,
108783,24,24,24,,,
108946,16,16,16,,,
108950,3,26,26,,,
108964,36,19,36,,,
109010,7,27,5,,,
109019,13,34,34,,,
109052,16,16,16,,,
109062,28,28,28,,,
109099,26,34,26,,,
109101,38,38,38,,,
109110,16,16,16,,,
109111,26,26,26,,,
109114,24,10,10,,,
109127,13,24,24,,,
109128,38,38,38,,,
109141,34,34,34,,,
109146,27,16,27,,,
109148,6,28,8,,,
109151,16,16,16,,,
109152,34,34,34,,,
109153,28,28,28,,,
109154,5,24,5,,,
109155,16,16,16,,,
109156,5,5,5,,,
109157,28,28,28,,,
109158,24,16,16,,,
109159,4,4,4,,,
109160,16,16,16,,,
109161,27,24,10,,,
109162,34,34,34,,,
109163,24,24,24,,,
109164,24,4,4,,,
109165,24,24,24,,,
109166,28,8,8,,,
109167,28,28,28,,,
109168,8,28,8,,,
109169,16,30,16,,,
109171,16,16,16,,,
109172,16,16,16,,,
109174,24,24,24,,,
109175,37,37,4,,,
109176,8,5,5,,,
109177,16,16,16,,,
109178,24,24,24,,,
109179,30,30,30,,,
109180,31,24,24,,,
109182,3,26,4,,,
109185,24,24,24,,,
109186,30,30,30,,,
109187,30,30,30,,,
109188,31,30,30,,,
109189,24,10,10,,,
109190,37,26,36,,,
109191,28,28,28,,,
109192,28,28,28,,,
109193,19,19,19,,,
109194,24,24,24,,,
109195,20,19,16,,,
109196,24,24,10,,,
109197,30,30,30,,,
109198,16,16,16,,,
109199,5,24,24,,,
109200,4,28,28,,,
109201,24,16,16,,,
109202,24,16,16,,,
109203,16,16,16,,,
109204,27,16,27,,,
109205,26,26,26,,,
109206,39,34,34,,,
109207,30,30,30,,,
109208,36,8,8,,,
109209,30,30,30,,,
109210,16,16,16,,,
109211,24,24,24,,,
109212,16,16,16,,,
109213,24,24,24,,,
109214,5,4,4,,,
109215,24,16,16,,,
109216,16,16,16,,,
109217,16,16,16,,,
109218,24,24,24,,,
109219,26,24,26,,,
109220,3,26,3,,,
109221,24,16,16,,,
109222,19,10,27,,,
109223,20,27,27,,,
109224,3,10,10,,,
109225,39,34,39,,,
109226,26,24,24,,,
109227,24,24,24,,,
109228,24,24,24,,,
109229,5,5,5,,,
109230,16,16,16,,,
109231,30,30,30,,,
109232,24,16,16,,,
109233,16,16,16,,,
109234,4,2,2,,,
109235,34,24,10,,,
109236,8,4,4,,,
109237,16,16,16,,,
109238,24,24,24,,,
109239,39,20,20,,,
109240,8,8,8,,,
109241,29,5,5,,,
109242,30,30,30,,,
109243,24,16,16,,,
109244,4,4,4,,,
109245,16,16,16,,,
109246,16,16,16,,,
109247,36,36,36,,,
109248,24,16,24,,,
109249,10,10,10,,,
109251,31,24,16,,,
109252,27,27,27,,,
109253,24,10,10,,,
109254,4,4,4,,,
109255,34,34,34,,,
109256,8,5,8,,,
109257,24,24,24,,,
109258,27,16,16,,,
109259,16,16,10,,,
109260,16,16,16,,,
109261,24,24,24,,,
109262,24,24,10,,,
109263,24,16,5,,,
109264,30,30,30,,,
109265,30,30,30,,,
109266,3,24,24,,,
109267,24,24,24,,,
109275,16,16,16,,,
109294,10,30,30,,,
109298,24,24,24,,,
109307,18,24,24,,,
109321,6,24,10,,,
109324,16,16,16,,,
109330,16,16,16,,,
109333,24,24,10,,,
109337,8,28,28,,,
109341,30,30,30,,,
109342,31,30,30,,,
109351,28,28,28,,,
109353,4,4,4,,,
109372,30,30,31,,,
109400,24,24,24,,,
109413,4,4,4,,,
109426,24,3,31,,,
109434,16,16,16,,,
109441,16,16,16,,,
109469,8,8,8,,,
109470,23,23,23,,,
109486,6,10,10,,,
109488,16,16,16,,,
109516,34,34,34,,,
109521,16,31,16,,,
109541,16,16,16,,,
109542,26,19,24,,,
109543,31,30,30,,,
109544,23,23,23,,,
109545,34,10,10,,,
109546,33,2,2,,,
109547,4,4,4,,,
109548,30,30,30,,,
109549,24,16,24,,,
109550,16,16,16,,,
109551,30,16,25,,,
109552,4,24,24,,,
109553,13,24,26,,,
109554,24,2,10,,,
109556,16,16,16,,,
109557,9,9,9,,,
109558,24,10,10,,,
109559,4,4,4,,,
109560,4,24,4,,,
109561,8,28,8,,,
109565,10,30,10,,,
109566,34,34,34,,,
109567,27,24,27,,,
109568,24,24,24,,,
109570,16,16,16,,,
109571,5,5,5,,,
109572,26,34,20,,,
109574,30,30,30,,,
109575,27,16,27,,,
109576,24,24,24,,,
109577,8,28,34,,,
109578,16,16,24,,,
109579,16,16,16,,,
109580,30,30,30,,,
109581,28,28,28,,,
109582,5,5,5,,,
109583,24,24,24,,,
109585,16,16,16,,,
109586,16,16,16,,,
109587,30,30,30,,,
109588,24,16,16,,,
109589,24,24,24,,,
109590,20,20,20,,,
109591,30,30,30,,,
109592,30,16,16,,,
109593,20,34,34,,,
109594,4,4,8,,,
109595,34,34,34,,,
109596,30,30,30,,,
109597,30,30,30,,,
109598,8,5,5,,,
109599,30,30,30,,,
109600,30,30,30,,,
109601,30,30,30,,,
109602,37,37,37,,,
109603,30,30,16,,,
109604,30,30,30,,,
109605,36,36,36,,,
109606,16,16,16,,,
109607,27,10,10,,,
109608,24,24,26,,,
109609,37,2,4,,,
109610,30,30,30,,,
109611,31,24,24,,,
109612,34,34,34,,,
109613,31,30,30,,,
109614,28,28,28,,,
109615,16,16,16,,,
109616,19,19,19,,,
109617,24,16,16,,,
109618,27,16,27,,,
109619,30,30,30,,,
109620,16,16,16,,,
109621,30,30,30,,,
109622,8,16,24,,,
109623,16,16,16,,,
109624,24,24,24,,,
109625,23,38,23,,,
109626,24,16,24,,,
109627,28,28,28,,,
109628,4,4,4,,,
109629,24,24,24,,,
109630,13,16,16,,,
109631,26,19,19,,,
109632,24,24,24,,,
109633,16,16,16,,,
109634,4,16,4,,,
109635,24,24,10,,,
109636,24,19,19,,,
109637,16,16,16,,,
109638,24,24,24,,,
109639,16,16,16,,,
109640,24,24,10,,,
109641,24,24,24,,,
109642,28,28,28,,,
109643,5,5,4,,,
109644,8,5,19,,,
109645,16,16,16,,,
109646,37,37,5,,,
109647,27,27,19,,,
109648,30,24,30,,,
109649,3,10,10,,,
109650,25,16,16,,,
109651,24,24,24,,,
109652,21,24,24,,,
109653,16,16,16,,,
109654,30,30,30,,,
109655,9,28,9,,,
109656,16,16,16,,,
109657,24,24,24,,,
109658,24,24,24,,,
109659,24,30,24,,,
109660,28,28,28,,,
109661,34,34,34,,,
109662,16,16,16,,,
109663,24,30,30,,,
109664,30,30,30,,,
109665,36,10,36,,,
109666,24,16,24,,,
109667,24,16,16,,,
109668,24,28,28,,,
109669,34,34,34,,,
109670,24,24,24,,,
109671,8,8,4,,,
109672,4,16,24,,,
109673,26,24,31,,,
109674,27,24,10,,,
109675,16,16,16,,,
109676,30,30,30,,,
109677,24,24,24,,,
109678,24,30,30,,,
109679,30,30,30,,,
109680,24,30,30,,,
109681,2,34,34,,,
109682,16,16,16,,,
109683,16,16,16,,,
109684,24,5,5,,,
109685,16,16,16,,,
109686,30,30,30,,,
109687,16,16,16,,,
109688,24,24,24,,,
109689,6,30,30,,,
109690,7,19,19,,,
109691,24,24,24,,,
109692,36,10,10,,,
109693,3,5,5,,,
109694,24,16,16,,,
109695,16,16,16,,,
109696,16,16,16,,,
109697,23,30,30,,,
109698,24,24,24,,,
109699,8,5,8,,,
109700,10,10,10,,,
109701,34,34,34,,,
109702,24,24,24,,,
109703,30,30,30,,,
109704,30,30,30,,,
109705,23,4,4,,,
109706,28,36,28,,,
109707,28,28,28,,,
109708,4,4,4,,,
109709,28,28,28,,,
109710,3,38,3,,,
109711,16,16,16,,,
109712,27,24,24,,,
109713,24,24,24,,,
109714,16,24,24,,,
109715,8,4,8,,,
109716,24,24,24,,,
109717,25,16,16,,,
109718,16,16,16,,,
109719,30,30,30,,,
109720,28,24,24,,,
109721,24,24,10,,,
109722,24,16,16,,,
109723,24,16,16,,,
109724,30,26,26,,,
109725,26,26,26,,,
109726,5,28,28,,,
109727,16,16,16,,,
109728,24,24,24,,,
109729,24,10,24,,,
109730,26,30,31,,,
109731,6,10,10,,,
109732,28,28,28,,,
109733,5,28,28,,,
109734,30,30,30,,,
109735,34,36,36,,,
109736,4,5,4,,,
109737,8,5,8,,,
109738,4,4,4,,,
109739,7,24,27,,,
109740,34,34,34,,,
109741,4,16,16,,,
109742,4,4,4,,,
109743,36,36,36,,,
109744,25,28,28,,,
109745,10,16,16,,,
109746,24,24,24,,,
109747,24,24,24,,,
109748,24,24,24,,,
109749,10,30,10,,,
109750,24,30,30,,,
109751,24,24,24,,,
109752,2,2,2,,,
109753,34,34,34,,,
109754,16,16,16,,,
109755,4,26,4,,,
109756,24,24,24,,,
109757,33,2,2,,,
109758,27,27,27,,,
109759,27,24,24,,,
109760,24,24,10,,,
109761,28,28,28,,,
109762,24,24,24,,,
109763,37,37,37,,,
109764,16,16,16,,,
109765,24,24,24,,,
109766,8,28,28,,,
109767,20,34,34,,,
109768,34,34,34,,,
109769,16,16,16,,,
109770,16,16,16,,,
109771,16,16,16,,,
109772,34,34,5,,,
109773,34,34,10,,,
109774,13,34,24,,,
109775,16,16,16,,,
109776,30,30,30,,,
109777,16,16,16,,,
109778,30,30,30,,,
109779,24,24,10,,,
109780,4,24,26,,,
109781,23,4,23,,,
109782,8,5,5,,,
109783,16,24,24,,,
109784,13,24,24,,,
109785,24,24,24,,,
109786,16,16,16,,,
109787,16,16,16,,,
109788,16,16,16,,,
109789,16,16,16,,,
109790,30,30,30,,,
109791,16,16,16,,,
109792,16,16,16,,,
109793,7,24,24,,,
109794,16,16,16,,,
109795,16,24,26,,,
109796,24,24,16,,,
110110,16,16,16,,,
110311,24,24,24,,,
110401,10,10,10,,,
110408,13,24,24,,,
110442,13,28,19,,,
110475,16,16,16,,,
110492,16,16,16,,,
110493,28,26,26,,,
110494,16,16,16,,,
110495,24,24,24,,,
110496,16,16,16,,,
110497,8,8,8,,,
110498,24,24,24,,,
110499,24,16,16,,,
110500,30,30,30,,,
110501,28,28,28,,,
110502,8,5,5,,,
110503,16,24,24,,,
110504,16,16,16,,,
110505,27,24,27,,,
110506,24,24,24,,,
110507,24,24,24,,,
110508,16,16,16,,,
110509,39,28,28,,,
110511,28,28,28,,,
110512,24,24,24,,,
110513,27,27,27,,,
110514,16,16,16,,,
110515,5,5,8,,,
110516,27,24,27,,,
110517,8,16,24,,,
110518,13,16,16,,,
110519,3,10,24,,,
110520,24,24,24,,,
110521,24,24,34,,,
110522,24,24,24,,,
110523,30,30,30,,,
110524,24,24,24,,,
110525,31,37,37,,,
110526,25,16,24,,,
110527,24,16,16,,,
110528,30,30,30,,,
110529,28,28,28,,,
110530,19,19,27,,,
110531,4,24,4,,,
110532,24,24,24,,,
110533,16,16,16,,,
110534,31,30,30,,,
110535,16,16,16,,,
110536,16,16,16,,,
110537,24,24,24,,,
110538,31,26,31,,,
110539,24,24,10,,,
110540,16,24,16,,,
110541,27,27,27,,,
110542,24,24,24,,,
110543,6,16,16,,,
110544,16,16,16,,,
110545,16,16,16,,,
110546,16,16,16,,,
110547,16,16,16,,,
110548,24,24,24,,,
110549,16,16,16,,,
110550,13,24,10,,,
110551,4,4,4,,,
110552,26,34,34,,,
110553,39,9,39,,,
110554,24,10,10,,,
110555,16,16,16,,,
110556,24,24,24,,,
110557,34,9,9,,,
110559,16,16,16,,,
110560,23,10,23,,,
110561,27,16,16,,,
110562,37,24,10,,,
110563,8,8,8,,,
110564,28,28,28,,,
110565,27,27,27,,,
110566,30,26,30,,,
110567,16,16,16,,,
110568,4,23,4,,,
110569,16,16,16,,,
110570,24,24,24,,,
110571,13,24,10,,,
110572,30,30,30,,,
110573,28,28,28,,,
110574,8,8,8,,,
110575,24,16,16,,,
110576,31,24,31,,,
110577,11,5,36,,,
110578,16,16,16,,,
110579,16,16,16,,,
110580,16,16,16,,,
110581,16,16,16,,,
110582,24,24,10,,,
110583,26,26,26,,,
110584,15,5,5,,,
110585,16,16,16,,,
110586,10,24,24,,,
110587,24,16,16,,,
110588,19,19,19,,,
110589,26,30,26,,,
110590,17,20,20,,,
110591,16,16,16,,,
110592,24,16,24,,,
110593,24,24,10,,,
110594,31,24,24,,,
110595,24,16,16,,,
110596,24,24,24,,,
110597,36,36,36,,,
110598,30,30,30,,,
110599,30,30,30,,,
110600,24,16,16,,,
110601,10,16,24,,,
110602,31,30,30,,,
110605,4,5,8,,,
110606,8,8,8,,,
110627,10,26,26,,,
110640,25,16,16,,,
110649,16,16,16,,,
110657,16,16,16,,,
110678,4,8,8,,,
110683,31,30,31,,,
110713,16,16,16,,,
110716,4,4,4,,,
110768,16,16,16,,,
110772,30,30,30,,,
110782,30,30,30,,,
110785,24,30,4,,,
110791,16,16,16,,,
110820,36,36,36,,,
110833,30,30,30,,,
110840,10,10,10,,,
110851,2,2,2,,,
110852,19,19,19,,,
110860,34,34,34,,,
110867,16,16,16,,,
110869,13,24,10,,,
110877,24,24,24,,,
110879,11,27,19,,,
110881,24,24,16,,,
110888,27,16,16,,,
110893,10,24,10,,,
110913,10,30,30,,,
110914,10,30,30,,,
110915,28,5,5,,,
110916,39,34,34,,,
110917,24,16,16,,,
110918,4,4,4,,,
110919,34,34,34,,,
110922,10,36,36,,,
110923,37,10,10,,,
110924,16,16,16,,,
110925,16,16,16,,,
110926,24,24,37,,,
110927,34,28,28,,,
110928,34,34,34,,,
110929,3,23,10,,,
110930,24,24,24,,,
110933,23,30,30,,,
110935,16,16,16,,,
110936,28,28,28,,,
110937,16,16,16,,,
110938,34,34,34,,,
110941,16,16,16,,,
110942,3,26,26,,,
110943,16,16,16,,,
110944,24,24,24,,,
110945,16,16,16,,,
110946,27,27,27,,,
110947,24,26,4,,,
110948,16,24,24,,,
110949,26,26,26,,,
110950,16,16,16,,,
110951,24,30,30,,,
110952,24,16,16,,,
110953,16,16,16,,,
110954,16,16,16,,,
110955,24,16,24,,,
110956,16,16,16,,,
110957,10,10,10,,,
110958,16,16,16,,,
110959,4,26,31,,,
110960,23,30,30,,,
110961,30,30,30,,,
110962,8,26,8,,,
110963,5,28,28,,,
110964,27,27,27,,,
110965,31,24,24,,,
110966,36,36,36,,,
110967,24,16,16,,,
110968,30,30,30,,,
110969,30,30,30,,,
110970,24,24,24,,,
110971,13,16,16,,,
110972,5,38,8,,,
110973,34,9,9,,,
110974,34,36,36,,,
110975,24,10,36,,,
110976,30,30,30,,,
110977,27,24,27,,,
110978,24,24,5,,,
110979,16,16,24,,,
110980,26,26,30,,,
110981,30,30,30,,,
110982,24,24,24,,,
110983,24,16,16,,,
110984,16,16,16,,,
110985,16,16,16,,,
110986,16,16,16,,,
110987,16,16,16,,,
110988,8,8,8,,,
110989,24,16,16,,,
110990,30,30,30,,,
110991,24,24,16,,,
110992,24,16,16,,,
110993,4,26,4,,,
110994,24,24,24,,,
110995,24,16,24,,,
110996,30,30,30,,,
110997,16,16,16,,,
110998,24,24,16,,,
110999,2,2,2,,,
111000,30,24,30,,,
111001,26,26,26,,,
111002,24,24,24,,,
111003,34,28,24,,,
111004,8,34,34,,,
111005,16,16,16,,,
111006,22,2,2,,,
111007,24,24,10,,,
111008,24,24,24,,,
111009,31,26,37,,,
111010,24,24,24,,,
111011,25,16,25,,,
111012,26,26,26,,,
111013,24,16,16,,,
111014,28,28,28,,,
111015,24,24,24,,,
111016,24,24,24,,,
111017,24,24,24,,,
111018,24,24,4,,,
111019,30,30,30,,,
111020,24,16,16,,,
111021,6,30,30,,,
111022,24,16,16,,,
111023,27,27,27,,,
111024,31,24,24,,,
111025,24,3,6,,,
111026,24,24,24,,,
111027,30,30,30,,,
111028,28,28,28,,,
111029,27,16,27,,,
111030,30,30,30,,,
111031,24,24,24,,,
111032,24,24,24,,,
111033,30,30,30,,,
111034,30,30,30,,,
111035,23,30,30,,,
111036,24,24,16,,,
111037,30,30,30,,,
111038,28,28,28,,,
111039,16,16,16,,,
111040,34,34,34,,,
111041,2,37,37,,,
111042,24,5,8,,,
111043,26,26,30,,,
111044,24,24,4,,,
111045,20,20,20,,,
111046,24,16,16,,,
111047,24,24,24,,,
111048,8,5,28,,,
111049,24,16,16,,,
111050,28,8,28,,,
111051,30,30,30,,,
111052,16,16,16,,,
111053,24,16,24,,,
111054,16,16,16,,,
111055,30,30,30,,,
111056,24,16,16,,,
111057,5,4,8,,,
111058,16,16,16,,,
111059,23,23,4,,,
111060,18,16,16,,,
111061,30,30,30,,,
111062,16,16,16,,,
111063,3,26,26,,,
111064,16,16,16,,,
111066,30,30,30,,,
111067,24,16,16,,,
111068,37,34,34,,,
111069,37,23,23,,,
111070,4,26,4,,,
111071,26,16,26,,,
111072,16,16,16,,,
111073,16,16,16,,,
111074,16,16,16,,,
111075,6,10,10,,,
111076,34,24,34,,,
111077,31,24,24,,,
111078,4,36,4,,,
111079,28,28,28,,,
111080,1,16,16,,,
111081,34,34,34,,,
111082,3,26,26,,,
111083,31,30,30,,,
111084,28,28,28,,,
111085,8,8,8,,,
111086,24,28,28,,,
111087,23,23,23,,,
111088,5,5,5,,,
111089,16,16,16,,,
111090,30,30,26,,,
111091,15,5,5,,,
111092,16,16,16,,,
111093,24,24,30,,,
111094,4,4,4,,,
111095,34,34,34,,,
111096,24,24,24,,,
111097,10,37,36,,,
111098,5,24,24,,,
111099,24,24,24,,,
111100,30,30,30,,,
111101,19,19,19,,,
111102,4,8,28,,,
111103,16,16,16,,,
111104,27,24,19,,,
111105,8,8,8,,,
111106,27,34,16,,,
111107,39,34,34,,,
111108,5,24,24,,,
111109,16,16,16,,,
111110,33,33,9,,,
111111,24,24,24,,,
111112,10,10,36,,,
111113,24,24,26,,,
111114,24,10,24,,,
111115,24,30,31,,,
111116,23,23,23,,,
111117,30,30,30,,,
111118,16,16,16,,,
111119,16,16,16,,,
111626,16,16,16,,,
111743,31,26,24,,,
111755,24,24,24,,,
111775,10,10,10,,,
111778,5,8,5,,,
111796,16,16,16,,,
111809,24,24,24,,,
111817,24,24,24,,,
111820,16,16,16,,,
111823,16,16,16,,,
111824,16,16,16,,,
111825,28,28,28,,,
111826,26,26,26,,,
111828,28,16,28,,,
111829,16,16,16,,,
111831,16,16,16,,,
111832,6,26,4,,,
111833,8,24,24,,,
111834,4,36,36,,,
111835,24,16,16,,,
111836,16,16,16,,,
111837,16,16,16,,,
111838,24,16,24,,,
111839,30,30,30,,,
111840,24,24,24,,,
111842,4,31,4,,,
111843,24,24,10,,,
111844,24,24,24,,,
111845,28,28,28,,,
111846,26,5,34,,,
111847,16,16,16,,,
111848,24,24,24,,,
111850,16,16,16,,,
111851,24,24,16,,,
111852,27,27,27,,,
111853,27,27,27,,,
111854,8,28,8,,,
111855,24,24,24,,,
111856,27,27,27,,,
111858,28,28,28,,,
111859,10,3,10,,,
111860,16,16,16,,,
111861,16,16,16,,,
111862,28,28,28,,,
111864,10,10,10,,,
111865,16,16,16,,,
111866,24,19,8,,,
111867,16,16,16,,,
111868,30,30,30,,,
111869,27,24,24,,,
111870,27,16,27,,,
111871,32,28,5,,,
111872,2,2,10,,,
111873,16,16,16,,,
111874,24,24,24,,,
111875,16,16,16,,,
111876,27,16,16,,,
111877,23,23,23,,,
111878,16,16,16,,,
111879,24,16,24,,,
111880,10,24,10,,,
111881,16,16,16,,,
111882,16,16,16,,,
111883,16,16,16,,,
111884,10,10,10,,,
111885,13,24,16,,,
111886,24,16,16,,,
111887,37,23,5,,,
111888,16,16,16,,,
111889,34,34,34,,,
111890,25,16,16,,,
111891,16,16,16,,,
111892,26,26,4,,,
111893,16,16,16,,,
111894,17,16,16,,,
111895,24,16,16,,,
111896,10,24,24,,,
111897,38,23,23,,,
111898,24,24,24,,,
111899,28,28,28,,,
111900,28,24,24,,,
111901,27,16,16,,,
111902,22,4,5,,,
111903,24,24,24,,,
111904,16,16,16,,,
111905,28,8,28,,,
111906,34,34,20,,,
111907,28,28,28,,,
111908,16,16,16,,,
111909,4,4,4,,,
111910,16,16,16,,,
111912,24,24,24,,,
111913,16,16,16,,,
111914,28,28,28,,,
111915,6,23,22,,,
111916,16,16,16,,,
111917,26,26,26,,,
111918,27,27,27,,,
111919,25,16,16,,,
111920,23,24,24,,,
111921,23,4,23,,,
111923,3,4,16,,,
111924,24,24,24,,,
111925,16,16,16,,,
111926,4,4,4,,,
111927,24,10,10,,,
111928,24,10,24,,,
111929,16,16,16,,,
111930,31,24,31,,,
111931,24,24,24,,,
111932,24,16,24,,,
111933,10,30,16,,,
111934,24,24,24,,,
111935,30,30,30,,,
111936,16,16,16,,,
111937,30,30,30,,,
111938,24,10,24,,,
111939,30,30,30,,,
111940,23,23,23,,,
111941,16,16,16,,,
111942,30,30,30,,,
111946,10,30,30,,,
111948,30,30,30,,,
111952,16,16,16,,,
111957,28,28,28,,,
111960,30,30,30,,,
111976,24,30,30,,,
111997,16,16,16,,,
112015,39,36,36,,,
112029,30,30,30,,,
112052,24,24,24,,,
112098,30,26,30,,,
112109,24,24,24,,,
112129,24,24,24,,,
112152,24,24,24,,,
112185,30,30,30,,,
112199,5,28,5,,,
112203,23,24,10,,,
112206,16,16,16,,,
112208,16,16,16,,,
112209,2,2,2,,,
112210,27,16,16,,,
112212,38,30,30,,,
112213,16,16,16,,,
112214,13,24,10,,,
112215,30,30,30,,,
112216,16,16,16,,,
112217,5,28,34,,,
112218,16,16,24,,,
112221,24,10,10,,,
112222,16,16,16,,,
112223,23,38,3,,,
112224,11,10,27,,,
112225,30,30,30,,,
112226,24,24,24,,,
112227,35,4,4,,,
112228,24,24,4,,,
112229,27,24,10,,,
112230,30,30,30,,,
112231,3,10,24,,,
112232,2,9,9,,,
112233,26,30,16,,,
112234,30,30,30,,,
112235,6,16,16,,,
112236,24,24,16,,,
112237,26,26,30,,,
112238,4,4,4,,,
112239,5,5,5,,,
112240,26,38,38,,,
112241,24,28,5,,,
112242,24,16,24,,,
112243,24,24,16,,,
112244,24,24,24,,,
112245,24,24,24,,,
112246,16,16,16,,,
112247,16,16,16,,,
112248,9,9,9,,,
112249,30,30,30,,,
112250,30,30,30,,,
112251,17,16,16,,,
112252,13,24,24,,,
112253,16,24,24,,,
112254,30,30,30,,,
112255,25,16,16,,,
112256,30,30,30,,,
112257,4,16,16,,,
112258,24,24,24,,,
112259,16,16,16,,,
112260,30,16,16,,,
112261,20,2,5,,,
112262,27,19,19,,,
112263,13,28,28,,,
112264,28,28,28,,,
112265,30,30,30,,,
112266,26,16,16,,,
112267,27,10,27,,,
112268,16,16,16,,,
112269,24,24,24,,,
112270,24,24,27,,,
112271,16,16,16,,,
112272,16,16,16,,,
112273,16,16,24,,,
112274,30,30,30,,,
112275,30,24,24,,,
112276,31,24,24,,,
112277,30,30,30,,,
112278,16,16,16,,,
112279,16,16,16,,,
112280,28,20,28,,,
112281,24,24,10,,,
112282,6,4,4,,,
112283,24,16,16,,,
112284,13,16,16,,,
112285,10,24,10,,,
112286,27,10,19,,,
112287,30,30,30,,,
112288,10,31,26,,,
112289,3,26,4,,,
112290,16,16,16,,,
112291,10,10,10,,,
112292,24,24,34,,,
112293,17,16,27,,,
112294,16,16,16,,,
112295,24,24,10,,,
112296,24,16,16,,,
112297,2,34,37,,,
112298,16,24,24,,,
112299,24,24,16,,,
112300,16,16,16,,,
112301,24,24,24,,,
112302,31,16,16,,,
112303,30,30,30,,,
112304,16,24,24,,,
112306,27,27,27,,,
112307,10,33,9,,,
112308,16,16,16,,,
112309,24,24,24,,,
112310,24,24,24,,,
112311,20,34,20,,,
112312,11,24,10,,,
112313,16,16,16,,,
112314,24,16,24,,,
112315,36,10,36,,,
112316,27,26,27,,,
112317,16,16,16,,,
112318,24,24,10,,,
112319,24,28,28,,,
112320,39,34,5,,,
112321,28,16,16,,,
112322,36,36,36,,,
112323,16,16,16,,,
112324,22,2,23,,,
112325,10,24,10,,,
112326,27,28,28,,,
112327,24,10,10,,,
112328,26,30,30,,,
112329,27,27,27,,,
112330,24,16,24,,,
112331,34,34,34,,,
112332,32,5,5,,,
112333,26,26,26,,,
112334,30,30,30,,,
112335,13,24,24,,,
112336,24,24,24,,,
112337,10,24,24,,,
112338,24,24,24,,,
112339,13,16,24,,,
112340,24,16,16,,,
112341,37,5,4,,,
112342,30,30,30,,,
112343,16,16,16,,,
112344,24,24,26,,,
112345,24,16,16,,,
112346,30,30,30,,,
112347,24,16,16,,,
112348,24,24,4,,,
112349,30,30,30,,,
112350,24,16,16,,,
112351,24,28,28,,,
112352,29,37,37,,,
112353,34,34,34,,,
112354,4,4,4,,,
112355,7,27,27,,,
112356,18,2,9,,,
112357,24,24,24,,,
112358,24,24,16,,,
112359,24,30,30,,,
112360,30,30,30,,,
112362,24,16,16,,,
112364,16,16,16,,,
112365,24,10,24,,,
112366,16,16,16,,,
112367,2,2,2,,,
112368,23,24,24,,,
112369,13,26,26,,,
112370,14,9,20,,,
112372,16,16,16,,,
112373,10,30,30,,,
112374,28,28,28,,,
112375,26,24,26,,,
112376,30,30,30,,,
112377,24,16,24,,,
112378,16,16,16,,,
112379,16,16,16,,,
112380,26,30,26,,,
112381,24,16,24,,,
112382,24,24,24,,,
112383,28,28,28,,,
112384,34,34,34,,,
112385,16,16,16,,,
112386,25,16,30,,,
112387,30,30,30,,,
112388,24,16,16,,,
112389,30,30,30,,,
112390,13,24,16,,,
112391,16,16,16,,,
112392,27,24,10,,,
112393,24,16,16,,,
112394,3,4,4,,,
112395,4,4,16,,,
112396,27,16,27,,,
112397,16,16,16,,,
112398,3,26,26,,,
112399,5,5,5,,,
112400,16,16,16,,,
112401,26,26,26,,,
112402,24,24,24,,,
112403,16,16,16,,,
112404,26,26,26,,,
112405,10,24,27,,,
112406,23,4,23,,,
112407,24,24,24,,,
112408,24,24,24,,,
112409,30,30,30,,,
112410,24,24,24,,,
112411,2,2,2,,,
112412,18,16,16,,,
112413,16,16,16,,,
112414,30,30,30,,,
112415,26,26,3,,,
112416,24,19,19,,,
112417,34,10,34,,,
112418,2,2,2,,,
112419,16,16,16,,,
112420,24,24,24,,,
112421,24,16,24,,,
112422,16,16,16,,,
112423,24,16,16,,,
112424,24,24,24,,,
112425,24,24,24,,,
112426,16,30,16,,,
112427,2,10,10,,,
112428,16,16,16,,,
112429,16,16,16,,,
112430,24,24,24,,,
112431,9,28,34,,,
112432,27,16,16,,,
112433,28,28,28,,,
112434,16,16,16,,,
112435,4,4,4,,,
112436,16,28,24,,,
112437,24,24,16,,,
112438,24,24,16,,,
112439,23,30,30,,,
112440,30,30,30,,,
112441,16,16,16,,,
112442,5,28,19,,,
112443,16,16,16,,,
112444,16,16,16,,,
112445,16,16,16,,,
112884,4,4,4,,,
112915,37,24,31,,,
112929,14,4,4,,,
113013,2,2,2,,,
113014,16,16,27,,,
113115,16,16,16,,,
113117,16,30,30,,,
113119,11,26,36,,,
113134,16,16,16,,,
113135,16,16,16,,,
113136,24,28,28,,,
113137,8,16,34,,,
113138,16,16,16,,,
113139,24,24,24,,,
113140,13,24,24,,,
113141,24,24,24,,,
113142,28,28,28,,,
113143,28,28,28,,,
113144,24,24,24,,,
113145,16,16,16,,,
113146,16,16,16,,,
113147,16,16,16,,,
113148,24,24,10,,,
113149,5,24,5,,,
113150,24,36,36,,,
113151,4,26,4,,,
113152,16,16,16,,,
113153,4,26,4,,,
113154,8,28,28,,,
113155,16,16,16,,,
113156,4,2,22,,,
113157,24,24,24,,,
113158,16,16,16,,,
113159,16,16,16,,,
113160,16,16,16,,,
113161,24,24,4,,,
113162,5,5,5,,,
113163,28,28,28,,,
113164,34,34,34,,,
113165,8,8,8,,,
113166,24,16,16,,,
113167,27,16,16,,,
113168,24,24,24,,,
113169,16,16,16,,,
113170,34,39,20,,,
113171,10,16,16,,,
113172,28,28,28,,,
113173,19,19,19,,,
113174,19,19,19,,,
113175,27,27,27,,,
113176,16,16,16,,,
113177,24,24,24,,,
113178,27,16,16,,,
113179,16,16,16,,,
113180,4,4,4,,,
113181,30,30,30,,,
113182,24,28,19,,,
113183,30,30,30,,,
113184,30,30,30,,,
113185,16,16,16,,,
113186,25,16,28,,,
113187,8,8,19,,,
113188,24,24,24,,,
113189,24,24,24,,,
113190,16,16,16,,,
113191,30,30,30,,,
113192,22,16,5,,,
113193,16,16,16,,,
113194,16,16,16,,,
113195,31,24,30,,,
113196,19,27,27,,,
113197,34,2,37,,,
113198,37,37,10,,,
113199,37,37,37,,,
113200,24,24,24,,,
113201,16,16,16,,,
113202,16,16,16,,,
113203,30,30,30,,,
113204,6,30,26,,,
113205,16,16,16,,,
113207,16,16,16,,,
113208,16,16,16,,,
113209,16,16,16,,,
113210,16,16,16,,,
113211,16,16,16,,,
113212,28,28,28,,,
113213,36,10,10,,,
113214,4,4,4,,,
113215,4,31,4,,,
113216,24,24,24,,,
113217,19,28,8,,,
113218,27,16,27,,,
113219,16,16,16,,,
113220,23,23,4,,,
113221,10,16,16,,,
113222,19,36,36,,,
113223,16,16,16,,,
113224,20,20,20,,,
113225,24,24,24,,,
113226,16,16,16,,,
113227,30,30,30,,,
113228,24,24,24,,,
113229,19,19,24,,,
113230,19,19,23,,,
113231,16,16,16,,,
113232,28,28,28,,,
113233,31,3,30,,,
113234,24,16,16,,,
113235,24,4,4,,,
113236,6,26,26,,,
113237,3,24,24,,,
113238,11,36,36,,,
113239,16,16,16,,,
113240,24,24,24,,,
113242,16,16,16,,,
113243,24,24,24,,,
113244,16,16,16,,,
113245,30,30,30,,,
113246,24,24,24,,,
113247,24,24,24,,,
113248,24,4,4,,,
113249,16,24,16,,,
113260,16,16,16,,,
113269,34,34,27,,,
113278,16,16,16,,,
113296,30,30,30,,,
113297,16,16,16,,,
113308,28,28,28,,,
113313,31,24,24,,,
113317,16,30,10,,,
113326,30,30,30,,,
113329,16,16,16,,,
113351,10,30,30,,,
113361,16,16,16,,,
113362,24,24,24,,,
113363,16,16,16,,,
113386,16,16,16,,,
113402,16,16,16,,,
113404,30,30,30,,,
113424,30,30,30,,,
113466,2,2,2,,,
113470,36,36,36,,,
113486,5,4,4,,,
113511,16,16,16,,,
113513,24,24,24,,,
113515,38,38,38,,,
113520,1,16,16,,,
113521,31,30,30,,,
113523,30,30,30,,,
113524,13,34,34,,,
113525,19,19,19,,,
113526,34,34,34,,,
113527,6,16,27,,,
113528,27,16,27,,,
113529,24,30,30,,,
113530,3,10,10,,,
113531,24,16,16,,,
113532,27,27,27,,,
113533,27,24,16,,,
113535,17,16,16,,,
113537,24,24,10,,,
113538,4,10,10,,,
113539,39,20,20,,,
113540,28,28,28,,,
113541,33,33,9,,,
113544,24,24,10,,,
113545,16,16,16,,,
113547,23,19,5,,,
113548,24,24,24,,,
113549,30,30,30,,,
113550,16,16,16,,,
113551,16,16,16,,,
113552,16,16,16,,,
113553,23,38,38,,,
113554,16,16,16,,,
113555,24,24,4,,,
113556,26,24,26,,,
113557,16,16,16,,,
113558,24,24,24,,,
113559,16,16,16,,,
113560,24,24,31,,,
113561,23,23,5,,,
113562,26,24,26,,,
113563,16,16,16,,,
113564,30,30,30,,,
113565,24,16,16,,,
113566,27,27,27,,,
113567,16,16,16,,,
113568,16,24,16,,,
113569,24,5,19,,,
113570,31,30,30,,,
113571,8,8,8,,,
113572,24,24,24,,,
113573,4,36,10,,,
113574,28,28,28,,,
113575,24,31,26,,,
113576,30,30,30,,,
113577,24,24,24,,,
113578,16,16,16,,,
113579,31,24,24,,,
113580,30,30,30,,,
113581,31,24,24,,,
113582,24,24,24,,,
113583,24,24,24,,,
113584,24,16,16,,,
113585,16,16,16,,,
113586,16,16,16,,,
113587,34,16,16,,,
113588,13,19,27,,,
113589,26,30,31,,,
113590,10,30,10,,,
113591,24,24,24,,,
113592,24,24,10,,,
113593,30,30,30,,,
113594,3,16,16,,,
113595,8,5,8,,,
113596,30,30,30,,,
113597,24,24,24,,,
113598,30,30,30,,,
113599,24,24,16,,,
113600,10,30,30,,,
113601,18,16,19,,,
113602,16,16,16,,,
113603,24,16,24,,,
113604,34,34,34,,,
113605,4,4,4,,,
113606,16,16,16,,,
113607,34,34,34,,,
113608,30,30,30,,,
113609,8,28,28,,,
113610,20,34,34,,,
113611,24,30,30,,,
113612,24,24,24,,,
113613,24,24,24,,,
113614,16,16,16,,,
113615,24,10,10,,,
113616,30,30,30,,,
113617,30,30,30,,,
113618,24,24,24,,,
113619,28,28,28,,,
113620,36,36,36,,,
113621,24,24,24,,,
113622,24,16,16,,,
113623,24,24,34,,,
113624,26,26,26,,,
113625,28,28,8,,,
113626,24,10,10,,,
113627,16,16,16,,,
113628,30,24,10,,,
113629,16,16,16,,,
113630,30,30,30,,,
113631,28,28,28,,,
113632,24,24,24,,,
113633,30,30,30,,,
113634,23,23,27,,,
113635,24,24,16,,,
113636,24,24,24,,,
113637,16,16,16,,,
113638,10,24,24,,,
113639,6,16,16,,,
113640,24,24,24,,,
113641,16,16,16,,,
113642,9,34,9,,,
113643,24,16,16,,,
113644,22,10,10,,,
113645,28,28,28,,,
113646,8,8,8,,,
113647,36,36,36,,,
113648,30,30,30,,,
113649,4,4,4,,,
113650,2,2,2,,,
113651,5,36,4,,,
113652,24,24,10,,,
113653,24,16,24,,,
113654,24,24,24,,,
113655,24,24,16,,,
113656,8,5,8,,,
113657,13,24,24,,,
113658,28,28,28,,,
113659,34,34,34,,,
113660,16,16,16,,,
113661,27,16,16,,,
113662,24,16,16,,,
113663,24,16,24,,,
113664,16,16,16,,,
113665,10,10,10,,,
113666,16,16,16,,,
113667,8,28,28,,,
113668,3,31,31,,,
113669,24,24,24,,,
113670,24,3,38,,,
113671,24,24,24,,,
113672,24,16,31,,,
113673,14,9,2,,,
113674,30,30,30,,,
113675,28,28,28,,,
113676,24,10,10,,,
113677,24,28,28,,,
113678,24,24,26,,,
113679,2,2,2,,,
113680,24,24,16,,,
113681,30,30,30,,,
113682,24,24,24,,,
113683,16,16,16,,,
113684,10,36,2,,,
113685,24,16,30,,,
113686,16,16,16,,,
113687,18,24,24,,,
113688,24,24,24,,,
113689,30,30,30,,,
113690,38,38,38,,,
113691,24,24,24,,,
113692,28,28,28,,,
113693,16,16,16,,,
113694,3,10,24,,,
113695,31,24,16,,,
113696,24,24,24,,,
113697,27,16,16,,,
113698,16,16,16,,,
113699,16,16,16,,,
113700,16,16,16,,,
113701,3,38,3,,,
113702,10,24,10,,,
113703,13,24,24,,,
113704,16,16,16,,,
113705,24,10,24,,,
113706,16,16,16,,,
113707,16,16,16,,,
113708,24,24,24,,,
113709,30,30,30,,,
113710,28,28,28,,,
113711,24,16,16,,,
113713,30,30,30,,,
113714,16,16,24,,,
113715,24,24,24,,,
113716,5,4,8,,,
113717,14,9,9,,,
113718,16,16,16,,,
113719,16,16,16,,,
113720,28,28,28,,,
113721,16,16,16,,,
113722,16,16,16,,,
113723,24,24,24,,,
113724,16,31,30,,,
113725,36,36,36,,,
113726,24,16,16,,,
113727,34,34,34,,,
113728,10,24,27,,,
113729,34,34,34,,,
113730,4,4,4,,,
113731,24,16,16,,,
113732,10,10,10,,,
113733,28,28,28,,,
113734,30,30,30,,,
113735,27,19,27,,,
113736,4,5,4,,,
113737,16,30,16,,,
113738,16,16,16,,,
113739,24,24,24,,,
113740,24,24,27,,,
113741,6,37,37,,,
113742,16,16,16,,,
113743,24,30,31,,,
113744,4,4,4,,,
113745,27,16,27,,,
113746,16,16,16,,,
113747,39,34,39,,,
113748,30,16,16,,,
113749,16,16,16,,,
113750,24,24,24,,,
113751,30,30,30,,,
113752,24,24,24,,,
113753,24,24,24,,,
113754,17,16,16,,,
113755,24,24,4,,,
113756,24,16,16,,,
113757,16,16,16,,,
113758,24,16,16,,,
113759,27,16,27,,,
113760,24,16,16,,,
113761,5,4,4,,,
114156,4,5,5,,,
114212,19,36,19,,,
114221,16,16,16,,,
114282,5,19,26,,,
114340,17,16,16,,,
114367,23,30,30,,,
114381,28,28,28,,,
114387,1,16,16,,,
114441,11,16,27,,,
114449,24,24,24,,,
114466,4,31,3,,,
114470,24,24,16,,,
114473,30,30,30,,,
114474,16,16,16,,,
114475,28,28,28,,,
114476,30,30,30,,,
114477,16,16,16,,,
114478,16,16,16,,,
114479,19,27,19,,,
114480,16,16,16,,,
114481,5,24,24,,,
114483,28,28,28,,,
114484,30,30,30,,,
114485,4,4,4,,,
114486,16,16,16,,,
114487,28,28,28,,,
114488,13,34,34,,,
114489,28,8,28,,,
114490,24,24,24,,,
114491,22,2,2,,,
114492,28,28,28,,,
114493,28,28,8,,,
114494,23,10,30,,,
114495,16,16,16,,,
114496,34,34,34,,,
114498,16,16,16,,,
114499,8,5,5,,,
114500,19,19,8,,,
114502,30,30,30,,,
114503,9,9,9,,,
114504,5,34,34,,,
114505,24,36,36,,,
114507,16,16,16,,,
114508,37,37,5,,,
114509,24,24,24,,,
114510,5,5,5,,,
114511,19,19,19,,,
114512,2,2,2,,,
114513,38,38,38,,,
114514,20,34,34,,,
114515,16,16,16,,,
114516,16,16,16,,,
114517,4,26,26,,,
114518,19,27,19,,,
114519,16,16,16,,,
114520,8,8,8,,,
114521,34,34,34,,,
114522,24,24,24,,,
114523,10,10,23,,,
114524,10,24,10,,,
114525,24,30,30,,,
114526,24,16,24,,,
114527,16,16,16,,,
114528,19,24,19,,,
114529,24,24,30,,,
114530,33,2,9,,,
114531,15,5,5,,,
114532,16,16,16,,,
114533,30,30,30,,,
114534,16,16,16,,,
114535,24,10,10,,,
114536,17,16,16,,,
114537,16,16,16,,,
114538,28,28,28,,,
114539,28,28,28,,,
114540,4,4,4,,,
114541,24,24,26,,,
114542,28,28,28,,,
114543,30,30,30,,,
114544,16,16,16,,,
114545,24,24,10,,,
114546,28,28,28,,,
114547,16,16,16,,,
114548,24,24,16,,,
114549,16,16,16,,,
114550,24,16,16,,,
114551,24,24,24,,,
114553,27,27,27,,,
114554,28,8,8,,,
114555,16,16,16,,,
114556,9,28,28,,,
114557,10,16,16,,,
114558,16,16,16,,,
114559,23,19,5,,,
114560,24,16,16,,,
114562,10,26,30,,,
114563,5,5,5,,,
114564,8,28,8,,,
114565,19,19,19,,,
114566,28,28,28,,,
114567,30,30,30,,,
114568,30,30,30,,,
114569,4,4,8,,,
114570,20,27,27,,,
114571,34,34,34,,,
114572,34,24,24,,,
114574,24,24,26,,,
114575,24,24,24,,,
114576,14,34,34,,,
114577,24,36,24,,,
114578,8,8,8,,,
114579,35,5,31,,,
114580,11,5,5,,,
114581,30,16,16,,,
114582,24,24,24,,,
114583,24,16,26,,,
114585,30,30,30,,,
114586,27,16,16,,,
114587,16,16,16,,,
114588,27,27,27,,,
114590,19,19,19,,,
114601,16,24,16,,,
114615,30,30,30,,,
114616,37,37,37,,,
114646,25,16,16,,,
114653,16,16,16,,,
114659,16,16,16,,,
114663,30,30,30,,,
114684,16,28,24,,,
114685,27,27,27,,,
114689,24,24,24,,,
114690,30,30,30,,,
114697,13,24,24,,,
114700,16,16,16,,,
114727,30,30,30,,,
114728,4,5,4,,,
114739,34,34,34,,,
114740,24,24,10,,,
114753,30,30,30,,,
114761,24,16,16,,,
114765,34,34,34,,,
114797,3,23,23,,,
114803,24,24,34,,,
114818,5,5,5,,,
114829,37,37,37,,,
114830,30,30,30,,,
114833,24,10,24,,,
114835,24,24,4,,,
114848,24,28,28,,,
114851,24,24,24,,,
114854,16,16,24,,,
114857,16,16,16,,,
114867,16,16,16,,,
114890,16,16,16,,,
114897,27,16,27,,,
114898,28,28,4,,,
114900,24,16,16,,,
114901,34,34,34,,,
114902,30,16,30,,,
114903,24,24,24,,,
114904,5,34,34,,,
114905,28,20,28,,,
114906,20,34,20,,,
114908,16,16,16,,,
114909,16,16,27,,,
114910,36,36,36,,,
114911,2,10,2,,,
114912,34,36,34,,,
114913,5,5,5,,,
114914,28,24,24,,,
114915,16,16,16,,,
114916,16,16,16,,,
114917,30,30,30,,,
114919,16,16,16,,,
114920,31,24,24,,,
114921,24,24,16,,,
114922,5,34,34,,,
114924,16,16,16,,,
114925,24,16,16,,,
114926,2,10,10,,,
114928,24,16,16,,,
114929,16,16,16,,,
114930,16,16,16,,,
114931,16,16,16,,,
114932,4,5,4,,,
114933,1,16,16,,,
114934,13,24,10,,,
114935,16,16,16,,,
114936,16,16,16,,,
114937,22,2,2,,,
114938,34,34,39,,,
114939,30,30,30,,,
114940,8,16,16,,,
114941,16,16,16,,,
114942,16,16,16,,,
114943,18,13,13,,,
114944,24,31,10,,,
114945,24,5,5,,,
114946,27,24,27,,,
114947,34,36,36,,,
114948,3,16,16,,,
114949,24,5,5,,,
114950,30,30,30,,,
114951,28,8,8,,,
114952,34,34,34,,,
114953,37,5,5,,,
114954,30,30,30,,,
114955,24,24,24,,,
114956,27,16,27,,,
114958,16,16,16,,,
114959,30,30,30,,,
114960,10,10,24,,,
114961,3,26,30,,,
114963,27,27,27,,,
114964,10,30,30,,,
114965,16,16,16,,,
114966,16,16,16,,,
114967,30,30,30,,,
114968,19,23,23,,,
114969,30,30,30,,,
114970,5,24,24,,,
114971,36,36,34,,,
114972,16,16,16,,,
114973,24,28,28,,,
114974,24,24,24,,,
114975,5,24,10,,,
114976,6,30,30,,,
114977,30,16,30,,,
114979,24,24,24,,,
114980,23,30,30,,,
114981,30,16,16,,,
114983,24,24,24,,,
114984,22,23,22,,,
114985,25,16,16,,,
114986,24,24,24,,,
114987,24,24,24,,,
114988,2,10,10,,,
114989,16,16,16,,,
114990,23,24,30,,,
114991,30,30,30,,,
114992,27,19,19,,,
114993,24,24,16,,,
114994,24,16,24,,,
114995,27,10,19,,,
114996,16,16,16,,,
114997,24,24,31,,,
114998,25,16,16,,,
114999,34,34,34,,,
115000,2,2,2,,,
115001,30,30,30,,,
115002,5,34,34,,,
115003,24,16,16,,,
115004,24,24,24,,,
115005,4,16,16,,,
115006,30,30,30,,,
115007,36,36,36,,,
115008,16,16,16,,,
115009,24,24,10,,,
115010,24,10,10,,,
115011,30,30,30,,,
115012,30,30,30,,,
115013,3,36,36,,,
115014,5,28,34,,,
115015,24,16,24,,,
115016,16,16,16,,,
115017,16,16,16,,,
115018,36,36,36,,,
115019,28,28,28,,,
115020,24,24,24,,,
115021,16,16,16,,,
115022,16,16,16,,,
115023,24,10,10,,,
115024,28,24,28,,,
115025,34,34,34,,,
115026,16,16,16,,,
115027,20,34,20,,,
115028,28,28,28,,,
115029,24,30,30,,,
115030,24,24,24,,,
115031,16,16,16,,,
115032,4,34,4,,,
115033,10,10,10,,,
115034,20,20,5,,,
115035,30,30,30,,,
115036,30,30,30,,,
115037,3,10,10,,,
115038,16,16,16,,,
115039,27,24,19,,,
115040,37,5,5,,,
115041,16,16,16,,,
115042,5,4,8,,,
115043,16,16,16,,,
115044,24,24,24,,,
115045,16,16,16,,,
115046,37,30,30,,,
115047,36,19,36,,,
115048,16,16,16,,,
115049,30,30,30,,,
115050,30,30,30,,,
115051,16,24,16,,,
115052,24,24,24,,,
115053,3,10,10,,,
115054,28,28,28,,,
115056,16,16,16,,,
115057,11,24,10,,,
115058,24,34,24,,,
115059,16,16,16,,,
115060,31,30,30,,,
115061,16,16,16,,,
115062,24,16,16,,,
115063,24,24,24,,,
115064,16,16,16,,,
115065,30,30,30,,,
115066,16,24,16,,,
115067,26,26,26,,,
115068,16,16,16,,,
115069,24,16,24,,,
115070,10,10,36,,,
115071,30,30,30,,,
115072,30,30,30,,,
115073,16,16,16,,,
115074,24,24,24,,,
115075,16,16,16,,,
115076,3,30,30,,,
115077,24,24,24,,,
115078,26,30,31,,,
115079,28,28,28,,,
115080,10,24,10,,,
115081,24,24,24,,,
115082,23,30,30,,,
115083,9,33,36,,,
115084,30,30,30,,,
115085,16,16,16,,,
115086,10,10,10,,,
115088,16,16,16,,,
115089,16,30,16,,,
115090,28,28,28,,,
115091,24,16,31,,,
115092,24,24,24,,,
115093,34,5,5,,,
115094,3,23,3,,,
115095,16,16,16,,,
115096,28,28,8,,,
115097,20,34,39,,,
115098,30,30,30,,,
115099,5,16,23,,,
115100,16,16,16,,,
115101,16,16,16,,,
115102,24,24,24,,,
115103,24,24,24,,,
115104,31,30,30,,,
115105,26,34,26,,,
115106,30,30,30,,,
115107,36,36,36,,,
115108,16,16,16,,,
115109,31,30,30,,,
115110,22,2,2,,,
115111,24,16,16,,,
115112,16,16,16,,,
115113,16,16,16,,,
115114,24,24,24,,,
115115,8,4,8,,,
115116,24,16,16,,,
115117,16,16,16,,,
115118,24,16,16,,,
115119,16,16,16,,,
115120,27,24,27,,,
115121,24,24,16,,,
115122,34,34,34,,,
115123,24,24,24,,,
115124,30,26,26,,,
115125,24,24,10,,,
115126,27,24,27,,,
115127,11,24,24,,,
115128,24,10,24,,,
115129,36,34,36,,,
115130,17,5,5,,,
115131,4,36,4,,,
115132,26,26,26,,,
115133,28,28,28,,,
115134,24,24,24,,,
115135,4,4,8,,,
115136,10,10,10,,,
115137,16,16,16,,,
115138,24,10,10,,,
115139,8,8,8,,,
115140,34,34,34,,,
115141,24,24,4,,,
115142,24,36,36,,,
115143,24,24,24,,,
115144,16,16,16,,,
115145,28,28,8,,,
115146,30,30,30,,,
115147,5,24,24,,,
115148,16,16,16,,,
115149,30,26,26,,,
115150,30,24,24,,,
115151,37,31,31,,,
115152,31,30,30,,,
115153,16,16,16,,,
115154,16,30,16,,,
115155,28,28,28,,,
115156,16,16,16,,,
115157,36,36,36,,,
115158,28,28,28,,,
115438,34,34,36,,,
115691,16,16,16,,,
115703,30,30,30,,,
115705,26,26,30,,,
115718,26,26,26,,,
115723,8,28,8,,,
115783,4,4,4,,,
115784,16,16,16,,,
115790,16,30,30,,,
115805,16,16,16,,,
115820,38,38,38,,,
115836,16,16,16,,,
115857,16,16,24,,,
115861,24,10,24,,,
115865,24,24,24,,,
115867,10,10,10,,,
115869,9,34,34,,,
115872,16,16,16,,,
115873,2,2,2,,,
115874,16,16,16,,,
115875,34,34,34,,,
115876,7,16,24,,,
115878,28,28,28,,,
115879,36,34,34,,,
115880,24,16,30,,,
115881,16,16,16,,,
115882,24,24,5,,,
115883,22,4,4,,,
115884,24,16,24,,,
115885,28,8,8,,,
115886,8,5,5,,,
115887,24,24,24,,,
115888,23,4,38,,,
115889,38,38,38,,,
115890,16,16,16,,,
115891,5,5,5,,,
115892,31,4,31,,,
115893,30,30,30,,,
115894,38,38,38,,,
115895,4,16,4,,,
115896,16,16,16,,,
115897,16,16,16,,,
115898,27,16,16,,,
115899,16,16,16,,,
115900,2,2,2,,,
115901,16,16,16,,,
115902,24,24,24,,,
115903,24,24,24,,,
115904,10,10,10,,,
115905,10,10,10,,,
115906,8,4,4,,,
115907,24,24,24,,,
115908,34,34,34,,,
115909,30,30,30,,,
115910,16,16,16,,,
115911,2,2,2,,,
115912,24,24,24,,,
115913,16,16,16,,,
115916,27,16,27,,,
115917,10,36,36,,,
115919,24,24,24,,,
115920,28,16,28,,,
115921,9,34,34,,,
115922,1,4,4,,,
115923,16,16,16,,,
115924,24,24,24,,,
115925,16,16,16,,,
115926,39,34,9,,,
115927,30,30,30,,,
115928,28,28,28,,,
115929,27,24,24,,,
115930,27,16,16,,,
115931,24,24,31,,,
115932,24,24,24,,,
115933,20,34,20,,,
115934,13,34,10,,,
115935,28,28,28,,,
115936,2,2,2,,,
115937,16,16,16,,,
115938,16,16,16,,,
115939,16,16,16,,,
115940,16,16,16,,,
115941,28,28,28,,,
115942,24,30,16,,,
115943,2,2,2,,,
115944,16,16,16,,,
115945,16,16,16,,,
115946,37,24,24,,,
115947,24,30,30,,,
115949,16,16,16,,,
115950,16,16,16,,,
115951,24,16,16,,,
115952,16,16,16,,,
115953,16,16,16,,,
115954,24,16,30,,,
115955,16,16,16,,,
115956,26,34,34,,,
115957,10,24,24,,,
115958,6,30,30,,,
115959,24,28,24,,,
115960,4,36,4,,,
115961,34,34,34,,,
115962,24,24,24,,,
115963,16,16,16,,,
115964,24,24,24,,,
115965,8,8,8,,,
115966,24,16,16,,,
115967,30,30,30,,,
115968,26,26,4,,,
115969,4,4,4,,,
115970,24,24,24,,,
115971,24,24,24,,,
115972,26,24,31,,,
115973,24,24,10,,,
115974,4,4,4,,,
115975,24,24,24,,,
115976,24,16,16,,,
115977,28,8,8,,,
115978,16,16,16,,,
115980,30,30,30,,,
115981,20,39,39,,,
115983,24,24,24,,,
115984,30,30,30,,,
115985,24,16,24,,,
115986,30,30,30,,,
115997,5,4,4,,,
115998,38,38,38,,,
116001,4,28,28,,,
116018,21,24,27,,,
116042,24,24,24,,,
116049,30,30,30,,,
116052,30,16,24,,,
116056,24,24,24,,,
116058,30,30,30,,,
116066,11,10,10,,,
116118,30,30,30,,,
116129,30,30,30,,,
116135,24,24,24,,,
116149,4,28,4,,,
116152,24,24,24,,,
116157,16,16,16,,,
116161,16,26,16,,,
116163,16,16,16,,,
116169,24,24,24,,,
116170,25,16,16,,,
116184,18,24,19,,,
116189,1,16,16,,,
116212,30,30,30,,,
116219,24,24,24,,,
116220,39,34,34,,,
116229,16,16,16,,,
116234,34,34,34,,,
116241,30,30,30,,,
116252,20,16,16,,,
116264,16,16,16,,,
116266,24,24,24,,,
116267,34,24,24,,,
116268,28,28,28,,,
116269,8,28,16,,,
116270,23,5,5,,,
116271,34,34,34,,,
116272,5,34,34,,,
116273,16,16,16,,,
116274,24,24,24,,,
116275,17,16,16,,,
116276,28,5,19,,,
116277,24,24,24,,,
116278,26,34,26,,,
116279,34,34,34,,,
116280,23,26,31,,,
116281,16,16,16,,,
116283,16,16,16,,,
116284,2,10,10,,,
116285,16,16,16,,,
116286,4,26,4,,,
116287,16,16,16,,,
116288,36,36,36,,,
116290,17,16,16,,,
116291,24,30,24,,,
116294,16,16,16,,,
116295,2,10,2,,,
116297,10,10,37,,,
116298,5,28,5,,,
116299,16,16,16,,,
116300,16,16,16,,,
116301,30,30,30,,,
116302,30,30,30,,,
116303,34,34,34,,,
116304,16,16,16,,,
116305,24,24,24,,,
116306,20,34,34,,,
116307,16,16,16,,,
116308,8,8,8,,,
116309,30,30,30,,,
116310,16,16,16,,,
116311,16,16,16,,,
116312,23,23,10,,,
116313,6,10,10,,,
116314,16,16,16,,,
116315,30,30,30,,,
116316,16,16,16,,,
116317,30,24,24,,,
116318,16,16,16,,,
116319,16,16,16,,,
116320,36,4,8,,,
116321,26,26,26,,,
116322,16,24,24,,,
116323,24,30,30,,,
116324,30,30,30,,,
116325,16,16,16,,,
116326,24,24,10,,,
116327,38,38,38,,,
116328,24,16,16,,,
116329,24,24,10,,,
116330,30,30,30,,,
116331,4,16,4,,,
116332,30,30,30,,,
116333,24,24,24,,,
116334,25,31,30,,,
116335,24,24,10,,,
116336,24,10,10,,,
116337,5,5,4,,,
116338,24,24,10,,,
116339,24,24,16,,,
116340,24,24,26,,,
116341,16,16,24,,,
116342,30,30,30,,,
116343,24,24,24,,,
116344,24,24,24,,,
116345,30,30,30,,,
116346,30,30,30,,,
116347,31,30,31,,,
116348,16,16,16,,,
116349,30,30,30,,,
116350,16,16,16,,,
116351,24,16,16,,,
116352,16,16,16,,,
116353,28,16,28,,,
116354,37,10,10,,,
116355,16,16,16,,,
116356,20,20,20,,,
116357,23,30,30,,,
116358,16,16,27,,,
116359,25,16,25,,,
116360,36,36,36,,,
116361,6,30,30,,,
116362,28,5,5,,,
116363,16,16,16,,,
116364,11,24,24,,,
116365,30,30,30,,,
116366,10,10,24,,,
116367,9,28,9,,,
116368,30,30,30,,,
116369,30,30,30,,,
116370,24,24,24,,,
116371,16,16,16,,,
116372,6,16,16,,,
116373,30,30,30,,,
116374,24,24,10,,,
116375,10,34,34,,,
116376,34,34,39,,,
116377,16,16,24,,,
116378,5,30,30,,,
116379,24,24,24,,,
116380,5,28,28,,,
116381,24,16,16,,,
116382,32,5,5,,,
116383,24,24,24,,,
116384,16,16,16,,,
116385,16,16,16,,,
116386,30,30,30,,,
116387,30,30,30,,,
116388,16,16,16,,,
116389,24,34,34,,,
116390,16,16,16,,,
116391,4,4,4,,,
116392,16,16,16,,,
116393,24,24,27,,,
116394,24,10,24,,,
116395,24,16,16,,,
116397,16,16,16,,,
116398,5,5,8,,,
116399,28,28,28,,,
116400,28,34,28,,,
116401,24,30,30,,,
116402,6,16,6,,,
116403,16,16,16,,,
116404,24,16,16,,,
116405,17,16,16,,,
116406,37,4,8,,,
116407,24,24,10,,,
116408,30,30,30,,,
116409,28,28,28,,,
116410,16,30,16,,,
116411,24,24,24,,,
116412,16,16,16,,,
116413,30,30,30,,,
116414,24,16,16,,,
116415,16,16,16,,,
116416,28,8,8,,,
116417,16,16,16,,,
116418,34,10,24,,,
116419,24,16,16,,,
116420,16,16,16,,,
116421,6,30,30,,,
116422,28,28,28,,,
116423,3,4,4,,,
116424,28,5,8,,,
116425,16,16,16,,,
116426,13,16,16,,,
116427,28,28,28,,,
116428,22,2,2,,,
116429,24,24,24,,,
116430,2,2,2,,,
116431,27,16,27,,,
116432,8,37,5,,,
116433,10,10,10,,,
116434,24,16,16,,,
116435,24,24,24,,,
116436,16,16,16,,,
116437,22,37,22,,,
116438,34,34,34,,,
116440,36,36,36,,,
116441,30,30,30,,,
116442,24,16,16,,,
116443,28,28,8,,,
116444,24,24,4,,,
116445,6,16,16,,,
116446,16,16,16,,,
116447,16,16,16,,,
116448,8,8,8,,,
116449,4,24,4,,,
116450,24,24,24,,,
116451,16,16,16,,,
116452,16,16,16,,,
116453,24,24,24,,,
116454,16,24,24,,,
116455,16,16,16,,,
116456,27,27,27,,,
116457,39,34,39,,,
116458,16,16,16,,,
116459,24,16,16,,,
116460,24,16,24,,,
116461,27,34,27,,,
116462,27,27,27,,,
116463,34,34,34,,,
116464,16,16,16,,,
116465,16,16,16,,,
116466,27,16,27,,,
116467,16,16,16,,,
116468,24,28,28,,,
116469,24,24,24,,,
116470,28,34,34,,,
116471,16,16,16,,,
116472,16,16,16,,,
116473,10,30,30,,,
116474,16,16,24,,,
116778,16,16,16,,,
116890,16,16,16,,,
116891,24,16,16,,,
116949,19,19,19,,,
116966,16,24,16,,,
116975,36,36,36,,,
116976,16,16,16,,,
116987,23,23,23,,,
117007,19,36,19,,,
117017,9,34,34,,,
117027,28,28,28,,,
117031,4,4,4,,,
117041,17,16,16,,,
117053,33,24,2,,,
117056,5,16,16,,,
117078,27,16,27,,,
117086,8,16,16,,,
117093,28,28,28,,,
117105,22,10,10,,,
117107,13,24,13,,,
117115,16,16,16,,,
117137,34,34,34,,,
117138,30,30,30,,,
117139,10,24,27,,,
117140,26,4,4,,,
117141,26,26,26,,,
117143,24,24,24,,,
117144,16,16,16,,,
117145,28,16,16,,,
117146,37,24,10,,,
117147,29,5,5,,,
117148,3,26,26,,,
117149,28,30,30,,,
117150,16,16,16,,,
117151,28,8,8,,,
117153,30,30,30,,,
117154,37,30,30,,,
117155,4,4,4,,,
117156,16,16,16,,,
117157,16,16,16,,,
117158,26,26,26,,,
117159,6,3,4,,,
117160,16,16,16,,,
117161,19,28,28,,,
117162,16,16,16,,,
117163,4,4,4,,,
117164,28,28,8,,,
117165,24,16,16,,,
117166,24,24,24,,,
117167,24,10,24,,,
117168,24,24,24,,,
117169,16,16,16,,,
117170,24,24,30,,,
117171,24,24,31,,,
117172,19,19,19,,,
117173,27,16,27,,,
117174,16,16,16,,,
117175,24,16,16,,,
117176,24,24,24,,,
117177,19,19,19,,,
117178,16,16,16,,,
117179,16,16,16,,,
117180,30,30,30,,,
117181,27,16,27,,,
117182,16,16,16,,,
117183,30,30,30,,,
117184,3,26,38,,,
117185,24,24,24,,,
117186,30,30,30,,,
117188,4,36,4,,,
117189,8,28,28,,,
117190,16,16,16,,,
117191,24,24,24,,,
117192,4,26,4,,,
117193,16,16,16,,,
117194,16,16,24,,,
117195,27,24,24,,,
117196,24,16,16,,,
117197,16,16,16,,,
117198,16,16,16,,,
117199,16,16,16,,,
117200,18,23,23,,,
117201,16,16,16,,,
117203,30,30,30,,,
117204,16,16,16,,,
117205,23,2,2,,,
117206,24,24,24,,,
117207,15,5,5,,,
117208,16,16,16,,,
117209,19,34,2,,,
117210,31,30,30,,,
117211,23,24,24,,,
117212,16,30,30,,,
117213,16,16,16,,,
117214,24,24,10,,,
117215,5,34,34,,,
117216,16,16,16,,,
117217,36,4,4,,,
117218,31,30,30,,,
117219,34,34,34,,,
117220,37,4,4,,,
117221,16,16,16,,,
117222,34,34,34,,,
117223,4,4,4,,,
117224,19,19,19,,,
117225,36,36,36,,,
117226,34,34,34,,,
117227,16,16,16,,,
117228,24,24,24,,,
117229,16,16,16,,,
117230,4,4,4,,,
117231,8,8,8,,,
117232,22,24,30,,,
117233,37,38,23,,,
117234,24,10,10,,,
117235,24,24,24,,,
117236,16,24,24,,,
117237,16,24,16,,,
117238,4,4,4,,,
117239,31,24,24,,,
117240,27,24,27,,,
117241,24,34,34,,,
117242,24,5,5,,,
117243,27,27,27,,,
117244,30,30,30,,,
117245,30,30,30,,,
117246,24,24,24,,,
117247,25,16,16,,,
117248,34,34,34,,,
117288,24,24,10,,,
117298,16,24,16,,,
117300,24,24,24,,,
117325,10,24,26,,,
117339,6,16,27,,,
117342,10,10,10,,,
117349,30,30,30,,,
117385,16,16,16,,,
117405,24,24,24,,,
117430,5,5,5,,,
117432,30,30,30,,,
117445,8,28,28,,,
117450,30,30,30,,,
117457,8,5,4,,,
117479,16,16,16,,,
117511,4,4,4,,,
117535,24,24,10,,,
117543,39,9,9,,,
117549,30,30,30,,,
117550,9,34,9,,,
117551,16,30,30,,,
117552,28,28,28,,,
117553,16,16,16,,,
117554,16,16,16,,,
117555,16,16,16,,,
117556,3,26,26,,,
117557,24,24,24,,,
117558,16,16,16,,,
117559,27,16,16,,,
117560,2,5,2,,,
117561,16,16,16,,,
117562,27,10,27,,,
117563,30,30,30,,,
117564,29,4,4,,,
117565,24,24,24,,,
117566,22,2,2,,,
117567,28,28,28,,,
117569,10,24,24,,,
117570,16,16,16,,,
117571,16,16,16,,,
117572,24,24,24,,,
117574,39,39,9,,,
117575,24,24,24,,,
117576,26,26,26,,,
117577,2,2,2,,,
117578,1,26,6,,,
117579,24,37,10,,,
117580,16,16,16,,,
117581,28,28,28,,,
117582,13,24,24,,,
117583,16,16,16,,,
117584,23,30,30,,,
117585,34,34,34,,,
117586,17,16,16,,,
117587,16,16,16,,,
117588,16,16,16,,,
117589,24,30,30,,,
117590,30,30,30,,,
117591,24,10,10,,,
117592,30,30,30,,,
117593,30,30,30,,,
117594,34,36,36,,,
117595,30,30,30,,,
117596,16,16,16,,,
117597,26,24,5,,,
117598,24,16,16,,,
117600,27,27,27,,,
117601,24,24,24,,,
117602,30,24,30,,,
117603,9,2,9,,,
117604,30,30,30,,,
117605,27,27,27,,,
117606,23,23,23,,,
117607,24,24,24,,,
117608,16,16,16,,,
117609,16,16,24,,,
117610,13,16,16,,,
117611,28,28,28,,,
117612,7,5,5,,,
117613,16,16,16,,,
117614,30,30,30,,,
117615,31,26,26,,,
117616,24,5,19,,,
117617,18,13,24,,,
117618,28,28,28,,,
117619,30,30,30,,,
117620,16,31,4,,,
117621,24,24,24,,,
117622,24,24,24,,,
117623,27,24,10,,,
117624,28,28,28,,,
117625,16,16,16,,,
117626,24,24,24,,,
117627,24,24,24,,,
117628,24,24,24,,,
117629,24,24,24,,,
117630,6,4,4,,,
117631,24,16,16,,,
117632,28,28,28,,,
117633,27,24,27,,,
117634,16,16,16,,,
117635,9,34,34,,,
117637,16,16,16,,,
117638,16,16,16,,,
117639,5,5,26,,,
117640,24,30,31,,,
117641,15,28,5,,,
117642,16,16,16,,,
117643,16,16,16,,,
117644,30,30,30,,,
117645,8,5,8,,,
117646,24,24,4,,,
117647,28,28,28,,,
117648,2,2,2,,,
117649,38,23,23,,,
117650,16,16,16,,,
117651,17,16,16,,,
117652,20,20,20,,,
117653,37,34,5,,,
117654,16,16,16,,,
117655,28,28,28,,,
117656,16,16,16,,,
117657,30,30,30,,,
117658,30,30,30,,,
117659,25,16,30,,,
117660,4,34,34,,,
117661,11,19,27,,,
117662,30,30,30,,,
117663,24,24,24,,,
117664,24,26,4,,,
117665,16,16,16,,,
117666,24,16,24,,,
117667,24,16,16,,,
117668,16,16,16,,,
117669,28,28,28,,,
117670,24,24,10,,,
117671,24,24,24,,,
117672,37,24,37,,,
117673,24,24,24,,,
117674,24,24,24,,,
117675,26,26,26,,,
117676,24,16,24,,,
117677,30,30,30,,,
117678,16,16,16,,,
117679,24,24,24,,,
117680,5,34,5,,,
117681,16,16,16,,,
117683,24,16,16,,,
117684,24,16,26,,,
117685,23,37,31,,,
117686,16,16,16,,,
117687,16,16,16,,,
117688,31,10,10,,,
117689,28,28,28,,,
117690,8,38,3,,,
117692,24,10,10,,,
117693,24,24,24,,,
117694,24,24,24,,,
117695,16,16,16,,,
117696,16,16,16,,,
117697,14,28,28,,,
117698,4,24,4,,,
117699,10,30,10,,,
117700,16,24,16,,,
117701,8,28,8,,,
117702,6,30,30,,,
117703,16,16,16,,,
117704,24,16,16,,,
117705,16,16,16,,,
117706,16,16,16,,,
117707,39,39,39,,,
117708,28,28,28,,,
117709,24,24,24,,,
117710,16,16,16,,,
117711,1,16,16,,,
117712,8,4,8,,,
117713,24,24,24,,,
117714,16,16,16,,,
117715,8,4,4,,,
117716,13,5,13,,,
117718,6,31,27,,,
117719,16,16,16,,,
117720,30,16,16,,,
117721,5,4,4,,,
117722,26,16,31,,,
117723,24,16,6,,,
117724,8,4,4,,,
117725,4,5,4,,,
117726,16,16,16,,,
117727,9,2,2,,,
117728,24,24,24,,,
117729,16,16,16,,,
117730,30,30,30,,,
117731,5,30,30,,,
117732,24,10,10,,,
117733,30,30,30,,,
117734,30,30,30,,,
117735,16,16,16,,,
117736,5,34,5,,,
117737,31,24,24,,,
117738,16,16,16,,,
117739,38,38,38,,,
117740,4,4,5,,,
117741,24,30,30,,,
117742,24,24,24,,,
117743,24,24,24,,,
117744,16,16,16,,,
117745,24,34,34,,,
117746,24,16,24,,,
117747,4,37,5,,,
117748,16,16,16,,,
117749,31,31,31,,,
117750,24,16,26,,,
117751,16,16,16,,,
117752,16,16,16,,,
117753,16,16,16,,,
117754,24,24,16,,,
118181,34,20,20,,,
118184,4,23,4,,,
118241,16,16,16,,,
118268,16,16,24,,,
118283,16,16,16,,,
118303,16,16,16,,,
118332,16,16,16,,,
118333,16,16,16,,,
118335,16,16,16,,,
118336,16,16,16,,,
118351,16,16,16,,,
118353,16,16,16,,,
118397,16,16,16,,,
118405,24,16,16,,,
118416,31,30,30,,,
118418,24,24,24,,,
118420,28,28,28,,,
118421,4,4,4,,,
118422,4,4,4,,,
118423,2,2,2,,,
118424,9,9,9,,,
118425,16,16,16,,,
118426,3,3,10,,,
118427,2,2,2,,,
118428,30,30,30,,,
118429,13,34,10,,,
118430,28,4,4,,,
118431,24,16,16,,,
118432,25,16,24,,,
118433,28,28,28,,,
118434,34,34,34,,,
118435,16,16,16,,,
118436,28,28,28,,,
118437,16,16,24,,,
118438,35,5,5,,,
118439,24,24,24,,,
118440,27,16,16,,,
118441,30,30,30,,,
118442,24,24,24,,,
118443,24,24,24,,,
118444,24,24,24,,,
118445,24,16,16,,,
118446,28,36,28,,,
118447,8,4,4,,,
118448,28,28,28,,,
118449,16,16,16,,,
118450,36,36,36,,,
118453,28,28,28,,,
118454,38,3,38,,,
118455,16,16,16,,,
118456,4,16,24,,,
118457,16,16,16,,,
118458,16,16,16,,,
118459,10,24,24,,,
118460,8,16,24,,,
118461,16,16,16,,,
118462,8,28,28,,,
118463,16,16,16,,,
118464,16,16,16,,,
118465,24,34,5,,,
118466,19,19,19,,,
118467,28,28,28,,,
118468,16,16,16,,,
118469,16,16,16,,,
118470,28,28,28,,,
118471,30,30,30,,,
118472,24,16,16,,,
118473,8,8,8,,,
118474,16,16,16,,,
118475,2,2,2,,,
118476,24,16,16,,,
118477,13,24,24,,,
118478,30,30,30,,,
118479,16,16,16,,,
118480,24,16,24,,,
118481,16,16,27,,,
118482,16,16,16,,,
118483,24,16,16,,,
118484,24,24,24,,,
118485,29,4,28,,,
118487,16,16,24,,,
118488,24,16,16,,,
118489,28,28,28,,,
118490,30,30,30,,,
118491,24,24,24,,,
118492,16,16,4,,,
118493,34,34,5,,,
118494,16,16,16,,,
118495,36,36,36,,,
118496,30,30,30,,,
118497,5,5,5,,,
118498,29,5,8,,,
118499,17,16,16,,,
118501,30,30,30,,,
118502,24,24,24,,,
118503,30,30,30,,,
118504,24,24,24,,,
118505,16,16,16,,,
118506,24,24,24,,,
118507,5,36,34,,,
118508,30,30,30,,,
118509,25,16,25,,,
118510,24,24,24,,,
118511,24,24,24,,,
118512,30,30,30,,,
118513,24,30,30,,,
118514,30,30,30,,,
118515,30,30,30,,,
118517,34,34,34,,,
118518,10,10,10,,,
118519,27,16,16,,,
118520,24,16,24,,,
118521,24,24,10,,,
118522,9,34,9,,,
118523,24,16,16,,,
118524,22,30,30,,,
118525,24,24,30,,,
118526,30,30,30,,,
118527,5,4,4,,,
118528,24,24,24,,,
118529,17,16,16,,,
118530,13,24,24,,,
118531,24,24,24,,,
118532,16,24,34,,,
118539,16,16,16,,,
118541,30,30,30,,,
118545,4,4,4,,,
118551,26,20,26,,,
118553,13,26,10,,,
118557,28,28,28,,,
118558,30,30,30,,,
118559,28,28,28,,,
118580,16,16,16,,,
118600,8,8,8,,,
118605,24,24,24,,,
118621,19,10,10,,,
118631,16,16,16,,,
118645,28,20,28,,,
118649,30,30,30,,,
118650,28,28,28,,,
118658,2,10,10,,,
118660,25,16,16,,,
118684,30,30,30,,,
118694,16,16,16,,,
118734,16,16,16,,,
118739,16,16,16,,,
118779,19,28,24,,,
118782,28,28,28,,,
118786,30,30,30,,,
118790,24,24,4,,,
118791,16,16,16,,,
118792,24,24,24,,,
118793,28,28,28,,,
118794,16,16,16,,,
118795,3,4,4,,,
118797,31,34,34,,,
118798,4,10,10,,,
118800,16,16,16,,,
118801,4,23,23,,,
118802,8,8,8,,,
118803,39,39,39,,,
118804,16,16,16,,,
118805,16,16,16,,,
118807,24,24,10,,,
118808,9,34,9,,,
118811,6,30,30,,,
118813,24,24,24,,,
118815,8,24,24,,,
118816,16,16,16,,,
118817,24,24,24,,,
118818,28,28,28,,,
118820,16,16,16,,,
118822,24,24,24,,,
118823,16,16,16,,,
118824,16,24,16,,,
118825,31,24,24,,,
118826,26,26,31,,,
118827,36,36,36,,,
118828,31,24,24,,,
118829,24,24,24,,,
118830,25,24,24,,,
118831,30,30,30,,,
118832,16,16,16,,,
118833,16,16,16,,,
118834,7,24,24,,,
118835,4,28,4,,,
118836,16,16,16,,,
118837,24,30,30,,,
118838,24,24,26,,,
118840,31,24,10,,,
118841,24,24,24,,,
118842,25,16,16,,,
118843,16,16,16,,,
118844,16,16,16,,,
118845,28,28,28,,,
118846,30,30,30,,,
118847,6,16,16,,,
118848,28,28,28,,,
118849,8,27,27,,,
118850,16,16,16,,,
118851,5,24,10,,,
118852,24,24,24,,,
118853,30,30,30,,,
118854,27,27,27,,,
118855,30,3,16,,,
118856,28,28,28,,,
118857,24,30,10,,,
118858,27,10,10,,,
118859,11,34,34,,,
118860,24,24,10,,,
118861,30,30,30,,,
118862,4,26,4,,,
118863,26,26,26,,,
118864,16,16,16,,,
118865,24,24,24,,,
118866,5,8,8,,,
118867,4,30,16,,,
118868,27,19,19,,,
118869,16,16,16,,,
118870,16,16,16,,,
118871,16,16,27,,,
118872,8,5,8,,,
118873,34,34,34,,,
118874,24,30,30,,,
118875,16,16,16,,,
118876,24,24,24,,,
118877,27,27,27,,,
118878,20,24,24,,,
118879,3,26,4,,,
118880,24,24,24,,,
118881,3,4,8,,,
118882,24,28,24,,,
118883,16,16,16,,,
118884,16,24,24,,,
118885,24,16,16,,,
118887,24,24,10,,,
118888,24,24,24,,,
118889,24,24,26,,,
118890,27,5,5,,,
118891,30,30,30,,,
118892,24,24,24,,,
118893,16,16,16,,,
118894,24,16,16,,,
118895,16,16,16,,,
118896,30,30,30,,,
118897,16,16,16,,,
118898,16,30,30,,,
118899,16,16,16,,,
118900,33,2,2,,,
118901,16,16,16,,,
118902,16,16,16,,,
118903,24,34,24,,,
118904,24,28,19,,,
118905,27,16,16,,,
118906,24,34,34,,,
118907,25,16,25,,,
118908,4,24,4,,,
118909,27,16,27,,,
118910,24,10,10,,,
118911,9,34,9,,,
118912,34,34,34,,,
118913,28,28,28,,,
118914,26,24,26,,,
118915,30,30,30,,,
118916,24,24,4,,,
118917,30,30,30,,,
118918,28,8,8,,,
118919,8,8,8,,,
118920,31,30,30,,,
118921,23,23,23,,,
118922,24,5,5,,,
118924,24,24,24,,,
118925,24,16,4,,,
118926,24,34,34,,,
118927,28,28,28,,,
118928,16,16,16,,,
118929,24,30,16,,,
118930,23,23,23,,,
118931,34,36,36,,,
118932,24,24,24,,,
118933,24,16,16,,,
118934,23,23,23,,,
118935,18,24,24,,,
118936,16,24,16,,,
118937,10,10,10,,,
118938,16,16,16,,,
118939,10,24,24,,,
118940,16,16,16,,,
118941,30,30,30,,,
118942,37,5,5,,,
118943,38,38,38,,,
118944,24,24,24,,,
118945,17,16,16,,,
118946,8,24,24,,,
118947,24,16,16,,,
118948,37,2,5,,,
118949,30,30,30,,,
118950,28,28,28,,,
118951,24,38,23,,,
118952,16,16,16,,,
118953,16,16,16,,,
118954,24,24,24,,,
118956,16,16,16,,,
118957,24,24,24,,,
118958,4,30,31,,,
118959,16,16,16,,,
118960,24,16,16,,,
118963,28,28,28,,,
118964,10,10,10,,,
118965,24,24,24,,,
118966,36,10,10,,,
118967,16,16,27,,,
118968,16,16,16,,,
118969,10,10,10,,,
118970,24,24,24,,,
118971,24,16,24,,,
118972,23,30,30,,,
118973,22,2,22,,,
118974,16,16,16,,,
118975,16,24,24,,,
118976,24,16,16,,,
118977,24,16,16,,,
118978,28,28,28,,,
118979,24,24,30,,,
118980,24,24,28,,,
118981,24,24,24,,,
118982,28,28,28,,,
118983,24,30,30,,,
118984,3,3,4,,,
118985,24,16,16,,,
118986,24,10,24,,,
118987,30,30,30,,,
118988,31,24,24,,,
118989,11,10,19,,,
118990,30,30,30,,,
118991,24,24,27,,,
118992,26,26,16,,,
118993,34,24,24,,,
118994,24,24,24,,,
118995,28,8,28,,,
118996,39,36,39,,,
118997,16,16,16,,,
118998,30,30,30,,,
118999,34,34,34,,,
119000,24,16,30,,,
119001,34,36,36,,,
119002,16,16,16,,,
119003,37,24,24,,,
119004,24,10,24,,,
119005,22,10,10,,,
119006,16,16,27,,,
119007,24,16,24,,,
119008,27,24,27,,,
119009,36,36,36,,,
119010,28,28,28,,,
119011,10,24,10,,,
119012,30,30,30,,,
119013,4,5,4,,,
119014,4,4,4,,,
119015,24,24,24,,,
119016,27,16,16,,,
119017,4,16,4,,,
119018,27,16,27,,,
119019,24,24,10,,,
119020,24,24,24,,,
119021,34,34,37,,,
119022,26,26,26,,,
119023,30,30,30,,,
119024,16,16,16,,,
119025,38,38,38,,,
119026,30,30,30,,,
119027,16,16,16,,,
119028,27,16,16,,,
119029,16,16,16,,,
119030,1,16,16,,,
119031,16,16,16,,,
119032,27,16,27,,,
119033,4,4,4,,,
119034,24,24,4,,,
119035,16,10,10,,,
119036,16,24,16,,,
119367,2,2,2,,,
119452,27,24,27,,,
119607,30,30,30,,,
119692,28,4,8,,,
119707,24,24,24,,,
119708,39,20,20,,,
119710,19,24,19,,,
119719,31,24,24,,,
119721,10,10,10,,,
119722,16,16,16,,,
119725,28,28,28,,,
119727,4,4,4,,,
119729,16,16,16,,,
119730,8,4,8,,,
119731,19,16,16,,,
119732,16,16,16,,,
119733,16,30,16,,,
119734,4,5,5,,,
119735,16,16,16,,,
119736,10,24,30,,,
119737,28,28,28,,,
119738,24,16,16,,,
119739,30,30,30,,,
119740,4,5,5,,,
119741,30,30,30,,,
119742,19,19,19,,,
119743,16,16,16,,,
119744,24,24,24,,,
119745,24,24,4,,,
119746,28,28,28,,,
119747,26,24,24,,,
119748,2,10,10,,,
119749,5,5,5,,,
119750,27,27,27,,,
119751,19,24,19,,,
119752,16,16,24,,,
119753,16,16,16,,,
119754,6,26,26,,,
119755,26,24,26,,,
119756,16,16,16,,,
119757,22,30,30,,,
119759,30,30,30,,,
119760,16,16,16,,,
119761,30,30,30,,,
119762,28,28,28,,,
119763,16,16,16,,,
119764,24,24,24,,,
119765,16,16,16,,,
119766,19,19,19,,,
119767,34,20,20,,,
119768,4,30,30,,,
119769,24,34,34,,,
119770,30,30,30,,,
119771,24,24,24,,,
119772,26,24,16,,,
119773,16,16,16,,,
119774,16,16,16,,,
119775,19,10,10,,,
119776,23,23,38,,,
119777,30,30,30,,,
119778,28,28,28,,,
119779,16,16,16,,,
119780,24,30,4,,,
119782,24,24,24,,,
119783,28,28,28,,,
119784,27,24,27,,,
119785,3,26,26,,,
119786,25,16,28,,,
119787,36,36,36,,,
119788,16,16,24,,,
119789,16,16,16,,,
119790,24,24,24,,,
119791,13,31,31,,,
119792,1,8,8,,,
119793,10,30,30,,,
119794,13,23,6,,,
119795,30,30,30,,,
119796,24,5,5,,,
119797,6,30,30,,,
119798,24,24,10,,,
119800,30,30,30,,,
119801,24,24,24,,,
119802,16,16,16,,,
119803,24,24,24,,,
119804,28,28,28,,,
119805,24,24,24,,,
119806,16,16,16,,,
119807,37,37,5,,,
119808,30,30,30,,,
119809,30,30,30,,,
119810,16,16,16,,,
119811,30,30,30,,,
119820,8,19,19,,,
119822,16,16,16,,,
119836,11,5,5,,,
119847,8,8,8,,,
119849,36,36,36,,,
119865,30,30,30,,,
119873,8,5,5,,,
119889,6,16,16,,,
119921,24,24,24,,,
119938,24,24,24,,,
119949,16,16,24,,,
119953,24,24,24,,,
119965,5,5,5,,,
119988,30,30,30,,,
119991,24,24,24,,,
120006,30,30,30,,,
120024,2,2,2,,,
120033,16,16,16,,,
120034,16,16,16,,,
120039,33,2,2,,,
120051,30,30,30,,,
120059,4,4,4,,,
120080,30,30,30,,,
120110,2,10,2,,,
120118,16,16,16,,,
120125,27,16,16,,,
120126,30,30,30,,,
120127,16,16,16,,,
120128,31,30,30,,,
120129,16,16,16,,,
120131,16,16,16,,,
120132,31,24,31,,,
120133,34,34,34,,,
120134,24,24,24,,,
120135,12,10,10,,,
120136,10,19,19,,,
120138,24,24,24,,,
120139,10,10,10,,,
120140,16,16,16,,,
120141,6,23,6,,,
120143,33,2,2,,,
120145,16,16,16,,,
120146,10,10,10,,,
120147,24,24,24,,,
120148,16,16,16,,,
120149,24,24,24,,,
120150,30,30,30,,,
120151,24,24,24,,,
120152,6,16,16,,,
120153,24,16,16,,,
120154,26,26,31,,,
120155,10,10,10,,,
120156,16,16,16,,,
120157,23,23,38,,,
120158,30,30,30,,,
120160,24,16,24,,,
120161,5,5,5,,,
120162,16,16,16,,,
120163,24,24,24,,,
120164,24,30,24,,,
120165,24,24,24,,,
120166,30,30,30,,,
120167,26,26,26,,,
120168,28,28,28,,,
120169,16,16,16,,,
120170,31,24,24,,,
120171,24,16,16,,,
120172,24,24,24,,,
120173,16,16,16,,,
120174,22,10,4,,,
120175,16,16,16,,,
120176,16,16,16,,,
120177,30,30,30,,,
120178,16,16,16,,,
120179,30,30,30,,,
120180,24,24,24,,,
120181,30,30,30,,,
120182,34,34,34,,,
120183,24,24,24,,,
120184,3,10,10,,,
120185,31,24,31,,,
120186,16,16,16,,,
120187,16,16,16,,,
120188,27,27,27,,,
120189,10,10,10,,,
120190,36,36,36,,,
120191,24,24,24,,,
120192,24,16,24,,,
120193,10,30,30,,,
120194,23,10,23,,,
120195,24,16,24,,,
120196,24,24,24,,,
120197,10,10,27,,,
120198,30,30,30,,,
120199,24,10,24,,,
120200,16,16,16,,,
120201,2,10,10,,,
120202,24,24,24,,,
120203,26,26,26,,,
120204,24,24,24,,,
120205,24,10,10,,,
120206,16,16,16,,,
120207,24,24,16,,,
120208,36,34,39,,,
120209,24,30,30,,,
120210,10,10,10,,,
120211,30,30,30,,,
120212,30,30,24,,,
120213,2,2,22,,,
120214,27,24,27,,,
120215,25,28,16,,,
120216,38,38,38,,,
120217,4,16,4,,,
120218,16,16,16,,,
120219,24,24,24,,,
120220,16,16,16,,,
120221,33,2,2,,,
120222,30,30,30,,,
120223,16,24,24,,,
120224,34,34,34,,,
120225,22,2,2,,,
120226,10,10,10,,,
120227,24,24,24,,,
120228,30,30,30,,,
120229,25,16,16,,,
120230,23,23,23,,,
120231,24,16,16,,,
120232,16,16,16,,,
120233,24,24,24,,,
120234,30,30,30,,,
120236,24,24,24,,,
120237,24,16,16,,,
120238,24,16,16,,,
120239,28,8,28,,,
120240,28,28,28,,,
120241,24,30,30,,,
120242,10,10,10,,,
120243,16,16,16,,,
120244,17,16,19,,,
120245,25,16,25,,,
120246,20,16,20,,,
120247,16,16,16,,,
120248,30,30,30,,,
120249,24,10,10,,,
120250,24,28,28,,,
120251,4,4,4,,,
120252,30,30,30,,,
120253,5,5,5,,,
120254,28,28,28,,,
120255,24,24,24,,,
120256,16,16,16,,,
120257,16,16,16,,,
120258,24,10,24,,,
120259,30,30,30,,,
120260,10,24,24,,,
120261,36,36,36,,,
120262,28,28,28,,,
120263,28,28,28,,,
120264,16,16,16,,,
120266,10,10,10,,,
120267,36,36,36,,,
120268,16,16,16,,,
120269,24,24,24,,,
120270,16,16,16,,,
120271,24,24,24,,,
120272,28,28,28,,,
120273,24,16,16,,,
120274,21,23,19,,,
120275,31,30,30,,,
120276,24,24,24,,,
120277,3,26,27,,,
120278,24,16,16,,,
120279,16,16,16,,,
120280,28,28,28,,,
120281,24,24,24,,,
120282,24,24,24,,,
120283,24,24,24,,,
120284,28,28,28,,,
120285,38,38,38,,,
120286,28,28,28,,,
120287,36,36,36,,,
120288,28,8,8,,,
120289,36,10,36,,,
120290,10,10,10,,,
120291,30,16,16,,,
120292,16,16,16,,,
120293,33,9,9,,,
120294,16,16,16,,,
120295,30,30,30,,,
120296,16,16,16,,,
120297,10,10,10,,,
120298,28,28,28,,,
120299,10,16,16,,,
120300,33,9,9,,,
120301,9,34,34,,,
120302,24,4,4,,,
120303,24,24,24,,,
120304,26,26,31,,,
120305,37,36,4,,,
120306,4,4,4,,,
120307,24,24,24,,,
120308,16,16,16,,,
120309,28,8,8,,,
120310,16,16,16,,,
120311,34,26,20,,,
120312,8,5,5,,,
120313,24,30,30,,,
120314,33,5,19,,,
120315,23,23,23,,,
120316,16,16,16,,,
120317,28,28,28,,,
120318,16,16,16,,,
120319,16,16,16,,,
120320,8,4,4,,,
120321,8,8,8,,,
120322,24,24,24,,,
120323,26,26,26,,,
120324,8,24,24,,,
120325,28,28,28,,,
120326,39,20,20,,,
120327,33,2,22,,,
120328,34,34,34,,,
120329,8,8,8,,,
120330,10,16,16,,,
120331,24,24,26,,,
120332,8,28,28,,,
120333,36,36,36,,,
120334,26,24,24,,,
120335,24,24,24,,,
120336,24,24,24,,,
120337,5,5,5,,,
120338,16,16,16,,,
120339,28,28,28,,,
120340,16,16,16,,,
120341,24,24,24,,,
120342,24,37,34,,,
120343,16,16,19,,,
120344,16,16,16,,,
120345,16,16,16,,,
120346,16,16,16,,,
120394,34,24,5,,,
120625,10,10,10,,,
120786,28,28,28,,,
120816,16,24,24,,,
120867,16,16,16,,,
120880,16,16,16,,,
120919,23,23,23,,,
120925,16,16,16,,,
120948,16,16,16,,,
120960,26,26,26,,,
120963,6,26,3,,,
120973,24,24,27,,,
120986,16,16,16,,,
120995,24,30,30,,,
120997,16,16,16,,,
121000,30,30,30,,,
121013,29,8,28,,,
121014,10,24,24,,,
121015,6,10,10,,,
121016,2,23,2,,,
121017,16,16,16,,,
121018,4,16,4,,,
121019,24,24,24,,,
121020,28,28,28,,,
121021,8,5,5,,,
121022,16,16,16,,,
121024,4,4,4,,,
121025,28,28,8,,,
121026,28,16,24,,,
121027,24,4,4,,,
121028,16,16,16,,,
121029,37,5,4,,,
121031,30,30,30,,,
121032,4,26,4,,,
121033,26,28,26,,,
121034,28,28,28,,,
121036,24,24,16,,,
121037,8,8,8,,,
121038,16,16,16,,,
121039,16,16,16,,,
121040,19,24,24,,,
121041,9,9,9,,,
121043,27,27,27,,,
121044,16,16,16,,,
121045,16,16,16,,,
121046,27,24,27,,,
121047,10,10,10,,,
121048,23,30,30,,,
121049,13,30,10,,,
121050,19,4,4,,,
121051,24,24,24,,,
121052,33,2,2,,,
121053,24,24,16,,,
121054,16,16,16,,,
121055,16,16,16,,,
121056,2,2,2,,,
121057,24,34,34,,,
121058,5,4,4,,,
121059,30,16,16,,,
121060,28,4,36,,,
121061,24,16,16,,,
121062,4,28,4,,,
121063,16,16,16,,,
121064,24,24,24,,,
121065,16,16,16,,,
121066,24,16,16,,,
121067,23,5,28,,,
121068,16,16,16,,,
121069,4,36,36,,,
121070,10,30,30,,,
121071,16,16,16,,,
121072,16,16,16,,,
121073,24,16,16,,,
121074,28,16,16,,,
121075,16,16,16,,,
121076,31,30,30,,,
121078,16,16,16,,,
121079,16,16,16,,,
121080,16,16,16,,,
121081,16,16,16,,,
121082,27,16,16,,,
121083,24,24,24,,,
121084,23,16,16,,,
121085,20,34,34,,,
121086,8,28,8,,,
121087,18,8,8,,,
121088,25,16,16,,,
121089,31,30,30,,,
121090,16,16,16,,,
121091,27,27,27,,,
121092,16,16,16,,,
121093,16,16,16,,,
121094,36,36,36,,,
121095,16,16,16,,,
121096,24,24,24,,,
121097,24,10,24,,,
121098,27,16,27,,,
121099,39,34,9,,,
121100,16,16,16,,,
121101,13,19,19,,,
121102,18,16,13,,,
121103,26,34,26,,,
121104,16,16,16,,,
121105,16,16,16,,,
121106,24,24,24,,,
121107,16,16,16,,,
121108,24,24,24,,,
121109,24,24,24,,,
121110,24,20,9,,,
121112,39,34,34,,,
121113,30,30,30,,,
121114,30,30,30,,,
121115,24,24,24,,,
121116,24,24,24,,,
121117,13,10,36,,,
121118,27,27,27,,,
121119,30,30,30,,,
121120,16,16,16,,,
121121,30,30,30,,,
121122,24,24,24,,,
121123,30,30,10,,,
121124,24,24,24,,,
121125,19,10,2,,,
121126,19,19,19,,,
121127,24,34,24,,,
121128,24,16,24,,,
121129,24,16,16,,,
121130,4,4,4,,,
121131,24,19,24,,,
121132,16,16,16,,,
121133,24,16,16,,,
121134,16,16,16,,,
121139,10,10,10,,,
121185,16,16,16,,,
121196,37,30,30,,,
121205,16,16,16,,,
121214,24,24,24,,,
121216,26,26,26,,,
121226,23,23,23,,,
121243,30,30,30,,,
121248,22,2,2,,,
121265,30,30,30,,,
121273,10,24,10,,,
121286,4,4,4,,,
121296,23,38,31,,,
121300,16,16,16,,,
121327,16,16,16,,,
121328,24,28,28,,,
121332,37,30,30,,,
121376,36,5,8,,,
121401,13,24,24,,,
121402,16,16,16,,,
121403,8,5,8,,,
121404,30,30,30,,,
121406,16,16,16,,,
121409,30,30,30,,,
121410,24,8,8,,,
121412,24,16,24,,,
121413,28,28,28,,,
121414,27,27,27,,,
121415,13,24,24,,,
121416,16,16,16,,,
121419,17,16,16,,,
121420,16,16,16,,,
121421,24,24,24,,,
121422,24,24,24,,,
121423,28,28,28,,,
121424,9,20,34,,,
121426,16,16,16,,,
121428,30,24,30,,,
121429,24,24,24,,,
121430,16,16,16,,,
121431,24,5,5,,,
121432,16,16,16,,,
121433,16,16,16,,,
121434,16,16,16,,,
121435,20,34,5,,,
121436,16,16,16,,,
121437,31,30,31,,,
121438,16,16,16,,,
121439,24,24,16,,,
121440,24,24,16,,,
121441,16,16,16,,,
121442,4,28,28,,,
121443,8,16,16,,,
121444,24,16,16,,,
121445,4,4,4,,,
121447,30,30,30,,,
121448,30,30,10,,,
121449,1,24,31,,,
121450,24,24,24,,,
121451,16,16,16,,,
121452,31,31,31,,,
121453,30,30,30,,,
121454,11,24,10,,,
121455,10,30,10,,,
121456,30,30,30,,,
121457,30,24,24,,,
121458,28,28,28,,,
121459,26,24,26,,,
121460,16,16,16,,,
121461,16,16,16,,,
121462,27,27,27,,,
121463,16,16,16,,,
121464,23,30,30,,,
121465,30,30,30,,,
121466,16,16,16,,,
121467,30,30,30,,,
121468,16,16,16,,,
121469,24,24,10,,,
121470,4,16,16,,,
121471,18,19,19,,,
121472,24,24,10,,,
121473,30,16,16,,,
121474,24,24,24,,,
121475,30,30,30,,,
121476,34,28,34,,,
121477,3,26,26,,,
121478,16,16,27,,,
121479,30,30,30,,,
121480,24,24,24,,,
121481,30,30,30,,,
121482,2,2,22,,,
121483,27,27,27,,,
121484,1,16,16,,,
121485,28,28,28,,,
121486,26,26,26,,,
121487,24,24,24,,,
121488,3,38,38,,,
121489,24,24,24,,,
121490,24,24,30,,,
121491,16,16,16,,,
121492,24,16,16,,,
121493,7,24,24,,,
121494,16,16,16,,,
121495,24,24,10,,,
121496,24,10,10,,,
121497,16,16,16,,,
121498,30,30,30,,,
121499,30,30,30,,,
121500,8,8,8,,,
121501,30,30,30,,,
121502,24,16,16,,,
121503,24,24,24,,,
121504,16,16,16,,,
121505,22,2,2,,,
121506,16,16,16,,,
121507,30,30,30,,,
121508,28,28,28,,,
121509,27,27,27,,,
121510,24,24,24,,,
121511,30,30,30,,,
121512,24,16,4,,,
121513,26,30,30,,,
121514,28,28,28,,,
121515,24,24,24,,,
121516,2,2,2,,,
121517,16,16,16,,,
121518,24,30,31,,,
121519,23,5,5,,,
121520,33,30,2,,,
121521,31,24,31,,,
121522,24,16,16,,,
121523,24,16,16,,,
121524,16,16,16,,,
121525,16,16,16,,,
121526,16,16,16,,,
121527,16,16,16,,,
121528,16,16,16,,,
121529,16,30,16,,,
121530,9,34,9,,,
121531,24,24,4,,,
121532,10,24,30,,,
121533,28,28,8,,,
121534,24,24,24,,,
121535,25,16,25,,,
121536,24,24,24,,,
121537,9,9,9,,,
121538,34,9,34,,,
121539,31,26,26,,,
121540,27,19,19,,,
121541,24,16,16,,,
121542,16,16,16,,,
121543,5,2,23,,,
121544,16,16,16,,,
121546,8,8,8,,,
121547,24,10,10,,,
121548,16,16,16,,,
121550,21,23,23,,,
121551,16,16,16,,,
121552,24,16,24,,,
121553,28,28,28,,,
121554,16,16,16,,,
121555,16,31,16,,,
121556,24,4,8,,,
121557,33,2,2,,,
121558,28,24,28,,,
121559,10,24,10,,,
121560,31,24,30,,,
121561,33,9,9,,,
121562,24,24,4,,,
121563,16,16,16,,,
121564,24,24,24,,,
121565,6,10,10,,,
121566,16,16,24,,,
121567,24,16,16,,,
121568,26,26,26,,,
121569,34,34,34,,,
121570,28,8,8,,,
121571,24,24,24,,,
121572,28,28,28,,,
121573,24,24,24,,,
121574,30,30,30,,,
121575,24,30,30,,,
121576,34,36,36,,,
121577,24,16,16,,,
121578,24,24,24,,,
121579,6,30,30,,,
121580,16,16,16,,,
121581,26,30,26,,,
121582,34,9,9,,,
121583,24,24,24,,,
121584,28,28,8,,,
121585,24,24,24,,,
121586,33,2,34,,,
121587,24,24,24,,,
121588,24,24,24,,,
121589,27,16,16,,,
121590,37,5,5,,,
121591,24,24,24,,,
121592,5,28,9,,,
121593,8,5,5,,,
121594,16,16,16,,,
121595,10,22,36,,,
121596,5,10,10,,,
121597,27,16,16,,,
121598,24,24,16,,,
121599,24,24,24,,,
121600,2,33,2,,,
121601,27,16,27,,,
121602,24,16,16,,,
121603,24,24,24,,,
121604,27,10,27,,,
121605,31,24,24,,,
121606,39,34,34,,,
121607,28,28,28,,,
121608,10,10,10,,,
121609,27,16,27,,,
121610,16,16,16,,,
121611,37,23,5,,,
121612,16,16,16,,,
121613,5,5,4,,,
121614,10,24,10,,,
121615,24,16,16,,,
121616,16,24,24,,,
121617,24,30,30,,,
121618,16,16,16,,,
121619,24,28,24,,,
122092,30,30,30,,,
122125,37,26,27,,,
122130,16,16,16,,,
122159,16,16,16,,,
122201,24,10,36,,,
122208,28,28,28,,,
122224,13,10,10,,,
122233,24,10,24,,,
122256,30,30,30,,,
122267,2,2,2,,,
122269,28,28,28,,,
122272,35,8,5,,,
122276,11,34,34,,,
122277,5,5,8,,,
122278,24,36,36,,,
122279,6,30,16,,,
122280,16,16,16,,,
122281,24,24,24,,,
122282,24,24,24,,,
122283,36,36,36,,,
122284,5,16,16,,,
122285,1,16,16,,,
122286,24,24,24,,,
122287,5,5,4,,,
122288,16,16,16,,,
122289,27,10,27,,,
122291,23,23,31,,,
122292,24,24,24,,,
122293,24,24,10,,,
122294,24,24,24,,,
122295,19,5,27,,,
122296,26,26,26,,,
122297,16,16,16,,,
122298,16,16,16,,,
122299,5,28,5,,,
122300,5,26,4,,,
122301,28,28,28,,,
122302,24,16,16,,,
122303,8,28,8,,,
122304,30,30,30,,,
122305,16,16,16,,,
122306,24,24,24,,,
122307,4,4,4,,,
122308,28,28,28,,,
122310,3,26,8,,,
122311,24,16,16,,,
122312,16,16,16,,,
122313,24,24,16,,,
122314,13,16,24,,,
122315,16,16,16,,,
122316,16,16,16,,,
122317,16,16,16,,,
122318,28,28,28,,,
122319,30,26,38,,,
122320,16,16,16,,,
122321,26,26,26,,,
122324,33,33,9,,,
122325,24,24,24,,,
122326,31,37,31,,,
122327,16,30,30,,,
122328,30,24,30,,,
122329,16,16,16,,,
122330,27,16,13,,,
122331,2,2,2,,,
122332,16,16,16,,,
122333,16,16,16,,,
122334,16,16,16,,,
122336,2,2,2,,,
122337,16,16,16,,,
122338,27,16,16,,,
122339,28,28,28,,,
122340,16,16,16,,,
122342,11,19,19,,,
122343,17,16,16,,,
122344,24,10,24,,,
122345,10,10,10,,,
122346,24,30,24,,,
122347,6,16,16,,,
122348,8,28,8,,,
122349,30,24,24,,,
122350,36,36,36,,,
122351,28,28,28,,,
122352,31,26,26,,,
122353,24,16,16,,,
122354,31,24,16,,,
122355,23,10,23,,,
122356,30,30,30,,,
122357,30,30,30,,,
122358,27,24,10,,,
122359,4,36,4,,,
122360,8,8,8,,,
122361,24,30,30,,,
122362,25,16,25,,,
122363,16,16,16,,,
122364,16,16,16,,,
122365,24,16,16,,,
122366,24,24,24,,,
122367,24,24,4,,,
122368,23,2,22,,,
122369,30,30,30,,,
122370,34,34,34,,,
122371,16,16,16,,,
122372,24,24,24,,,
122373,16,16,16,,,
122374,24,30,30,,,
122375,0,28,28,,,
122376,16,16,16,,,
122377,24,24,24,,,
122378,36,36,36,,,
122379,24,24,24,,,
122380,24,24,24,,,
122381,24,24,24,,,
122382,16,16,16,,,
122383,16,16,16,,,
122384,24,24,26,,,
122385,30,30,30,,,
122386,16,16,16,,,
122387,5,5,5,,,
122393,27,24,10,,,
122410,17,16,16,,,
122418,30,30,30,,,
122422,16,16,16,,,
122425,16,16,16,,,
122431,24,28,34,,,
122449,24,24,26,,,
122454,24,30,30,,,
122458,4,28,4,,,
122462,31,16,16,,,
122477,5,5,5,,,
122479,24,16,16,,,
122483,16,16,16,,,
122487,24,19,5,,,
122491,24,24,24,,,
122493,16,16,16,,,
122498,24,24,24,,,
122501,20,20,20,,,
122503,16,16,16,,,
122532,16,16,16,,,
122561,30,30,30,,,
122563,20,36,36,,,
122594,30,30,30,,,
122599,24,16,24,,,
122609,30,30,30,,,
122619,24,24,24,,,
122629,30,30,30,,,
122641,16,16,28,,,
122654,16,16,16,,,
122666,13,24,24,,,
122668,16,16,16,,,
122672,34,34,34,,,
122684,31,30,30,,,
122685,16,16,16,,,
122686,16,30,16,,,
122689,16,16,16,,,
122690,36,36,36,,,
122691,30,30,30,,,
122692,16,16,16,,,
122693,24,24,24,,,
122694,24,10,10,,,
122695,24,10,10,,,
122697,30,30,30,,,
122698,30,30,30,,,
122699,16,16,16,,,
122700,10,10,10,,,
122702,34,34,34,,,
122703,27,27,27,,,
122704,8,8,8,,,
122705,24,24,24,,,
122706,30,30,30,,,
122707,4,30,30,,,
122710,5,34,34,,,
122711,5,5,8,,,
122714,11,10,10,,,
122715,16,16,16,,,
122716,24,24,24,,,
122717,16,16,16,,,
122718,16,16,16,,,
122719,16,16,16,,,
122720,4,5,4,,,
122721,3,30,16,,,
122722,16,16,16,,,
122723,27,10,27,,,
122724,31,26,38,,,
122725,28,28,28,,,
122726,5,36,36,,,
122727,16,16,16,,,
122728,16,16,16,,,
122729,27,27,27,,,
122730,27,16,27,,,
122733,24,24,24,,,
122735,6,31,16,,,
122736,8,28,28,,,
122737,24,24,24,,,
122738,34,34,34,,,
122739,34,34,39,,,
122740,16,16,16,,,
122741,24,30,30,,,
122742,24,30,16,,,
122743,24,36,36,,,
122744,30,30,30,,,
122745,30,30,30,,,
122746,4,4,3,,,
122747,30,26,3,,,
122749,16,16,16,,,
122750,16,16,16,,,
122751,16,16,16,,,
122752,10,24,10,,,
122754,6,31,6,,,
122755,16,16,16,,,
122756,5,28,28,,,
122758,28,24,34,,,
122759,34,34,34,,,
122760,23,4,4,,,
122761,16,16,16,,,
122762,30,30,30,,,
122763,24,24,16,,,
122764,24,24,24,,,
122765,8,26,26,,,
122766,30,30,30,,,
122767,24,16,16,,,
122768,16,16,16,,,
122769,24,16,16,,,
122770,8,28,8,,,
122771,16,16,16,,,
122772,24,24,24,,,
122773,24,16,16,,,
122774,26,30,30,,,
122775,8,5,8,,,
122776,2,2,10,,,
122777,5,4,4,,,
122778,2,2,2,,,
122779,30,30,30,,,
122780,4,24,4,,,
122781,16,16,16,,,
122782,24,24,24,,,
122783,24,24,24,,,
122784,16,16,16,,,
122785,31,30,31,,,
122786,28,28,28,,,
122787,13,24,24,,,
122788,16,16,16,,,
122789,27,24,24,,,
122790,8,24,24,,,
122791,8,4,8,,,
122792,8,4,4,,,
122793,4,4,4,,,
122794,30,30,30,,,
122795,24,16,16,,,
122796,24,24,16,,,
122797,4,28,28,,,
122798,24,24,24,,,
122799,24,24,10,,,
122800,24,24,24,,,
122801,16,16,16,,,
122802,39,34,20,,,
122803,30,30,30,,,
122804,24,16,16,,,
122806,5,5,5,,,
122807,16,16,16,,,
122808,24,24,24,,,
122809,24,24,16,,,
122810,28,28,28,,,
122811,28,28,28,,,
122812,30,30,30,,,
122813,26,30,30,,,
122814,24,10,10,,,
122815,30,30,30,,,
122816,2,36,2,,,
122817,27,16,16,,,
122818,24,30,16,,,
122819,8,28,28,,,
122820,24,24,24,,,
122821,30,30,10,,,
122822,24,16,24,,,
122823,24,16,24,,,
122824,30,30,30,,,
122825,24,24,24,,,
122826,24,24,24,,,
122827,34,34,34,,,
122828,30,30,30,,,
122829,30,30,30,,,
122830,25,16,16,,,
122831,16,16,16,,,
122832,4,4,4,,,
122833,8,8,8,,,
122834,16,16,16,,,
122835,30,30,30,,,
122836,30,30,30,,,
122837,27,16,16,,,
122838,30,30,30,,,
122839,30,30,30,,,
122840,24,24,30,,,
122841,24,24,24,,,
122842,31,30,30,,,
122843,16,16,16,,,
122844,30,30,30,,,
122845,28,26,10,,,
122846,24,24,24,,,
122847,24,24,24,,,
122848,4,4,4,,,
122849,16,16,16,,,
122850,24,16,24,,,
122851,16,16,16,,,
122852,4,16,16,,,
122853,16,16,16,,,
122854,13,24,24,,,
122855,24,24,24,,,
122856,8,16,16,,,
122857,16,16,16,,,
122858,30,30,30,,,
122859,16,16,16,,,
122860,34,34,39,,,
122861,8,8,8,,,
122862,38,38,38,,,
122863,20,20,20,,,
122865,16,16,16,,,
122866,24,16,16,,,
122868,2,2,2,,,
122869,28,28,28,,,
122870,23,5,22,,,
122871,31,24,31,,,
122872,30,30,30,,,
122873,6,23,23,,,
122874,16,16,16,,,
122875,3,26,26,,,
122876,16,16,27,,,
122877,16,16,16,,,
122878,16,16,16,,,
122879,27,16,27,,,
122880,30,30,31,,,
122881,22,5,5,,,
122882,16,16,16,,,
122883,16,16,27,,,
122884,27,16,27,,,
122885,1,8,8,,,
122886,4,4,4,,,
122887,22,2,2,,,
122888,39,39,9,,,
122889,16,16,16,,,
122890,3,10,10,,,
122891,8,24,8,,,
122892,34,34,20,,,
122893,28,28,28,,,
122894,24,24,24,,,
122895,23,4,23,,,
122896,4,4,4,,,
122897,16,16,16,,,
122898,24,16,16,,,
122899,28,8,28,,,
122900,23,26,26,,,
122901,23,4,38,,,
122902,30,30,30,,,
122903,36,10,36,,,
122904,30,30,30,,,
122905,13,19,10,,,
122906,24,24,24,,,
122907,24,30,30,,,
122908,6,26,26,,,
122909,25,16,16,,,
122910,28,28,28,,,
122911,4,5,8,,,
122912,24,24,27,,,
122913,30,30,30,,,
122914,25,16,16,,,
122915,24,24,24,,,
122916,24,16,24,,,
122917,5,5,5,,,
122918,27,34,27,,,
122919,30,30,30,,,
122920,3,24,24,,,
122921,24,24,10,,,
122922,16,24,16,,,
122923,3,38,3,,,
122924,10,24,10,,,
122925,16,16,16,,,
122926,30,30,30,,,
122927,24,24,24,,,
122928,34,34,34,,,
122929,27,16,16,,,
122930,24,24,16,,,
122931,3,4,26,,,
122932,5,5,5,,,
122933,30,30,30,,,
122934,30,30,30,,,
122935,24,10,24,,,
122936,16,16,16,,,
122937,34,34,34,,,
122938,24,16,24,,,
122939,16,16,16,,,
122940,16,16,16,,,
122941,16,16,27,,,
122942,26,26,26,,,
122944,16,28,16,,,
122945,28,28,28,,,
122946,11,37,5,,,
122947,34,34,34,,,
122948,24,24,24,,,
122949,30,30,30,,,
123275,24,24,24,,,
123359,27,27,27,,,
123375,34,34,34,,,
123461,4,4,4,,,
123473,28,28,28,,,
123559,21,4,4,,,
123572,4,28,5,,,
123592,16,16,16,,,
123603,31,24,24,,,
123610,16,16,16,,,
123618,26,26,26,,,
123625,26,26,38,,,
123634,8,28,8,,,
123637,16,16,16,,,
123638,4,8,4,,,
123639,16,16,16,,,
123641,10,30,16,,,
123642,16,16,16,,,
123644,30,24,24,,,
123645,30,30,30,,,
123646,8,26,26,,,
123648,28,28,28,,,
123649,16,24,24,,,
123650,5,16,24,,,
123651,0,19,5,,,
123652,16,16,16,,,
123653,39,19,34,,,
123654,28,28,28,,,
123655,28,28,28,,,
123656,34,36,34,,,
123657,28,28,28,,,
123658,8,8,8,,,
123659,19,19,19,,,
123660,24,24,24,,,
123661,24,24,24,,,
123662,4,24,4,,,
123663,23,24,10,,,
123664,24,24,24,,,
123667,13,24,30,,,
123668,26,26,26,,,
123669,30,30,30,,,
123670,34,28,34,,,
123671,16,16,16,,,
123672,30,30,30,,,
123673,27,27,27,,,
123674,5,16,24,,,
123675,24,24,24,,,
123676,24,36,36,,,
123677,19,19,8,,,
123678,16,16,16,,,
123679,10,2,10,,,
123680,27,27,27,,,
123681,4,4,4,,,
123682,16,16,16,,,
123683,19,28,28,,,
123684,30,30,30,,,
123685,16,16,16,,,
123686,28,28,28,,,
123687,4,24,4,,,
123688,27,27,27,,,
123689,27,16,27,,,
123690,28,28,28,,,
123691,16,16,16,,,
123692,24,24,10,,,
123693,24,16,16,,,
123694,16,16,16,,,
123695,30,30,30,,,
123696,16,16,16,,,
123697,36,30,30,,,
123698,16,16,16,,,
123699,16,16,16,,,
123700,37,2,37,,,
123701,16,16,16,,,
123702,24,24,10,,,
123703,31,24,31,,,
123704,3,26,26,,,
123705,16,16,16,,,
123706,16,16,16,,,
123707,16,16,16,,,
123708,16,16,16,,,
123709,24,24,24,,,
123710,13,34,34,,,
123711,24,24,24,,,
123712,16,16,16,,,
123713,27,27,27,,,
123714,24,24,24,,,
123715,34,26,5,,,
123716,16,16,16,,,
123717,4,34,4,,,
123718,16,16,16,,,
123719,24,24,24,,,
123720,9,9,39,,,
123721,5,5,5,,,
123722,4,23,23,,,
123723,16,16,16,,,
123725,16,16,16,,,
123726,24,24,24,,,
123727,33,2,2,,,
123728,16,16,16,,,
123729,16,16,16,,,
123730,28,24,28,,,
123731,16,24,24,,,
123732,24,16,24,,,
123733,9,34,34,,,
123734,30,30,30,,,
123735,6,16,27,,,
123736,24,24,16,,,
123737,24,24,24,,,
123738,4,4,4,,,
123739,8,5,8,,,
123740,24,30,30,,,
123741,24,36,36,,,
123742,16,16,16,,,
123743,3,23,27,,,
123744,16,16,27,,,
123745,30,30,30,,,
123746,30,30,30,,,
123747,31,24,24,,,
123748,24,24,24,,,
123749,16,16,16,,,
123750,19,19,27,,,
123751,30,24,30,,,
123752,24,24,24,,,
123753,10,24,10,,,
123754,24,24,4,,,
123756,19,4,8,,,
123757,10,30,10,,,
123758,4,4,4,,,
123759,24,24,24,,,
123796,30,30,30,,,
123811,24,10,10,,,
123824,16,16,16,,,
123831,28,36,28,,,
123848,13,24,24,,,
123853,16,16,16,,,
123857,2,2,10,,,
123860,24,24,24,,,
123866,25,16,16,,,
123874,9,34,34,,,
123881,27,24,27,,,
123890,24,24,10,,,
123952,16,16,16,,,
123955,1,16,16,,,
123961,30,24,30,,,
123968,25,16,16,,,
124004,30,30,30,,,
124005,4,16,4,,,
124011,30,30,30,,,
124045,16,16,16,,,
124047,24,24,24,,,
124051,27,16,16,,,
124058,30,24,16,,,
124059,24,16,16,,,
124060,24,16,26,,,
124061,28,8,28,,,
124062,6,30,30,,,
124063,24,24,24,,,
124064,30,30,30,,,
124065,16,16,16,,,
124066,16,16,16,,,
124067,30,30,30,,,
124068,30,30,30,,,
124069,13,16,16,,,
124070,24,24,10,,,
124071,28,28,28,,,
124072,24,24,10,,,
124073,30,30,30,,,
124074,2,2,2,,,
124075,4,4,4,,,
124076,27,27,27,,,
124078,16,16,16,,,
124079,24,16,16,,,
124080,24,30,30,,,
124082,36,36,36,,,
124083,16,16,16,,,
124084,24,16,24,,,
124085,24,24,24,,,
124086,2,36,36,,,
124087,5,5,5,,,
124088,3,26,26,,,
124089,2,2,10,,,
124090,28,28,28,,,
124091,5,5,34,,,
124092,23,31,30,,,
124093,28,28,28,,,
124094,23,30,30,,,
124097,30,30,30,,,
124098,28,28,28,,,
124099,2,2,10,,,
124100,16,16,16,,,
124101,16,16,16,,,
124102,19,19,19,,,
124103,24,16,16,,,
124104,24,24,26,,,
124105,30,30,30,,,
124106,16,16,16,,,
124107,23,23,23,,,
124108,16,16,16,,,
124109,4,8,8,,,
124110,23,23,3,,,
124111,30,30,30,,,
124112,16,16,16,,,
124113,31,30,30,,,
124114,28,28,28,,,
124115,1,16,16,,,
124116,16,16,16,,,
124117,1,16,16,,,
124118,24,24,24,,,
124119,24,24,24,,,
124121,10,24,24,,,
124122,33,30,10,,,
124123,16,16,16,,,
124125,30,24,30,,,
124126,13,10,10,,,
124127,30,30,30,,,
124128,30,30,30,,,
124129,16,16,16,,,
124130,24,30,30,,,
124131,30,30,30,,,
124132,30,26,26,,,
124133,30,30,30,,,
124134,30,30,30,,,
124135,27,16,27,,,
124136,3,5,8,,,
124137,24,30,30,,,
124138,16,16,16,,,
124139,27,16,27,,,
124140,39,20,20,,,
124141,30,30,30,,,
124142,24,24,24,,,
124143,24,16,16,,,
124144,24,10,10,,,
124145,3,30,30,,,
124146,8,5,5,,,
124147,30,16,30,,,
124148,24,4,5,,,
124149,30,30,30,,,
124150,16,16,16,,,
124151,24,24,24,,,
124152,24,24,16,,,
124153,30,16,16,,,
124154,30,30,30,,,
124155,8,5,8,,,
124156,16,16,16,,,
124157,24,24,24,,,
124158,21,4,4,,,
124159,24,16,16,,,
124160,24,26,16,,,
124161,30,30,30,,,
124162,16,16,16,,,
124163,16,30,16,,,
124164,31,30,30,,,
124165,16,30,16,,,
124166,28,28,28,,,
124167,10,34,10,,,
124168,24,24,24,,,
124169,24,20,24,,,
124170,26,24,34,,,
124171,31,30,38,,,
124172,24,24,24,,,
124173,24,24,16,,,
124174,10,30,30,,,
124175,24,24,24,,,
124176,30,30,30,,,
124177,34,34,34,,,
124178,16,16,16,,,
124179,24,24,24,,,
124180,9,34,34,,,
124181,6,30,30,,,
124182,24,24,24,,,
124183,24,16,16,,,
124184,30,30,30,,,
124185,8,5,5,,,
124186,11,10,10,,,
124187,16,16,16,,,
124188,37,26,4,,,
124189,27,24,27,,,
124190,28,28,28,,,
124191,10,10,10,,,
124192,36,36,36,,,
124193,16,16,16,,,
124194,20,34,34,,,
124195,24,16,16,,,
124196,34,34,34,,,
124197,10,10,10,,,
124198,24,24,24,,,
124199,30,30,30,,,
124200,1,16,16,,,
124201,30,30,30,,,
124202,24,16,16,,,
124203,24,24,24,,,
124204,16,16,16,,,
124205,26,24,26,,,
124206,30,30,30,,,
124207,24,24,10,,,
124208,26,26,26,,,
124209,8,4,8,,,
124210,7,34,5,,,
124211,4,16,24,,,
124212,30,24,24,,,
124213,25,16,16,,,
124214,6,16,27,,,
124215,28,19,19,,,
124216,16,16,16,,,
124217,37,24,37,,,
124218,16,16,16,,,
124219,3,4,4,,,
124220,16,16,16,,,
124221,16,16,16,,,
124222,30,30,30,,,
124223,16,16,16,,,
124224,24,16,24,,,
124225,16,16,16,,,
124226,24,16,24,,,
124227,23,38,38,,,
124228,24,24,24,,,
124229,30,30,30,,,
124230,16,16,16,,,
124231,30,30,30,,,
124232,10,30,16,,,
124233,16,16,16,,,
124234,24,24,10,,,
124235,30,30,30,,,
124236,16,16,16,,,
124237,16,16,16,,,
124238,16,16,16,,,
124239,16,16,16,,,
124240,18,2,24,,,
124241,27,16,16,,,
124242,16,16,16,,,
124243,16,16,16,,,
124244,24,24,28,,,
124245,8,8,8,,,
124246,23,23,22,,,
124247,16,16,16,,,
124248,24,24,5,,,
124249,26,26,26,,,
124250,16,24,24,,,
124251,28,28,28,,,
124252,30,30,30,,,
124253,25,16,16,,,
124254,16,16,16,,,
124255,4,2,2,,,
124256,24,24,5,,,
124257,16,16,16,,,
124258,16,16,16,,,
124259,24,24,24,,,
124260,26,30,26,,,
124261,4,4,4,,,
124262,33,34,9,,,
124263,28,28,28,,,
124264,24,24,24,,,
124265,4,4,4,,,
124266,5,37,31,,,
124267,4,5,4,,,
124268,24,24,24,,,
124269,28,28,28,,,
124270,6,16,16,,,
124271,30,30,30,,,
124272,24,27,19,,,
124273,28,28,28,,,
124274,24,24,24,,,
124275,30,30,10,,,
124276,24,24,24,,,
124277,31,30,30,,,
124278,24,24,24,,,
124279,24,24,24,,,
124280,24,24,24,,,
124281,24,16,16,,,
124282,24,16,16,,,
124283,24,24,24,,,
124284,24,16,16,,,
124285,6,16,16,,,
124286,10,30,30,,,
124287,4,3,10,,,
124288,30,30,30,,,
124289,2,2,2,,,
124290,27,27,27,,,
124291,24,24,24,,,
124292,27,30,27,,,
124293,4,4,4,,,
124294,30,30,30,,,
124295,24,24,10,,,
124296,27,27,27,,,
124297,24,16,16,,,
124298,23,2,10,,,
124299,24,24,10,,,
124300,24,24,24,,,
124301,24,24,24,,,
124302,24,24,24,,,
124303,24,24,26,,,
124304,27,24,27,,,
124305,27,10,10,,,
124306,30,30,30,,,
124307,24,16,16,,,
124308,30,30,30,,,
124309,16,16,16,,,
124310,13,24,24,,,
124311,16,16,16,,,
124312,38,38,38,,,
124313,24,24,26,,,
124314,30,30,30,,,
124315,30,30,30,,,
124655,24,24,24,,,
124740,16,16,16,,,
124747,26,26,26,,,
124858,16,16,24,,,
124864,27,27,27,,,
124867,16,16,16,,,
124888,0,24,24,,,
124890,16,16,16,,,
124926,34,34,34,,,
124933,30,30,30,,,
124934,16,16,16,,,
124964,24,24,24,,,
124983,24,24,24,,,
124985,28,28,28,,,
124986,26,26,26,,,
124996,2,24,23,,,
124998,28,8,27,,,
124999,16,16,16,,,
125000,16,16,16,,,
125001,24,16,16,,,
125003,24,24,24,,,
125004,23,23,23,,,
125005,24,16,16,,,
125006,14,9,9,,,
125007,34,34,34,,,
125008,24,24,24,,,
125009,24,24,24,,,
125010,27,27,27,,,
125011,24,24,10,,,
125012,24,24,10,,,
125013,24,10,10,,,
125014,19,19,27,,,
125015,16,16,16,,,
125016,3,26,26,,,
125017,24,24,24,,,
125018,2,2,2,,,
125019,26,5,8,,,
125020,24,24,24,,,
125021,27,16,16,,,
125022,0,28,24,,,
125023,4,4,4,,,
125024,8,8,8,,,
125025,24,24,24,,,
125026,4,5,4,,,
125027,36,5,24,,,
125028,27,27,27,,,
125029,10,30,30,,,
125030,30,30,30,,,
125031,21,30,16,,,
125032,16,16,16,,,
125033,24,24,10,,,
125034,16,16,16,,,
125035,28,28,28,,,
125036,16,16,16,,,
125037,30,30,30,,,
125038,8,4,4,,,
125039,28,28,28,,,
125040,27,24,24,,,
125041,16,16,16,,,
125042,28,28,28,,,
125043,18,24,24,,,
125044,16,16,16,,,
125045,27,23,19,,,
125046,24,10,10,,,
125047,30,30,30,,,
125048,8,28,28,,,
125049,16,16,16,,,
125050,16,16,24,,,
125051,16,16,16,,,
125052,36,34,36,,,
125053,30,30,30,,,
125054,24,16,16,,,
125055,30,16,16,,,
125056,16,16,16,,,
125057,27,16,27,,,
125058,4,16,4,,,
125059,16,16,16,,,
125060,16,16,16,,,
125061,16,16,16,,,
125062,34,34,34,,,
125063,10,23,23,,,
125064,16,16,16,,,
125065,24,16,16,,,
125066,34,34,34,,,
125067,25,24,30,,,
125068,16,16,16,,,
125069,24,16,16,,,
125070,30,30,30,,,
125071,16,16,16,,,
125072,16,16,16,,,
125073,4,23,4,,,
125074,30,24,30,,,
125075,13,24,24,,,
125076,24,24,10,,,
125077,24,24,24,,,
125078,16,16,16,,,
125079,36,34,36,,,
125080,26,34,34,,,
125081,34,34,34,,,
125082,30,30,30,,,
125083,36,36,36,,,
125084,30,30,30,,,
125085,6,3,4,,,
125086,31,30,30,,,
125087,24,24,24,,,
125088,9,9,9,,,
125089,16,16,16,,,
125090,24,16,24,,,
125091,16,16,16,,,
125092,16,16,16,,,
125093,16,16,16,,,
125094,24,24,24,,,
125095,13,24,13,,,
125096,24,36,36,,,
125097,16,16,16,,,
125098,16,16,16,,,
125099,10,26,36,,,
125100,16,16,16,,,
125101,24,24,24,,,
125102,4,16,24,,,
125103,37,37,37,,,
125104,30,30,31,,,
125105,3,26,26,,,
125106,4,4,4,,,
125107,10,24,24,,,
125110,24,16,16,,,
125145,36,34,34,,,
125159,16,16,16,,,
125169,30,30,30,,,
125171,1,16,16,,,
125174,30,30,30,,,
125177,26,26,26,,,
125205,26,5,26,,,
125216,31,31,30,,,
125221,10,10,36,,,
125223,30,30,30,,,
125226,24,28,28,,,
125249,17,16,16,,,
125250,30,30,30,,,
125256,30,30,30,,,
125257,6,37,5,,,
125273,24,16,16,,,
125275,24,24,24,,,
125286,23,23,23,,,
125290,27,27,27,,,
125310,8,8,8,,,
125315,5,24,24,,,
125317,30,30,30,,,
125337,2,2,2,,,
125339,30,30,30,,,
125358,7,24,24,,,
125359,39,34,20,,,
125393,24,24,27,,,
125396,24,28,28,,,
125398,16,16,16,,,
125399,2,2,2,,,
125400,16,16,16,,,
125401,8,8,8,,,
125403,16,16,16,,,
125405,27,27,16,,,
125406,11,19,19,,,
125407,16,16,16,,,
125408,22,2,2,,,
125409,30,30,30,,,
125410,10,24,24,,,
125412,34,34,34,,,
125413,24,24,24,,,
125414,31,24,24,,,
125415,27,16,27,,,
125416,2,2,2,,,
125417,25,16,16,,,
125418,27,27,27,,,
125419,2,2,2,,,
125421,24,24,24,,,
125422,16,16,16,,,
125423,24,24,24,,,
125424,3,26,26,,,
125426,24,24,24,,,
125427,31,16,37,,,
125428,16,16,16,,,
125429,24,24,24,,,
125430,24,16,16,,,
125431,16,16,16,,,
125433,30,30,30,,,
125434,31,24,24,,,
125435,16,16,16,,,
125436,22,2,37,,,
125437,16,16,16,,,
125438,10,10,10,,,
125439,6,16,16,,,
125440,37,34,31,,,
125443,10,24,10,,,
125444,3,16,16,,,
125445,24,24,16,,,
125446,6,16,6,,,
125447,26,26,4,,,
125448,8,28,28,,,
125449,24,24,24,,,
125450,5,37,37,,,
125451,30,30,30,,,
125452,30,30,30,,,
125453,16,16,16,,,
125454,16,16,16,,,
125455,27,16,16,,,
125456,16,16,16,,,
125457,24,30,10,,,
125458,26,30,24,,,
125459,31,24,24,,,
125460,37,37,31,,,
125461,30,30,30,,,
125462,10,24,24,,,
125463,24,24,24,,,
125464,24,16,24,,,
125465,30,30,30,,,
125466,16,16,16,,,
125467,24,16,16,,,
125468,24,24,24,,,
125469,24,24,27,,,
125470,30,30,30,,,
125471,24,24,24,,,
125472,16,16,16,,,
125473,23,38,38,,,
125474,4,4,4,,,
125476,16,16,16,,,
125477,16,16,16,,,
125478,5,16,5,,,
125479,16,16,16,,,
125480,8,8,8,,,
125481,24,24,24,,,
125482,28,28,28,,,
125483,31,10,10,,,
125484,16,16,16,,,
125485,4,23,4,,,
125486,16,16,16,,,
125487,30,30,30,,,
125488,30,30,30,,,
125489,30,30,30,,,
125490,27,16,27,,,
125491,34,34,24,,,
125492,16,16,16,,,
125493,16,16,16,,,
125494,27,30,16,,,
125495,24,24,16,,,
125496,30,30,30,,,
125497,10,30,30,,,
125498,30,30,30,,,
125499,24,24,24,,,
125500,24,30,30,,,
125501,16,16,16,,,
125502,4,16,16,,,
125504,27,16,27,,,
125505,4,4,4,,,
125506,24,24,24,,,
125507,24,24,24,,,
125508,24,16,16,,,
125509,16,16,16,,,
125510,16,16,24,,,
125511,24,24,24,,,
125512,4,4,8,,,
125513,16,16,27,,,
125514,16,16,16,,,
125515,6,4,3,,,
125516,24,24,10,,,
125517,5,19,5,,,
125518,19,19,19,,,
125519,5,4,4,,,
125520,30,30,30,,,
125521,16,16,16,,,
125522,24,16,24,,,
125523,1,30,30,,,
125524,16,16,16,,,
125525,16,16,16,,,
125526,3,4,4,,,
125527,16,16,16,,,
125528,16,16,16,,,
125529,24,24,24,,,
125530,24,10,24,,,
125531,24,24,16,,,
125532,24,24,24,,,
125533,24,36,36,,,
125534,16,16,16,,,
125535,16,30,16,,,
125536,24,16,16,,,
125537,16,16,16,,,
125538,24,16,16,,,
125539,24,24,24,,,
125540,16,16,16,,,
125541,16,16,16,,,
125542,24,24,24,,,
125543,28,28,28,,,
125544,30,30,30,,,
125545,24,24,24,,,
125546,24,16,16,,,
125547,16,16,24,,,
125548,24,30,30,,,
125549,24,16,16,,,
125550,16,16,27,,,
125551,24,16,16,,,
125552,4,4,8,,,
125553,24,30,30,,,
125554,26,26,26,,,
125555,4,28,4,,,
125556,30,30,30,,,
125557,24,24,24,,,
125558,24,34,34,,,
125559,16,16,16,,,
125560,16,16,16,,,
125561,16,16,16,,,
125562,24,34,24,,,
125563,24,10,24,,,
125564,24,16,16,,,
125565,39,34,26,,,
125566,6,30,30,,,
125567,16,16,16,,,
125568,24,16,16,,,
125569,24,24,24,,,
125570,24,24,24,,,
125571,16,16,16,,,
125572,4,30,30,,,
125573,24,24,24,,,
125574,16,16,16,,,
125575,27,27,27,,,
125576,6,26,26,,,
125577,30,30,30,,,
125578,24,24,10,,,
125579,24,24,24,,,
125580,16,16,16,,,
125581,16,16,16,,,
125582,24,10,10,,,
125583,24,24,24,,,
125584,24,10,10,,,
125585,34,34,34,,,
125586,28,28,28,,,
125587,38,23,38,,,
125588,6,26,26,,,
125589,28,28,28,,,
125590,16,16,16,,,
125591,28,28,28,,,
125592,24,16,16,,,
125593,16,24,16,,,
125594,24,24,16,,,
125595,16,16,27,,,
125596,16,16,16,,,
125597,28,28,28,,,
125598,16,16,24,,,
125599,30,30,30,,,
125600,30,30,30,,,
125601,28,28,28,,,
125602,25,16,16,,,
125603,8,28,28,,,
125604,23,30,30,,,
125605,16,16,16,,,
125606,24,26,26,,,
125607,11,19,19,,,
125608,24,30,30,,,
125609,16,16,16,,,
125610,24,16,16,,,
125611,11,10,10,,,
125612,23,31,31,,,
125613,30,30,30,,,
125614,25,16,16,,,
125615,27,24,27,,,
125616,39,36,26,,,
125617,16,24,16,,,
125618,30,30,30,,,
125619,16,24,16,,,
125620,30,16,16,,,
125621,24,24,24,,,
125622,10,31,31,,,
125623,16,16,16,,,
125624,24,24,24,,,
125625,16,16,16,,,
125626,28,28,28,,,
125627,24,24,24,,,
125628,24,24,24,,,
125629,24,16,24,,,
125630,16,16,16,,,
125631,16,24,16,,,
125632,16,16,16,,,
125633,37,24,30,,,
125634,24,24,24,,,
125635,16,16,16,,,
125636,24,24,24,,,
125637,16,16,16,,,
125638,16,16,16,,,
125639,16,16,16,,,
125640,10,30,30,,,
125641,37,30,30,,,
125642,24,24,16,,,
125643,16,16,16,,,
125644,16,16,16,,,
125645,35,5,5,,,
125907,10,5,27,,,
126017,2,2,2,,,
126065,31,30,31,,,
126090,24,24,10,,,
126125,27,16,27,,,
126152,3,26,26,,,
126167,24,16,24,,,
126184,36,34,36,,,
126191,24,24,24,,,
126205,28,28,28,,,
126221,13,34,34,,,
126234,38,38,38,,,
126245,16,16,16,,,
126265,18,24,13,,,
126281,16,16,16,,,
126285,2,2,2,,,
126290,16,16,16,,,
126298,16,16,16,,,
126316,38,38,38,,,
126322,25,30,30,,,
126328,31,16,30,,,
126330,34,34,34,,,
126331,19,27,10,,,
126333,8,5,8,,,
126334,16,16,16,,,
126335,28,28,28,,,
126337,27,24,10,,,
126338,30,30,30,,,
126339,10,30,30,,,
126340,4,23,5,,,
126342,34,36,5,,,
126343,10,24,10,,,
126344,25,16,25,,,
126345,24,24,24,,,
126346,28,28,28,,,
126347,16,24,16,,,
126348,24,24,10,,,
126349,16,16,16,,,
126350,20,20,20,,,
126351,16,16,16,,,
126352,16,16,16,,,
126353,16,16,16,,,
126354,8,28,8,,,
126355,24,36,36,,,
126356,16,16,16,,,
126357,16,16,16,,,
126358,27,24,10,,,
126359,23,23,23,,,
126360,9,9,9,,,
126361,33,2,9,,,
126362,27,19,19,,,
126363,13,24,24,,,
126364,27,16,16,,,
126365,27,16,16,,,
126366,28,28,28,,,
126367,36,36,36,,,
126368,16,16,16,,,
126369,16,16,16,,,
126370,1,16,16,,,
126371,27,16,16,,,
126372,28,28,28,,,
126373,13,26,26,,,
126374,16,16,16,,,
126375,24,24,24,,,
126376,16,16,16,,,
126377,16,16,16,,,
126378,16,16,16,,,
126379,16,16,16,,,
126380,9,34,34,,,
126381,16,16,16,,,
126382,34,34,34,,,
126383,27,16,27,,,
126384,24,24,24,,,
126385,8,28,28,,,
126386,16,16,16,,,
126388,16,16,16,,,
126389,16,16,16,,,
126390,13,5,34,,,
126391,10,10,6,,,
126392,16,16,16,,,
126393,16,16,16,,,
126394,24,30,30,,,
126395,34,34,34,,,
126396,16,16,16,,,
126397,16,16,16,,,
126398,16,16,16,,,
126399,30,30,30,,,
126400,24,16,16,,,
126401,16,16,16,,,
126402,27,16,16,,,
126403,24,16,16,,,
126404,24,24,24,,,
126405,34,34,9,,,
126406,24,24,24,,,
126407,10,24,24,,,
126408,24,24,24,,,
126409,30,30,30,,,
126410,13,16,16,,,
126411,16,16,16,,,
126412,16,16,16,,,
126413,24,24,24,,,
126414,16,16,16,,,
126415,24,24,24,,,
126416,5,5,5,,,
126417,19,36,36,,,
126418,16,16,16,,,
126419,17,16,16,,,
126420,24,16,16,,,
126421,36,36,36,,,
126422,36,10,36,,,
126423,16,16,16,,,
126424,36,10,36,,,
126425,30,30,30,,,
126426,24,16,24,,,
126427,24,24,10,,,
126428,30,30,30,,,
126429,24,16,16,,,
126430,24,24,16,,,
126431,24,24,24,,,
126432,30,30,30,,,
126433,34,34,34,,,
126435,30,30,30,,,
126436,19,19,19,,,
126437,24,16,16,,,
126438,24,16,16,,,
126439,16,16,16,,,
126448,36,36,36,,,
126450,4,4,4,,,
126454,34,24,24,,,
126469,38,38,38,,,
126471,2,2,22,,,
126475,30,30,30,,,
126498,24,24,24,,,
126499,30,30,30,,,
126509,3,30,16,,,
126513,16,16,16,,,
126535,8,4,28,,,
126563,16,24,24,,,
126581,30,30,30,,,
126585,16,16,16,,,
126591,8,24,24,,,
126611,2,2,2,,,
126615,28,28,28,,,
126624,30,30,30,,,
126630,24,24,24,,,
126641,24,24,24,,,
126658,34,34,34,,,
126659,24,16,16,,,
126664,16,16,16,,,
126689,19,5,8,,,
126694,20,20,20,,,
126707,3,26,3,,,
126717,28,28,28,,,
126724,24,24,16,,,
126725,28,28,28,,,
126726,11,19,24,,,
126727,24,24,27,,,
126728,16,16,16,,,
126729,24,10,10,,,
126730,32,23,23,,,
126732,5,5,5,,,
126733,16,16,16,,,
126734,25,16,30,,,
126735,16,16,16,,,
126736,26,30,30,,,
126737,6,16,27,,,
126738,6,4,4,,,
126739,24,24,24,,,
126740,16,16,16,,,
126741,22,24,24,,,
126742,13,24,24,,,
126744,3,26,26,,,
126745,10,10,27,,,
126748,27,24,27,,,
126749,4,4,4,,,
126750,22,2,2,,,
126751,27,24,10,,,
126752,24,24,24,,,
126755,8,8,8,,,
126756,8,4,4,,,
126758,26,26,3,,,
126760,34,28,28,,,
126761,27,10,27,,,
126763,16,30,30,,,
126764,24,4,4,,,
126765,39,34,9,,,
126766,30,30,30,,,
126767,16,16,16,,,
126768,37,5,5,,,
126769,28,24,24,,,
126771,35,5,5,,,
126772,31,24,16,,,
126773,16,16,16,,,
126774,4,4,4,,,
126775,30,30,30,,,
126776,36,28,36,,,
126777,28,28,28,,,
126778,4,16,16,,,
126779,3,38,36,,,
126780,27,16,27,,,
126781,16,16,16,,,
126782,16,16,16,,,
126783,16,16,16,,,
126784,34,34,34,,,
126785,4,4,4,,,
126786,8,8,8,,,
126787,23,23,23,,,
126788,16,16,16,,,
126789,24,24,24,,,
126790,3,26,10,,,
126791,30,30,30,,,
126792,24,24,24,,,
126793,28,28,28,,,
126794,27,24,27,,,
126795,16,16,16,,,
126796,24,24,24,,,
126797,27,16,27,,,
126798,4,30,16,,,
126799,36,36,36,,,
126800,10,10,24,,,
126801,24,24,24,,,
126802,37,4,4,,,
126803,10,24,24,,,
126804,28,16,28,,,
126805,10,24,24,,,
126806,24,16,24,,,
126807,30,30,30,,,
126808,8,4,8,,,
126809,10,10,10,,,
126810,24,24,24,,,
126811,30,30,30,,,
126812,16,16,16,,,
126813,30,30,30,,,
126814,10,24,10,,,
126815,24,24,24,,,
126816,16,16,16,,,
126817,8,8,8,,,
126818,16,16,16,,,
126819,37,24,10,,,
126820,10,30,10,,,
126821,16,16,16,,,
126822,16,16,16,,,
126823,24,16,16,,,
126824,24,24,24,,,
126825,16,16,16,,,
126826,16,16,16,,,
126827,16,16,16,,,
126828,30,30,30,,,
126829,16,16,16,,,
126830,28,28,28,,,
126831,16,16,16,,,
126832,24,24,16,,,
126833,26,26,26,,,
126834,24,10,24,,,
126835,24,24,24,,,
126836,23,16,16,,,
126837,24,24,24,,,
126838,10,16,16,,,
126839,24,16,16,,,
126840,8,8,8,,,
126841,16,16,16,,,
126843,16,16,16,,,
126844,24,24,24,,,
126845,2,2,2,,,
126846,16,16,16,,,
126847,24,24,24,,,
126848,30,30,30,,,
126849,30,30,30,,,
126850,24,24,24,,,
126851,24,16,24,,,
126852,16,16,26,,,
126853,24,16,16,,,
126854,24,27,3,,,
126855,30,30,30,,,
126856,24,24,24,,,
126857,34,34,34,,,
126858,30,30,30,,,
126859,22,37,37,,,
126860,30,30,30,,,
126861,24,30,10,,,
126862,31,30,10,,,
126863,16,16,16,,,
126864,24,24,31,,,
126865,30,30,30,,,
126866,16,30,16,,,
126867,28,28,28,,,
126868,24,24,24,,,
126870,31,30,30,,,
126871,16,16,16,,,
126873,4,4,4,,,
126874,24,16,16,,,
126875,24,24,4,,,
126876,30,30,30,,,
126877,24,24,24,,,
126878,10,10,10,,,
126879,11,23,27,,,
126880,24,16,24,,,
126881,16,16,16,,,
126883,16,16,16,,,
126884,9,34,9,,,
126885,6,16,27,,,
126886,8,28,28,,,
126887,25,16,25,,,
126888,28,28,8,,,
126889,37,2,2,,,
126890,24,24,26,,,
126891,28,28,28,,,
126892,16,16,16,,,
126893,10,36,36,,,
126894,27,27,27,,,
126895,24,16,4,,,
126896,10,30,10,,,
126897,16,16,16,,,
126898,6,16,16,,,
126899,4,4,4,,,
126900,30,16,16,,,
126901,16,16,16,,,
126902,16,16,16,,,
126903,26,26,26,,,
126904,31,30,30,,,
126905,3,16,30,,,
126906,23,23,23,,,
126907,16,16,16,,,
126908,26,26,26,,,
126909,16,16,16,,,
126910,10,34,20,,,
126911,5,5,5,,,
126912,24,24,16,,,
126913,3,26,26,,,
126914,26,26,26,,,
126915,30,30,30,,,
126916,34,34,34,,,
126917,28,28,28,,,
126918,28,28,28,,,
126919,10,24,10,,,
126920,26,30,26,,,
126921,31,30,30,,,
126922,24,24,24,,,
126923,10,24,24,,,
126924,13,24,24,,,
126925,8,8,8,,,
126926,28,28,28,,,
126927,16,24,16,,,
126928,30,30,30,,,
126929,22,2,2,,,
126930,24,24,24,,,
126931,31,24,24,,,
126932,27,27,27,,,
126933,16,16,16,,,
126934,4,4,4,,,
126935,24,16,16,,,
126936,27,10,27,,,
126937,24,10,24,,,
126938,4,28,8,,,
126939,30,30,30,,,
126940,16,16,4,,,
126941,27,27,27,,,
126942,28,28,28,,,
126943,16,24,24,,,
126944,5,4,4,,,
126945,16,16,16,,,
126946,27,24,24,,,
126947,16,16,16,,,
126948,1,30,30,,,
126949,16,16,16,,,
126950,16,16,16,,,
127410,16,16,16,,,
127419,39,10,27,,,
127526,16,16,16,,,
127527,30,30,30,,,
127556,13,16,16,,,
127577,34,34,34,,,
127585,18,16,24,,,
127593,16,16,16,,,
127595,16,16,16,,,
127599,24,16,24,,,
127601,8,28,28,,,
127602,28,28,28,,,
127603,31,30,30,,,
127604,28,28,28,,,
127605,16,16,16,,,
127606,16,16,16,,,
127607,32,34,34,,,
127609,30,30,30,,,
127610,26,24,26,,,
127611,27,27,27,,,
127612,16,16,16,,,
127613,24,24,24,,,
127615,28,9,9,,,
127616,24,16,16,,,
127617,8,8,8,,,
127618,24,24,10,,,
127619,10,30,30,,,
127620,4,4,4,,,
127621,1,16,16,,,
127622,5,37,5,,,
127623,33,2,9,,,
127624,16,16,16,,,
127625,28,28,28,,,
127626,19,19,8,,,
127627,24,24,24,,,
127628,37,37,37,,,
127629,27,24,27,,,
127631,20,34,20,,,
127632,24,16,24,,,
127633,16,16,16,,,
127634,28,28,28,,,
127635,24,24,10,,,
127636,8,28,8,,,
127637,16,16,16,,,
127638,24,16,16,,,
127639,32,37,37,,,
127640,36,36,36,,,
127641,27,19,19,,,
127642,34,34,34,,,
127643,16,16,16,,,
127644,28,28,28,,,
127645,16,16,16,,,
127646,8,8,8,,,
127647,24,24,24,,,
127648,9,34,34,,,
127649,13,16,16,,,
127650,6,23,23,,,
127651,16,16,16,,,
127652,13,24,24,,,
127653,39,9,9,,,
127654,10,24,10,,,
127656,16,16,16,,,
127657,27,16,16,,,
127658,30,30,30,,,
127659,24,30,30,,,
127660,31,30,30,,,
127661,17,16,16,,,
127662,16,16,16,,,
127663,26,26,26,,,
127664,3,37,4,,,
127665,6,27,27,,,
127666,24,16,16,,,
127667,30,30,30,,,
127668,19,10,27,,,
127669,20,20,20,,,
127670,16,16,24,,,
127671,34,34,34,,,
127672,24,16,4,,,
127673,24,24,10,,,
127674,37,37,37,,,
127675,24,24,24,,,
127676,34,24,28,,,
127677,30,30,30,,,
127678,16,16,16,,,
127679,24,16,16,,,
127680,5,5,5,,,
127681,16,16,16,,,
127682,24,24,24,,,
127683,8,23,5,,,
127684,20,34,20,,,
127685,23,37,37,,,
127686,24,10,24,,,
127687,22,23,22,,,
127688,28,34,9,,,
127689,2,2,22,,,
127690,10,24,16,,,
127691,30,30,30,,,
127692,8,28,8,,,
127693,24,16,16,,,
127694,30,16,16,,,
127695,24,30,30,,,
127696,16,16,16,,,
127698,4,16,16,,,
127699,24,24,24,,,
127700,4,4,23,,,
127701,26,24,24,,,
127702,24,24,24,,,
127703,24,24,10,,,
127704,5,4,4,,,
127705,16,16,16,,,
127706,24,24,24,,,
127707,10,10,36,,,
127708,24,23,31,,,
127709,24,24,10,,,
127710,30,30,30,,,
127722,8,28,8,,,
127724,24,16,16,,,
127736,16,16,16,,,
127748,16,16,16,,,
127760,16,16,16,,,
127784,16,16,16,,,
127788,24,24,24,,,
127795,16,16,16,,,
127809,24,16,16,,,
127814,16,16,16,,,
127828,30,16,16,,,
127831,16,16,16,,,
127837,24,24,16,,,
127844,30,24,30,,,
127853,16,24,24,,,
127867,23,38,23,,,
127872,16,24,24,,,
127884,24,4,4,,,
127888,28,28,28,,,
127889,24,16,16,,,
127897,18,19,13,,,
127922,16,16,16,,,
127934,37,5,37,,,
127949,16,16,16,,,
127972,27,16,27,,,
127979,34,34,34,,,
127985,33,2,2,,,
127995,28,28,28,,,
128004,36,19,5,,,
128005,24,24,10,,,
128006,4,23,23,,,
128007,13,10,10,,,
128008,4,4,4,,,
128009,3,38,3,,,
128010,3,26,3,,,
128011,9,34,34,,,
128012,27,24,27,,,
128013,16,30,16,,,
128014,30,30,30,,,
128015,13,24,24,,,
128016,27,16,27,,,
128017,4,4,36,,,
128018,27,16,16,,,
128019,16,16,16,,,
128020,16,16,16,,,
128021,28,8,8,,,
128022,13,24,10,,,
128024,24,24,10,,,
128026,28,8,8,,,
128027,34,34,34,,,
128028,2,2,2,,,
128029,24,24,24,,,
128031,33,2,2,,,
128032,28,28,28,,,
128033,24,24,24,,,
128034,16,16,16,,,
128035,24,16,16,,,
128036,28,28,28,,,
128038,16,16,16,,,
128039,23,23,23,,,
128040,30,30,30,,,
128041,4,4,4,,,
128042,24,34,34,,,
128043,6,38,6,,,
128044,28,28,28,,,
128045,24,24,24,,,
128046,16,16,16,,,
128047,24,24,24,,,
128048,16,16,16,,,
128049,16,16,16,,,
128050,4,26,4,,,
128051,13,24,24,,,
128052,16,16,16,,,
128053,5,5,22,,,
128054,16,16,16,,,
128055,13,34,34,,,
128056,16,16,16,,,
128057,26,30,30,,,
128058,30,30,30,,,
128059,16,16,16,,,
128060,30,30,30,,,
128061,4,4,19,,,
128062,26,10,38,,,
128063,16,16,16,,,
128064,30,30,30,,,
128065,24,24,24,,,
128066,27,10,16,,,
128067,16,16,16,,,
128068,24,24,24,,,
128069,30,30,30,,,
128070,30,30,30,,,
128071,30,30,24,,,
128072,24,24,24,,,
128073,28,28,28,,,
128074,30,30,30,,,
128075,37,30,30,,,
128076,30,30,30,,,
128077,16,16,16,,,
128078,16,16,16,,,
128079,24,30,30,,,
128080,28,28,28,,,
128081,16,16,16,,,
128082,5,5,5,,,
128083,30,30,30,,,
128084,16,16,16,,,
128085,26,31,31,,,
128086,17,38,23,,,
128087,8,5,5,,,
128088,27,16,27,,,
128089,30,30,30,,,
128090,30,30,30,,,
128091,28,28,28,,,
128092,25,16,16,,,
128093,16,16,16,,,
128094,24,24,24,,,
128095,8,8,8,,,
128096,16,16,16,,,
128097,16,16,16,,,
128098,24,24,24,,,
128099,30,30,30,,,
128100,6,26,26,,,
128101,37,24,24,,,
128102,24,24,24,,,
128103,23,23,23,,,
128104,24,24,24,,,
128105,24,16,16,,,
128106,27,24,27,,,
128107,28,28,28,,,
128108,16,16,16,,,
128109,16,24,24,,,
128110,24,16,16,,,
128111,27,27,27,,,
128112,27,16,27,,,
128113,4,28,4,,,
128114,5,16,24,,,
128115,24,24,4,,,
128116,8,24,24,,,
128117,16,30,30,,,
128118,24,24,24,,,
128119,24,24,30,,,
128120,24,16,16,,,
128122,25,16,16,,,
128123,24,24,24,,,
128124,30,26,31,,,
128125,30,30,30,,,
128126,24,24,24,,,
128127,28,28,28,,,
128128,26,26,26,,,
128129,24,24,26,,,
128130,24,24,24,,,
128131,24,24,24,,,
128132,33,2,2,,,
128133,16,16,16,,,
128134,30,30,30,,,
128135,16,16,16,,,
128136,16,16,16,,,
128137,16,16,16,,,
128138,16,16,16,,,
128139,27,16,16,,,
128140,34,34,39,,,
128141,24,24,24,,,
128142,28,34,28,,,
128144,16,16,16,,,
128145,24,16,16,,,
128146,16,16,16,,,
128147,30,30,30,,,
128148,24,16,16,,,
128149,24,24,16,,,
128150,24,30,30,,,
128151,24,16,26,,,
128152,5,4,4,,,
128153,27,16,16,,,
128154,28,28,28,,,
128155,10,2,10,,,
128156,16,16,16,,,
128157,30,30,30,,,
128158,39,16,24,,,
128159,16,16,16,,,
128160,24,30,30,,,
128161,16,16,16,,,
128162,24,30,30,,,
128163,24,30,16,,,
128164,24,16,16,,,
128165,24,16,24,,,
128166,1,8,8,,,
128167,24,24,24,,,
128168,37,37,37,,,
128169,26,30,31,,,
128170,27,24,10,,,
128171,24,24,24,,,
128172,4,16,4,,,
128173,26,26,26,,,
128174,24,24,16,,,
128175,16,24,16,,,
128176,24,16,16,,,
128177,10,24,10,,,
128178,31,38,26,,,
128179,24,24,24,,,
128180,10,10,10,,,
128181,24,16,16,,,
128182,16,24,10,,,
128183,24,16,24,,,
128184,11,5,27,,,
128185,16,16,16,,,
128186,18,5,10,,,
128187,24,24,24,,,
128188,34,36,4,,,
128189,28,28,8,,,
128190,30,30,30,,,
128191,2,2,10,,,
128192,30,30,30,,,
128193,23,4,4,,,
128194,10,10,10,,,
128195,24,24,24,,,
128196,16,24,4,,,
128198,24,24,24,,,
128199,6,31,27,,,
128200,28,28,28,,,
128201,28,39,9,,,
128202,2,2,2,,,
128203,10,10,10,,,
128204,30,30,30,,,
128205,16,16,16,,,
128206,24,24,24,,,
128207,28,19,19,,,
128208,8,8,8,,,
128209,34,28,34,,,
128210,34,5,19,,,
128211,16,24,16,,,
128212,2,2,2,,,
128213,28,28,28,,,
128214,26,19,19,,,
128215,16,16,16,,,
128216,10,10,2,,,
128217,10,24,24,,,
128218,24,24,24,,,
128219,30,30,30,,,
128220,5,34,34,,,
128221,23,30,30,,,
128222,8,24,4,,,
128223,24,24,24,,,
128224,4,16,24,,,
128225,31,24,24,,,
128226,10,10,10,,,
128227,30,30,30,,,
128228,24,24,24,,,
128229,27,5,27,,,
128230,16,16,16,,,
128231,10,24,10,,,
128232,24,24,24,,,
128233,34,24,24,,,
128234,5,5,5,,,
128235,10,10,10,,,
128236,28,28,28,,,
128237,24,24,24,,,
128238,16,16,16,,,
128239,10,16,16,,,
128240,16,16,16,,,
128241,4,16,4,,,
128242,27,16,27,,,
128243,24,24,24,,,
128244,16,16,16,,,
128245,24,24,24,,,
128246,10,10,24,,,
128247,23,4,4,,,
128248,25,30,30,,,
128249,23,23,23,,,
128250,3,4,8,,,
128251,24,24,24,,,
128252,1,16,16,,,
128253,16,16,16,,,
128254,24,24,10,,,
128255,24,24,24,,,
128256,16,16,16,,,
128257,28,28,28,,,
128258,30,24,24,,,
128259,26,26,26,,,
128260,16,16,16,,,
128261,34,34,34,,,
128262,16,16,16,,,
128263,24,16,16,,,
128264,27,24,24,,,
128265,26,26,26,,,
128266,28,28,28,,,
128267,24,16,16,,,
128268,30,30,30,,,
128269,16,16,16,,,
128270,27,16,27,,,
128781,25,30,24,,,
128784,34,36,36,,,
128821,16,16,16,,,
128839,7,28,28,,,
128847,7,19,28,,,
128852,16,16,16,,,
128861,31,26,4,,,
128885,17,28,28,,,
128887,28,28,28,,,
128897,16,16,16,,,
128905,16,16,16,,,
128911,3,10,10,,,
128917,38,38,38,,,
128918,24,24,19,,,
128928,38,38,38,,,
128941,24,23,23,,,
128949,37,26,26,,,
128973,19,19,19,,,
128975,30,30,30,,,
128976,16,16,16,,,
128977,3,27,27,,,
128978,16,16,16,,,
128979,18,5,34,,,
128980,31,24,16,,,
128982,13,10,24,,,
128983,16,16,16,,,
128984,24,24,24,,,
128985,4,16,16,,,
128986,24,24,24,,,
128987,28,28,28,,,
128988,30,16,16,,,
128989,23,23,23,,,
128990,27,24,27,,,
128991,22,2,2,,,
128992,28,28,28,,,
128993,37,34,37,,,
128994,16,16,16,,,
128995,16,16,16,,,
128996,34,34,34,,,
128997,30,30,30,,,
128998,16,16,16,,,
128999,23,23,23,,,
129000,30,26,26,,,
129001,24,24,30,,,
129002,24,26,4,,,
129004,30,30,30,,,
129005,4,4,4,,,
129006,16,16,16,,,
129007,16,16,16,,,
129008,28,20,34,,,
129009,16,16,16,,,
129011,24,24,10,,,
129012,24,24,24,,,
129013,20,34,34,,,
129014,4,23,4,,,
129015,16,16,16,,,
129016,28,28,28,,,
129017,27,16,16,,,
129018,24,28,28,,,
129019,24,30,31,,,
129021,28,28,28,,,
129022,24,36,4,,,
129023,16,16,16,,,
129024,24,30,10,,,
129025,30,30,30,,,
129027,34,37,37,,,
129028,30,30,30,,,
129029,26,26,3,,,
129030,27,19,10,,,
129032,5,34,5,,,
129033,4,30,31,,,
129034,24,16,16,,,
129035,30,30,30,,,
129036,27,27,27,,,
129037,5,5,5,,,
129038,25,16,25,,,
129039,8,5,8,,,
129040,24,10,10,,,
129041,16,16,16,,,
129042,30,30,30,,,
129043,24,24,24,,,
129044,14,16,10,,,
129045,34,34,39,,,
129046,16,16,16,,,
129047,16,16,16,,,
129048,28,28,28,,,
129049,16,30,16,,,
129050,30,30,30,,,
129051,30,30,30,,,
129052,22,23,23,,,
129053,16,16,16,,,
129054,16,16,16,,,
129055,3,4,4,,,
129056,22,24,24,,,
129057,16,16,24,,,
129058,5,19,19,,,
129059,24,24,24,,,
129060,16,16,16,,,
129061,24,30,16,,,
129062,5,37,5,,,
129063,16,16,16,,,
129064,30,30,30,,,
129065,24,24,16,,,
129066,30,16,16,,,
129067,16,16,16,,,
129068,16,16,16,,,
129069,16,16,16,,,
129070,34,9,39,,,
129071,24,36,24,,,
129072,10,10,10,,,
129073,1,16,16,,,
129074,6,26,4,,,
129075,23,23,23,,,
129076,8,8,8,,,
129077,24,24,24,,,
129078,24,24,24,,,
129079,2,19,19,,,
129080,24,24,31,,,
129081,16,24,24,,,
129082,1,16,30,,,
129083,24,24,24,,,
129084,31,24,24,,,
129085,2,2,2,,,
129086,24,24,24,,,
129087,24,24,10,,,
129088,4,16,4,,,
129089,24,24,24,,,
129090,30,30,30,,,
129091,16,16,16,,,
129092,4,4,4,,,
129093,16,24,24,,,
129094,26,26,26,,,
129095,8,28,8,,,
129102,4,4,27,,,
129119,30,30,30,,,
129125,36,36,4,,,
129171,6,24,27,,,
129183,27,19,19,,,
129186,23,23,16,,,
129199,18,28,8,,,
129234,33,2,2,,,
129255,30,30,30,,,
129285,16,16,16,,,
129287,33,2,9,,,
129314,16,16,24,,,
129324,5,4,4,,,
129339,24,24,24,,,
129346,13,34,34,,,
129390,3,3,3,,,
129391,21,24,24,,,
129392,24,34,28,,,
129393,4,4,4,,,
129394,3,4,31,,,
129395,24,24,24,,,
129396,16,16,16,,,
129397,23,24,10,,,
129399,10,10,36,,,
129400,31,24,24,,,
129401,28,28,28,,,
129402,16,16,16,,,
129403,24,24,24,,,
129404,8,24,24,,,
129406,4,4,4,,,
129407,24,16,16,,,
129408,30,30,30,,,
129409,2,10,10,,,
129410,30,30,30,,,
129411,27,34,10,,,
129412,16,16,16,,,
129414,24,24,16,,,
129415,20,34,20,,,
129416,30,30,16,,,
129417,38,38,38,,,
129418,2,3,10,,,
129419,4,4,4,,,
129420,9,36,36,,,
129421,28,28,28,,,
129422,30,30,30,,,
129423,31,30,31,,,
129424,16,16,16,,,
129425,23,23,23,,,
129426,30,30,30,,,
129427,16,16,16,,,
129428,24,30,24,,,
129429,4,4,4,,,
129430,28,28,28,,,
129431,5,5,5,,,
129432,16,30,16,,,
129433,28,28,8,,,
129434,23,38,38,,,
129435,30,30,30,,,
129436,26,30,31,,,
129437,20,20,20,,,
129438,24,16,16,,,
129439,16,16,16,,,
129440,16,16,16,,,
129441,30,16,16,,,
129442,24,16,16,,,
129444,30,30,30,,,
129445,4,4,4,,,
129446,36,36,36,,,
129447,16,16,16,,,
129448,6,5,5,,,
129449,4,24,24,,,
129450,10,24,24,,,
129451,30,30,30,,,
129452,24,24,24,,,
129453,36,36,36,,,
129454,24,16,16,,,
129455,24,24,10,,,
129456,6,23,5,,,
129457,13,16,16,,,
129458,30,30,30,,,
129459,5,5,5,,,
129460,24,24,24,,,
129461,16,16,16,,,
129462,5,5,5,,,
129463,30,30,30,,,
129464,24,16,16,,,
129465,24,24,24,,,
129466,24,24,24,,,
129467,24,24,24,,,
129468,30,30,30,,,
129469,5,5,5,,,
129470,3,31,31,,,
129471,30,30,30,,,
129472,11,34,5,,,
129473,16,16,16,,,
129474,16,16,24,,,
129476,16,16,16,,,
129477,13,24,24,,,
129478,20,34,34,,,
129479,8,4,8,,,
129480,16,16,16,,,
129481,8,5,8,,,
129482,24,24,28,,,
129483,24,16,16,,,
129484,16,24,27,,,
129485,2,2,2,,,
129486,3,3,36,,,
129487,5,16,24,,,
129488,10,10,10,,,
129489,24,16,16,,,
129490,26,30,31,,,
129491,27,27,27,,,
129492,24,24,10,,,
129493,24,16,16,,,
129494,8,8,8,,,
129495,31,30,30,,,
129496,5,10,10,,,
129497,22,2,2,,,
129498,24,24,24,,,
129499,30,30,30,,,
129500,24,24,24,,,
129501,24,24,16,,,
129502,13,24,30,,,
129503,24,16,16,,,
129504,24,16,16,,,
129505,16,24,16,,,
129506,25,16,16,,,
129507,16,16,16,,,
129508,23,23,38,,,
129509,24,10,24,,,
129510,24,24,24,,,
129511,16,16,16,,,
129512,28,4,4,,,
129513,34,34,34,,,
129514,16,16,24,,,
129515,24,16,24,,,
129516,16,16,16,,,
129517,34,34,34,,,
129518,24,16,16,,,
129519,28,28,28,,,
129520,16,16,16,,,
129521,34,34,34,,,
129522,16,16,16,,,
129523,11,10,10,,,
129524,16,16,16,,,
129525,16,30,30,,,
129526,29,37,5,,,
129527,24,24,24,,,
129528,24,24,24,,,
129529,24,16,16,,,
129530,27,16,16,,,
129531,24,30,30,,,
129532,1,16,16,,,
129533,24,16,16,,,
129534,24,24,10,,,
129535,24,30,30,,,
129536,16,16,16,,,
129537,16,16,16,,,
129538,24,24,34,,,
129539,24,24,31,,,
129540,28,28,28,,,
129541,31,26,26,,,
129542,28,28,28,,,
129543,36,36,36,,,
129544,24,24,16,,,
129545,16,16,16,,,
129546,16,16,16,,,
129547,24,24,24,,,
129548,28,28,28,,,
129549,24,24,24,,,
129550,8,28,28,,,
129551,26,8,8,,,
129553,4,16,16,,,
129554,24,24,24,,,
129555,38,38,38,,,
129556,24,10,10,,,
129557,16,16,16,,,
129558,24,24,24,,,
129559,16,16,16,,,
129560,10,10,10,,,
129561,24,30,30,,,
129562,24,24,10,,,
129563,25,16,25,,,
129564,4,23,23,,,
129565,24,24,24,,,
129566,16,16,27,,,
129567,34,34,34,,,
129568,16,16,16,,,
129569,8,8,8,,,
129570,3,10,10,,,
129571,3,26,26,,,
129572,23,23,23,,,
129573,34,34,34,,,
129574,28,36,28,,,
129575,34,34,34,,,
129576,28,28,28,,,
129577,24,24,24,,,
129578,16,16,16,,,
129579,16,16,16,,,
129580,2,2,10,,,
129581,24,16,24,,,
129582,30,30,30,,,
129583,16,16,16,,,
129584,24,16,24,,,
129585,16,24,24,,,
129586,4,37,23,,,
129587,16,30,30,,,
129588,16,16,16,,,
129589,7,24,24,,,
129590,19,19,19,,,
129591,13,5,13,,,
129592,24,16,16,,,
129593,24,30,10,,,
129594,8,16,16,,,
129595,16,16,16,,,
129596,6,16,16,,,
129597,24,24,27,,,
129598,16,16,16,,,
129599,16,16,16,,,
129600,24,24,24,,,
129601,16,16,16,,,
129602,16,16,16,,,
129603,24,16,16,,,
129604,16,16,16,,,
129605,28,28,28,,,
129606,24,24,24,,,
129607,31,24,24,,,
129608,30,30,30,,,
129610,24,24,16,,,
129611,16,16,16,,,
130078,28,28,28,,,
130081,30,30,30,,,
130108,8,24,24,,,
130215,24,24,24,,,
130258,25,16,16,,,
130266,24,24,24,,,
130278,2,2,2,,,
130290,26,26,26,,,
130322,16,16,16,,,
130330,28,28,28,,,
130336,28,28,8,,,
130337,8,8,8,,,
130339,16,16,16,,,
130340,19,36,36,,,
130341,10,10,10,,,
130342,16,16,16,,,
130343,22,4,4,,,
130344,24,24,24,,,
130346,16,16,16,,,
130347,28,34,34,,,
130348,10,24,10,,,
130349,16,16,16,,,
130350,24,24,24,,,
130351,6,16,16,,,
130352,27,27,27,,,
130353,30,30,30,,,
130354,24,24,24,,,
130355,16,16,16,,,
130356,24,24,24,,,
130357,10,2,2,,,
130358,19,24,19,,,
130359,28,28,28,,,
130360,30,30,30,,,
130361,16,16,16,,,
130362,16,24,24,,,
130363,16,16,16,,,
130364,16,16,16,,,
130365,24,16,16,,,
130366,4,36,36,,,
130367,16,16,16,,,
130368,10,10,10,,,
130369,19,19,10,,,
130370,10,34,34,,,
130371,4,4,4,,,
130372,30,24,30,,,
130373,16,16,16,,,
130375,24,24,24,,,
130376,27,34,27,,,
130377,16,16,16,,,
130379,30,30,30,,,
130380,24,19,5,,,
130381,16,16,16,,,
130382,5,16,24,,,
130383,24,24,24,,,
130384,16,16,16,,,
130385,30,30,30,,,
130386,3,23,10,,,
130387,28,8,8,,,
130388,4,4,4,,,
130389,24,24,24,,,
130390,8,8,8,,,
130391,16,16,24,,,
130392,8,28,28,,,
130393,24,30,10,,,
130395,30,30,30,,,
130396,34,34,34,,,
130397,34,34,9,,,
130398,16,16,16,,,
130399,24,16,24,,,
130400,28,28,8,,,
130401,8,5,8,,,
130403,34,34,34,,,
130404,1,16,16,,,
130405,5,5,5,,,
130406,24,24,24,,,
130407,16,16,16,,,
130408,31,30,30,,,
130409,17,16,16,,,
130410,16,16,27,,,
130411,24,16,5,,,
130412,27,24,10,,,
130413,16,16,16,,,
130414,28,28,28,,,
130415,16,16,16,,,
130416,38,38,38,,,
130417,30,23,30,,,
130418,24,16,24,,,
130419,10,10,27,,,
130420,24,24,24,,,
130421,16,16,16,,,
130422,4,4,4,,,
130423,24,24,24,,,
130424,24,26,26,,,
130425,28,28,28,,,
130426,24,24,10,,,
130427,24,24,10,,,
130428,24,24,24,,,
130429,5,5,5,,,
130430,24,30,24,,,
130431,24,24,24,,,
130432,22,10,10,,,
130433,24,24,24,,,
130434,13,24,24,,,
130435,16,16,16,,,
130436,30,30,30,,,
130437,4,4,4,,,
130438,24,24,10,,,
130439,16,16,16,,,
130440,2,10,10,,,
130441,24,24,24,,,
130442,30,30,30,,,
130443,23,23,23,,,
130444,24,24,24,,,
130445,16,16,16,,,
130446,30,30,30,,,
130447,30,30,30,,,
130448,24,24,10,,,
130449,24,24,24,,,
130450,16,16,16,,,
130451,6,16,16,,,
130474,30,30,30,,,
130476,4,36,4,,,
130489,36,5,8,,,
130490,24,24,24,,,
130499,2,22,22,,,
130503,1,16,16,,,
130505,24,30,30,,,
130508,24,24,24,,,
130514,27,10,19,,,
130534,27,16,27,,,
130558,24,30,30,,,
130573,24,16,16,,,
130580,16,16,16,,,
130588,4,36,4,,,
130595,24,24,24,,,
130603,4,4,8,,,
130628,30,30,31,,,
130630,24,16,16,,,
130635,24,24,24,,,
130636,19,19,19,,,
130644,34,34,34,,,
130648,24,16,16,,,
130650,10,24,10,,,
130657,24,24,24,,,
130663,30,30,30,,,
130669,28,28,28,,,
130670,36,36,36,,,
130676,6,16,30,,,
130677,24,24,24,,,
130698,24,24,24,,,
130707,24,24,10,,,
130708,16,16,16,,,
130716,4,28,4,,,
130718,16,16,16,,,
130719,16,16,16,,,
130720,24,24,24,,,
130721,24,24,24,,,
130722,24,24,24,,,
130723,22,2,2,,,
130724,34,34,34,,,
130725,16,16,16,,,
130726,30,30,30,,,
130727,16,16,16,,,
130728,28,28,28,,,
130729,28,28,28,,,
130730,30,30,30,,,
130731,16,16,16,,,
130732,28,28,8,,,
130733,8,5,34,,,
130734,16,16,16,,,
130736,28,28,28,,,
130738,16,16,16,,,
130739,16,16,16,,,
130740,16,16,16,,,
130741,4,4,4,,,
130742,5,26,34,,,
130743,39,34,20,,,
130744,6,26,26,,,
130745,1,16,16,,,
130746,25,16,16,,,
130747,16,16,16,,,
130748,34,34,34,,,
130749,24,24,24,,,
130750,3,5,27,,,
130751,16,16,16,,,
130752,10,10,10,,,
130753,16,16,16,,,
130755,8,28,8,,,
130756,4,36,4,,,
130757,26,26,26,,,
130758,28,28,28,,,
130759,31,24,24,,,
130760,16,16,16,,,
130761,34,34,34,,,
130762,37,26,26,,,
130763,24,24,24,,,
130764,16,16,16,,,
130765,16,16,16,,,
130766,1,16,16,,,
130767,23,30,30,,,
130768,16,16,16,,,
130769,24,24,24,,,
130770,30,30,30,,,
130771,34,20,20,,,
130772,24,24,24,,,
130773,30,30,30,,,
130774,30,30,30,,,
130775,16,16,16,,,
130776,31,31,31,,,
130777,34,34,34,,,
130778,16,16,16,,,
130779,30,30,30,,,
130780,30,30,30,,,
130781,27,24,27,,,
130782,5,4,4,,,
130783,24,34,24,,,
130784,8,5,5,,,
130785,9,2,2,,,
130786,6,30,30,,,
130787,16,16,16,,,
130788,5,5,5,,,
130789,16,16,16,,,
130790,34,34,34,,,
130791,16,16,16,,,
130792,16,16,16,,,
130793,9,2,2,,,
130794,27,24,10,,,
130795,2,2,2,,,
130796,24,24,24,,,
130797,30,30,30,,,
130798,24,24,24,,,
130799,16,16,16,,,
130800,24,24,24,,,
130801,28,28,28,,,
130802,24,24,10,,,
130803,27,16,16,,,
130804,16,16,16,,,
130805,26,30,30,,,
130806,31,26,26,,,
130807,30,30,30,,,
130808,24,10,24,,,
130809,16,16,16,,,
130810,30,30,10,,,
130811,30,30,30,,,
130812,24,16,16,,,
130813,4,4,4,,,
130814,16,16,16,,,
130815,30,30,30,,,
130816,16,16,16,,,
130817,16,16,16,,,
130818,24,24,24,,,
130819,16,16,16,,,
130820,24,10,24,,,
130821,20,24,24,,,
130822,4,4,4,,,
130823,16,16,16,,,
130824,16,16,16,,,
130825,24,24,24,,,
130826,17,16,16,,,
130827,10,24,24,,,
130828,16,16,16,,,
130829,24,24,24,,,
130830,30,30,30,,,
130831,24,24,28,,,
130832,30,30,30,,,
130833,24,24,24,,,
130834,5,5,5,,,
130835,13,27,27,,,
130836,30,30,30,,,
130837,16,16,16,,,
130838,5,8,8,,,
130839,22,23,22,,,
130840,28,28,28,,,
130841,4,4,4,,,
130842,27,19,19,,,
130843,24,24,24,,,
130844,34,36,36,,,
130845,24,16,16,,,
130846,30,24,30,,,
130847,30,30,30,,,
130849,25,16,24,,,
130850,16,16,16,,,
130851,9,34,34,,,
130852,4,4,4,,,
130853,16,16,16,,,
130854,16,16,16,,,
130855,25,16,16,,,
130856,24,24,24,,,
130857,24,30,30,,,
130858,30,30,30,,,
130859,30,30,30,,,
130860,27,16,16,,,
130861,4,36,4,,,
130862,5,2,2,,,
130863,24,24,24,,,
130864,8,5,8,,,
130865,16,16,16,,,
130866,3,26,26,,,
130867,5,5,26,,,
130868,30,30,30,,,
130869,14,9,34,,,
130870,16,16,16,,,
130871,24,30,24,,,
130872,24,24,24,,,
130873,24,24,24,,,
130874,24,24,24,,,
130875,16,16,16,,,
130876,28,28,28,,,
130877,7,24,10,,,
130878,2,28,5,,,
130879,4,4,4,,,
130880,23,23,23,,,
130881,24,24,24,,,
130882,10,34,10,,,
130883,30,30,30,,,
130884,16,16,16,,,
130886,16,16,16,,,
130887,16,16,16,,,
130888,24,24,24,,,
130889,2,2,2,,,
130890,30,28,28,,,
130891,16,16,16,,,
130892,24,24,24,,,
130893,28,28,28,,,
130894,13,10,24,,,
130895,24,16,16,,,
130896,27,24,10,,,
130897,24,24,24,,,
130898,6,16,30,,,
130899,14,28,28,,,
130900,27,34,27,,,
130901,24,24,10,,,
130902,16,16,16,,,
130903,34,4,4,,,
130904,24,24,24,,,
130905,16,16,16,,,
130906,24,24,24,,,
130907,28,28,28,,,
130908,10,10,10,,,
130909,24,24,10,,,
130910,24,30,24,,,
130911,4,36,4,,,
130912,16,24,16,,,
130913,37,37,37,,,
130914,16,16,16,,,
130915,30,30,30,,,
130916,24,24,24,,,
130917,24,16,4,,,
130918,16,16,16,,,
130919,16,16,16,,,
130920,9,9,9,,,
130921,8,28,8,,,
130922,24,10,24,,,
130923,1,16,16,,,
130924,10,4,8,,,
130925,2,2,2,,,
130926,30,30,30,,,
130927,16,16,16,,,
130928,2,2,2,,,
130929,3,26,31,,,
130930,16,16,16,,,
130931,27,16,16,,,
130932,28,4,4,,,
130933,9,34,34,,,
130934,16,24,24,,,
130935,34,34,34,,,
130936,24,24,16,,,
130937,34,34,39,,,
130938,4,4,4,,,
130939,16,16,16,,,
130940,16,16,16,,,
130941,24,24,24,,,
130942,16,16,16,,,
131035,28,28,28,,,
131418,27,24,27,,,
131515,26,26,26,,,
131523,23,38,38,,,
131569,16,16,16,,,
131572,38,38,38,,,
131580,0,19,19,,,
131616,16,16,16,,,
131635,16,16,16,,,
131650,24,24,16,,,
131652,16,16,16,,,
131653,24,24,10,,,
131654,3,16,16,,,
131655,16,16,16,,,
131656,17,16,16,,,
131657,36,38,36,,,
131658,5,24,24,,,
131659,27,27,27,,,
131660,24,24,30,,,
131661,26,26,34,,,
131662,36,4,4,,,
131663,30,24,24,,,
131664,1,8,8,,,
131665,16,16,16,,,
131666,24,24,24,,,
131667,27,27,27,,,
131668,8,8,8,,,
131669,30,30,30,,,
131670,30,30,30,,,
131671,24,24,24,,,
131672,24,34,24,,,
131673,23,16,30,,,
131674,26,30,26,,,
131675,28,28,28,,,
131676,23,24,24,,,
131677,5,24,24,,,
131678,32,24,24,,,
131679,16,16,16,,,
131680,28,28,28,,,
131681,36,36,36,,,
131682,23,23,23,,,
131683,19,19,19,,,
131684,27,16,16,,,
131685,24,16,16,,,
131686,26,26,26,,,
131687,24,16,16,,,
131688,26,26,30,,,
131689,4,37,37,,,
131691,27,27,27,,,
131693,6,38,3,,,
131694,36,36,36,,,
131695,11,19,10,,,
131696,24,10,24,,,
131697,30,30,30,,,
131698,24,24,24,,,
131699,28,28,28,,,
131700,16,16,16,,,
131701,30,30,30,,,
131702,8,8,8,,,
131703,16,16,16,,,
131704,24,24,31,,,
131705,27,27,27,,,
131706,24,24,24,,,
131707,16,16,16,,,
131708,24,24,16,,,
131709,28,28,28,,,
131710,16,16,24,,,
131711,30,30,24,,,
131712,16,16,16,,,
131713,16,24,24,,,
131715,8,8,8,,,
131716,8,8,8,,,
131717,27,27,27,,,
131718,26,26,26,,,
131719,30,16,16,,,
131720,24,24,24,,,
131721,16,16,16,,,
131722,29,5,5,,,
131723,24,24,24,,,
131724,16,16,16,,,
131725,25,16,16,,,
131726,16,16,16,,,
131727,19,28,28,,,
131728,16,16,16,,,
131729,16,16,16,,,
131730,5,24,24,,,
131731,0,24,24,,,
131732,34,34,34,,,
131733,8,28,8,,,
131734,36,36,36,,,
131735,28,28,28,,,
131736,4,4,4,,,
131737,38,38,38,,,
131738,24,24,24,,,
131739,23,5,23,,,
131740,16,16,16,,,
131741,16,16,16,,,
131742,36,36,36,,,
131743,0,34,5,,,
131744,24,24,24,,,
131745,37,4,5,,,
131746,24,24,24,,,
131747,5,5,5,,,
131748,5,5,5,,,
131749,24,16,24,,,
131750,3,36,36,,,
131751,24,24,24,,,
131752,36,36,26,,,
131753,30,30,30,,,
131754,16,30,16,,,
131755,25,28,16,,,
131756,23,23,23,,,
131757,31,16,16,,,
131758,36,36,36,,,
131759,30,30,30,,,
131760,30,30,30,,,
131761,23,4,30,,,
131762,24,24,10,,,
131763,11,10,10,,,
131764,4,16,16,,,
131765,16,16,16,,,
131766,4,24,4,,,
131767,26,10,24,,,
131768,39,26,10,,,
131769,30,30,30,,,
131770,24,24,24,,,
131771,38,38,38,,,
131773,24,5,8,,,
131790,24,10,24,,,
131806,36,36,36,,,
131810,30,30,30,,,
131819,8,34,8,,,
131828,24,24,30,,,
131839,26,26,30,,,
131843,8,8,8,,,
131874,24,34,34,,,
131900,2,23,22,,,
131909,5,34,34,,,
131957,30,30,30,,,
131975,4,4,4,,,
132000,24,24,26,,,
132001,16,16,16,,,
132020,4,4,4,,,
132029,22,10,10,,,
132039,30,30,30,,,
132066,30,30,30,,,
132076,24,24,24,,,
132078,24,24,24,,,
132089,24,24,10,,,
132091,23,5,5,,,
132092,10,10,10,,,
132093,24,16,24,,,
132095,34,34,34,,,
132096,24,10,10,,,
132097,30,30,30,,,
132098,16,30,16,,,
132099,28,4,8,,,
132100,24,16,16,,,
132101,16,16,16,,,
132102,34,34,34,,,
132103,4,4,4,,,
132104,24,24,24,,,
132105,8,4,4,,,
132106,34,34,34,,,
132107,28,28,28,,,
132108,24,24,24,,,
132109,36,36,36,,,
132110,16,16,16,,,
132111,16,16,16,,,
132112,34,34,10,,,
132113,28,28,28,,,
132114,24,16,16,,,
132115,28,28,28,,,
132116,24,24,16,,,
132117,30,30,30,,,
132118,8,28,28,,,
132119,22,2,22,,,
132120,28,28,28,,,
132121,28,28,28,,,
132122,16,16,16,,,
132123,34,34,34,,,
132124,28,28,28,,,
132125,28,28,28,,,
132126,16,16,16,,,
132127,27,27,27,,,
132128,2,2,2,,,
132129,28,28,34,,,
132130,28,8,8,,,
132131,16,16,16,,,
132133,16,16,16,,,
132134,23,4,23,,,
132135,30,30,30,,,
132136,28,28,28,,,
132137,22,2,2,,,
132138,30,30,30,,,
132139,34,34,39,,,
132140,16,16,16,,,
132141,24,24,24,,,
132142,13,24,10,,,
132143,16,16,16,,,
132144,16,16,16,,,
132145,16,16,16,,,
132146,16,16,16,,,
132147,26,24,31,,,
132148,13,24,24,,,
132149,26,24,26,,,
132150,24,16,24,,,
132151,5,4,5,,,
132152,24,30,31,,,
132153,16,16,16,,,
132154,30,24,30,,,
132155,4,4,4,,,
132156,24,24,10,,,
132157,3,27,27,,,
132158,24,10,31,,,
132159,19,19,19,,,
132160,16,16,16,,,
132161,30,26,26,,,
132162,27,27,27,,,
132163,27,16,16,,,
132164,5,5,5,,,
132165,6,3,30,,,
132166,27,27,27,,,
132167,27,27,27,,,
132168,34,34,34,,,
132169,16,16,16,,,
132170,16,16,16,,,
132171,3,24,24,,,
132172,20,34,20,,,
132173,22,22,22,,,
132174,37,34,34,,,
132175,16,16,27,,,
132176,16,30,30,,,
132177,28,36,28,,,
132178,27,27,27,,,
132179,16,30,16,,,
132180,10,10,10,,,
132181,26,26,26,,,
132182,24,16,16,,,
132183,30,30,30,,,
132184,16,16,16,,,
132185,27,24,10,,,
132186,16,16,16,,,
132187,10,24,10,,,
132189,28,28,28,,,
132190,24,16,16,,,
132191,31,24,24,,,
132192,8,8,8,,,
132193,4,4,4,,,
132194,5,34,34,,,
132195,16,16,16,,,
132196,34,34,34,,,
132197,28,8,8,,,
132198,26,36,36,,,
132199,16,16,16,,,
132200,24,24,24,,,
132201,16,16,16,,,
132202,28,28,28,,,
132203,25,16,16,,,
132204,28,28,28,,,
132205,30,30,30,,,
132206,16,16,16,,,
132207,24,24,24,,,
132208,22,22,22,,,
132209,10,30,30,,,
132210,2,2,22,,,
132211,16,16,16,,,
132213,29,28,28,,,
132214,39,36,36,,,
132215,24,24,10,,,
132216,30,30,30,,,
132217,24,24,4,,,
132218,16,16,16,,,
132219,24,24,24,,,
132220,24,16,24,,,
132221,24,30,24,,,
132222,16,16,16,,,
132223,30,30,30,,,
132224,16,16,16,,,
132225,16,16,16,,,
132226,30,30,30,,,
132227,26,26,26,,,
132228,30,30,30,,,
132229,24,24,24,,,
132230,20,34,34,,,
132231,16,16,16,,,
132232,28,28,28,,,
132233,24,24,16,,,
132234,16,16,16,,,
132235,16,16,16,,,
132236,24,24,24,,,
132237,16,16,16,,,
132238,8,28,8,,,
132239,16,16,16,,,
132240,16,16,16,,,
132241,5,5,5,,,
132242,16,24,24,,,
132243,8,5,5,,,
132244,16,16,16,,,
132245,24,10,24,,,
132246,16,16,16,,,
132247,24,10,10,,,
132248,27,10,27,,,
132249,20,16,16,,,
132250,24,16,16,,,
132251,27,27,27,,,
132252,24,24,24,,,
132253,2,2,2,,,
132254,24,10,10,,,
132255,2,2,2,,,
132256,8,28,28,,,
132257,28,28,28,,,
132258,3,16,16,,,
132259,24,24,24,,,
132260,16,16,16,,,
132261,16,16,16,,,
132262,31,24,24,,,
132263,16,16,16,,,
132264,24,24,24,,,
132265,27,16,27,,,
132266,20,34,34,,,
132267,16,16,16,,,
132268,37,37,37,,,
132269,23,23,23,,,
132270,24,24,24,,,
132271,38,26,26,,,
132272,28,28,28,,,
132273,30,30,30,,,
132274,16,16,16,,,
132275,28,8,8,,,
132276,20,20,20,,,
132277,16,16,16,,,
132278,28,28,28,,,
132279,28,28,28,,,
132280,5,5,4,,,
132281,16,16,16,,,
132282,27,16,16,,,
132283,8,8,8,,,
132284,30,30,30,,,
132285,28,8,28,,,
132286,16,16,24,,,
132287,30,30,30,,,
132288,26,24,31,,,
132289,24,30,30,,,
132290,24,24,24,,,
132291,27,27,27,,,
132292,28,28,8,,,
132293,24,24,10,,,
132294,24,5,10,,,
132295,24,24,16,,,
132296,4,30,31,,,
132297,24,30,30,,,
132298,24,24,24,,,
132299,24,24,4,,,
132300,34,34,34,,,
132301,26,26,31,,,
132302,24,24,24,,,
132303,24,10,10,,,
132304,36,36,36,,,
132305,24,16,16,,,
132306,19,19,19,,,
132307,28,28,28,,,
132308,16,16,16,,,
132309,4,4,5,,,
132310,30,30,30,,,
132311,34,28,28,,,
132312,8,5,8,,,
132313,16,16,16,,,
132314,24,24,24,,,
132315,20,34,34,,,
132316,24,34,24,,,
132317,27,10,27,,,
132318,24,10,24,,,
132319,31,34,34,,,
132320,24,24,24,,,
132321,18,24,24,,,
132322,34,34,34,,,
132323,27,27,27,,,
132324,24,16,16,,,
132325,16,16,16,,,
132326,27,27,27,,,
132327,5,5,16,,,
132328,16,16,16,,,
132329,16,16,16,,,
132330,16,16,16,,,
132331,16,16,16,,,
132332,16,16,27,,,
132333,26,26,39,,,
132334,24,16,24,,,
132335,23,24,10,,,
132336,17,16,20,,,
132337,28,28,28,,,
132338,16,16,16,,,
132339,30,30,30,,,
132340,16,16,16,,,
132341,32,19,28,,,
132643,16,16,16,,,
132738,28,4,4,,,
132781,3,3,23,,,
132859,3,26,4,,,
132877,24,24,24,,,
132923,17,16,16,,,
132931,16,16,16,,,
132932,8,8,8,,,
132934,18,19,19,,,
132947,22,24,10,,,
132953,16,16,16,,,
132986,10,36,36,,,
132992,30,16,16,,,
132997,4,24,23,,,
133001,24,24,10,,,
133002,2,9,10,,,
133003,5,19,19,,,
133004,28,28,28,,,
133005,6,10,10,,,
133006,34,27,19,,,
133007,16,16,16,,,
133008,16,16,16,,,
133009,24,24,24,,,
133010,28,28,28,,,
133011,28,8,8,,,
133012,30,30,30,,,
133013,30,30,30,,,
133014,16,16,16,,,
133015,13,24,24,,,
133016,30,30,30,,,
133017,16,16,16,,,
133018,16,16,16,,,
133019,1,16,16,,,
133020,24,24,24,,,
133021,24,16,16,,,
133022,16,27,27,,,
133023,34,34,9,,,
133024,16,16,16,,,
133025,16,16,16,,,
133026,24,24,24,,,
133027,19,19,19,,,
133028,24,24,24,,,
133029,20,24,24,,,
133030,16,16,16,,,
133031,23,23,23,,,
133032,16,16,16,,,
133033,16,16,16,,,
133034,16,16,16,,,
133035,30,30,30,,,
133036,5,5,5,,,
133037,11,24,10,,,
133038,27,27,27,,,
133039,16,16,16,,,
133040,27,10,19,,,
133041,16,16,16,,,
133042,20,34,34,,,
133044,8,8,8,,,
133045,28,28,24,,,
133046,19,19,19,,,
133047,20,23,27,,,
133048,16,16,16,,,
133049,28,28,28,,,
133050,16,16,16,,,
133051,16,16,16,,,
133052,30,30,30,,,
133053,18,23,2,,,
133054,30,30,30,,,
133055,30,30,30,,,
133056,23,23,4,,,
133057,16,16,16,,,
133058,27,10,10,,,
133059,39,9,9,,,
133060,3,30,30,,,
133061,19,24,10,,,
133062,10,30,30,,,
133063,20,34,34,,,
133064,37,37,37,,,
133065,24,24,16,,,
133066,27,19,27,,,
133067,16,16,16,,,
133068,26,16,26,,,
133069,24,24,24,,,
133070,3,36,36,,,
133071,30,30,30,,,
133072,16,16,16,,,
133073,30,30,30,,,
133074,24,24,24,,,
133075,24,24,24,,,
133076,24,16,16,,,
133077,5,28,28,,,
133078,16,16,16,,,
133079,34,9,39,,,
133080,24,24,16,,,
133081,28,8,8,,,
133082,38,30,38,,,
133083,28,28,28,,,
133084,16,16,16,,,
133085,30,30,30,,,
133086,24,4,4,,,
133087,0,28,28,,,
133088,19,19,36,,,
133089,16,16,16,,,
133090,24,16,16,,,
133091,5,34,34,,,
133092,19,10,10,,,
133093,16,16,16,,,
133094,16,16,16,,,
133095,24,16,16,,,
133099,24,16,24,,,
133100,5,4,4,,,
133101,16,16,16,,,
133102,5,34,34,,,
133103,24,24,10,,,
133104,24,10,24,,,
133105,8,5,8,,,
133106,25,16,16,,,
133107,30,30,30,,,
133108,24,16,16,,,
133109,24,24,10,,,
133110,36,26,26,,,
133111,16,30,16,,,
133112,27,24,10,,,
133113,10,10,10,,,
133114,38,26,31,,,
133115,24,24,10,,,
133116,30,30,30,,,
133117,34,26,26,,,
133118,1,16,16,,,
133119,24,24,24,,,
133121,24,30,30,,,
133122,30,24,30,,,
133123,24,24,24,,,
133124,24,24,24,,,
133125,24,24,24,,,
133126,30,30,30,,,
133127,31,24,24,,,
133133,24,16,24,,,
133138,4,16,16,,,
133144,16,16,16,,,
133146,24,30,30,,,
133150,24,16,34,,,
133157,24,30,10,,,
133183,24,24,24,,,
133188,17,16,16,,,
133213,24,16,16,,,
133235,24,24,24,,,
133240,13,24,24,,,
133263,28,28,28,,,
133274,36,4,36,,,
133285,24,24,24,,,
133291,4,36,4,,,
133293,16,16,16,,,
133298,24,24,24,,,
133321,24,24,24,,,
133324,2,36,2,,,
133325,16,16,16,,,
133327,24,24,24,,,
133332,24,16,16,,,
133339,16,16,16,,,
133341,30,30,30,,,
133344,4,4,5,,,
133357,30,30,30,,,
133379,16,16,16,,,
133386,30,24,30,,,
133393,3,36,4,,,
133394,9,34,34,,,
133395,16,16,16,,,
133397,20,20,20,,,
133398,6,27,27,,,
133399,24,24,24,,,
133400,16,16,16,,,
133401,10,31,10,,,
133403,10,16,16,,,
133405,24,31,30,,,
133406,31,30,30,,,
133408,4,16,27,,,
133409,28,28,28,,,
133410,37,5,5,,,
133411,4,5,4,,,
133412,24,24,24,,,
133413,2,34,9,,,
133414,36,36,36,,,
133417,9,2,9,,,
133418,6,30,30,,,
133419,24,24,24,,,
133420,16,16,16,,,
133421,5,5,5,,,
133422,19,19,19,,,
133423,4,4,4,,,
133424,24,24,24,,,
133426,17,16,16,,,
133427,26,26,26,,,
133428,30,30,30,,,
133429,16,16,16,,,
133431,16,16,16,,,
133432,16,16,16,,,
133433,16,24,24,,,
133434,31,24,31,,,
133435,24,24,24,,,
133436,16,16,16,,,
133437,30,30,30,,,
133438,17,16,27,,,
133439,24,30,30,,,
133440,28,8,28,,,
133441,31,30,26,,,
133442,24,24,4,,,
133443,23,23,27,,,
133444,24,24,24,,,
133445,6,38,4,,,
133446,29,24,5,,,
133448,5,5,5,,,
133449,24,24,24,,,
133450,16,16,16,,,
133452,33,10,2,,,
133453,22,2,22,,,
133454,33,19,10,,,
133455,26,34,9,,,
133456,24,16,24,,,
133457,24,24,24,,,
133458,24,24,27,,,
133459,30,30,30,,,
133460,28,28,28,,,
133461,16,16,16,,,
133462,24,24,31,,,
133463,34,34,34,,,
133464,33,2,22,,,
133465,2,2,2,,,
133466,6,16,30,,,
133467,30,30,30,,,
133468,30,30,30,,,
133469,4,10,24,,,
133470,5,5,5,,,
133471,24,24,10,,,
133472,3,23,6,,,
133473,16,16,24,,,
133474,16,16,16,,,
133475,24,24,24,,,
133476,30,30,30,,,
133477,25,16,16,,,
133478,24,24,24,,,
133479,16,16,16,,,
133480,24,24,16,,,
133481,30,30,30,,,
133482,27,27,27,,,
133483,24,24,24,,,
133484,34,24,24,,,
133485,30,30,30,,,
133486,16,16,16,,,
133487,10,2,2,,,
133488,16,16,16,,,
133489,30,30,30,,,
133490,16,16,16,,,
133491,16,16,16,,,
133492,16,16,16,,,
133493,9,4,28,,,
133494,24,16,24,,,
133495,16,16,16,,,
133496,24,30,30,,,
133497,30,30,30,,,
133498,8,5,8,,,
133499,24,30,30,,,
133500,39,20,9,,,
133501,4,5,4,,,
133502,16,16,16,,,
133503,16,16,16,,,
133504,24,24,10,,,
133505,24,24,24,,,
133506,24,24,24,,,
133508,25,16,16,,,
133509,24,24,30,,,
133510,30,30,30,,,
133511,27,34,27,,,
133512,30,30,30,,,
133513,16,16,16,,,
133514,24,24,24,,,
133515,30,30,30,,,
133516,30,30,30,,,
133517,24,16,16,,,
133518,29,34,34,,,
133519,30,30,30,,,
133520,25,30,30,,,
133521,24,24,10,,,
133522,10,24,24,,,
133523,27,16,16,,,
133524,30,30,30,,,
133525,16,16,16,,,
133526,16,24,24,,,
133527,28,28,28,,,
133528,30,30,30,,,
133529,24,24,27,,,
133530,24,24,24,,,
133531,10,24,24,,,
133532,13,34,34,,,
133533,16,16,16,,,
133534,24,24,24,,,
133536,30,30,30,,,
133537,16,24,24,,,
133538,28,28,28,,,
133539,16,16,16,,,
133540,28,8,8,,,
133541,37,5,5,,,
133542,4,27,27,,,
133543,24,24,24,,,
133544,1,16,16,,,
133545,20,16,16,,,
133546,16,16,16,,,
133547,30,30,30,,,
133548,26,36,36,,,
133549,24,24,19,,,
133550,16,30,10,,,
133551,4,4,4,,,
133552,16,16,16,,,
133553,28,28,28,,,
133554,24,24,10,,,
133555,31,10,30,,,
133556,3,26,3,,,
133557,28,28,28,,,
133558,28,28,28,,,
133559,24,24,10,,,
133560,27,16,27,,,
133561,24,24,24,,,
133562,16,16,16,,,
133563,28,28,28,,,
133564,8,8,8,,,
133565,16,16,16,,,
133566,28,28,28,,,
133567,8,4,4,,,
133568,34,34,34,,,
133569,30,16,16,,,
133570,28,28,28,,,
133571,36,36,36,,,
133572,3,16,16,,,
133573,30,30,30,,,
133574,28,28,28,,,
133575,30,30,30,,,
133576,23,30,30,,,
133577,24,24,24,,,
133578,24,24,10,,,
133579,10,10,10,,,
133580,6,26,26,,,
133581,30,30,30,,,
133582,24,24,24,,,
133583,8,4,4,,,
133584,24,24,24,,,
133585,4,4,4,,,
133586,4,24,4,,,
133587,16,16,16,,,
133588,30,30,30,,,
133589,28,2,9,,,
133590,34,34,34,,,
133591,4,4,4,,,
133592,28,28,28,,,
133593,16,16,16,,,
133594,24,30,30,,,
133595,24,30,30,,,
133596,8,8,8,,,
133597,24,24,24,,,
133598,24,24,24,,,
133599,30,30,30,,,
133600,16,16,16,,,
133601,16,16,16,,,
133602,34,24,37,,,
133603,16,16,16,,,
133604,30,30,30,,,
133605,27,24,10,,,
133606,24,16,16,,,
133607,16,16,16,,,
133608,11,10,10,,,
133609,24,5,5,,,
133610,26,24,24,,,
133611,27,16,27,,,
133612,5,34,34,,,
133613,24,24,24,,,
133614,16,16,16,,,
133615,27,19,27,,,
133616,28,8,8,,,
133618,27,16,16,,,
133619,4,16,16,,,
133620,27,24,27,,,
133621,16,16,16,,,
133622,24,24,24,,,
133623,28,28,28,,,
133624,10,24,24,,,
133625,30,30,30,,,
133626,16,24,24,,,
133627,30,30,30,,,
133628,24,24,24,,,
133629,28,28,28,,,
133630,27,34,27,,,
133631,24,24,24,,,
133632,16,16,16,,,
133633,34,34,34,,,
133634,16,16,16,,,
133635,35,5,5,,,
133636,4,4,4,,,
134015,5,5,5,,,
134092,33,39,9,,,
134117,26,26,26,,,
134190,16,16,16,,,
134197,10,5,8,,,
134250,24,24,31,,,
134259,16,16,16,,,
134277,27,16,16,,,
134279,13,24,24,,,
134282,16,16,16,,,
134288,16,16,16,,,
134296,8,5,8,,,
134301,25,16,24,,,
134315,31,24,24,,,
134317,24,24,24,,,
134319,16,16,16,,,
134321,19,10,19,,,
134324,16,16,16,,,
134337,10,10,10,,,
134342,24,24,24,,,
134345,27,16,16,,,
134346,28,28,28,,,
134349,16,16,16,,,
134350,5,4,4,,,
134351,16,16,16,,,
134353,33,9,9,,,
134354,24,24,24,,,
134355,24,24,24,,,
134356,19,19,19,,,
134357,16,16,16,,,
134358,16,30,16,,,
134359,24,30,24,,,
134360,31,30,16,,,
134361,16,16,16,,,
134362,4,4,8,,,
134363,28,8,8,,,
134364,27,16,27,,,
134365,8,28,8,,,
134366,30,30,30,,,
134367,24,24,10,,,
134368,27,16,16,,,
134369,8,8,8,,,
134370,24,24,24,,,
134371,38,38,38,,,
134372,11,19,19,,,
134373,24,24,24,,,
134374,6,38,38,,,
134375,4,4,4,,,
134376,4,5,5,,,
134377,16,16,16,,,
134378,16,16,16,,,
134379,23,4,4,,,
134380,5,23,4,,,
134381,30,30,30,,,
134382,16,16,16,,,
134383,9,34,10,,,
134384,27,27,27,,,
134385,30,10,30,,,
134386,24,24,24,,,
134387,13,34,13,,,
134388,31,26,31,,,
134390,6,26,26,,,
134391,17,16,16,,,
134392,24,16,16,,,
134393,16,16,16,,,
134394,24,24,10,,,
134396,19,19,19,,,
134397,24,16,24,,,
134398,31,30,30,,,
134399,4,4,4,,,
134400,10,24,10,,,
134401,16,16,16,,,
134403,31,30,24,,,
134404,24,24,24,,,
134405,28,28,28,,,
134406,24,24,24,,,
134407,31,16,31,,,
134408,24,16,16,,,
134409,16,16,16,,,
134410,11,5,5,,,
134411,16,16,16,,,
134412,24,16,16,,,
134413,16,16,16,,,
134414,34,34,34,,,
134415,30,30,30,,,
134416,19,19,19,,,
134417,24,24,24,,,
134418,2,20,2,,,
134419,37,26,26,,,
134420,28,28,28,,,
134421,8,8,8,,,
134422,16,16,16,,,
134423,24,24,24,,,
134424,3,31,30,,,
134425,2,2,2,,,
134426,16,16,16,,,
134427,24,24,24,,,
134428,30,24,24,,,
134429,31,24,24,,,
134430,8,8,8,,,
134431,24,24,24,,,
134432,30,30,30,,,
134433,24,5,19,,,
134434,16,16,16,,,
134435,16,16,16,,,
134436,10,24,26,,,
134437,16,16,16,,,
134438,24,24,24,,,
134439,24,24,26,,,
134440,27,19,27,,,
134441,16,16,16,,,
134442,3,36,34,,,
134443,16,16,16,,,
134444,28,28,28,,,
134445,5,5,5,,,
134446,24,24,24,,,
134447,24,24,4,,,
134448,16,16,16,,,
134449,23,4,4,,,
134450,30,30,30,,,
134451,16,16,16,,,
134452,38,38,38,,,
134453,13,24,24,,,
134454,16,16,16,,,
134455,16,16,16,,,
134456,8,4,4,,,
134457,24,16,16,,,
134458,24,24,24,,,
134459,26,30,30,,,
134460,28,28,28,,,
134461,24,10,37,,,
134462,16,16,16,,,
134463,16,16,16,,,
134464,8,24,24,,,
134465,24,16,16,,,
134466,16,16,16,,,
134467,30,30,30,,,
134468,16,16,16,,,
134469,28,28,28,,,
134477,24,24,24,,,
134479,28,28,28,,,
134481,6,30,30,,,
134492,10,10,36,,,
134494,28,8,8,,,
134500,16,16,16,,,
134506,37,37,37,,,
134507,30,30,30,,,
134512,29,5,5,,,
134524,28,28,28,,,
134535,8,38,4,,,
134571,23,4,2,,,
134582,24,10,24,,,
134584,16,16,16,,,
134601,25,16,24,,,
134618,30,30,30,,,
134655,8,4,4,,,
134670,24,24,24,,,
134684,16,16,16,,,
134691,16,16,16,,,
134701,24,24,24,,,
134702,30,31,30,,,
134713,30,30,30,,,
134714,26,26,26,,,
134715,24,24,24,,,
134716,4,16,4,,,
134717,16,16,16,,,
134718,24,24,24,,,
134719,16,16,16,,,
134722,27,16,16,,,
134723,26,26,26,,,
134724,10,30,30,,,
134725,16,16,16,,,
134726,27,27,27,,,
134727,4,4,4,,,
134728,16,16,16,,,
134729,31,30,30,,,
134730,16,16,16,,,
134731,10,24,37,,,
134732,28,8,8,,,
134733,25,16,16,,,
134735,31,30,30,,,
134736,24,16,16,,,
134737,19,28,19,,,
134738,6,16,16,,,
134739,6,24,24,,,
134740,19,19,19,,,
134742,24,24,27,,,
134743,16,16,16,,,
134744,2,2,37,,,
134745,24,24,10,,,
134746,24,16,16,,,
134747,16,16,16,,,
134748,28,28,28,,,
134749,6,6,6,,,
134750,16,16,16,,,
134751,4,4,4,,,
134752,30,30,30,,,
134753,30,30,30,,,
134754,24,24,10,,,
134755,28,8,8,,,
134756,4,4,4,,,
134757,8,8,8,,,
134758,16,16,16,,,
134759,16,16,16,,,
134760,18,5,5,,,
134761,16,16,16,,,
134762,30,30,30,,,
134763,16,16,16,,,
134765,5,36,36,,,
134766,30,30,30,,,
134767,30,30,30,,,
134768,30,30,30,,,
134769,30,16,16,,,
134770,30,30,30,,,
134771,24,16,24,,,
134772,16,16,16,,,
134774,24,24,24,,,
134775,24,16,16,,,
134776,30,30,30,,,
134777,31,24,24,,,
134778,5,5,8,,,
134779,4,4,23,,,
134781,24,24,24,,,
134782,24,16,16,,,
134783,28,28,28,,,
134784,30,30,30,,,
134785,16,16,16,,,
134786,16,24,24,,,
134787,16,30,30,,,
134788,34,34,34,,,
134789,16,16,16,,,
134790,36,36,36,,,
134791,24,24,10,,,
134792,30,30,30,,,
134793,24,16,16,,,
134794,10,30,30,,,
134795,16,16,16,,,
134796,30,30,30,,,
134797,13,16,16,,,
134798,24,16,16,,,
134799,34,34,39,,,
134800,4,28,28,,,
134801,16,16,16,,,
134802,28,28,28,,,
134803,30,30,30,,,
134804,6,26,4,,,
134805,8,8,8,,,
134806,30,30,30,,,
134807,24,16,24,,,
134808,16,16,16,,,
134809,24,24,24,,,
134810,8,28,28,,,
134811,24,10,10,,,
134812,16,16,16,,,
134813,27,24,27,,,
134814,16,16,16,,,
134815,30,30,30,,,
134816,5,16,24,,,
134817,19,19,27,,,
134818,16,16,16,,,
134819,16,16,16,,,
134820,31,31,31,,,
134821,4,4,4,,,
134822,27,10,27,,,
134823,24,31,26,,,
134824,16,16,16,,,
134825,10,10,10,,,
134826,31,24,24,,,
134827,30,30,30,,,
134828,30,30,30,,,
134829,24,10,24,,,
134830,30,30,30,,,
134831,11,24,24,,,
134832,23,23,23,,,
134833,24,30,30,,,
134834,25,16,16,,,
134835,19,24,10,,,
134836,24,24,24,,,
134837,30,30,30,,,
134838,24,24,24,,,
134839,24,10,24,,,
134840,24,24,24,,,
134841,24,16,24,,,
134842,24,16,16,,,
134843,10,24,10,,,
134844,24,34,24,,,
134845,28,28,28,,,
134846,24,24,24,,,
134847,16,16,16,,,
134848,30,30,30,,,
134849,18,16,24,,,
134850,24,24,24,,,
134851,16,16,16,,,
134852,24,24,24,,,
134853,16,16,16,,,
134854,26,24,24,,,
134855,16,16,16,,,
134856,24,10,10,,,
134857,10,24,24,,,
134858,28,28,28,,,
134859,24,16,24,,,
134860,16,16,16,,,
134861,24,16,16,,,
134862,16,16,16,,,
134863,16,16,16,,,
134864,27,24,24,,,
134865,16,16,16,,,
134866,24,24,24,,,
134867,16,16,16,,,
134868,16,16,16,,,
134869,16,16,16,,,
134870,30,30,30,,,
134871,3,36,36,,,
134872,24,24,24,,,
134873,30,30,30,,,
134874,24,24,24,,,
134875,10,24,10,,,
134876,30,30,30,,,
134878,16,16,16,,,
134879,38,16,16,,,
134880,16,16,16,,,
134881,2,2,2,,,
134882,8,5,8,,,
134883,24,24,24,,,
134884,16,16,16,,,
134885,16,16,16,,,
134886,28,28,28,,,
134887,24,24,24,,,
134888,24,24,24,,,
134889,16,16,16,,,
134890,5,4,4,,,
134891,30,30,30,,,
134892,24,24,24,,,
134893,24,24,24,,,
134894,30,30,30,,,
134895,28,28,28,,,
134896,30,30,30,,,
134897,23,5,5,,,
134898,16,16,16,,,
134899,30,30,10,,,
134900,4,36,4,,,
134901,5,37,5,,,
134902,34,34,20,,,
134903,28,28,28,,,
134904,30,30,30,,,
134905,36,10,36,,,
134906,24,16,16,,,
134907,28,28,8,,,
134908,16,16,16,,,
134909,10,24,10,,,
134910,4,16,24,,,
134911,4,10,24,,,
134913,8,8,8,,,
134914,24,16,16,,,
134915,27,16,27,,,
134916,17,16,16,,,
134917,24,24,24,,,
134918,24,24,24,,,
134919,24,24,24,,,
134920,24,16,16,,,
134921,16,16,16,,,
134922,28,28,28,,,
134923,26,28,24,,,
134924,30,30,30,,,
134925,24,24,24,,,
134926,24,24,10,,,
134927,24,24,24,,,
134928,30,30,30,,,
134929,24,24,24,,,
134930,20,34,34,,,
134931,30,26,26,,,
134932,27,27,27,,,
134933,16,16,16,,,
134934,17,16,16,,,
134935,10,34,24,,,
134936,22,10,22,,,
134937,15,5,5,,,
134938,16,16,16,,,
134939,24,24,24,,,
134940,9,9,9,,,
134941,24,24,24,,,
134942,22,2,22,,,
134943,24,24,24,,,
134944,30,16,16,,,
134945,24,24,24,,,
134946,27,27,27,,,
134947,27,16,16,,,
134948,16,16,16,,,
134949,26,24,26,,,
134950,24,30,30,,,
134951,28,28,28,,,
134952,34,34,34,,,
134953,24,24,24,,,
134954,27,27,27,,,
134955,13,24,10,,,
134956,4,4,4,,,
134957,27,16,27,,,
134958,16,16,16,,,
134959,28,28,28,,,
134960,16,16,24,,,
134961,16,16,16,,,
134962,16,16,24,,,
134963,24,24,24,,,
134964,39,34,34,,,
134965,23,2,2,,,
134966,28,28,28,,,
135371,27,27,27,,,
135412,16,16,16,,,
135461,34,19,8,,,
135477,16,16,16,,,
135483,13,34,10,,,
135521,24,24,10,,,
135558,24,24,24,,,
135585,31,16,30,,,
135605,16,16,16,,,
135612,24,24,24,,,
135618,8,28,28,,,
135621,16,16,16,,,
135622,8,8,8,,,
135623,16,16,16,,,
135624,32,16,23,,,
135625,27,24,24,,,
135626,16,31,16,,,
135627,10,10,10,,,
135628,24,24,24,,,
135629,24,16,24,,,
135631,4,16,16,,,
135632,16,16,16,,,
135633,10,24,27,,,
135634,16,16,16,,,
135635,5,5,5,,,
135636,5,4,4,,,
135637,28,28,28,,,
135638,16,16,16,,,
135639,16,30,16,,,
135640,13,24,24,,,
135641,24,24,10,,,
135643,30,30,30,,,
135644,24,24,24,,,
135645,34,34,34,,,
135646,34,34,34,,,
135647,16,16,16,,,
135648,19,24,19,,,
135649,16,16,16,,,
135650,10,19,19,,,
135651,5,34,28,,,
135652,27,19,19,,,
135653,38,38,38,,,
135654,4,4,4,,,
135655,25,16,16,,,
135656,18,16,19,,,
135657,3,10,10,,,
135658,24,24,24,,,
135659,24,24,24,,,
135660,24,16,24,,,
135661,30,30,30,,,
135662,24,24,24,,,
135663,16,16,16,,,
135664,16,16,16,,,
135665,24,24,30,,,
135666,24,24,24,,,
135668,27,16,27,,,
135669,28,28,28,,,
135670,9,20,9,,,
135671,24,16,24,,,
135672,22,2,22,,,
135673,8,8,8,,,
135674,16,16,16,,,
135675,16,16,16,,,
135676,4,4,26,,,
135677,34,20,39,,,
135678,30,30,30,,,
135679,8,28,8,,,
135680,16,16,16,,,
135681,30,30,30,,,
135682,24,30,30,,,
135683,24,24,24,,,
135684,8,8,28,,,
135685,16,16,16,,,
135686,8,4,8,,,
135687,4,4,4,,,
135689,16,16,16,,,
135691,13,16,10,,,
135692,27,24,10,,,
135693,24,24,16,,,
135694,24,24,10,,,
135695,10,10,10,,,
135696,5,5,5,,,
135697,24,34,24,,,
135698,34,34,34,,,
135699,4,4,4,,,
135700,16,16,16,,,
135701,5,4,4,,,
135702,24,24,24,,,
135703,24,24,24,,,
135704,31,30,30,,,
135705,36,36,36,,,
135706,36,36,36,,,
135707,24,24,24,,,
135708,5,5,5,,,
135709,26,16,16,,,
135710,16,16,16,,,
135711,25,16,16,,,
135712,24,24,10,,,
135713,24,24,24,,,
135714,24,36,36,,,
135715,24,16,24,,,
135716,8,8,8,,,
135717,24,10,10,,,
135718,18,19,5,,,
135719,24,24,24,,,
135720,16,16,24,,,
135721,8,4,4,,,
135722,24,16,24,,,
135723,36,36,36,,,
135724,34,34,19,,,
135725,27,19,19,,,
135726,16,16,16,,,
135727,4,4,4,,,
135728,30,30,30,,,
135729,30,30,30,,,
135730,30,30,30,,,
135731,5,5,4,,,
135732,24,24,24,,,
135733,24,30,24,,,
135734,30,30,30,,,
135735,16,16,16,,,
135754,9,9,9,,,
135758,13,34,24,,,
135765,37,31,27,,,
135769,16,16,16,,,
135786,16,16,16,,,
135796,8,5,5,,,
135797,24,24,10,,,
135800,24,24,24,,,
135814,24,24,24,,,
135825,2,2,2,,,
135836,24,24,24,,,
135838,24,24,16,,,
135854,3,4,4,,,
135862,30,24,30,,,
135867,13,16,24,,,
135876,26,26,26,,,
135892,26,26,26,,,
135928,30,30,30,,,
135929,24,24,24,,,
135931,16,16,16,,,
135940,24,24,24,,,
135950,34,20,20,,,
135983,24,5,5,,,
135989,28,16,23,,,
135992,16,16,16,,,
136004,16,16,16,,,
136006,30,30,30,,,
136007,16,16,16,,,
136009,24,24,24,,,
136010,16,16,16,,,
136012,24,30,24,,,
136013,4,4,4,,,
136014,30,30,30,,,
136015,8,8,8,,,
136016,4,4,4,,,
136017,9,34,34,,,
136018,24,24,24,,,
136020,31,30,30,,,
136021,23,37,23,,,
136022,30,16,30,,,
136023,27,4,8,,,
136024,26,26,26,,,
136025,9,34,34,,,
136026,10,24,10,,,
136027,10,10,10,,,
136028,26,26,26,,,
136029,16,16,16,,,
136030,16,16,16,,,
136031,24,24,24,,,
136033,24,24,10,,,
136035,24,16,16,,,
136036,30,30,30,,,
136038,28,28,28,,,
136040,34,34,34,,,
136041,16,16,16,,,
136042,28,28,28,,,
136043,16,16,16,,,
136044,16,16,16,,,
136045,28,28,28,,,
136046,26,24,24,,,
136047,16,16,16,,,
136048,28,28,28,,,
136049,30,30,30,,,
136050,30,30,30,,,
136051,16,16,16,,,
136052,16,16,16,,,
136054,24,26,30,,,
136055,16,16,16,,,
136056,16,16,16,,,
136057,10,2,2,,,
136058,4,5,5,,,
136059,30,16,30,,,
136060,16,16,16,,,
136061,5,24,5,,,
136062,31,24,24,,,
136063,24,24,24,,,
136064,38,38,38,,,
136065,34,34,34,,,
136066,24,24,24,,,
136067,4,4,4,,,
136068,6,30,30,,,
136069,6,10,10,,,
136070,34,34,34,,,
136071,16,16,16,,,
136072,16,16,16,,,
136073,36,2,2,,,
136074,16,16,16,,,
136075,26,4,4,,,
136076,16,30,16,,,
136077,24,16,16,,,
136078,4,5,8,,,
136080,30,30,30,,,
136081,16,16,16,,,
136082,30,30,30,,,
136083,34,34,34,,,
136084,16,16,16,,,
136085,8,5,5,,,
136086,1,16,16,,,
136087,24,16,24,,,
136088,24,24,10,,,
136089,34,28,24,,,
136090,25,16,16,,,
136091,30,30,30,,,
136092,16,16,16,,,
136093,27,16,16,,,
136094,34,34,34,,,
136095,27,19,27,,,
136096,34,34,34,,,
136097,27,16,27,,,
136098,30,30,30,,,
136099,16,16,16,,,
136100,16,16,16,,,
136101,26,26,26,,,
136102,16,16,16,,,
136103,16,16,16,,,
136104,24,24,24,,,
136105,24,10,10,,,
136106,22,23,23,,,
136107,16,16,16,,,
136108,24,24,24,,,
136109,27,24,16,,,
136110,24,30,10,,,
136111,24,24,24,,,
136112,27,27,27,,,
136113,26,26,26,,,
136114,24,16,16,,,
136115,24,24,24,,,
136116,24,24,24,,,
136117,26,34,34,,,
136118,34,34,34,,,
136119,3,10,10,,,
136120,16,16,16,,,
136121,24,30,30,,,
136122,28,28,28,,,
136123,24,3,3,,,
136124,16,16,16,,,
136125,24,24,24,,,
136126,30,30,30,,,
136128,24,24,24,,,
136129,24,16,16,,,
136130,16,16,16,,,
136131,24,10,10,,,
136132,30,30,30,,,
136133,16,16,16,,,
136134,16,16,16,,,
136135,34,34,34,,,
136136,24,24,24,,,
136137,16,16,16,,,
136138,34,34,34,,,
136139,39,9,9,,,
136140,31,30,31,,,
136141,5,5,5,,,
136142,2,2,2,,,
136143,30,30,30,,,
136144,16,16,16,,,
136145,30,30,30,,,
136146,4,24,10,,,
136147,16,16,16,,,
136148,16,24,24,,,
136149,23,23,5,,,
136150,24,16,24,,,
136151,16,16,16,,,
136152,24,16,30,,,
136153,16,16,16,,,
136154,10,36,36,,,
136155,16,16,16,,,
136156,16,24,16,,,
136157,5,34,34,,,
136158,24,24,24,,,
136159,16,16,16,,,
136160,24,24,24,,,
136161,24,24,16,,,
136162,24,24,24,,,
136163,4,28,8,,,
136164,24,24,24,,,
136165,16,16,16,,,
136166,16,16,16,,,
136167,16,16,16,,,
136168,30,30,30,,,
136170,32,16,24,,,
136171,3,16,24,,,
136172,16,16,16,,,
136173,28,28,28,,,
136174,30,30,30,,,
136175,24,24,24,,,
136176,34,34,34,,,
136177,16,16,16,,,
136178,28,28,28,,,
136179,4,4,4,,,
136180,30,30,30,,,
136181,24,24,24,,,
136182,28,24,24,,,
136183,28,28,28,,,
136184,28,28,28,,,
136185,4,4,4,,,
136186,24,16,16,,,
136187,24,24,10,,,
136188,24,24,10,,,
136189,16,16,16,,,
136190,5,5,5,,,
136191,24,24,24,,,
136192,4,4,4,,,
136193,4,4,4,,,
136194,28,28,28,,,
136195,30,30,30,,,
136196,31,24,30,,,
136197,26,26,26,,,
136198,10,24,24,,,
136199,34,34,34,,,
136200,24,24,24,,,
136201,27,10,27,,,
136202,23,23,23,,,
136203,28,28,28,,,
136204,39,24,24,,,
136205,27,16,27,,,
136206,13,24,24,,,
136207,4,5,5,,,
136208,3,30,16,,,
136209,24,24,10,,,
136210,8,28,28,,,
136211,24,24,24,,,
136212,28,8,28,,,
136213,24,24,24,,,
136214,24,16,16,,,
136215,30,30,30,,,
136216,27,24,24,,,
136217,16,24,16,,,
136218,16,16,16,,,
136219,28,28,28,,,
136220,16,24,24,,,
136221,16,16,16,,,
136222,16,16,16,,,
136223,24,24,24,,,
136224,10,34,34,,,
136225,10,30,30,,,
136226,16,16,16,,,
136227,10,24,24,,,
136228,4,28,4,,,
136229,27,16,16,,,
136230,24,16,24,,,
136231,23,31,31,,,
136232,16,16,24,,,
136233,28,5,19,,,
136234,38,30,30,,,
136235,24,24,24,,,
136236,26,26,31,,,
136237,27,27,27,,,
136238,10,30,30,,,
136239,27,10,10,,,
136240,16,30,30,,,
136241,34,34,39,,,
136242,11,24,10,,,
136573,4,4,8,,,
136767,16,16,16,,,
136773,17,16,16,,,
136781,26,4,3,,,
136784,9,34,39,,,
136808,30,30,26,,,
136810,16,16,16,,,
136826,27,16,16,,,
136831,28,28,28,,,
136838,8,5,8,,,
136849,30,30,30,,,
136872,5,5,24,,,
136886,22,24,10,,,
136893,8,5,5,,,
136899,28,28,28,,,
136902,16,16,16,,,
136907,30,30,30,,,
136910,24,24,24,,,
136912,30,30,30,,,
136913,8,4,4,,,
136915,4,4,4,,,
136916,28,28,28,,,
136917,24,24,24,,,
136918,31,31,31,,,
136919,28,28,28,,,
136920,3,26,26,,,
136922,16,16,16,,,
136923,23,23,23,,,
136925,32,28,34,,,
136927,8,8,8,,,
136928,24,3,16,,,
136929,37,24,24,,,
136930,34,34,34,,,
136931,24,24,31,,,
136932,24,24,24,,,
136933,24,24,24,,,
136934,31,26,31,,,
136935,37,16,16,,,
136936,27,27,27,,,
136937,27,16,27,,,
136938,21,26,26,,,
136939,4,23,23,,,
136940,24,34,24,,,
136941,31,24,24,,,
136942,37,34,5,,,
136943,16,16,16,,,
136944,26,24,26,,,
136945,28,28,28,,,
136946,22,10,2,,,
136947,24,24,24,,,
136948,34,34,34,,,
136949,2,2,2,,,
136950,33,2,2,,,
136951,16,16,16,,,
136952,16,16,16,,,
136953,16,16,16,,,
136954,22,2,2,,,
136955,10,16,27,,,
136956,2,34,39,,,
136957,5,23,5,,,
136958,26,26,26,,,
136959,39,34,34,,,
136960,27,10,10,,,
136961,24,34,34,,,
136962,27,16,16,,,
136963,24,30,30,,,
136964,27,16,27,,,
136965,10,24,10,,,
136966,27,27,27,,,
136967,16,16,16,,,
136968,24,24,26,,,
136969,28,28,28,,,
136970,19,19,19,,,
136971,13,24,13,,,
136972,0,28,28,,,
136973,28,8,8,,,
136974,28,16,28,,,
136975,16,16,16,,,
136976,25,16,30,,,
136977,8,8,8,,,
136978,16,16,16,,,
136979,5,20,5,,,
136980,28,28,28,,,
136981,24,30,24,,,
136982,16,16,16,,,
136983,24,24,24,,,
136984,16,16,16,,,
136985,2,2,2,,,
136986,16,16,24,,,
136987,16,16,16,,,
136988,24,24,24,,,
136989,30,30,30,,,
136990,34,34,34,,,
136991,9,34,34,,,
136992,13,34,24,,,
136993,24,26,10,,,
136994,10,10,10,,,
136995,16,16,16,,,
136996,30,30,30,,,
136997,28,28,28,,,
136998,5,5,5,,,
136999,16,16,16,,,
137000,5,38,5,,,
137001,16,16,16,,,
137002,37,37,26,,,
137003,6,16,27,,,
137004,28,28,28,,,
137005,28,28,28,,,
137006,16,16,16,,,
137007,38,38,38,,,
137008,10,30,30,,,
137009,24,30,30,,,
137010,39,34,34,,,
137011,3,10,10,,,
137012,28,4,4,,,
137013,24,24,24,,,
137014,13,24,24,,,
137015,3,38,38,,,
137016,24,24,24,,,
137017,16,16,16,,,
137018,4,4,4,,,
137019,16,24,24,,,
137020,16,16,16,,,
137021,24,16,24,,,
137022,24,24,24,,,
137023,30,30,30,,,
137024,16,16,16,,,
137025,37,34,37,,,
137026,24,16,16,,,
137027,27,27,27,,,
137028,30,30,30,,,
137029,24,16,24,,,
137030,30,30,30,,,
137031,16,16,16,,,
137032,24,19,16,,,
137033,33,28,9,,,
137034,27,27,27,,,
137035,34,34,34,,,
137036,24,16,16,,,
137037,24,24,24,,,
137038,16,16,16,,,
137039,25,16,4,,,
137040,24,24,24,,,
137042,27,24,27,,,
137043,36,36,36,,,
137044,16,16,16,,,
137045,24,24,34,,,
137046,30,30,30,,,
137055,28,28,28,,,
137064,13,24,24,,,
137070,20,16,27,,,
137072,16,16,16,,,
137088,38,38,38,,,
137119,24,30,16,,,
137124,36,36,36,,,
137134,24,16,24,,,
137141,16,16,16,,,
137156,24,24,10,,,
137163,30,30,30,,,
137182,16,16,16,,,
137199,16,16,16,,,
137207,17,16,16,,,
137225,16,16,16,,,
137244,26,26,26,,,
137246,27,27,27,,,
137275,16,16,16,,,
137276,16,16,16,,,
137288,30,30,30,,,
137291,16,16,16,,,
137302,24,16,24,,,
137303,34,34,34,,,
137304,16,16,16,,,
137305,4,4,4,,,
137306,30,30,30,,,
137308,23,38,38,,,
137309,16,16,16,,,
137310,24,16,16,,,
137311,32,24,28,,,
137312,8,5,19,,,
137313,6,37,5,,,
137314,4,24,30,,,
137315,34,34,34,,,
137317,36,36,36,,,
137318,24,24,10,,,
137319,24,16,24,,,
137321,34,9,9,,,
137322,22,22,4,,,
137323,33,2,2,,,
137324,18,19,26,,,
137325,34,34,34,,,
137326,27,23,8,,,
137327,22,10,2,,,
137328,34,28,28,,,
137330,24,24,10,,,
137331,30,30,30,,,
137332,16,16,16,,,
137333,30,30,30,,,
137334,24,30,30,,,
137335,26,24,24,,,
137336,16,16,16,,,
137337,34,34,34,,,
137338,27,24,27,,,
137339,16,16,16,,,
137340,26,34,26,,,
137341,8,4,4,,,
137342,23,4,4,,,
137343,23,23,23,,,
137344,24,24,24,,,
137345,4,4,4,,,
137346,3,26,3,,,
137347,25,30,30,,,
137348,24,24,10,,,
137349,16,16,16,,,
137350,30,30,30,,,
137351,24,24,10,,,
137352,3,26,26,,,
137353,26,26,26,,,
137354,26,24,26,,,
137356,4,23,5,,,
137357,10,10,24,,,
137358,27,27,27,,,
137359,18,16,16,,,
137360,30,24,30,,,
137361,30,30,30,,,
137362,10,10,10,,,
137363,24,24,24,,,
137364,16,16,16,,,
137365,30,30,30,,,
137366,5,5,5,,,
137367,30,30,30,,,
137368,28,28,28,,,
137369,28,28,28,,,
137370,23,19,23,,,
137371,24,24,16,,,
137372,16,16,16,,,
137373,10,10,10,,,
137374,27,27,27,,,
137375,28,28,28,,,
137376,16,16,16,,,
137377,27,27,27,,,
137378,16,16,16,,,
137379,23,23,38,,,
137380,24,24,24,,,
137381,24,30,24,,,
137382,16,16,16,,,
137383,28,24,28,,,
137384,16,16,16,,,
137385,27,16,27,,,
137386,37,4,4,,,
137387,27,16,27,,,
137388,2,2,2,,,
137389,30,30,30,,,
137390,24,24,24,,,
137391,30,30,30,,,
137392,28,28,28,,,
137393,30,30,30,,,
137394,26,26,26,,,
137395,23,4,4,,,
137396,2,34,34,,,
137397,24,30,30,,,
137398,13,16,16,,,
137399,5,5,5,,,
137400,23,38,38,,,
137401,24,24,24,,,
137402,30,30,10,,,
137403,24,24,24,,,
137404,10,16,16,,,
137405,4,24,16,,,
137406,24,24,24,,,
137407,24,24,24,,,
137408,24,24,24,,,
137409,9,34,34,,,
137410,4,4,4,,,
137411,9,34,34,,,
137412,24,16,16,,,
137413,16,16,16,,,
137414,24,24,24,,,
137415,22,2,2,,,
137416,16,16,16,,,
137417,30,30,30,,,
137418,16,16,16,,,
137419,30,24,24,,,
137420,30,30,30,,,
137421,13,34,34,,,
137422,13,16,16,,,
137423,30,30,30,,,
137424,16,16,16,,,
137425,16,16,16,,,
137426,10,26,26,,,
137427,3,38,4,,,
137428,16,16,16,,,
137429,30,30,30,,,
137430,28,28,28,,,
137431,13,16,16,,,
137432,30,30,30,,,
137433,30,30,30,,,
137434,24,16,16,,,
137435,16,16,16,,,
137436,24,30,30,,,
137437,6,30,30,,,
137438,16,16,16,,,
137439,24,16,16,,,
137440,30,30,30,,,
137441,5,5,5,,,
137442,16,16,16,,,
137443,16,16,16,,,
137444,4,24,24,,,
137445,13,13,10,,,
137446,30,30,31,,,
137447,16,16,16,,,
137448,28,28,28,,,
137449,36,36,36,,,
137451,26,26,26,,,
137453,10,24,24,,,
137454,24,24,30,,,
137455,26,30,26,,,
137456,28,8,8,,,
137457,27,24,27,,,
137458,8,8,4,,,
137459,34,34,34,,,
137460,16,16,16,,,
137461,8,4,19,,,
137462,4,24,24,,,
137463,10,24,10,,,
137464,24,24,24,,,
137465,27,27,27,,,
137466,36,5,36,,,
137467,16,16,24,,,
137468,23,23,27,,,
137471,34,34,20,,,
137472,24,24,24,,,
137473,16,16,16,,,
137474,30,30,30,,,
137475,30,30,30,,,
137476,16,16,16,,,
137477,8,28,28,,,
137478,8,5,5,,,
137479,25,16,16,,,
137480,2,27,27,,,
137481,24,16,16,,,
137482,24,16,24,,,
137483,18,16,24,,,
137484,6,16,16,,,
137485,25,16,24,,,
137486,16,16,16,,,
137487,24,24,24,,,
137488,16,24,24,,,
137489,22,16,16,,,
137490,30,30,30,,,
137491,24,24,10,,,
137492,24,24,24,,,
137493,5,16,5,,,
137494,8,8,8,,,
137495,16,16,16,,,
137496,16,16,16,,,
137497,4,4,4,,,
137498,34,34,34,,,
137499,3,24,24,,,
137500,24,16,16,,,
137501,37,30,10,,,
137502,30,30,30,,,
137503,5,5,5,,,
137504,34,34,34,,,
137505,4,5,4,,,
137506,24,24,16,,,
137507,30,30,30,,,
137508,16,16,16,,,
137509,24,24,24,,,
137510,27,10,27,,,
137511,26,26,26,,,
137512,36,10,36,,,
137513,16,16,16,,,
137514,24,16,16,,,
137515,24,10,10,,,
137516,24,24,26,,,
137517,16,16,16,,,
137518,24,24,24,,,
137519,28,28,28,,,
137520,5,5,5,,,
137521,37,24,10,,,
137522,24,16,24,,,
137523,34,34,34,,,
137524,24,24,16,,,
137525,16,30,27,,,
137526,27,24,27,,,
137527,16,16,16,,,
137528,16,16,16,,,
137529,16,16,16,,,
137530,5,4,4,,,
137531,26,26,26,,,
137532,24,24,10,,,
137533,16,16,16,,,
137534,4,4,5,,,
137535,24,24,27,,,
138002,26,26,26,,,
138041,16,16,16,,,
138054,4,4,4,,,
138063,4,4,4,,,
138161,20,34,20,,,
138166,16,16,16,,,
138174,16,16,16,,,
138181,24,16,16,,,
138189,16,16,16,,,
138246,8,28,28,,,
138248,16,16,16,,,
138250,16,16,16,,,
138252,24,24,24,,,
138253,16,16,24,,,
138254,19,4,4,,,
138255,34,34,34,,,
138256,16,16,16,,,
138257,2,2,2,,,
138258,24,24,24,,,
138259,13,16,24,,,
138260,16,16,27,,,
138261,19,27,27,,,
138262,26,26,26,,,
138263,16,16,16,,,
138264,24,10,10,,,
138265,30,30,30,,,
138266,26,26,26,,,
138267,24,10,24,,,
138268,34,34,34,,,
138269,20,16,20,,,
138270,16,16,16,,,
138271,33,2,9,,,
138272,27,16,16,,,
138273,24,24,24,,,
138274,27,16,16,,,
138275,28,16,24,,,
138276,8,34,5,,,
138277,24,24,24,,,
138278,32,20,5,,,
138279,16,16,16,,,
138280,8,8,8,,,
138281,30,30,30,,,
138282,24,24,24,,,
138283,8,27,27,,,
138284,24,37,5,,,
138285,31,30,30,,,
138286,16,16,16,,,
138287,16,16,16,,,
138288,24,16,16,,,
138289,26,26,26,,,
138290,4,4,4,,,
138291,24,30,30,,,
138292,16,16,16,,,
138293,6,23,3,,,
138294,24,16,16,,,
138295,11,19,19,,,
138296,9,34,39,,,
138298,16,16,16,,,
138299,24,24,24,,,
138300,16,16,16,,,
138301,33,2,33,,,
138302,16,16,16,,,
138303,8,8,5,,,
138304,23,4,37,,,
138305,16,16,16,,,
138306,30,30,30,,,
138307,16,16,16,,,
138308,23,30,30,,,
138309,24,24,24,,,
138310,4,4,4,,,
138311,16,16,16,,,
138313,24,24,24,,,
138314,2,2,37,,,
138316,27,23,19,,,
138317,16,16,16,,,
138318,16,16,16,,,
138319,16,16,16,,,
138320,4,4,4,,,
138321,4,4,8,,,
138322,16,16,16,,,
138323,23,4,4,,,
138324,16,16,16,,,
138325,24,24,24,,,
138327,27,27,27,,,
138328,25,16,16,,,
138329,30,30,16,,,
138330,16,16,16,,,
138331,37,16,16,,,
138332,16,16,16,,,
138333,26,26,26,,,
138334,24,10,24,,,
138335,24,16,16,,,
138336,16,16,16,,,
138337,25,16,16,,,
138338,24,24,24,,,
138339,16,16,16,,,
138340,22,2,22,,,
138341,16,16,16,,,
138342,34,34,24,,,
138343,28,28,28,,,
138344,23,10,22,,,
138345,33,2,2,,,
138346,24,16,24,,,
138347,16,30,16,,,
138348,23,23,23,,,
138349,24,36,36,,,
138350,16,16,16,,,
138351,4,4,4,,,
138352,16,24,24,,,
138353,4,24,24,,,
138354,22,37,37,,,
138355,16,16,16,,,
138356,24,24,24,,,
138357,2,2,2,,,
138358,30,30,30,,,
138359,16,16,16,,,
138360,24,26,26,,,
138361,28,28,28,,,
138362,24,24,24,,,
138363,26,26,26,,,
138365,4,16,4,,,
138366,4,4,4,,,
138367,11,34,10,,,
138368,13,16,16,,,
138369,10,10,10,,,
138370,24,10,10,,,
138371,16,16,16,,,
138372,30,30,30,,,
138373,10,27,27,,,
138374,23,23,10,,,
138376,16,16,16,,,
138377,24,24,24,,,
138378,16,16,16,,,
138380,8,4,4,,,
138383,4,4,4,,,
138388,27,27,27,,,
138393,36,36,36,,,
138415,16,16,16,,,
138421,16,24,16,,,
138425,30,30,30,,,
138434,4,10,4,,,
138440,24,24,24,,,
138441,34,34,34,,,
138451,24,10,10,,,
138455,27,27,27,,,
138458,23,23,3,,,
138459,16,16,16,,,
138468,16,16,16,,,
138469,30,30,30,,,
138499,24,34,34,,,
138521,16,16,16,,,
138564,34,34,34,,,
138566,34,34,34,,,
138567,26,24,31,,,
138570,24,16,16,,,
138574,30,30,30,,,
138578,30,30,30,,,
138592,30,30,30,,,
138612,27,16,27,,,
138625,30,30,30,,,
138630,24,16,16,,,
138632,24,24,24,,,
138644,13,16,16,,,
138655,24,16,24,,,
138673,6,24,34,,,
138683,11,24,10,,,
138684,23,4,4,,,
138685,34,34,39,,,
138686,16,16,16,,,
138687,16,16,16,,,
138688,5,37,5,,,
138689,16,16,16,,,
138690,33,2,2,,,
138691,24,30,30,,,
138692,24,10,10,,,
138693,28,28,28,,,
138695,4,24,24,,,
138696,8,8,8,,,
138697,30,30,30,,,
138698,30,30,30,,,
138699,24,24,24,,,
138700,20,34,34,,,
138702,16,16,16,,,
138703,24,24,24,,,
138704,14,9,28,,,
138705,28,28,28,,,
138706,25,30,24,,,
138707,16,16,16,,,
138708,30,30,30,,,
138709,24,24,24,,,
138711,24,36,36,,,
138712,30,30,30,,,
138713,5,5,5,,,
138714,16,16,16,,,
138715,37,37,37,,,
138716,6,4,4,,,
138717,4,16,16,,,
138718,36,36,36,,,
138719,27,16,27,,,
138720,16,16,16,,,
138721,16,16,16,,,
138722,31,16,16,,,
138723,24,24,16,,,
138724,10,10,10,,,
138725,10,37,23,,,
138726,8,8,8,,,
138727,4,4,4,,,
138728,34,34,34,,,
138729,10,36,2,,,
138730,16,16,16,,,
138731,16,16,16,,,
138732,24,24,24,,,
138733,13,24,24,,,
138734,24,30,30,,,
138735,28,28,28,,,
138736,30,30,30,,,
138737,24,24,24,,,
138738,32,23,5,,,
138739,21,24,27,,,
138741,23,23,23,,,
138742,31,16,16,,,
138743,30,30,24,,,
138744,16,16,16,,,
138745,26,26,26,,,
138746,16,16,16,,,
138747,30,30,30,,,
138748,16,16,16,,,
138749,4,24,24,,,
138750,16,16,16,,,
138751,37,23,10,,,
138753,30,30,30,,,
138754,16,16,16,,,
138755,16,16,16,,,
138756,6,3,30,,,
138757,1,8,8,,,
138758,30,30,30,,,
138759,24,24,24,,,
138760,30,30,30,,,
138761,24,24,24,,,
138762,16,16,16,,,
138763,4,24,24,,,
138764,24,24,24,,,
138765,2,2,37,,,
138766,16,24,16,,,
138767,30,30,30,,,
138768,30,30,30,,,
138769,16,16,16,,,
138770,24,24,16,,,
138771,28,28,28,,,
138772,16,16,16,,,
138773,36,36,4,,,
138774,24,24,24,,,
138775,5,34,27,,,
138776,24,24,16,,,
138777,10,10,10,,,
138778,2,10,2,,,
138779,24,16,16,,,
138780,24,16,16,,,
138781,24,16,16,,,
138782,16,16,16,,,
138783,10,24,10,,,
138785,30,30,30,,,
138786,30,30,30,,,
138787,24,24,24,,,
138788,30,30,30,,,
138789,26,24,24,,,
138790,16,30,16,,,
138791,16,16,16,,,
138792,27,10,10,,,
138793,30,30,30,,,
138794,16,16,24,,,
138795,16,30,16,,,
138796,36,24,10,,,
138797,4,24,24,,,
138798,16,16,16,,,
138799,36,36,36,,,
138800,2,23,23,,,
138801,16,16,16,,,
138802,36,10,19,,,
138803,32,37,5,,,
138804,34,34,34,,,
138805,31,24,24,,,
138807,34,34,34,,,
138808,28,28,28,,,
138809,10,37,4,,,
138810,8,8,8,,,
138811,30,30,30,,,
138812,16,16,16,,,
138813,10,10,10,,,
138814,24,24,10,,,
138815,30,30,30,,,
138816,16,30,16,,,
138817,24,24,24,,,
138818,22,2,22,,,
138819,10,24,10,,,
138820,23,23,23,,,
138821,24,4,4,,,
138822,30,30,30,,,
138823,27,19,27,,,
138824,10,2,22,,,
138825,24,24,10,,,
138826,16,16,16,,,
138827,5,24,24,,,
138828,30,30,30,,,
138829,16,16,16,,,
138830,4,16,16,,,
138831,36,36,4,,,
138832,28,28,28,,,
138833,30,30,30,,,
138834,24,24,10,,,
138835,9,34,9,,,
138836,28,28,28,,,
138837,24,30,10,,,
138838,5,16,16,,,
138839,16,16,16,,,
138840,16,16,16,,,
138841,24,30,24,,,
138842,24,24,24,,,
138843,9,34,9,,,
138844,2,2,2,,,
138845,27,16,16,,,
138846,4,4,4,,,
138847,38,30,30,,,
138848,16,16,16,,,
138849,34,34,34,,,
138850,13,37,2,,,
138851,24,24,24,,,
138852,34,34,34,,,
138853,13,24,24,,,
138854,16,16,16,,,
138855,16,30,30,,,
138856,2,2,37,,,
138857,24,24,24,,,
138858,34,34,34,,,
138859,27,24,27,,,
138860,5,5,37,,,
138861,3,30,3,,,
138862,27,27,27,,,
138863,16,16,16,,,
138864,16,16,16,,,
138865,28,28,28,,,
138866,5,24,24,,,
138867,5,28,5,,,
138868,8,4,4,,,
138869,5,34,34,,,
138870,16,16,16,,,
138871,24,10,24,,,
138872,24,5,24,,,
138873,28,8,8,,,
138874,27,16,16,,,
138875,24,24,24,,,
138876,16,16,16,,,
138877,24,24,10,,,
138878,5,34,34,,,
138879,36,10,24,,,
138880,4,4,4,,,
138881,16,16,16,,,
138882,16,16,16,,,
138883,3,16,16,,,
138884,34,34,34,,,
138885,27,16,27,,,
138886,30,30,30,,,
138887,24,24,24,,,
138888,24,24,24,,,
138889,16,24,16,,,
138890,16,16,16,,,
138891,16,16,16,,,
138892,34,34,34,,,
138893,24,16,16,,,
139248,28,16,28,,,
139307,25,30,30,,,
139367,26,19,26,,,
139389,28,28,28,,,
139415,19,10,19,,,
139454,16,16,16,,,
139470,34,34,34,,,
139472,16,16,16,,,
139473,18,24,24,,,
139478,5,24,24,,,
139491,36,36,8,,,
139499,28,28,28,,,
139525,30,30,30,,,
139547,30,30,30,,,
139551,6,10,10,,,
139554,24,24,24,,,
139559,16,16,16,,,
139563,16,16,16,,,
139564,16,16,16,,,
139565,24,10,10,,,
139566,23,5,5,,,
139567,4,4,5,,,
139568,34,34,34,,,
139569,24,16,16,,,
139570,13,10,10,,,
139571,16,16,27,,,
139572,28,28,28,,,
139573,10,10,10,,,
139574,24,24,24,,,
139575,8,5,5,,,
139576,16,16,24,,,
139577,23,23,23,,,
139578,8,8,8,,,
139579,23,38,38,,,
139580,27,24,24,,,
139582,24,24,24,,,
139583,30,30,30,,,
139584,16,16,16,,,
139585,16,16,16,,,
139586,27,16,16,,,
139587,5,8,8,,,
139588,39,34,34,,,
139589,16,16,16,,,
139590,16,16,16,,,
139591,27,24,27,,,
139592,8,26,26,,,
139593,16,16,16,,,
139594,35,4,4,,,
139595,3,31,30,,,
139596,16,16,16,,,
139597,10,30,10,,,
139599,19,26,26,,,
139600,24,24,24,,,
139603,24,28,28,,,
139604,2,2,2,,,
139605,24,16,16,,,
139606,16,16,16,,,
139607,30,16,16,,,
139608,16,34,34,,,
139609,28,28,4,,,
139610,24,24,16,,,
139611,24,24,24,,,
139612,27,16,16,,,
139614,16,16,16,,,
139615,30,30,30,,,
139616,24,24,27,,,
139617,24,24,24,,,
139618,16,16,16,,,
139619,16,16,16,,,
139620,24,24,24,,,
139621,16,16,16,,,
139622,16,16,16,,,
139623,4,4,4,,,
139624,16,16,16,,,
139625,34,28,28,,,
139626,24,24,24,,,
139627,25,16,16,,,
139628,16,5,16,,,
139629,27,10,27,,,
139630,24,24,10,,,
139631,16,16,16,,,
139632,10,23,30,,,
139633,16,16,16,,,
139634,24,16,24,,,
139635,8,28,28,,,
139636,30,26,26,,,
139637,24,24,16,,,
139638,16,16,16,,,
139639,16,16,16,,,
139640,24,16,16,,,
139641,34,34,34,,,
139642,28,28,8,,,
139643,8,10,10,,,
139644,28,28,28,,,
139645,19,10,10,,,
139646,6,16,16,,,
139647,34,28,28,,,
139648,24,16,16,,,
139649,24,24,24,,,
139650,30,30,30,,,
139651,24,24,30,,,
139652,23,4,4,,,
139653,24,24,24,,,
139654,11,23,23,,,
139655,3,3,16,,,
139656,24,24,24,,,
139657,28,28,28,,,
139658,24,10,10,,,
139659,24,10,10,,,
139662,24,24,24,,,
139663,24,16,16,,,
139664,16,16,16,,,
139665,36,36,36,,,
139666,24,24,24,,,
139667,24,24,24,,,
139669,31,23,37,,,
139670,33,9,9,,,
139671,24,24,24,,,
139672,16,16,24,,,
139673,30,30,30,,,
139674,4,4,4,,,
139675,5,5,5,,,
139676,36,34,36,,,
139677,16,16,16,,,
139678,34,34,34,,,
139679,30,30,30,,,
139680,39,34,39,,,
139681,30,30,30,,,
139682,24,24,24,,,
139688,10,10,10,,,
139689,30,30,30,,,
139690,8,8,8,,,
139693,30,30,30,,,
139694,30,30,30,,,
139701,24,10,10,,,
139757,4,4,4,,,
139766,16,16,16,,,
139773,30,30,30,,,
139774,9,34,24,,,
139778,2,10,22,,,
139798,16,16,16,,,
139817,30,30,30,,,
139857,30,30,30,,,
139858,24,24,24,,,
139866,27,34,27,,,
139875,20,20,20,,,
139877,16,16,16,,,
139885,16,16,16,,,
139894,30,30,30,,,
139895,16,16,16,,,
139897,28,28,28,,,
139908,17,16,16,,,
139920,24,24,4,,,
139940,2,10,10,,,
139945,27,23,8,,,
139948,27,16,16,,,
139955,16,16,4,,,
139967,3,16,31,,,
139968,24,24,24,,,
139973,24,16,16,,,
139976,2,4,2,,,
139977,16,16,16,,,
139978,28,28,28,,,
139979,27,34,27,,,
139980,16,16,16,,,
139982,3,30,30,,,
139984,8,28,28,,,
139985,24,34,24,,,
139987,24,24,24,,,
139988,30,30,30,,,
139990,24,10,24,,,
139991,2,2,2,,,
139992,5,10,10,,,
139993,24,30,30,,,
139994,28,28,28,,,
139995,9,2,2,,,
139996,22,23,4,,,
139997,30,30,30,,,
139998,3,26,4,,,
140000,10,16,10,,,
140001,28,20,28,,,
140002,24,24,16,,,
140004,16,24,24,,,
140005,16,30,16,,,
140007,16,16,16,,,
140008,31,30,31,,,
140009,16,16,16,,,
140010,30,30,30,,,
140011,38,38,31,,,
140012,6,30,30,,,
140013,30,26,30,,,
140014,30,30,30,,,
140015,22,2,2,,,
140016,3,26,4,,,
140017,3,16,6,,,
140018,16,16,16,,,
140019,16,16,16,,,
140020,16,16,16,,,
140021,30,16,30,,,
140022,27,27,27,,,
140023,38,38,4,,,
140024,9,34,34,,,
140025,4,5,4,,,
140026,6,16,16,,,
140027,16,30,16,,,
140028,24,24,24,,,
140029,30,30,30,,,
140030,23,10,10,,,
140031,16,16,16,,,
140032,9,34,34,,,
140033,16,16,16,,,
140034,6,36,36,,,
140035,16,16,16,,,
140036,31,24,30,,,
140037,16,16,16,,,
140038,27,10,27,,,
140039,16,16,16,,,
140040,4,4,8,,,
140041,24,36,36,,,
140042,4,23,4,,,
140043,30,30,30,,,
140044,23,23,23,,,
140045,16,16,16,,,
140046,8,8,8,,,
140047,31,24,30,,,
140048,23,30,30,,,
140049,31,16,26,,,
140050,30,30,30,,,
140051,24,24,24,,,
140052,16,16,16,,,
140053,27,27,27,,,
140054,16,16,16,,,
140055,24,24,24,,,
140056,16,16,16,,,
140057,30,30,30,,,
140058,4,4,4,,,
140059,1,16,16,,,
140060,30,30,30,,,
140061,27,16,27,,,
140062,23,34,34,,,
140063,30,30,30,,,
140064,24,16,16,,,
140065,30,30,30,,,
140066,28,28,28,,,
140067,24,24,24,,,
140068,27,24,10,,,
140069,24,16,24,,,
140070,10,24,10,,,
140071,24,24,24,,,
140072,24,24,24,,,
140073,4,5,8,,,
140074,16,16,16,,,
140075,16,16,16,,,
140076,16,16,16,,,
140077,16,16,16,,,
140078,27,24,27,,,
140079,30,30,30,,,
140081,24,24,24,,,
140082,5,23,5,,,
140083,16,16,16,,,
140084,36,10,10,,,
140085,16,16,16,,,
140086,24,24,24,,,
140087,24,24,24,,,
140088,26,26,10,,,
140089,30,30,30,,,
140090,16,16,16,,,
140091,28,28,28,,,
140092,30,30,30,,,
140093,24,16,16,,,
140094,24,16,24,,,
140095,24,24,16,,,
140096,24,24,24,,,
140097,34,34,19,,,
140098,30,30,30,,,
140099,24,24,5,,,
140100,25,30,30,,,
140101,4,4,4,,,
140102,37,23,37,,,
140103,24,16,24,,,
140104,2,2,2,,,
140105,24,24,24,,,
140106,24,16,24,,,
140107,4,4,4,,,
140108,27,24,27,,,
140109,16,16,16,,,
140110,30,30,30,,,
140111,28,28,28,,,
140112,4,31,4,,,
140113,3,10,10,,,
140114,30,30,30,,,
140115,22,2,2,,,
140116,26,30,26,,,
140117,24,24,28,,,
140118,24,16,16,,,
140119,16,16,16,,,
140120,27,10,27,,,
140121,26,24,34,,,
140122,30,16,16,,,
140123,28,28,28,,,
140124,28,28,28,,,
140125,30,30,30,,,
140126,16,16,16,,,
140127,16,16,16,,,
140128,5,5,5,,,
140129,30,30,30,,,
140130,16,16,16,,,
140131,16,16,16,,,
140132,24,16,16,,,
140133,27,27,27,,,
140134,16,24,24,,,
140135,6,16,16,,,
140136,16,16,16,,,
140137,16,16,16,,,
140138,30,30,30,,,
140139,16,16,16,,,
140140,34,26,26,,,
140141,5,16,16,,,
140142,24,24,24,,,
140143,27,27,27,,,
140144,30,30,30,,,
140145,8,8,8,,,
140146,30,30,30,,,
140147,16,16,16,,,
140148,16,16,16,,,
140149,5,16,16,,,
140150,16,16,16,,,
140151,24,24,4,,,
140152,32,5,5,,,
140153,28,28,28,,,
140154,16,16,16,,,
140155,16,16,16,,,
140156,5,37,37,,,
140157,24,24,10,,,
140158,16,16,16,,,
140159,28,28,4,,,
140160,28,28,28,,,
140161,24,16,16,,,
140162,24,24,24,,,
140163,24,10,24,,,
140164,10,2,2,,,
140165,16,16,16,,,
140166,24,16,24,,,
140167,28,28,28,,,
140168,27,16,16,,,
140169,33,2,2,,,
140170,4,28,8,,,
140171,16,16,16,,,
140172,24,24,24,,,
140173,24,24,24,,,
140174,30,30,30,,,
140175,16,30,30,,,
140176,24,30,24,,,
140177,16,16,16,,,
140178,24,30,10,,,
140179,3,10,10,,,
140180,4,28,28,,,
140181,2,2,2,,,
140182,8,8,8,,,
140183,2,2,2,,,
140184,34,34,34,,,
140185,31,30,30,,,
140186,30,30,30,,,
140187,16,30,16,,,
140188,10,16,16,,,
140189,37,24,34,,,
140190,16,16,16,,,
140191,24,24,24,,,
140192,24,10,10,,,
140193,24,24,24,,,
140194,36,10,19,,,
140195,24,24,24,,,
140196,24,16,16,,,
140197,24,24,24,,,
140198,10,2,9,,,
140199,16,16,16,,,
140200,16,16,16,,,
140201,16,16,16,,,
140202,6,16,16,,,
140203,16,16,16,,,
140204,27,27,27,,,
140205,4,5,5,,,
140206,8,5,8,,,
140207,24,24,24,,,
140208,4,16,24,,,
140209,30,16,24,,,
140210,3,23,5,,,
140211,24,16,16,,,
140212,28,34,28,,,
140213,36,36,36,,,
140214,24,24,24,,,
140215,28,28,28,,,
140216,16,30,16,,,
140217,27,16,27,,,
140218,24,24,24,,,
140219,16,16,16,,,
140220,28,4,28,,,
140221,24,24,24,,,
140222,34,24,24,,,
140223,16,16,16,,,
140224,28,28,28,,,
140225,24,24,16,,,
140226,24,10,24,,,
140227,37,37,37,,,
140228,24,24,24,,,
140229,16,16,16,,,
140231,30,30,30,,,
140232,24,10,24,,,
140233,30,24,24,,,
140234,16,16,16,,,
140235,16,16,16,,,
140476,16,16,16,,,
140726,16,16,16,,,
140727,16,16,16,,,
140744,16,16,16,,,
140771,7,19,5,,,
140806,24,28,24,,,
140810,24,24,10,,,
140825,39,24,20,,,
140849,16,16,16,,,
140868,5,5,16,,,
140871,24,24,24,,,
140897,24,24,24,,,
140918,24,24,24,,,
140919,28,28,28,,,
140922,24,16,16,,,
140923,37,34,5,,,
140924,31,24,24,,,
140925,24,24,24,,,
140927,8,5,8,,,
140928,16,16,16,,,
140929,30,30,30,,,
140930,10,10,2,,,
140931,10,30,30,,,
140932,24,24,24,,,
140933,5,4,4,,,
140934,24,16,16,,,
140935,39,9,9,,,
140936,28,28,28,,,
140937,7,34,5,,,
140940,16,16,16,,,
140941,30,30,30,,,
140942,10,2,2,,,
140943,8,28,28,,,
140944,30,30,30,,,
140945,26,24,24,,,
140946,25,16,16,,,
140947,36,36,36,,,
140948,30,30,30,,,
140949,30,30,26,,,
140950,24,24,24,,,
140951,16,16,16,,,
140952,16,16,16,,,
140953,36,10,10,,,
140954,24,24,24,,,
140955,4,4,4,,,
140956,16,16,16,,,
140957,24,24,24,,,
140958,37,24,31,,,
140959,16,16,16,,,
140960,24,24,24,,,
140961,3,3,31,,,
140962,16,16,16,,,
140963,10,24,10,,,
140965,33,34,9,,,
140966,30,30,30,,,
140967,6,16,16,,,
140968,2,2,2,,,
140969,24,24,24,,,
140970,27,24,27,,,
140971,24,24,24,,,
140972,19,27,27,,,
140973,16,16,16,,,
140974,37,10,37,,,
140975,13,16,16,,,
140976,30,30,30,,,
140977,38,38,38,,,
140978,24,24,24,,,
140979,16,16,16,,,
140980,28,28,28,,,
140981,16,16,16,,,
140982,17,16,16,,,
140983,6,16,27,,,
140986,16,16,16,,,
140987,5,28,8,,,
140988,20,20,20,,,
140989,24,24,24,,,
140990,24,24,4,,,
140991,24,16,16,,,
140992,24,16,16,,,
140993,28,28,28,,,
140995,28,28,8,,,
140996,30,30,30,,,
140997,25,30,30,,,
140998,16,16,16,,,
140999,16,16,16,,,
141000,39,34,26,,,
141001,33,2,9,,,
141002,2,2,2,,,
141003,31,30,30,,,
141004,27,10,27,,,
141005,28,28,8,,,
141006,13,26,30,,,
141007,16,16,16,,,
141008,37,5,5,,,
141010,5,5,5,,,
141011,24,26,16,,,
141012,4,4,4,,,
141013,5,5,5,,,
141014,19,19,19,,,
141015,34,34,5,,,
141016,24,24,24,,,
141018,16,16,16,,,
141019,24,30,30,,,
141020,24,24,24,,,
141021,30,30,30,,,
141022,24,24,24,,,
141023,24,24,10,,,
141024,24,24,24,,,
141025,23,23,5,,,
141026,24,16,24,,,
141027,24,24,24,,,
141028,24,24,24,,,
141029,24,24,10,,,
141045,30,30,30,,,
141068,10,5,5,,,
141070,8,8,8,,,
141074,24,24,24,,,
141091,37,30,31,,,
141097,16,16,16,,,
141102,16,16,16,,,
141104,16,16,16,,,
141106,28,28,28,,,
141109,30,30,30,,,
141123,28,28,28,,,
141132,37,37,37,,,
141134,24,24,24,,,
141149,16,16,16,,,
141159,1,26,26,,,
141184,15,5,5,,,
141186,8,28,28,,,
141191,2,2,2,,,
141220,8,8,19,,,
141278,26,16,26,,,
141285,27,16,16,,,
141304,24,16,24,,,
141310,28,28,28,,,
141315,30,30,30,,,
141322,30,30,30,,,
141323,24,24,24,,,
141324,16,16,16,,,
141327,25,16,16,,,
141328,33,2,22,,,
141329,24,24,24,,,
141330,25,16,16,,,
141331,24,19,24,,,
141332,27,27,27,,,
141334,16,16,16,,,
141335,16,16,16,,,
141337,24,16,24,,,
141338,16,16,16,,,
141339,8,5,8,,,
141340,2,34,37,,,
141341,27,27,27,,,
141343,30,30,30,,,
141344,9,34,34,,,
141345,31,24,24,,,
141346,6,24,24,,,
141347,3,4,4,,,
141350,4,4,4,,,
141351,16,16,16,,,
141352,11,27,27,,,
141353,5,37,5,,,
141355,4,4,4,,,
141356,24,28,34,,,
141357,4,4,4,,,
141358,16,16,16,,,
141359,16,16,16,,,
141360,34,34,39,,,
141361,16,16,16,,,
141362,16,16,16,,,
141363,16,16,16,,,
141364,16,30,16,,,
141365,14,2,9,,,
141366,8,4,24,,,
141367,31,24,31,,,
141368,30,30,30,,,
141369,4,4,34,,,
141370,24,24,24,,,
141371,28,28,28,,,
141372,30,30,30,,,
141373,30,30,30,,,
141374,24,34,24,,,
141375,8,28,8,,,
141376,24,16,24,,,
141377,1,30,26,,,
141378,24,24,31,,,
141379,4,24,10,,,
141380,24,30,24,,,
141381,24,10,24,,,
141382,24,24,24,,,
141383,30,30,30,,,
141384,30,30,30,,,
141385,37,36,36,,,
141386,24,16,16,,,
141387,16,16,16,,,
141388,16,16,16,,,
141389,23,30,30,,,
141390,30,30,30,,,
141391,23,4,4,,,
141392,29,5,5,,,
141393,28,28,28,,,
141394,34,34,34,,,
141395,10,27,27,,,
141396,24,24,10,,,
141397,24,16,16,,,
141398,16,16,16,,,
141399,30,30,30,,,
141400,24,16,16,,,
141401,16,16,16,,,
141402,16,16,16,,,
141403,24,16,16,,,
141404,8,22,8,,,
141405,24,16,16,,,
141406,28,28,28,,,
141407,30,30,30,,,
141408,26,38,38,,,
141409,4,8,8,,,
141410,30,30,30,,,
141411,29,23,31,,,
141412,2,2,2,,,
141413,24,24,24,,,
141414,30,30,30,,,
141415,24,24,10,,,
141416,4,28,5,,,
141417,3,26,16,,,
141418,24,24,10,,,
141419,30,30,30,,,
141420,28,8,8,,,
141421,24,24,10,,,
141422,30,30,30,,,
141423,10,24,10,,,
141424,13,24,16,,,
141425,28,20,28,,,
141426,11,19,24,,,
141427,16,16,16,,,
141428,28,28,28,,,
141429,17,16,16,,,
141430,25,16,16,,,
141431,5,24,24,,,
141432,34,9,9,,,
141433,8,8,28,,,
141434,16,16,16,,,
141435,24,10,10,,,
141436,27,27,27,,,
141437,6,16,16,,,
141438,30,30,30,,,
141439,4,28,4,,,
141440,24,16,16,,,
141441,24,16,16,,,
141442,8,5,5,,,
141443,34,34,34,,,
141444,24,10,10,,,
141445,3,30,10,,,
141446,37,5,4,,,
141447,22,4,4,,,
141448,24,24,24,,,
141450,16,16,16,,,
141451,26,34,34,,,
141452,16,16,16,,,
141453,24,24,10,,,
141454,16,16,16,,,
141455,4,4,8,,,
141456,14,2,9,,,
141457,30,30,30,,,
141458,24,16,16,,,
141459,16,16,16,,,
141461,26,26,26,,,
141462,16,16,16,,,
141463,30,26,30,,,
141464,16,16,16,,,
141465,36,36,36,,,
141466,16,16,16,,,
141467,3,3,23,,,
141468,16,16,16,,,
141469,24,24,24,,,
141470,24,24,24,,,
141471,30,26,31,,,
141472,24,16,24,,,
141473,24,24,24,,,
141474,10,27,27,,,
141475,10,24,27,,,
141476,24,31,16,,,
141477,16,16,16,,,
141478,16,16,16,,,
141479,24,16,16,,,
141480,3,23,10,,,
141481,4,4,4,,,
141482,24,24,16,,,
141483,24,24,24,,,
141484,16,16,16,,,
141485,7,19,19,,,
141486,24,16,16,,,
141487,16,16,16,,,
141488,34,8,8,,,
141489,16,16,16,,,
141490,28,16,24,,,
141491,16,16,16,,,
141492,30,30,30,,,
141493,3,4,23,,,
141494,3,26,30,,,
141495,16,16,16,,,
141496,24,16,16,,,
141497,27,27,27,,,
141498,13,24,24,,,
141499,8,4,8,,,
141500,24,24,24,,,
141501,28,28,28,,,
141502,24,10,10,,,
141503,28,16,28,,,
141504,9,9,34,,,
141505,24,24,24,,,
141506,30,30,30,,,
141507,18,34,5,,,
141508,24,24,10,,,
141509,16,16,16,,,
141510,34,37,34,,,
141511,4,4,4,,,
141512,36,36,36,,,
141513,16,16,16,,,
141514,24,24,24,,,
141515,24,24,24,,,
141516,24,24,24,,,
141517,24,24,16,,,
141518,37,37,37,,,
141519,24,24,24,,,
141520,24,5,5,,,
141521,24,24,24,,,
141522,28,8,8,,,
141523,4,24,4,,,
141524,34,34,34,,,
141525,27,34,27,,,
141526,16,16,16,,,
141527,16,16,16,,,
141528,24,16,24,,,
141529,28,28,28,,,
141530,4,24,24,,,
141531,16,16,16,,,
141532,16,16,16,,,
141533,9,34,34,,,
141534,16,16,16,,,
141535,16,16,16,,,
141966,23,23,30,,,
141992,28,2,9,,,
142036,3,4,4,,,
142057,15,2,22,,,
142072,34,34,34,,,
142080,16,16,16,,,
142096,16,16,16,,,
142140,23,23,23,,,
142143,16,16,16,,,
142152,30,30,30,,,
142194,39,10,10,,,
142196,3,4,4,,,
142209,34,28,34,,,
142219,10,10,10,,,
142247,16,16,16,,,
142248,16,16,16,,,
142250,1,16,16,,,
142253,24,24,24,,,
142255,28,8,8,,,
142257,16,16,16,,,
142258,16,16,16,,,
142259,16,24,4,,,
142260,16,16,16,,,
142261,34,34,34,,,
142262,25,16,16,,,
142263,10,10,27,,,
142264,23,23,23,,,
142265,24,5,5,,,
142266,9,9,9,,,
142267,16,16,16,,,
142268,28,28,28,,,
142269,16,16,16,,,
142270,24,16,24,,,
142271,30,30,30,,,
142272,8,28,24,,,
142273,24,24,24,,,
142274,24,24,24,,,
142275,24,24,24,,,
142276,24,24,10,,,
142277,16,16,16,,,
142278,5,37,5,,,
142279,24,16,16,,,
142280,26,26,26,,,
142281,24,24,24,,,
142282,4,36,36,,,
142283,24,24,24,,,
142284,26,24,26,,,
142285,13,24,13,,,
142286,37,37,37,,,
142287,30,30,30,,,
142289,16,16,16,,,
142290,16,16,16,,,
142291,16,16,16,,,
142292,24,24,24,,,
142293,16,16,16,,,
142294,9,34,34,,,
142295,16,16,16,,,
142296,27,24,27,,,
142297,16,16,16,,,
142298,24,16,16,,,
142299,16,16,16,,,
142300,4,4,4,,,
142302,28,28,28,,,
142303,7,5,34,,,
142304,13,36,10,,,
142305,30,30,30,,,
142306,37,24,24,,,
142307,16,30,16,,,
142308,16,16,16,,,
142309,10,24,16,,,
142310,30,30,30,,,
142311,5,24,30,,,
142312,16,16,16,,,
142313,30,30,30,,,
142314,3,4,4,,,
142315,24,16,16,,,
142316,16,30,16,,,
142317,16,16,16,,,
142318,36,34,36,,,
142319,5,16,16,,,
142320,24,16,16,,,
142321,24,16,16,,,
142322,5,34,34,,,
142323,27,24,27,,,
142324,26,26,26,,,
142325,2,2,2,,,
142326,24,24,24,,,
142327,27,24,10,,,
142328,24,24,24,,,
142329,26,26,26,,,
142330,24,24,16,,,
142331,34,34,34,,,
142332,24,24,10,,,
142333,3,4,5,,,
142334,16,16,16,,,
142335,8,16,16,,,
142336,25,16,25,,,
142337,24,28,4,,,
142338,8,28,8,,,
142339,28,28,28,,,
142340,24,24,24,,,
142341,19,23,27,,,
142342,24,16,16,,,
142343,23,10,23,,,
142344,24,24,31,,,
142345,16,16,16,,,
142346,34,28,34,,,
142347,10,16,16,,,
142348,16,16,16,,,
142349,16,16,16,,,
142350,27,16,16,,,
142351,24,24,24,,,
142352,24,30,30,,,
142353,26,26,34,,,
142354,24,24,24,,,
142355,5,34,5,,,
142356,5,36,34,,,
142357,24,19,24,,,
142358,16,16,16,,,
142359,24,24,24,,,
142360,24,24,24,,,
142361,24,24,24,,,
142362,10,10,10,,,
142363,24,24,24,,,
142364,24,24,24,,,
142365,8,16,4,,,
142366,24,16,16,,,
142367,27,24,27,,,
142368,34,24,10,,,
142369,19,10,10,,,
142370,16,16,16,,,
142371,24,24,24,,,
142372,30,30,30,,,
142373,28,28,28,,,
142374,24,16,16,,,
142375,30,30,30,,,
142390,34,34,34,,,
142415,24,24,24,,,
142432,27,27,27,,,
142434,24,24,24,,,
142441,31,26,31,,,
142447,8,8,8,,,
142472,24,16,16,,,
142475,16,16,16,,,
142487,30,30,30,,,
142521,30,16,16,,,
142527,30,30,30,,,
142537,24,24,24,,,
142554,22,23,4,,,
142561,16,16,16,,,
142582,30,30,30,,,
142586,26,38,3,,,
142604,24,30,30,,,
142611,16,16,16,,,
142613,24,24,16,,,
142617,8,8,8,,,
142626,24,24,10,,,
142629,28,28,28,,,
142631,16,16,16,,,
142635,24,16,24,,,
142648,3,16,16,,,
142659,16,16,16,,,
142663,30,30,30,,,
142665,16,16,16,,,
142667,24,10,10,,,
142668,16,16,16,,,
142670,24,36,36,,,
142671,24,10,24,,,
142673,28,5,28,,,
142674,10,36,36,,,
142675,26,24,24,,,
142676,27,27,27,,,
142677,23,38,38,,,
142679,31,24,31,,,
142681,24,24,24,,,
142682,3,26,3,,,
142683,27,24,24,,,
142684,34,34,39,,,
142685,16,16,16,,,
142686,16,16,16,,,
142688,3,4,8,,,
142689,28,28,28,,,
142690,16,16,16,,,
142691,4,4,4,,,
142692,16,16,16,,,
142693,2,10,10,,,
142694,34,34,34,,,
142695,11,19,19,,,
142696,16,16,16,,,
142697,6,30,30,,,
142698,31,24,24,,,
142699,30,30,30,,,
142700,5,5,5,,,
142701,24,16,16,,,
142702,6,30,23,,,
142703,30,30,30,,,
142704,10,10,10,,,
142705,16,16,16,,,
142706,24,24,24,,,
142707,24,24,24,,,
142708,9,2,2,,,
142709,27,24,27,,,
142710,30,30,30,,,
142711,18,23,19,,,
142712,26,26,26,,,
142713,10,24,10,,,
142714,24,16,16,,,
142715,8,5,5,,,
142716,30,30,30,,,
142717,3,30,30,,,
142718,30,30,30,,,
142719,27,16,27,,,
142720,16,16,16,,,
142721,5,28,5,,,
142722,24,24,24,,,
142723,27,27,27,,,
142724,16,16,16,,,
142725,16,16,16,,,
142726,39,34,39,,,
142727,30,30,30,,,
142728,24,24,24,,,
142729,2,10,2,,,
142730,16,16,16,,,
142731,27,16,27,,,
142732,24,24,24,,,
142733,30,30,30,,,
142734,30,30,30,,,
142735,24,16,16,,,
142736,24,2,34,,,
142737,39,34,34,,,
142738,16,16,16,,,
142739,16,16,24,,,
142740,10,10,10,,,
142741,30,30,30,,,
142743,27,24,10,,,
142744,24,24,24,,,
142745,31,24,31,,,
142746,28,28,28,,,
142747,2,10,10,,,
142748,30,30,30,,,
142749,27,16,27,,,
142750,30,30,30,,,
142751,24,24,24,,,
142752,30,30,30,,,
142753,30,30,30,,,
142754,30,30,30,,,
142755,16,16,16,,,
142756,15,5,5,,,
142757,16,16,16,,,
142758,10,10,10,,,
142759,27,27,27,,,
142760,24,16,16,,,
142761,16,16,16,,,
142763,24,24,24,,,
142764,24,24,10,,,
142765,30,30,30,,,
142766,37,37,37,,,
142767,16,16,16,,,
142768,24,24,10,,,
142769,24,24,24,,,
142770,24,24,24,,,
142771,16,16,16,,,
142772,30,30,30,,,
142773,6,30,10,,,
142774,16,16,16,,,
142775,9,34,34,,,
142776,4,36,4,,,
142777,34,20,39,,,
142778,24,24,26,,,
142779,27,16,27,,,
142780,24,24,24,,,
142781,30,30,26,,,
142782,30,30,30,,,
142783,24,26,24,,,
142784,28,28,28,,,
142785,23,23,23,,,
142786,24,24,24,,,
142787,30,30,30,,,
142788,30,30,30,,,
142789,16,16,16,,,
142790,16,16,16,,,
142791,16,16,16,,,
142792,26,24,24,,,
142793,4,16,4,,,
142794,28,28,28,,,
142795,30,30,30,,,
142796,16,16,16,,,
142797,24,24,24,,,
142798,4,16,4,,,
142799,34,28,34,,,
142800,8,8,8,,,
142801,24,24,24,,,
142802,16,16,16,,,
142803,30,30,31,,,
142804,30,30,30,,,
142805,16,16,16,,,
142806,16,16,16,,,
142807,24,24,24,,,
142808,16,16,16,,,
142809,16,16,16,,,
142810,34,34,39,,,
142811,30,30,30,,,
142812,24,36,28,,,
142813,16,16,16,,,
142814,30,30,30,,,
142815,17,20,20,,,
142816,31,24,24,,,
142817,30,30,30,,,
142818,36,36,36,,,
142819,18,24,24,,,
142820,28,28,28,,,
142821,36,36,26,,,
142822,16,16,16,,,
142823,36,24,10,,,
142824,2,2,2,,,
142826,24,24,24,,,
142827,8,28,24,,,
142828,16,16,27,,,
142829,10,24,10,,,
142830,16,16,16,,,
142831,28,28,28,,,
142832,24,16,24,,,
142833,16,16,16,,,
142834,10,24,37,,,
142835,28,28,28,,,
142836,4,4,4,,,
142838,24,16,16,,,
142840,30,30,30,,,
142841,31,30,31,,,
142842,3,3,36,,,
142843,28,8,8,,,
142844,16,16,16,,,
142845,23,23,23,,,
142846,16,16,16,,,
142847,10,30,30,,,
142848,6,16,16,,,
142849,34,34,34,,,
142850,32,24,24,,,
142851,24,24,24,,,
142852,6,26,3,,,
142853,27,16,16,,,
142854,16,16,16,,,
142856,24,24,30,,,
142857,24,5,5,,,
142858,24,24,5,,,
142859,16,16,16,,,
142860,4,4,4,,,
142861,10,30,16,,,
142862,33,2,2,,,
142863,24,24,24,,,
142864,16,24,16,,,
142865,16,24,16,,,
142866,24,24,24,,,
142867,30,30,30,,,
142868,30,30,30,,,
142869,24,24,24,,,
142870,6,16,24,,,
142871,24,16,16,,,
142872,24,30,16,,,
142873,10,10,10,,,
142874,36,10,24,,,
142875,30,30,30,,,
142876,27,24,10,,,
142877,24,24,24,,,
142878,37,37,10,,,
142879,24,24,24,,,
142880,24,24,24,,,
142881,4,4,4,,,
142882,24,16,24,,,
142883,24,24,24,,,
142884,16,16,16,,,
142885,8,28,8,,,
142886,23,10,10,,,
142887,16,16,16,,,
142888,24,16,16,,,
142889,24,24,30,,,
142890,24,24,24,,,
142891,24,26,24,,,
142892,10,10,10,,,
142893,16,16,16,,,
142894,23,30,30,,,
142895,26,34,26,,,
142896,27,24,27,,,
142897,27,16,16,,,
142898,36,36,26,,,
142899,30,30,30,,,
142900,10,26,26,,,
142901,16,16,24,,,
142902,31,24,24,,,
142903,30,30,30,,,
142904,30,30,30,,,
142905,8,26,24,,,
142906,24,24,24,,,
142907,24,10,10,,,
142908,31,30,30,,,
142909,16,16,16,,,
142910,30,10,10,,,
142911,10,24,10,,,
142912,30,30,30,,,
142913,16,16,16,,,
142914,27,27,27,,,
142915,16,16,16,,,
142916,16,16,16,,,
142917,6,16,16,,,
143466,5,5,5,,,
143567,5,5,5,,,
143581,24,24,24,,,
143585,16,16,16,,,
143600,34,34,34,,,
143615,39,9,20,,,
143617,13,16,16,,,
143618,16,16,16,,,
143620,4,4,4,,,
143622,5,5,5,,,
143623,16,16,16,,,
143625,22,30,30,,,
143626,2,2,2,,,
143627,16,16,16,,,
143628,26,26,26,,,
143629,10,24,10,,,
143630,16,16,16,,,
143631,24,28,24,,,
143632,8,5,8,,,
143633,24,16,24,,,
143634,24,24,24,,,
143635,4,24,24,,,
143636,24,24,24,,,
143637,30,30,30,,,
143638,16,16,16,,,
143639,3,27,27,,,
143640,27,24,27,,,
143641,13,34,10,,,
143642,28,28,28,,,
143643,34,34,34,,,
143644,16,16,16,,,
143645,24,30,24,,,
143646,24,30,30,,,
143647,30,16,16,,,
143650,24,24,24,,,
143651,16,16,16,,,
143652,39,34,39,,,
143653,19,19,19,,,
143654,4,4,5,,,
143655,19,19,27,,,
143656,23,23,23,,,
143657,33,2,2,,,
143658,24,28,34,,,
143659,16,16,16,,,
143660,24,16,24,,,
143661,38,38,38,,,
143662,37,5,5,,,
143663,30,30,30,,,
143664,30,30,30,,,
143665,16,16,16,,,
143666,0,24,24,,,
143667,16,16,16,,,
143668,20,16,16,,,
143669,4,16,16,,,
143670,25,16,30,,,
143671,16,16,16,,,
143672,19,19,19,,,
143673,2,19,19,,,
143674,26,30,30,,,
143675,30,30,30,,,
143676,28,28,28,,,
143677,16,16,16,,,
143678,30,30,30,,,
143679,28,28,28,,,
143681,16,16,16,,,
143682,13,34,10,,,
143683,16,16,16,,,
143684,8,5,8,,,
143685,28,28,28,,,
143686,16,16,16,,,
143687,30,30,30,,,
143688,24,16,16,,,
143689,19,19,19,,,
143690,10,5,5,,,
143691,19,10,10,,,
143692,18,19,5,,,
143693,21,24,24,,,
143694,8,28,28,,,
143695,19,19,19,,,
143696,8,4,8,,,
143697,31,31,31,,,
143698,24,24,24,,,
143699,16,16,16,,,
143700,11,10,10,,,
143701,16,16,16,,,
143702,30,30,30,,,
143703,4,4,4,,,
143704,24,24,24,,,
143705,24,5,8,,,
143706,16,16,16,,,
143708,24,10,10,,,
143709,30,30,30,,,
143710,24,24,24,,,
143711,16,16,16,,,
143712,24,24,10,,,
143713,4,26,4,,,
143714,4,36,4,,,
143715,19,10,10,,,
143716,24,24,24,,,
143717,33,2,2,,,
143718,24,16,16,,,
143719,24,24,24,,,
143720,16,16,16,,,
143721,24,24,16,,,
143722,16,16,16,,,
143723,30,30,30,,,
143724,16,30,16,,,
143725,24,24,24,,,
143726,16,16,16,,,
143727,24,16,16,,,
143728,30,30,30,,,
143741,36,34,34,,,
143742,19,24,24,,,
143746,31,24,26,,,
143762,24,24,24,,,
143764,28,28,28,,,
143778,26,26,26,,,
143789,26,26,26,,,
143799,24,24,24,,,
143800,9,34,9,,,
143805,30,30,30,,,
143813,30,30,30,,,
143826,16,16,16,,,
143830,24,16,16,,,
143837,16,16,16,,,
143843,30,30,30,,,
143846,24,16,16,,,
143855,24,24,24,,,
143864,6,16,16,,,
143873,16,16,16,,,
143880,3,24,30,,,
143891,24,16,16,,,
143898,16,16,16,,,
143901,16,16,16,,,
143908,16,16,16,,,
143934,30,30,30,,,
143938,30,30,30,,,
143939,24,24,24,,,
143941,30,30,30,,,
143959,10,30,30,,,
143961,8,28,28,,,
143976,30,30,30,,,
143978,16,16,16,,,
143988,36,36,36,,,
143998,24,30,10,,,
143999,31,24,31,,,
144000,24,24,24,,,
144001,31,26,31,,,
144002,4,36,4,,,
144003,39,36,36,,,
144004,28,28,28,,,
144005,24,30,24,,,
144006,27,19,19,,,
144007,3,4,4,,,
144009,16,16,16,,,
144010,37,4,31,,,
144011,16,16,16,,,
144012,24,24,24,,,
144013,16,34,20,,,
144014,6,31,31,,,
144015,30,2,2,,,
144016,30,30,16,,,
144017,30,30,30,,,
144019,27,24,27,,,
144020,9,36,36,,,
144022,23,30,30,,,
144023,4,4,4,,,
144024,16,16,16,,,
144025,11,10,10,,,
144026,10,24,27,,,
144027,30,30,30,,,
144028,2,2,2,,,
144029,30,30,30,,,
144030,28,28,28,,,
144032,27,5,36,,,
144033,24,24,24,,,
144034,34,34,34,,,
144035,5,4,4,,,
144037,24,16,16,,,
144038,30,30,30,,,
144039,34,28,28,,,
144040,24,24,24,,,
144041,30,30,30,,,
144042,16,16,16,,,
144043,26,4,4,,,
144044,34,34,34,,,
144045,30,16,30,,,
144046,16,16,16,,,
144047,3,3,6,,,
144048,30,30,10,,,
144049,16,16,16,,,
144050,4,4,4,,,
144052,34,34,34,,,
144053,24,28,28,,,
144054,28,8,8,,,
144055,30,30,30,,,
144056,3,16,24,,,
144057,30,30,30,,,
144058,28,28,28,,,
144059,27,4,27,,,
144060,30,30,30,,,
144061,16,16,16,,,
144062,24,34,24,,,
144063,2,2,2,,,
144064,24,24,16,,,
144065,20,16,16,,,
144066,26,26,31,,,
144067,16,16,16,,,
144068,16,24,24,,,
144069,16,16,16,,,
144070,16,24,24,,,
144071,24,5,24,,,
144072,24,24,24,,,
144073,30,30,30,,,
144074,17,16,16,,,
144075,16,16,16,,,
144076,24,24,19,,,
144077,16,16,16,,,
144078,16,16,16,,,
144079,5,38,4,,,
144080,4,4,4,,,
144081,30,30,30,,,
144082,24,16,16,,,
144083,16,16,16,,,
144084,24,16,16,,,
144085,24,16,24,,,
144086,27,24,10,,,
144087,24,16,16,,,
144088,16,16,16,,,
144089,24,10,27,,,
144090,34,24,24,,,
144091,34,34,34,,,
144092,27,16,27,,,
144093,13,34,34,,,
144094,34,34,26,,,
144095,4,4,4,,,
144096,11,10,19,,,
144097,8,24,19,,,
144098,30,30,30,,,
144099,16,16,16,,,
144100,10,34,34,,,
144101,2,2,2,,,
144102,5,24,24,,,
144103,25,16,16,,,
144104,11,27,27,,,
144105,13,24,24,,,
144106,31,24,24,,,
144108,25,16,16,,,
144109,24,16,16,,,
144110,16,16,24,,,
144111,24,24,10,,,
144112,24,24,10,,,
144113,33,4,22,,,
144114,34,34,34,,,
144115,24,16,16,,,
144116,24,30,24,,,
144118,10,36,36,,,
144120,4,16,16,,,
144121,8,28,28,,,
144122,28,28,19,,,
144123,24,24,24,,,
144124,16,16,16,,,
144125,33,9,9,,,
144126,24,24,24,,,
144127,24,10,10,,,
144128,24,24,24,,,
144129,16,16,16,,,
144130,16,16,16,,,
144131,16,16,16,,,
144132,28,28,28,,,
144133,16,16,16,,,
144134,39,10,9,,,
144135,24,10,24,,,
144136,16,16,16,,,
144137,25,16,16,,,
144138,16,16,24,,,
144139,5,5,24,,,
144140,16,16,16,,,
144141,30,30,30,,,
144142,16,16,16,,,
144143,27,24,10,,,
144144,30,30,30,,,
144145,26,26,26,,,
144146,10,10,36,,,
144147,16,16,16,,,
144148,31,16,16,,,
144150,30,30,10,,,
144151,16,16,16,,,
144152,24,34,34,,,
144153,10,10,10,,,
144154,16,16,16,,,
144155,30,30,30,,,
144156,30,30,30,,,
144157,10,4,4,,,
144158,20,34,34,,,
144159,16,16,16,,,
144160,16,16,16,,,
144161,16,16,16,,,
144162,27,24,19,,,
144163,8,5,8,,,
144164,28,28,28,,,
144165,16,16,16,,,
144166,28,28,28,,,
144167,23,2,2,,,
144168,28,28,28,,,
144169,28,28,28,,,
144170,16,16,16,,,
144171,16,16,16,,,
144172,37,16,37,,,
144173,28,28,28,,,
144174,24,24,24,,,
144175,7,19,24,,,
144176,37,26,26,,,
144177,4,4,4,,,
144178,16,16,16,,,
144179,16,16,16,,,
144180,24,24,24,,,
144181,26,24,26,,,
144182,16,16,16,,,
144183,23,2,22,,,
144184,24,10,10,,,
144185,11,24,24,,,
144186,16,16,16,,,
144187,16,16,16,,,
144188,22,2,2,,,
144189,23,30,30,,,
144190,5,5,5,,,
144191,6,24,24,,,
144192,24,24,24,,,
144193,24,10,24,,,
144194,9,34,34,,,
144195,30,30,30,,,
144196,27,27,27,,,
144197,30,16,16,,,
144198,24,24,24,,,
144199,16,16,16,,,
144200,24,16,16,,,
144201,16,16,16,,,
144202,24,24,24,,,
144203,24,24,24,,,
144204,2,2,2,,,
144205,24,24,16,,,
144206,27,10,10,,,
144207,2,2,2,,,
144208,38,38,38,,,
144209,24,30,24,,,
144210,24,24,24,,,
144211,27,24,27,,,
144212,10,10,10,,,
144213,31,30,31,,,
144214,25,16,16,,,
144215,24,24,24,,,
144216,30,30,30,,,
144217,24,24,24,,,
144218,30,30,30,,,
144219,27,16,27,,,
144220,30,30,30,,,
144221,30,30,30,,,
144222,16,16,16,,,
144223,33,2,2,,,
144224,9,36,9,,,
144225,16,16,16,,,
144226,5,37,5,,,
144227,16,16,16,,,
144228,28,28,28,,,
144229,28,28,28,,,
144230,2,2,22,,,
144231,16,16,16,,,
144232,30,30,30,,,
144233,27,24,24,,,
144234,27,27,27,,,
144235,16,16,16,,,
144236,13,16,16,,,
144237,16,16,16,,,
144238,26,26,26,,,
144239,24,16,16,,,
144240,3,30,30,,,
144241,16,16,16,,,
144242,25,16,16,,,
144243,16,16,16,,,
144244,16,16,16,,,
144245,16,16,16,,,
144362,3,26,26,,,
144626,23,5,8,,,
144710,16,16,16,,,
144740,22,37,5,,,
144792,16,16,16,,,
144814,27,19,19,,,
144828,24,24,24,,,
144864,4,4,4,,,
144875,16,16,16,,,
144950,24,24,24,,,
144951,9,28,34,,,
144953,16,30,16,,,
144954,28,28,28,,,
144955,5,5,5,,,
144956,5,4,4,,,
144957,31,16,16,,,
144958,16,16,16,,,
144959,27,24,10,,,
144960,30,30,30,,,
144961,16,16,16,,,
144962,26,26,26,,,
144963,26,26,26,,,
144964,16,16,16,,,
144966,4,4,8,,,
144968,6,26,3,,,
144970,25,16,30,,,
144971,16,16,16,,,
144972,24,16,24,,,
144973,26,37,34,,,
144974,24,24,5,,,
144975,24,28,34,,,
144977,2,2,2,,,
144978,26,26,26,,,
144979,24,10,37,,,
144980,4,4,4,,,
144981,30,10,19,,,
144982,24,24,10,,,
144983,16,16,16,,,
144984,24,16,16,,,
144985,26,26,38,,,
144986,34,34,34,,,
144987,34,34,34,,,
144988,28,28,28,,,
144989,24,24,24,,,
144990,5,24,26,,,
144991,10,24,24,,,
144992,24,24,24,,,
144993,33,24,19,,,
144994,16,24,24,,,
144995,1,16,16,,,
144996,24,5,5,,,
144997,27,16,16,,,
144998,16,16,16,,,
144999,2,2,2,,,
145000,16,16,16,,,
145001,16,16,16,,,
145002,24,16,24,,,
145003,33,9,9,,,
145004,13,24,13,,,
145005,24,24,5,,,
145006,28,28,28,,,
145007,28,28,28,,,
145008,16,16,16,,,
145009,24,24,24,,,
145010,27,16,16,,,
145011,5,5,5,,,
145012,39,34,34,,,
145013,27,27,27,,,
145014,28,28,28,,,
145015,2,19,2,,,
145016,24,24,24,,,
145017,16,24,10,,,
145018,24,24,24,,,
145019,30,30,30,,,
145020,30,30,30,,,
145021,30,30,30,,,
145022,24,24,24,,,
145023,16,16,16,,,
145024,8,28,28,,,
145025,16,16,16,,,
145026,16,16,16,,,
145027,24,10,24,,,
145029,26,26,26,,,
145030,27,16,16,,,
145031,24,24,24,,,
145032,31,16,16,,,
145033,16,16,16,,,
145034,16,16,16,,,
145035,16,16,16,,,
145036,24,24,10,,,
145037,17,16,16,,,
145038,34,26,26,,,
145039,2,2,2,,,
145040,4,4,28,,,
145041,16,16,16,,,
145042,16,16,16,,,
145043,28,28,28,,,
145044,24,24,10,,,
145046,24,24,24,,,
145047,24,24,24,,,
145048,24,24,24,,,
145049,16,30,30,,,
145050,16,16,16,,,
145051,24,16,16,,,
145052,30,30,30,,,
145053,8,5,5,,,
145054,16,16,16,,,
145055,16,16,16,,,
145056,30,30,30,,,
145057,28,28,28,,,
145058,4,16,16,,,
145059,30,30,30,,,
145060,28,28,28,,,
145061,24,24,24,,,
145062,18,24,24,,,
145063,24,30,30,,,
145064,8,5,8,,,
145065,13,10,10,,,
145066,16,16,16,,,
145067,19,24,27,,,
145068,24,24,24,,,
145069,3,38,36,,,
145070,30,30,30,,,
145071,13,24,24,,,
145072,37,24,37,,,
145073,16,16,16,,,
145074,4,4,4,,,
145082,30,30,30,,,
145094,24,24,10,,,
145095,4,4,4,,,
145112,30,30,30,,,
145149,36,10,36,,,
145156,16,16,16,,,
145158,24,24,10,,,
145160,30,30,30,,,
145171,8,4,4,,,
145172,36,36,36,,,
145203,11,10,10,,,
145209,27,27,27,,,
145217,30,30,30,,,
145227,28,28,28,,,
145228,30,30,30,,,
145232,30,30,30,,,
145235,24,24,24,,,
145237,31,24,24,,,
145238,24,24,24,,,
145244,16,16,16,,,
145247,6,23,4,,,
145251,24,24,10,,,
145259,16,16,16,,,
145281,30,30,30,,,
145282,16,16,16,,,
145303,24,24,24,,,
145314,34,34,34,,,
145330,28,28,8,,,
145334,23,37,23,,,
145341,24,24,24,,,
145354,8,8,8,,,
145357,10,30,10,,,
145362,30,30,30,,,
145363,30,16,30,,,
145364,39,10,27,,,
145365,16,16,16,,,
145366,24,24,24,,,
145367,10,24,10,,,
145368,24,16,16,,,
145370,4,4,4,,,
145371,24,24,24,,,
145372,5,4,8,,,
145375,24,24,24,,,
145378,4,4,4,,,
145379,26,26,3,,,
145381,34,34,34,,,
145382,24,24,16,,,
145383,24,16,16,,,
145384,22,10,10,,,
145386,24,30,30,,,
145387,24,24,24,,,
145388,8,8,8,,,
145389,36,36,36,,,
145390,10,10,10,,,
145391,10,30,10,,,
145395,30,30,30,,,
145396,30,30,30,,,
145397,10,23,23,,,
145398,16,16,16,,,
145399,4,26,3,,,
145400,16,16,16,,,
145401,3,10,10,,,
145402,22,23,23,,,
145403,5,5,5,,,
145404,16,16,16,,,
145405,24,16,16,,,
145406,16,16,16,,,
145407,30,30,30,,,
145408,34,34,34,,,
145409,16,16,16,,,
145410,16,16,16,,,
145411,28,5,8,,,
145412,16,16,16,,,
145413,23,23,23,,,
145414,16,16,16,,,
145415,16,16,16,,,
145416,24,24,16,,,
145417,30,30,30,,,
145418,20,20,20,,,
145419,16,16,16,,,
145420,24,16,24,,,
145421,16,16,16,,,
145422,24,24,10,,,
145423,24,24,19,,,
145424,26,26,26,,,
145425,30,30,30,,,
145426,16,16,16,,,
145427,8,28,28,,,
145428,8,28,8,,,
145429,30,30,30,,,
145431,16,16,16,,,
145432,16,16,16,,,
145433,5,34,5,,,
145434,30,16,16,,,
145435,8,8,8,,,
145436,16,16,16,,,
145437,25,30,30,,,
145438,30,30,30,,,
145439,2,19,5,,,
145440,8,8,8,,,
145441,24,30,30,,,
145442,5,4,4,,,
145443,16,16,16,,,
145444,16,16,16,,,
145445,4,4,4,,,
145446,10,30,30,,,
145447,27,27,27,,,
145448,16,16,16,,,
145449,16,16,16,,,
145450,10,10,10,,,
145451,16,16,16,,,
145452,30,30,30,,,
145453,27,16,16,,,
145454,30,30,30,,,
145455,30,30,30,,,
145456,34,34,34,,,
145457,24,24,24,,,
145458,16,16,16,,,
145459,36,10,36,,,
145460,16,16,16,,,
145461,24,24,24,,,
145462,30,30,30,,,
145463,24,16,16,,,
145464,24,24,24,,,
145465,16,30,30,,,
145466,24,24,24,,,
145467,16,16,16,,,
145469,22,10,10,,,
145470,2,2,22,,,
145471,24,16,16,,,
145472,30,30,30,,,
145473,16,16,16,,,
145474,24,16,24,,,
145475,24,24,27,,,
145476,24,16,16,,,
145477,30,30,30,,,
145478,16,16,16,,,
145479,30,30,30,,,
145480,24,16,16,,,
145481,24,16,24,,,
145482,16,16,16,,,
145483,24,24,10,,,
145484,5,28,28,,,
145485,30,30,30,,,
145486,24,5,19,,,
145487,16,16,16,,,
145488,16,16,16,,,
145489,28,28,28,,,
145490,24,24,16,,,
145492,6,26,26,,,
145493,4,4,4,,,
145494,27,24,27,,,
145495,26,26,26,,,
145496,5,5,5,,,
145497,16,16,16,,,
145498,16,16,16,,,
145499,24,24,10,,,
145500,16,16,16,,,
145502,30,30,30,,,
145503,28,28,28,,,
145504,24,24,16,,,
145505,30,30,10,,,
145506,10,30,30,,,
145507,36,36,36,,,
145508,30,30,30,,,
145509,4,4,4,,,
145510,10,30,30,,,
145511,31,24,24,,,
145512,24,16,16,,,
145513,16,16,16,,,
145514,2,37,5,,,
145515,24,24,24,,,
145516,24,36,36,,,
145517,24,24,30,,,
145518,16,16,16,,,
145519,10,30,30,,,
145520,24,24,24,,,
145521,30,16,30,,,
145522,16,16,16,,,
145523,24,24,24,,,
145524,16,16,16,,,
145525,30,24,24,,,
145526,16,16,16,,,
145527,24,24,24,,,
145528,16,16,16,,,
145529,13,16,16,,,
145530,24,16,30,,,
145531,20,20,20,,,
145532,24,24,24,,,
145533,30,30,24,,,
145534,16,16,16,,,
145535,16,16,16,,,
145536,24,24,30,,,
145537,16,24,24,,,
145538,16,16,16,,,
145539,24,24,10,,,
145540,16,16,16,,,
145541,24,24,24,,,
145542,24,24,24,,,
145543,16,16,16,,,
145544,24,24,24,,,
145545,24,24,24,,,
145546,37,4,16,,,
145547,16,16,16,,,
145548,18,26,3,,,
145549,16,16,16,,,
145550,34,34,34,,,
145551,24,16,24,,,
145552,16,16,16,,,
145553,16,24,24,,,
145554,4,24,34,,,
145555,30,30,30,,,
145556,28,24,24,,,
145557,16,16,16,,,
145558,16,16,16,,,
145559,16,16,16,,,
145560,16,16,16,,,
145561,30,30,30,,,
145562,24,24,24,,,
145563,24,24,4,,,
145564,20,16,16,,,
145565,28,28,28,,,
145566,9,2,33,,,
145567,24,24,24,,,
145568,24,24,24,,,
145569,24,24,24,,,
145570,28,28,28,,,
145571,30,30,30,,,
145572,24,24,16,,,
145573,24,24,24,,,
145574,16,16,16,,,
145575,24,34,34,,,
145576,28,28,28,,,
145577,24,24,24,,,
145578,10,36,36,,,
145579,28,28,8,,,
145580,16,16,16,,,
145581,24,24,24,,,
145582,24,24,24,,,
145583,30,24,30,,,
145584,4,5,4,,,
145585,28,28,28,,,
145586,28,28,28,,,
145587,26,24,24,,,
145588,34,34,34,,,
145589,24,16,16,,,
145590,26,26,26,,,
145591,24,36,36,,,
145592,24,24,24,,,
145593,24,24,24,,,
145594,16,16,16,,,
145595,24,24,24,,,
145596,26,26,26,,,
145597,16,16,16,,,
145598,30,30,30,,,
145599,5,5,5,,,
145600,24,24,24,,,
145601,3,26,26,,,
145602,16,16,16,,,
145603,10,30,30,,,
145604,24,24,24,,,
145605,16,16,16,,,
145606,13,24,24,,,
145607,27,16,16,,,
145608,30,30,30,,,
145609,24,34,24,,,
145610,16,16,16,,,
145611,28,28,28,,,
145612,32,24,24,,,
145613,36,36,36,,,
145614,24,24,24,,,
145615,5,5,4,,,
145617,16,24,16,,,
145618,16,16,16,,,
145619,16,16,16,,,
145620,24,24,24,,,
145621,16,16,16,,,
145624,5,23,23,,,
146049,16,16,16,,,
146198,36,36,36,,,
146232,18,28,28,,,
146244,11,24,24,,,
146245,28,28,28,,,
146267,23,23,38,,,
146275,16,16,16,,,
146307,25,30,30,,,
146342,28,28,28,,,
146350,24,10,10,,,
146351,33,2,9,,,
146352,10,30,30,,,
146357,24,24,24,,,
146358,16,30,30,,,
146359,10,30,10,,,
146360,28,8,8,,,
146361,28,28,28,,,
146362,24,24,24,,,
146363,26,30,24,,,
146364,16,16,16,,,
146365,20,34,9,,,
146366,30,30,30,,,
146367,16,16,16,,,
146368,30,30,30,,,
146369,10,24,24,,,
146370,24,30,24,,,
146371,28,28,28,,,
146372,36,36,8,,,
146373,30,30,30,,,
146374,24,24,24,,,
146375,16,16,16,,,
146377,1,30,30,,,
146378,30,30,30,,,
146379,5,5,5,,,
146380,13,24,24,,,
146381,24,24,10,,,
146382,29,24,24,,,
146383,27,16,16,,,
146384,16,16,16,,,
146385,19,19,26,,,
146386,24,24,24,,,
146387,13,24,13,,,
146388,27,16,27,,,
146389,16,16,16,,,
146390,21,5,5,,,
146391,4,5,4,,,
146392,23,23,5,,,
146393,19,19,19,,,
146394,28,28,28,,,
146395,25,30,30,,,
146396,16,16,16,,,
146397,16,16,16,,,
146398,16,16,16,,,
146399,26,26,26,,,
146400,16,16,16,,,
146401,16,16,16,,,
146402,16,16,16,,,
146403,28,28,28,,,
146404,7,34,5,,,
146405,20,34,5,,,
146406,24,10,34,,,
146407,24,36,4,,,
146408,28,20,28,,,
146409,9,9,9,,,
146410,19,16,16,,,
146411,16,16,16,,,
146412,24,24,24,,,
146413,30,30,16,,,
146414,16,16,16,,,
146415,30,30,30,,,
146416,28,24,24,,,
146417,30,30,30,,,
146418,16,16,16,,,
146419,39,2,2,,,
146420,22,10,10,,,
146421,16,16,16,,,
146422,10,10,10,,,
146423,4,5,5,,,
146424,27,27,27,,,
146425,9,34,9,,,
146426,16,16,16,,,
146427,6,38,31,,,
146428,34,34,34,,,
146429,4,16,16,,,
146430,24,24,24,,,
146431,38,38,38,,,
146432,16,16,16,,,
146433,26,30,26,,,
146434,8,5,5,,,
146435,24,16,16,,,
146436,24,24,24,,,
146438,24,24,24,,,
146439,27,23,27,,,
146440,24,24,24,,,
146441,16,24,24,,,
146442,16,16,16,,,
146443,13,24,24,,,
146444,24,24,24,,,
146445,24,16,16,,,
146446,16,16,16,,,
146448,36,36,36,,,
146449,3,10,10,,,
146450,34,34,34,,,
146451,2,5,22,,,
146452,16,16,16,,,
146453,26,16,16,,,
146454,27,24,27,,,
146455,24,24,24,,,
146456,8,24,8,,,
146457,24,24,24,,,
146458,24,16,16,,,
146459,10,10,10,,,
146460,31,30,31,,,
146462,16,16,16,,,
146463,28,28,28,,,
146464,30,16,16,,,
146465,16,16,16,,,
146466,4,4,4,,,
146467,8,28,8,,,
146478,39,5,8,,,
146480,36,4,4,,,
146496,24,24,24,,,
146497,28,28,28,,,
146529,24,36,36,,,
146569,16,16,16,,,
146577,1,16,16,,,
146613,24,24,10,,,
146623,16,16,16,,,
146634,22,4,2,,,
146635,8,5,8,,,
146637,30,30,16,,,
146645,20,16,27,,,
146651,24,10,24,,,
146658,30,24,24,,,
146674,16,16,16,,,
146687,5,5,4,,,
146714,31,24,24,,,
146745,0,28,28,,,
146751,16,16,16,,,
146752,16,30,16,,,
146753,24,16,30,,,
146754,2,2,2,,,
146755,16,16,16,,,
146756,34,34,34,,,
146757,34,34,34,,,
146759,20,34,20,,,
146760,16,16,16,,,
146761,16,16,16,,,
146762,16,16,16,,,
146763,5,34,27,,,
146764,34,34,34,,,
146765,30,30,30,,,
146767,24,24,10,,,
146768,10,10,10,,,
146769,24,24,24,,,
146770,24,24,24,,,
146771,16,16,16,,,
146772,16,16,16,,,
146773,28,28,28,,,
146774,6,16,16,,,
146775,16,16,16,,,
146776,28,28,28,,,
146777,16,16,16,,,
146778,23,23,23,,,
146779,16,16,16,,,
146780,16,16,16,,,
146781,16,16,16,,,
146782,16,16,16,,,
146783,16,16,16,,,
146784,24,24,24,,,
146785,30,30,30,,,
146786,16,16,16,,,
146787,16,16,16,,,
146788,2,30,10,,,
146789,16,16,16,,,
146790,24,30,30,,,
146791,6,10,10,,,
146792,16,16,16,,,
146794,31,24,31,,,
146795,23,30,30,,,
146796,16,16,16,,,
146797,30,30,24,,,
146798,30,30,30,,,
146799,30,30,30,,,
146800,31,37,30,,,
146801,9,33,39,,,
146802,6,23,38,,,
146803,10,24,24,,,
146804,26,26,24,,,
146805,4,4,4,,,
146807,22,2,2,,,
146808,16,16,16,,,
146809,27,16,16,,,
146810,16,16,16,,,
146811,6,34,34,,,
146812,16,16,16,,,
146813,24,10,10,,,
146814,27,27,27,,,
146815,13,10,10,,,
146816,24,16,16,,,
146817,24,24,24,,,
146818,16,16,16,,,
146819,24,24,24,,,
146820,36,10,36,,,
146822,24,30,30,,,
146823,30,30,30,,,
146824,30,30,30,,,
146825,30,30,30,,,
146826,24,24,24,,,
146827,16,16,16,,,
146828,10,30,30,,,
146829,28,28,8,,,
146830,27,16,27,,,
146831,9,34,34,,,
146832,28,28,28,,,
146833,27,24,27,,,
146834,16,16,16,,,
146835,28,28,28,,,
146836,28,8,28,,,
146837,24,30,30,,,
146838,16,16,16,,,
146839,34,36,36,,,
146840,30,30,30,,,
146842,8,5,8,,,
146843,23,23,6,,,
146844,10,10,10,,,
146845,28,28,28,,,
146846,24,16,24,,,
146847,20,9,26,,,
146848,30,30,30,,,
146849,24,24,24,,,
146850,35,5,5,,,
146851,24,16,24,,,
146852,16,16,16,,,
146853,34,34,34,,,
146854,5,4,4,,,
146855,34,34,34,,,
146856,31,24,24,,,
146857,5,5,5,,,
146858,7,19,10,,,
146859,30,30,30,,,
146860,16,16,16,,,
146861,30,30,30,,,
146862,16,16,16,,,
146863,27,10,27,,,
146864,27,24,27,,,
146865,30,30,30,,,
146866,18,28,28,,,
146867,28,28,28,,,
146868,16,16,16,,,
146869,16,16,16,,,
146870,24,24,10,,,
146871,30,26,26,,,
146872,30,16,16,,,
146873,3,4,4,,,
146874,16,24,24,,,
146875,24,24,24,,,
146876,2,2,2,,,
146877,27,16,16,,,
146878,30,30,30,,,
146879,24,24,24,,,
146880,26,26,26,,,
146881,30,30,30,,,
146882,26,26,26,,,
146884,24,24,24,,,
146885,16,16,16,,,
146886,3,5,8,,,
146887,24,24,24,,,
146888,24,24,24,,,
146889,24,16,24,,,
146890,16,16,16,,,
146892,16,16,16,,,
146893,34,24,24,,,
146894,30,30,30,,,
146895,30,30,30,,,
146896,24,24,24,,,
146897,28,28,28,,,
146899,24,24,24,,,
146900,24,16,16,,,
146901,24,24,26,,,
146902,6,16,30,,,
146903,26,34,26,,,
146904,4,16,4,,,
146905,24,16,24,,,
146906,2,2,22,,,
146907,16,16,16,,,
146908,3,30,30,,,
146909,35,5,5,,,
146910,38,30,30,,,
146912,37,24,24,,,
146913,24,24,24,,,
146914,16,16,16,,,
146915,27,24,10,,,
146916,16,16,16,,,
146917,30,30,30,,,
146918,16,16,16,,,
146919,24,24,24,,,
146920,24,16,24,,,
146921,16,16,16,,,
146922,28,24,24,,,
146923,24,24,24,,,
146924,34,34,34,,,
146925,5,34,34,,,
146926,31,30,30,,,
146927,34,2,2,,,
146928,16,16,16,,,
146929,27,27,27,,,
146930,11,10,36,,,
146931,24,16,24,,,
146932,4,28,8,,,
146933,24,16,24,,,
146934,16,16,16,,,
146935,28,28,28,,,
146936,30,30,30,,,
146937,24,24,24,,,
146938,26,26,26,,,
146939,30,30,30,,,
146940,16,16,16,,,
146941,34,34,34,,,
146942,16,16,16,,,
146943,38,38,38,,,
146944,31,24,24,,,
146945,24,24,16,,,
146946,16,16,16,,,
146947,16,16,16,,,
146948,14,9,28,,,
146949,29,5,5,,,
146950,34,34,34,,,
146951,28,8,28,,,
146952,24,24,24,,,
146953,30,30,30,,,
146954,28,16,28,,,
146955,5,28,5,,,
146956,4,23,24,,,
146957,28,8,28,,,
146958,5,5,4,,,
146959,24,24,24,,,
146960,10,36,36,,,
146961,37,30,30,,,
146962,24,10,10,,,
146963,20,34,34,,,
146964,24,24,10,,,
146965,16,16,16,,,
146966,39,2,2,,,
146967,24,24,34,,,
146968,34,34,34,,,
146969,24,24,16,,,
146970,16,16,16,,,
146971,16,16,16,,,
146972,24,24,23,,,
146973,27,10,27,,,
146974,28,24,24,,,
146975,16,16,16,,,
146976,10,10,27,,,
146977,17,16,16,,,
146978,13,34,20,,,
146979,27,16,27,,,
146980,27,16,16,,,
146981,16,16,16,,,
146982,16,16,16,,,
146983,27,27,27,,,
147405,28,28,28,,,
147421,17,16,16,,,
147457,28,28,28,,,
147493,28,28,28,,,
147539,30,30,30,,,
147606,4,16,4,,,
147629,7,28,24,,,
147634,28,8,8,,,
147641,24,24,10,,,
147650,13,10,10,,,
147653,30,30,30,,,
147658,32,16,24,,,
147667,3,4,37,,,
147674,16,16,16,,,
147676,16,16,16,,,
147680,16,16,16,,,
147682,8,5,8,,,
147683,6,26,26,,,
147685,13,24,24,,,
147686,27,27,27,,,
147687,28,28,28,,,
147689,16,16,16,,,
147690,9,34,34,,,
147691,16,16,16,,,
147692,8,28,28,,,
147693,30,30,30,,,
147694,28,28,28,,,
147695,18,16,36,,,
147696,6,30,30,,,
147697,24,24,16,,,
147698,2,2,2,,,
147699,31,16,16,,,
147700,4,28,4,,,
147701,24,24,24,,,
147702,31,24,31,,,
147703,28,28,28,,,
147704,4,4,5,,,
147705,4,4,4,,,
147706,30,24,24,,,
147707,5,2,5,,,
147708,28,28,28,,,
147709,28,28,28,,,
147710,24,24,24,,,
147711,27,24,24,,,
147712,28,28,28,,,
147713,24,24,24,,,
147714,28,28,28,,,
147715,5,34,5,,,
147716,3,26,26,,,
147717,16,16,16,,,
147719,8,16,28,,,
147720,10,10,2,,,
147721,13,10,10,,,
147722,24,24,24,,,
147723,24,10,10,,,
147724,1,30,23,,,
147725,24,24,24,,,
147726,16,24,24,,,
147727,24,24,24,,,
147728,10,30,30,,,
147729,24,16,16,,,
147730,10,10,10,,,
147731,24,24,24,,,
147732,19,34,8,,,
147733,24,16,24,,,
147734,30,30,30,,,
147735,16,16,16,,,
147736,28,28,28,,,
147737,16,16,16,,,
147738,34,37,37,,,
147739,24,24,24,,,
147740,24,10,10,,,
147741,27,27,27,,,
147742,16,16,16,,,
147743,5,37,5,,,
147744,27,16,16,,,
147745,16,16,30,,,
147746,36,10,36,,,
147747,16,16,16,,,
147748,3,26,30,,,
147749,13,24,24,,,
147750,16,16,16,,,
147751,30,26,30,,,
147753,16,16,16,,,
147754,28,28,28,,,
147755,28,28,28,,,
147756,28,28,28,,,
147757,24,24,24,,,
147758,16,16,16,,,
147759,16,16,16,,,
147760,13,10,24,,,
147761,37,37,5,,,
147762,27,27,27,,,
147763,16,16,16,,,
147764,16,16,16,,,
147765,14,2,9,,,
147766,24,9,9,,,
147767,2,2,2,,,
147769,30,30,30,,,
147770,24,16,16,,,
147771,28,4,28,,,
147772,13,24,24,,,
147773,16,16,16,,,
147774,4,4,4,,,
147775,16,30,30,,,
147776,34,34,34,,,
147777,16,16,16,,,
147778,4,4,4,,,
147779,24,10,10,,,
147780,24,24,24,,,
147781,13,24,24,,,
147783,24,34,24,,,
147784,24,16,24,,,
147785,10,24,24,,,
147786,24,34,24,,,
147787,24,24,24,,,
147788,16,16,24,,,
147790,7,19,19,,,
147791,3,16,24,,,
147792,2,2,22,,,
147793,8,5,24,,,
147794,34,34,24,,,
147795,10,10,27,,,
147796,38,37,37,,,
147797,30,30,30,,,
147798,30,30,30,,,
147799,24,24,24,,,
147800,18,19,19,,,
147801,30,30,30,,,
147802,6,16,30,,,
147803,37,34,34,,,
147804,16,16,16,,,
147805,16,16,16,,,
147806,16,16,16,,,
147807,30,30,30,,,
147808,24,24,24,,,
147809,24,24,24,,,
147817,30,30,30,,,
147828,37,2,2,,,
147829,4,4,4,,,
147858,24,24,16,,,
147867,30,30,30,,,
147871,24,31,10,,,
147878,26,30,31,,,
147885,28,28,28,,,
147890,30,30,30,,,
147928,24,16,24,,,
147936,30,30,30,,,
147943,24,28,28,,,
147944,10,24,24,,,
147949,30,16,16,,,
147968,24,24,26,,,
148004,2,2,22,,,
148025,30,30,30,,,
148044,16,16,16,,,
148047,30,30,30,,,
148050,13,24,24,,,
148069,24,24,30,,,
148070,30,30,30,,,
148072,3,26,30,,,
148073,16,16,16,,,
148074,16,16,16,,,
148075,34,34,34,,,
148076,24,24,24,,,
148077,24,10,10,,,
148078,24,16,16,,,
148079,6,26,3,,,
148081,30,30,30,,,
148082,4,4,4,,,
148083,4,23,23,,,
148084,30,30,30,,,
148086,30,30,30,,,
148087,16,16,16,,,
148088,2,34,2,,,
148089,25,16,16,,,
148090,16,16,16,,,
148091,39,34,34,,,
148092,34,34,34,,,
148093,34,34,20,,,
148094,28,28,28,,,
148095,16,16,16,,,
148096,4,4,4,,,
148097,30,30,30,,,
148098,28,4,4,,,
148100,16,16,16,,,
148101,5,5,8,,,
148102,24,16,24,,,
148103,30,30,30,,,
148104,24,30,30,,,
148105,16,16,16,,,
148106,27,16,27,,,
148107,24,24,24,,,
148108,31,30,30,,,
148109,16,16,16,,,
148110,24,24,24,,,
148111,24,24,24,,,
148112,13,28,4,,,
148113,24,24,24,,,
148114,16,16,16,,,
148115,28,28,28,,,
148116,17,16,16,,,
148117,24,24,24,,,
148118,6,26,3,,,
148119,28,28,28,,,
148120,16,16,16,,,
148121,30,30,30,,,
148122,31,24,24,,,
148124,30,30,30,,,
148125,25,16,16,,,
148126,2,10,10,,,
148127,16,16,16,,,
148128,24,24,24,,,
148129,13,24,24,,,
148130,23,38,38,,,
148131,24,24,24,,,
148132,22,2,2,,,
148133,37,4,37,,,
148134,10,30,10,,,
148135,24,24,24,,,
148136,16,16,16,,,
148137,4,4,4,,,
148138,28,28,28,,,
148139,8,28,8,,,
148140,26,26,26,,,
148141,30,30,30,,,
148142,24,24,24,,,
148143,30,30,30,,,
148144,30,30,30,,,
148145,24,24,24,,,
148146,4,4,4,,,
148147,4,2,23,,,
148148,16,16,27,,,
148149,4,4,8,,,
148150,8,5,28,,,
148152,30,30,30,,,
148154,31,26,26,,,
148155,4,24,4,,,
148156,24,16,24,,,
148157,34,4,4,,,
148158,30,30,30,,,
148159,10,10,10,,,
148160,16,16,16,,,
148161,33,9,33,,,
148162,5,24,24,,,
148163,24,24,27,,,
148164,10,10,10,,,
148165,24,24,24,,,
148166,31,24,24,,,
148167,28,28,28,,,
148168,24,16,24,,,
148169,30,30,30,,,
148170,4,4,4,,,
148171,16,16,16,,,
148172,24,24,24,,,
148173,4,8,8,,,
148174,28,28,28,,,
148175,24,24,24,,,
148176,30,30,30,,,
148177,26,26,26,,,
148178,16,16,16,,,
148179,24,24,24,,,
148180,5,24,24,,,
148181,24,16,16,,,
148182,30,30,30,,,
148183,24,24,24,,,
148184,8,16,16,,,
148185,8,5,8,,,
148186,16,16,16,,,
148187,24,24,24,,,
148188,8,28,28,,,
148189,30,30,30,,,
148190,16,16,16,,,
148191,24,24,24,,,
148192,24,27,27,,,
148193,24,16,16,,,
148194,38,38,38,,,
148195,8,16,16,,,
148196,24,24,24,,,
148197,30,30,30,,,
148198,34,24,24,,,
148199,30,30,30,,,
148200,24,24,30,,,
148202,16,16,16,,,
148203,13,16,16,,,
148204,24,24,24,,,
148205,16,24,24,,,
148206,10,4,36,,,
148207,10,30,10,,,
148208,24,24,24,,,
148209,34,34,9,,,
148210,24,16,16,,,
148211,16,16,16,,,
148212,24,16,16,,,
148213,27,27,27,,,
148214,24,16,16,,,
148215,20,20,20,,,
148216,30,30,30,,,
148217,24,24,24,,,
148218,30,30,30,,,
148219,16,16,16,,,
148221,16,16,16,,,
148222,16,16,16,,,
148223,16,16,16,,,
148224,24,16,16,,,
148225,4,4,4,,,
148226,24,10,28,,,
148227,24,24,19,,,
148229,30,30,30,,,
148230,4,36,4,,,
148231,24,16,16,,,
148232,16,16,16,,,
148233,28,28,28,,,
148235,30,30,30,,,
148236,16,16,16,,,
148237,16,16,16,,,
148238,4,4,4,,,
148239,30,30,30,,,
148240,16,16,16,,,
148241,23,30,30,,,
148242,30,24,30,,,
148243,16,16,16,,,
148244,23,23,4,,,
148245,16,16,16,,,
148246,27,24,27,,,
148247,36,36,36,,,
148248,16,16,16,,,
148249,16,16,16,,,
148250,6,10,10,,,
148251,4,4,6,,,
148252,34,34,34,,,
148253,16,16,16,,,
148254,16,16,16,,,
148255,28,8,8,,,
148256,4,24,24,,,
148257,24,24,24,,,
148258,26,36,26,,,
148259,6,26,26,,,
148260,30,30,30,,,
148261,24,24,24,,,
148262,8,8,8,,,
148263,24,10,24,,,
148264,16,24,16,,,
148265,27,16,16,,,
148266,6,27,16,,,
148267,24,24,24,,,
148268,16,16,16,,,
148269,30,30,30,,,
148270,30,30,30,,,
148271,24,16,10,,,
148272,3,24,24,,,
148273,3,36,36,,,
148274,24,16,16,,,
148275,13,24,27,,,
148276,28,28,24,,,
148277,30,30,30,,,
148278,27,16,27,,,
148279,16,16,16,,,
148280,14,24,36,,,
148281,24,30,10,,,
148282,16,16,16,,,
148283,30,30,30,,,
148284,16,16,16,,,
148285,16,16,16,,,
148286,24,24,16,,,
148287,8,8,8,,,
148288,24,24,5,,,
148289,16,16,16,,,
148290,24,24,10,,,
148291,10,10,10,,,
148292,29,16,16,,,
148293,24,24,24,,,
148294,24,30,30,,,
148295,10,24,24,,,
148296,24,24,24,,,
148297,38,38,38,,,
148298,16,16,16,,,
148299,16,16,16,,,
148300,24,24,24,,,
148301,16,16,16,,,
148302,34,34,34,,,
148303,24,24,24,,,
148304,33,2,22,,,
148305,10,10,10,,,
148306,4,28,5,,,
148307,4,4,36,,,
148308,16,16,16,,,
148309,24,24,24,,,
148310,27,16,27,,,
148311,27,27,27,,,
148312,24,24,10,,,
148313,30,30,30,,,
148314,4,30,30,,,
148315,16,16,16,,,
148316,24,24,24,,,
148317,10,24,24,,,
148318,9,34,34,,,
148319,16,16,16,,,
148320,37,24,31,,,
148321,2,37,37,,,
148322,33,9,9,,,
148323,16,16,16,,,
148324,6,16,16,,,
148325,27,16,27,,,
148326,24,24,24,,,
148327,13,24,24,,,
148328,16,16,16,,,
148329,16,16,16,,,
148330,8,5,8,,,
148331,24,24,16,,,
148551,16,16,16,,,
148630,19,4,8,,,
148697,24,10,10,,,
148885,8,5,5,,,
148887,28,28,28,,,
148898,36,5,8,,,
148931,4,28,4,,,
148959,23,24,31,,,
148974,16,16,16,,,
148989,33,2,2,,,
148995,24,16,16,,,
148996,24,24,24,,,
148997,33,34,34,,,
148998,16,16,16,,,
148999,16,16,16,,,
149000,23,2,2,,,
149001,7,19,19,,,
149002,24,24,24,,,
149003,14,2,9,,,
149004,24,16,16,,,
149005,30,30,30,,,
149006,25,16,16,,,
149007,38,38,38,,,
149008,24,24,24,,,
149009,16,16,16,,,
149010,24,24,24,,,
149011,19,19,19,,,
149012,16,16,16,,,
149013,24,24,10,,,
149015,24,16,16,,,
149016,28,28,28,,,
149017,30,30,30,,,
149018,16,16,16,,,
149019,30,30,30,,,
149020,28,8,8,,,
149021,16,16,16,,,
149022,28,28,28,,,
149023,30,24,30,,,
149024,24,24,16,,,
149025,34,34,39,,,
149026,30,37,30,,,
149027,27,16,27,,,
149028,24,24,16,,,
149029,4,24,26,,,
149030,16,16,16,,,
149031,27,16,16,,,
149032,27,16,16,,,
149033,16,16,16,,,
149034,16,16,16,,,
149035,16,16,16,,,
149036,30,30,30,,,
149037,24,24,10,,,
149038,5,5,5,,,
149039,24,24,24,,,
149040,16,16,16,,,
149041,24,24,24,,,
149042,5,5,5,,,
149043,37,37,5,,,
149044,19,19,19,,,
149045,16,16,27,,,
149046,27,27,27,,,
149047,34,34,34,,,
149048,4,4,4,,,
149049,16,16,16,,,
149050,16,19,27,,,
149051,24,24,24,,,
149052,24,36,36,,,
149053,16,16,16,,,
149054,16,16,24,,,
149055,16,16,16,,,
149056,6,30,30,,,
149057,34,28,28,,,
149059,16,16,16,,,
149060,8,28,8,,,
149061,34,36,5,,,
149062,4,4,4,,,
149063,16,16,16,,,
149064,4,4,4,,,
149065,16,16,16,,,
149066,10,16,16,,,
149067,16,16,16,,,
149068,2,2,2,,,
149069,16,16,16,,,
149070,16,16,16,,,
149071,2,2,2,,,
149072,5,4,4,,,
149073,24,24,24,,,
149074,6,24,24,,,
149075,30,30,30,,,
149076,26,24,26,,,
149077,24,24,24,,,
149078,31,24,24,,,
149079,30,30,30,,,
149080,22,2,2,,,
149081,6,26,26,,,
149083,10,10,10,,,
149084,16,16,16,,,
149085,28,24,24,,,
149086,24,24,24,,,
149087,27,10,10,,,
149088,16,16,16,,,
149089,24,24,24,,,
149090,22,2,2,,,
149091,24,24,24,,,
149092,16,16,16,,,
149093,24,24,24,,,
149094,24,24,24,,,
149095,16,16,16,,,
149096,16,16,16,,,
149097,16,16,16,,,
149098,24,24,16,,,
149099,30,10,10,,,
149100,23,23,23,,,
149101,31,38,31,,,
149112,18,28,5,,,
149115,28,24,28,,,
149137,0,24,24,,,
149145,4,16,24,,,
149169,16,30,16,,,
149192,30,30,30,,,
149196,24,16,16,,,
149198,24,16,24,,,
149213,27,27,27,,,
149219,24,24,24,,,
149265,24,24,24,,,
149271,30,30,30,,,
149286,16,16,16,,,
149288,34,24,24,,,
149302,30,30,30,,,
149304,29,28,28,,,
149315,23,23,23,,,
149317,24,24,10,,,
149340,26,26,26,,,
149342,16,16,16,,,
149353,4,23,4,,,
149355,24,24,24,,,
149373,5,5,5,,,
149377,24,24,10,,,
149395,3,31,16,,,
149397,5,28,5,,,
149398,37,26,4,,,
149399,26,30,26,,,
149400,31,30,30,,,
149401,16,16,16,,,
149402,24,24,10,,,
149403,24,16,24,,,
149404,7,19,10,,,
149405,37,5,37,,,
149406,24,24,24,,,
149407,30,30,30,,,
149408,38,38,38,,,
149409,16,16,16,,,
149411,39,20,20,,,
149413,16,16,16,,,
149414,24,24,24,,,
149416,16,30,10,,,
149417,36,36,36,,,
149418,24,24,24,,,
149419,30,16,16,,,
149420,22,2,2,,,
149422,8,8,8,,,
149423,24,30,26,,,
149424,29,37,5,,,
149425,36,36,36,,,
149426,5,5,37,,,
149427,16,16,16,,,
149428,24,24,24,,,
149429,3,30,10,,,
149430,7,28,27,,,
149431,4,16,16,,,
149432,34,37,5,,,
149433,27,5,19,,,
149435,4,4,4,,,
149436,24,24,24,,,
149437,16,16,16,,,
149438,24,24,24,,,
149439,23,30,30,,,
149440,16,16,16,,,
149441,24,24,24,,,
149442,28,28,28,,,
149443,16,16,24,,,
149444,24,30,30,,,
149445,16,16,16,,,
149446,4,23,4,,,
149447,27,16,27,,,
149448,30,30,30,,,
149449,31,24,24,,,
149450,30,30,30,,,
149451,3,38,38,,,
149452,24,16,31,,,
149453,16,16,16,,,
149454,13,16,24,,,
149455,4,36,4,,,
149456,30,30,30,,,
149457,28,8,8,,,
149458,10,10,10,,,
149459,30,30,30,,,
149460,27,16,16,,,
149461,24,24,10,,,
149462,16,16,16,,,
149463,24,24,24,,,
149464,19,28,19,,,
149465,16,16,16,,,
149466,1,16,16,,,
149467,30,30,30,,,
149468,30,30,30,,,
149469,30,30,30,,,
149470,27,16,27,,,
149471,30,30,30,,,
149472,30,30,30,,,
149473,6,30,16,,,
149474,30,30,30,,,
149475,4,4,4,,,
149476,16,16,16,,,
149477,30,30,30,,,
149478,16,16,16,,,
149479,30,30,30,,,
149480,8,5,5,,,
149481,27,24,10,,,
149482,8,8,8,,,
149483,8,28,8,,,
149484,16,24,24,,,
149485,30,30,30,,,
149486,7,16,16,,,
149487,24,16,16,,,
149488,26,24,24,,,
149489,16,16,16,,,
149490,34,34,34,,,
149491,30,30,30,,,
149492,24,16,24,,,
149493,4,16,31,,,
149494,34,34,34,,,
149495,16,16,16,,,
149496,24,24,24,,,
149497,15,5,5,,,
149498,20,20,20,,,
149499,30,30,30,,,
149500,22,22,22,,,
149501,16,16,27,,,
149502,8,28,8,,,
149503,31,30,30,,,
149504,4,4,4,,,
149505,24,24,24,,,
149506,30,24,24,,,
149507,24,24,24,,,
149508,30,30,30,,,
149509,24,30,10,,,
149510,5,5,5,,,
149511,24,24,24,,,
149512,33,24,10,,,
149513,26,26,26,,,
149514,28,28,28,,,
149515,4,4,4,,,
149516,24,24,24,,,
149517,16,16,16,,,
149518,24,28,24,,,
149519,31,24,24,,,
149520,24,16,24,,,
149521,24,24,24,,,
149523,22,2,2,,,
149524,28,28,28,,,
149525,24,24,3,,,
149526,24,24,24,,,
149527,28,24,24,,,
149528,30,30,30,,,
149529,24,24,24,,,
149530,5,34,5,,,
149531,4,4,4,,,
149532,27,24,27,,,
149533,16,16,16,,,
149534,24,24,16,,,
149535,16,16,16,,,
149536,24,24,16,,,
149537,30,30,30,,,
149538,26,24,26,,,
149539,24,24,24,,,
149540,24,24,24,,,
149541,4,16,24,,,
149542,16,16,16,,,
149543,16,16,16,,,
149544,27,27,27,,,
149545,16,16,16,,,
149546,4,36,4,,,
149547,28,28,28,,,
149548,16,24,24,,,
149549,24,24,24,,,
149550,16,16,16,,,
149551,8,24,19,,,
149552,24,10,10,,,
149553,16,16,16,,,
149554,23,38,23,,,
149555,24,24,10,,,
149556,27,24,24,,,
149558,30,30,30,,,
149559,24,24,24,,,
149560,16,16,16,,,
149561,10,10,10,,,
149562,27,27,27,,,
149563,24,30,30,,,
149564,24,26,38,,,
149565,31,24,30,,,
149566,16,16,16,,,
149567,24,24,24,,,
149568,24,30,30,,,
149569,24,24,24,,,
149570,37,37,37,,,
149571,3,24,4,,,
149572,24,24,24,,,
149573,16,30,16,,,
149574,16,16,16,,,
149575,24,16,16,,,
149576,23,30,30,,,
149577,24,24,24,,,
149578,10,10,10,,,
149579,24,24,24,,,
149580,24,30,30,,,
149581,22,2,2,,,
149582,34,28,28,,,
149583,22,10,9,,,
149584,5,2,5,,,
149585,2,2,2,,,
149587,9,33,9,,,
149588,16,16,16,,,
149589,2,2,2,,,
149590,16,16,16,,,
149591,16,16,16,,,
149592,24,10,10,,,
149593,26,26,26,,,
149594,16,16,16,,,
149595,10,24,24,,,
149596,34,34,9,,,
149597,24,10,24,,,
149598,24,16,16,,,
149599,8,5,5,,,
149600,4,36,4,,,
149601,28,28,28,,,
149602,11,24,10,,,
149603,27,27,10,,,
149604,24,24,24,,,
149605,4,34,4,,,
149606,10,10,10,,,
149607,16,16,16,,,
149608,36,36,36,,,
149609,24,16,16,,,
149610,30,24,30,,,
149611,24,16,24,,,
149612,9,34,39,,,
149613,24,24,24,,,
149614,10,30,16,,,
149615,24,24,24,,,
149616,24,16,16,,,
149617,24,10,24,,,
149618,27,27,27,,,
149619,10,30,30,,,
149620,9,16,24,,,
149621,28,28,28,,,
149622,37,2,9,,,
149623,28,28,28,,,
149624,24,24,24,,,
149625,24,24,24,,,
149626,2,2,2,,,
149627,24,24,24,,,
149628,24,36,36,,,
149629,24,24,24,,,
149630,27,27,27,,,
149631,16,16,16,,,
149632,27,19,19,,,
149633,24,24,24,,,
149634,16,24,24,,,
149635,30,30,30,,,
149636,16,16,16,,,
149637,28,28,28,,,
149638,14,2,9,,,
149639,34,34,34,,,
149640,29,24,16,,,
149641,24,16,16,,,
149642,16,16,16,,,
149643,16,16,16,,,
150055,10,24,24,,,
150082,16,16,16,,,
150104,24,16,16,,,
150126,30,30,30,,,
150170,5,16,16,,,
150196,34,28,34,,,
150219,30,30,30,,,
150271,16,16,16,,,
150273,24,24,24,,,
150275,3,24,24,,,
150276,25,16,16,,,
150279,24,24,24,,,
150280,5,34,34,,,
150281,16,16,16,,,
150282,30,16,30,,,
150283,24,24,16,,,
150284,22,2,2,,,
150285,16,16,16,,,
150286,28,28,28,,,
150287,8,37,5,,,
150288,30,30,30,,,
150289,31,24,24,,,
150290,24,30,30,,,
150291,28,28,28,,,
150292,4,28,4,,,
150294,31,26,26,,,
150295,24,24,24,,,
150296,24,16,16,,,
150297,24,24,10,,,
150298,28,28,28,,,
150299,26,34,39,,,
150300,28,28,8,,,
150301,24,24,16,,,
150302,8,24,24,,,
150303,16,16,16,,,
150305,30,30,30,,,
150306,27,16,27,,,
150307,30,30,30,,,
150308,16,16,16,,,
150309,16,16,16,,,
150310,2,2,2,,,
150311,28,28,28,,,
150312,24,16,16,,,
150313,23,23,4,,,
150314,27,16,16,,,
150315,10,24,10,,,
150316,23,10,23,,,
150317,19,2,2,,,
150318,35,5,5,,,
150319,10,10,10,,,
150320,27,10,27,,,
150321,16,16,16,,,
150322,28,28,28,,,
150323,16,16,16,,,
150325,27,27,27,,,
150326,24,16,16,,,
150327,24,24,24,,,
150328,8,28,28,,,
150329,6,27,27,,,
150330,20,34,34,,,
150331,27,16,27,,,
150332,16,16,16,,,
150333,16,16,16,,,
150334,10,23,26,,,
150335,31,26,31,,,
150336,16,16,16,,,
150337,16,16,16,,,
150338,30,30,24,,,
150339,4,4,4,,,
150340,16,16,16,,,
150341,16,16,16,,,
150342,26,24,26,,,
150343,16,16,16,,,
150344,24,10,24,,,
150345,28,28,28,,,
150346,28,28,28,,,
150347,24,16,16,,,
150348,16,16,16,,,
150349,5,34,34,,,
150350,16,16,16,,,
150351,28,4,4,,,
150352,24,24,24,,,
150353,16,16,16,,,
150354,16,16,16,,,
150355,4,4,4,,,
150356,8,8,8,,,
150357,16,16,16,,,
150358,24,28,34,,,
150359,24,24,24,,,
150360,14,28,28,,,
150362,31,30,30,,,
150363,4,28,5,,,
150364,19,19,19,,,
150365,16,16,16,,,
150366,22,30,30,,,
150367,22,2,2,,,
150368,23,37,5,,,
150369,10,10,10,,,
150370,38,38,38,,,
150371,30,30,30,,,
150372,2,2,2,,,
150373,5,37,34,,,
150374,16,16,16,,,
150375,24,24,24,,,
150376,4,26,26,,,
150377,24,24,24,,,
150378,24,16,24,,,
150379,36,36,36,,,
150380,23,23,23,,,
150381,11,19,24,,,
150382,31,38,38,,,
150383,30,30,16,,,
150384,24,24,24,,,
150385,5,5,5,,,
150386,16,16,16,,,
150387,25,16,16,,,
150388,24,16,16,,,
150389,24,24,34,,,
150390,16,16,16,,,
150391,30,30,30,,,
150392,28,28,28,,,
150393,30,24,30,,,
150394,24,24,24,,,
150395,30,30,30,,,
150396,24,24,24,,,
150398,27,16,27,,,
150415,30,30,30,,,
150426,24,24,24,,,
150458,3,26,30,,,
150472,30,30,30,,,
150485,24,10,10,,,
150493,23,23,23,,,
150496,16,16,16,,,
150506,16,16,16,,,
150509,16,16,16,,,
150518,3,5,27,,,
150544,24,16,24,,,
150550,16,16,16,,,
150553,19,19,19,,,
150564,6,16,16,,,
150584,24,24,24,,,
150585,30,30,30,,,
150589,16,16,16,,,
150596,38,38,31,,,
150598,24,24,16,,,
150606,23,23,23,,,
150613,24,24,24,,,
150646,24,24,24,,,
150648,24,24,27,,,
150649,34,34,34,,,
150650,24,24,10,,,
150652,10,10,10,,,
150653,24,24,24,,,
150655,26,30,30,,,
150656,5,24,24,,,
150657,16,16,16,,,
150658,30,30,30,,,
150659,24,24,24,,,
150661,26,30,26,,,
150662,26,26,26,,,
150663,15,5,5,,,
150664,27,16,16,,,
150665,10,24,24,,,
150666,24,24,24,,,
150667,13,28,19,,,
150668,16,16,16,,,
150669,16,16,16,,,
150670,24,16,16,,,
150671,22,2,22,,,
150672,31,31,31,,,
150673,30,30,30,,,
150675,2,10,10,,,
150676,28,8,19,,,
150678,16,16,16,,,
150679,5,34,34,,,
150680,30,30,30,,,
150681,24,24,24,,,
150682,4,4,4,,,
150683,30,30,30,,,
150684,16,16,16,,,
150685,8,5,5,,,
150686,9,34,9,,,
150687,26,26,26,,,
150688,31,30,30,,,
150689,24,10,31,,,
150690,24,30,30,,,
150691,27,16,16,,,
150692,16,16,16,,,
150693,26,38,38,,,
150694,32,5,19,,,
150695,24,10,10,,,
150696,24,24,24,,,
150697,24,24,24,,,
150698,38,31,31,,,
150699,24,24,24,,,
150700,38,38,38,,,
150701,16,16,16,,,
150702,16,16,16,,,
150704,16,16,16,,,
150705,3,26,3,,,
150706,4,16,24,,,
150707,24,30,30,,,
150708,24,16,24,,,
150709,31,30,30,,,
150710,16,16,16,,,
150711,5,37,5,,,
150712,30,30,30,,,
150713,30,30,30,,,
150714,24,16,4,,,
150715,30,30,30,,,
150716,16,16,16,,,
150717,24,24,24,,,
150718,16,16,16,,,
150719,16,16,16,,,
150720,24,16,16,,,
150721,11,5,5,,,
150723,24,24,24,,,
150724,16,16,16,,,
150725,30,30,30,,,
150726,27,16,27,,,
150727,5,5,5,,,
150728,30,16,24,,,
150729,24,24,24,,,
150730,30,26,26,,,
150731,4,4,4,,,
150732,31,24,31,,,
150734,34,34,34,,,
150735,24,24,10,,,
150736,25,16,16,,,
150737,8,5,5,,,
150738,9,9,9,,,
150739,37,5,4,,,
150740,16,16,16,,,
150741,24,24,24,,,
150742,10,10,10,,,
150743,28,28,28,,,
150744,16,16,16,,,
150745,30,30,30,,,
150746,4,31,30,,,
150747,27,10,27,,,
150748,3,23,6,,,
150749,24,16,24,,,
150750,16,16,16,,,
150751,27,24,27,,,
150752,2,2,2,,,
150753,5,5,5,,,
150754,5,5,5,,,
150755,30,30,30,,,
150756,27,27,27,,,
150757,30,30,30,,,
150758,24,16,16,,,
150759,27,24,27,,,
150760,10,24,10,,,
150761,10,30,10,,,
150762,8,28,28,,,
150763,28,28,28,,,
150764,24,3,30,,,
150765,16,16,16,,,
150766,36,36,36,,,
150767,24,24,24,,,
150768,24,16,16,,,
150769,24,24,16,,,
150770,26,26,26,,,
150771,16,16,16,,,
150772,22,24,4,,,
150773,24,24,24,,,
150774,2,16,16,,,
150775,10,26,31,,,
150776,8,28,28,,,
150777,16,16,16,,,
150778,34,34,34,,,
150779,24,10,31,,,
150780,16,16,16,,,
150781,16,16,16,,,
150782,4,26,26,,,
150783,23,23,23,,,
150784,10,24,10,,,
150786,16,16,16,,,
150787,16,16,16,,,
150788,16,16,16,,,
150789,10,24,24,,,
150790,18,5,5,,,
150791,38,38,38,,,
150792,30,30,30,,,
150793,7,16,16,,,
150794,16,16,16,,,
150795,24,24,24,,,
150797,9,9,9,,,
150798,31,24,31,,,
150799,16,16,16,,,
150800,23,23,30,,,
150801,22,24,10,,,
150802,16,16,16,,,
150803,16,16,16,,,
150804,28,4,4,,,
150805,2,10,10,,,
150806,16,16,16,,,
150807,24,24,24,,,
150808,24,24,24,,,
150809,36,36,36,,,
150810,30,30,30,,,
150811,26,36,24,,,
150812,30,30,30,,,
150813,24,24,24,,,
150814,24,30,30,,,
150815,10,37,10,,,
150816,31,28,24,,,
150817,24,24,24,,,
150818,28,28,28,,,
150819,16,16,16,,,
150820,27,16,27,,,
150821,26,24,31,,,
150822,24,24,24,,,
150823,34,34,34,,,
150824,23,23,23,,,
150825,16,24,24,,,
150826,24,16,24,,,
150827,27,16,27,,,
150828,25,16,16,,,
150829,26,24,26,,,
150830,26,26,26,,,
150831,16,24,16,,,
150832,30,30,30,,,
150833,16,16,16,,,
150834,31,26,26,,,
150835,30,30,30,,,
150836,24,24,24,,,
150837,27,16,16,,,
150838,23,23,4,,,
150839,38,23,23,,,
150840,16,16,16,,,
150841,29,5,5,,,
150842,34,34,34,,,
150843,24,24,16,,,
150844,27,27,27,,,
150845,24,16,16,,,
150846,24,24,24,,,
150847,16,16,16,,,
150848,31,16,16,,,
150849,16,24,16,,,
150850,11,24,10,,,
150851,24,24,24,,,
150852,36,10,10,,,
150853,4,5,4,,,
150854,16,16,16,,,
150855,24,24,24,,,
150856,16,16,16,,,
150857,16,16,16,,,
150858,3,4,4,,,
150859,16,16,16,,,
150860,36,36,36,,,
150861,24,24,24,,,
150862,16,16,16,,,
150863,4,16,4,,,
150864,27,30,27,,,
150865,16,16,16,,,
150866,16,16,16,,,
151250,4,5,5,,,
151310,28,28,28,,,
151359,10,10,10,,,
151456,24,24,28,,,
151477,6,3,30,,,
151480,26,26,26,,,
151486,19,19,8,,,
151509,16,16,16,,,
151513,3,26,26,,,
151524,24,24,16,,,
151525,16,16,16,,,
151526,9,2,2,,,
151527,37,26,4,,,
151528,16,16,16,,,
151529,30,30,30,,,
151530,28,28,8,,,
151531,24,16,16,,,
151532,26,26,26,,,
151533,28,28,28,,,
151534,16,16,16,,,
151535,8,8,8,,,
151536,34,34,34,,,
151538,24,24,24,,,
151539,24,19,19,,,
151540,10,2,9,,,
151541,26,24,26,,,
151542,13,24,10,,,
151543,24,10,10,,,
151544,30,30,30,,,
151545,28,28,28,,,
151547,22,2,2,,,
151548,13,16,24,,,
151549,16,16,16,,,
151550,5,34,34,,,
151551,16,16,16,,,
151553,24,24,10,,,
151554,24,24,30,,,
151555,34,34,34,,,
151556,10,10,10,,,
151557,24,24,24,,,
151558,34,34,39,,,
151559,34,34,34,,,
151560,5,2,22,,,
151561,16,16,16,,,
151562,24,24,24,,,
151563,34,34,39,,,
151564,24,16,16,,,
151565,16,16,16,,,
151566,18,8,28,,,
151567,36,36,36,,,
151568,8,5,8,,,
151569,16,16,16,,,
151570,25,30,30,,,
151571,16,16,16,,,
151572,16,16,16,,,
151573,16,24,16,,,
151574,5,16,5,,,
151575,5,5,5,,,
151576,16,16,16,,,
151577,23,5,5,,,
151578,30,30,30,,,
151579,1,24,16,,,
151580,24,24,24,,,
151581,24,16,16,,,
151582,4,5,4,,,
151583,31,24,24,,,
151584,16,16,16,,,
151585,26,34,34,,,
151586,4,16,16,,,
151587,20,24,16,,,
151589,28,28,28,,,
151590,31,30,30,,,
151591,31,30,30,,,
151592,26,26,26,,,
151593,16,16,16,,,
151594,30,30,30,,,
151595,16,16,16,,,
151597,24,16,24,,,
151598,2,2,2,,,
151599,34,34,34,,,
151600,20,16,6,,,
151601,16,16,16,,,
151602,24,28,4,,,
151603,8,5,5,,,
151604,24,16,24,,,
151605,24,24,24,,,
151606,26,26,26,,,
151607,34,34,34,,,
151608,24,16,24,,,
151609,3,27,8,,,
151610,16,16,16,,,
151611,24,24,24,,,
151612,24,10,10,,,
151613,16,16,16,,,
151614,24,24,24,,,
151615,1,16,24,,,
151616,13,5,19,,,
151617,34,20,39,,,
151618,16,16,16,,,
151619,24,24,24,,,
151620,24,16,16,,,
151621,10,30,30,,,
151622,24,24,24,,,
151623,28,28,28,,,
151624,16,16,16,,,
151625,5,4,4,,,
151626,24,24,24,,,
151627,24,24,10,,,
151628,16,16,16,,,
151629,16,16,27,,,
151630,30,30,30,,,
151631,24,24,4,,,
151632,5,5,5,,,
151633,5,28,5,,,
151634,24,24,27,,,
151635,0,24,24,,,
151636,16,16,16,,,
151637,30,30,30,,,
151638,30,30,30,,,
151639,24,16,16,,,
151640,24,24,24,,,
151641,16,16,16,,,
151661,16,16,16,,,
151664,24,16,16,,,
151667,28,28,28,,,
151672,24,24,24,,,
151680,30,30,30,,,
151681,27,16,27,,,
151683,13,24,24,,,
151684,38,23,38,,,
151688,24,16,24,,,
151707,28,28,28,,,
151723,24,24,24,,,
151731,16,16,16,,,
151732,27,16,16,,,
151737,8,28,8,,,
151747,16,16,16,,,
151752,8,5,8,,,
151773,16,16,16,,,
151791,24,30,30,,,
151801,10,10,10,,,
151810,30,30,30,,,
151812,24,10,10,,,
151824,24,24,24,,,
151829,24,30,30,,,
151830,24,24,10,,,
151842,4,36,4,,,
151845,16,16,16,,,
151846,16,16,16,,,
151847,39,9,34,,,
151852,30,30,30,,,
151870,30,24,24,,,
151875,30,30,30,,,
151879,24,16,16,,,
151904,13,24,24,,,
151919,10,10,10,,,
151924,24,24,24,,,
151925,38,26,38,,,
151927,17,24,27,,,
151928,34,34,34,,,
151929,4,4,4,,,
151930,16,16,16,,,
151931,21,16,16,,,
151932,24,19,19,,,
151933,30,30,30,,,
151934,18,16,30,,,
151935,6,30,30,,,
151936,24,16,16,,,
151937,26,30,31,,,
151938,4,4,4,,,
151939,24,24,24,,,
151940,16,24,16,,,
151941,16,16,16,,,
151942,9,20,20,,,
151943,13,24,16,,,
151944,24,24,24,,,
151945,6,23,6,,,
151946,4,23,23,,,
151947,27,24,27,,,
151948,10,10,10,,,
151949,24,10,34,,,
151950,24,19,28,,,
151951,2,2,2,,,
151952,24,24,24,,,
151953,24,16,24,,,
151954,16,16,16,,,
151956,16,16,16,,,
151958,24,24,10,,,
151959,10,2,2,,,
151960,15,5,5,,,
151961,2,10,10,,,
151962,24,16,16,,,
151963,16,16,16,,,
151964,16,16,16,,,
151965,31,30,30,,,
151966,16,16,16,,,
151967,28,16,16,,,
151968,23,23,23,,,
151969,30,30,30,,,
151970,30,30,30,,,
151971,22,23,23,,,
151972,10,10,10,,,
151973,20,20,20,,,
151974,24,30,30,,,
151976,30,24,30,,,
151978,30,16,16,,,
151979,26,26,26,,,
151980,16,16,16,,,
151981,35,2,5,,,
151983,8,5,5,,,
151984,2,2,2,,,
151985,34,9,9,,,
151986,24,24,16,,,
151987,30,30,30,,,
151988,3,4,4,,,
151989,8,34,5,,,
151990,28,28,28,,,
151991,6,26,3,,,
151992,5,5,5,,,
151994,5,24,24,,,
151995,27,16,16,,,
151996,24,24,24,,,
151997,16,16,16,,,
151998,30,30,30,,,
151999,28,28,28,,,
152000,5,5,5,,,
152001,24,24,16,,,
152002,35,5,5,,,
152003,5,37,5,,,
152004,24,34,34,,,
152005,4,4,4,,,
152006,27,34,27,,,
152007,8,5,19,,,
152008,24,16,16,,,
152009,24,24,28,,,
152010,28,28,28,,,
152011,24,16,24,,,
152012,4,30,31,,,
152013,16,16,16,,,
152014,27,24,27,,,
152015,10,36,10,,,
152016,30,30,30,,,
152017,31,24,24,,,
152018,16,16,16,,,
152019,30,30,30,,,
152020,24,24,24,,,
152021,4,24,24,,,
152022,34,34,34,,,
152023,16,16,16,,,
152024,24,16,24,,,
152025,4,4,4,,,
152026,24,24,24,,,
152027,30,30,30,,,
152028,16,16,16,,,
152029,24,10,10,,,
152030,2,10,10,,,
152031,34,34,34,,,
152032,24,24,24,,,
152033,24,24,24,,,
152034,39,34,34,,,
152035,16,16,16,,,
152036,4,4,4,,,
152037,24,16,24,,,
152038,30,30,10,,,
152039,27,27,27,,,
152040,16,16,16,,,
152041,24,16,16,,,
152042,10,10,10,,,
152043,16,16,16,,,
152044,30,30,30,,,
152045,30,30,30,,,
152046,5,34,27,,,
152047,16,16,16,,,
152048,24,16,24,,,
152049,4,4,4,,,
152050,28,28,8,,,
152051,24,16,16,,,
152052,16,16,16,,,
152053,8,5,5,,,
152055,30,30,30,,,
152056,24,24,24,,,
152057,24,16,16,,,
152058,16,16,16,,,
152059,27,27,27,,,
152060,4,24,4,,,
152061,24,24,26,,,
152062,30,30,30,,,
152063,10,16,16,,,
152064,24,10,10,,,
152065,13,16,16,,,
152066,24,24,24,,,
152067,11,24,31,,,
152068,5,5,5,,,
152069,16,16,16,,,
152070,11,10,10,,,
152071,28,28,28,,,
152072,24,24,10,,,
152073,16,16,16,,,
152074,30,30,30,,,
152076,4,4,4,,,
152077,30,30,30,,,
152078,16,16,16,,,
152080,16,16,16,,,
152081,16,24,16,,,
152082,4,4,5,,,
152083,16,16,16,,,
152084,16,16,16,,,
152085,34,34,10,,,
152086,16,16,27,,,
152087,34,34,34,,,
152088,30,30,30,,,
152089,5,5,5,,,
152090,5,34,34,,,
152091,8,4,8,,,
152092,16,16,16,,,
152093,8,8,8,,,
152094,34,27,5,,,
152096,3,3,36,,,
152097,34,34,34,,,
152098,24,16,24,,,
152099,28,4,4,,,
152100,22,4,4,,,
152101,30,30,30,,,
152102,16,16,16,,,
152103,16,16,16,,,
152104,28,28,28,,,
152105,16,24,24,,,
152106,16,16,16,,,
152107,22,2,2,,,
152108,16,16,16,,,
152109,8,8,8,,,
152110,5,34,5,,,
152111,30,30,30,,,
152112,27,16,27,,,
152113,17,16,16,,,
152114,24,16,24,,,
152115,16,16,16,,,
152116,16,16,24,,,
152117,24,24,24,,,
152118,16,16,16,,,
152119,24,23,5,,,
152120,16,16,16,,,
152121,37,37,37,,,
152122,16,16,16,,,
152123,13,10,10,,,
152124,10,38,38,,,
152125,16,16,16,,,
152126,8,8,8,,,
152127,30,30,30,,,
152128,24,5,5,,,
152129,16,16,16,,,
152130,24,16,24,,,
152131,5,16,16,,,
152132,30,30,30,,,
152133,24,10,24,,,
152134,28,8,28,,,
152135,2,2,2,,,
152136,24,24,24,,,
152137,5,5,5,,,
152138,24,24,16,,,
152139,37,10,10,,,
152140,27,16,27,,,
152141,30,30,30,,,
152142,16,16,16,,,
152143,33,2,2,,,
152144,16,16,16,,,
152145,5,5,5,,,
152146,24,30,16,,,
152147,24,24,24,,,
152148,16,16,16,,,
152149,24,16,16,,,
152150,16,16,16,,,
152151,1,16,16,,,
152152,24,24,24,,,
152153,16,16,16,,,
152154,24,24,24,,,
152155,27,24,27,,,
152156,27,16,16,,,
152157,24,10,10,,,
152158,16,16,16,,,
152159,16,16,16,,,
152160,16,16,16,,,
152374,16,16,16,,,
152508,31,30,31,,,
152577,26,26,26,,,
152622,16,16,16,,,
152631,16,16,16,,,
152669,5,5,5,,,
152686,28,8,8,,,
152712,27,16,27,,,
152730,7,20,20,,,
152755,38,38,38,,,
152757,16,16,16,,,
152801,24,19,19,,,
152820,8,28,5,,,
152823,16,16,16,,,
152829,16,16,16,,,
152831,3,26,26,,,
152835,28,28,28,,,
152836,24,24,24,,,
152837,28,28,28,,,
152838,16,16,16,,,
152839,28,28,28,,,
152840,24,24,24,,,
152841,28,28,28,,,
152842,6,23,3,,,
152843,16,16,16,,,
152844,24,24,24,,,
152845,27,27,27,,,
152846,16,16,16,,,
152847,3,26,30,,,
152848,39,33,9,,,
152849,16,16,16,,,
152850,16,16,16,,,
152851,24,24,24,,,
152853,24,16,16,,,
152854,19,19,19,,,
152855,24,16,26,,,
152856,20,20,20,,,
152857,16,16,16,,,
152858,16,24,16,,,
152859,24,24,10,,,
152860,17,16,16,,,
152861,6,16,16,,,
152862,16,16,16,,,
152863,16,16,4,,,
152864,24,16,24,,,
152865,16,16,16,,,
152866,19,10,19,,,
152867,24,16,16,,,
152868,16,16,16,,,
152869,5,4,4,,,
152870,13,16,24,,,
152871,30,30,30,,,
152872,8,28,28,,,
152873,28,8,28,,,
152874,4,4,4,,,
152875,16,16,16,,,
152876,5,5,5,,,
152877,16,16,16,,,
152878,16,16,16,,,
152879,16,16,16,,,
152880,30,26,30,,,
152881,0,24,24,,,
152882,25,16,16,,,
152883,28,28,28,,,
152884,30,30,30,,,
152885,24,16,16,,,
152886,4,4,5,,,
152887,5,4,4,,,
152888,6,27,27,,,
152889,10,10,10,,,
152890,30,30,30,,,
152891,16,16,16,,,
152892,5,28,28,,,
152893,16,16,16,,,
152894,30,30,30,,,
152895,30,30,30,,,
152896,24,24,26,,,
152897,8,8,8,,,
152898,16,16,16,,,
152900,10,24,10,,,
152901,24,30,30,,,
152902,16,16,16,,,
152903,16,16,16,,,
152904,31,31,30,,,
152905,5,4,4,,,
152906,5,16,5,,,
152907,8,4,4,,,
152908,24,24,24,,,
152909,15,5,5,,,
152910,34,37,31,,,
152911,20,20,20,,,
152912,30,31,30,,,
152913,23,30,30,,,
152914,24,34,24,,,
152915,26,24,26,,,
152917,16,16,24,,,
152918,16,16,16,,,
152919,36,36,36,,,
152920,24,24,24,,,
152921,28,24,19,,,
152922,28,28,28,,,
152923,5,23,23,,,
152924,16,30,16,,,
152925,13,10,30,,,
152926,16,16,16,,,
152927,25,16,16,,,
152928,24,5,5,,,
152930,16,16,16,,,
152931,24,24,24,,,
152932,24,24,24,,,
152933,26,26,26,,,
152934,33,2,2,,,
152935,30,30,30,,,
152936,24,30,30,,,
152937,16,16,16,,,
152938,16,16,16,,,
152939,16,16,16,,,
152940,16,16,16,,,
152941,16,16,16,,,
152942,24,24,24,,,
152943,30,30,30,,,
152944,24,10,24,,,
152945,24,24,24,,,
152946,30,30,30,,,
152947,34,34,28,,,
152948,24,10,10,,,
152949,16,16,16,,,
152950,16,16,16,,,
152951,30,24,24,,,
152952,24,24,24,,,
152955,24,24,10,,,
152961,16,16,16,,,
152974,16,16,16,,,
152991,30,30,30,,,
153008,30,30,30,,,
153010,4,4,4,,,
153011,16,16,16,,,
153021,16,16,16,,,
153025,16,16,16,,,
153026,15,5,5,,,
153028,8,28,28,,,
153038,16,16,16,,,
153041,4,16,24,,,
153054,16,16,16,,,
153072,8,8,8,,,
153115,16,16,16,,,
153122,23,37,5,,,
153125,34,24,24,,,
153128,24,10,10,,,
153130,24,10,24,,,
153159,24,24,24,,,
153162,24,24,10,,,
153172,27,23,27,,,
153173,15,19,23,,,
153187,16,16,16,,,
153190,24,24,24,,,
153228,29,28,28,,,
153242,16,16,24,,,
153251,37,30,30,,,
153254,30,30,30,,,
153257,24,30,30,,,
153258,24,24,24,,,
153259,24,24,10,,,
153260,22,10,23,,,
153262,31,30,30,,,
153263,16,16,16,,,
153264,16,16,16,,,
153265,4,16,4,,,
153267,24,24,24,,,
153268,24,10,10,,,
153269,27,27,27,,,
153270,16,16,16,,,
153271,30,24,24,,,
153272,27,24,10,,,
153273,23,10,10,,,
153274,23,37,23,,,
153275,26,26,26,,,
153276,6,16,27,,,
153277,25,16,16,,,
153278,10,10,10,,,
153281,17,16,16,,,
153283,24,24,16,,,
153284,24,24,24,,,
153285,16,16,16,,,
153286,16,16,16,,,
153287,27,16,27,,,
153288,24,24,24,,,
153289,30,30,30,,,
153290,2,2,2,,,
153291,30,30,30,,,
153292,16,16,16,,,
153293,38,38,38,,,
153294,4,5,5,,,
153295,27,27,27,,,
153296,16,16,16,,,
153297,30,30,30,,,
153298,26,24,24,,,
153299,16,16,16,,,
153300,24,24,24,,,
153301,8,8,8,,,
153302,22,2,9,,,
153303,4,26,26,,,
153304,8,5,8,,,
153305,16,16,16,,,
153306,28,28,28,,,
153307,16,16,16,,,
153308,28,28,28,,,
153309,30,30,30,,,
153310,26,24,24,,,
153311,16,30,16,,,
153312,10,30,30,,,
153313,30,30,30,,,
153314,24,16,16,,,
153315,16,16,4,,,
153316,30,30,30,,,
153317,10,24,10,,,
153318,4,16,16,,,
153319,11,34,27,,,
153320,5,5,5,,,
153322,24,24,24,,,
153323,30,30,30,,,
153324,24,24,24,,,
153325,24,24,24,,,
153326,30,30,30,,,
153327,24,34,16,,,
153328,16,16,16,,,
153330,30,30,30,,,
153331,4,24,4,,,
153332,27,16,16,,,
153333,24,10,10,,,
153334,28,28,28,,,
153335,16,16,16,,,
153336,24,24,24,,,
153337,24,24,24,,,
153338,1,16,16,,,
153339,16,16,16,,,
153341,10,10,10,,,
153342,16,16,16,,,
153343,34,28,34,,,
153344,28,28,28,,,
153345,30,30,30,,,
153346,28,28,28,,,
153347,7,30,30,,,
153348,27,16,16,,,
153349,2,2,2,,,
153350,24,24,24,,,
153351,24,10,10,,,
153352,16,16,16,,,
153353,24,24,24,,,
153354,24,24,24,,,
153355,4,28,28,,,
153356,16,16,16,,,
153357,28,28,28,,,
153358,13,34,24,,,
153359,16,16,16,,,
153360,16,16,16,,,
153361,13,34,24,,,
153362,25,16,16,,,
153363,16,16,16,,,
153364,28,28,28,,,
153365,16,16,16,,,
153366,16,16,16,,,
153367,25,30,30,,,
153368,24,24,24,,,
153369,6,23,10,,,
153370,33,2,2,,,
153371,24,16,16,,,
153372,31,16,16,,,
153373,24,16,16,,,
153374,6,24,31,,,
153375,24,24,24,,,
153376,24,24,4,,,
153377,8,5,5,,,
153378,24,24,24,,,
153379,27,16,27,,,
153380,24,24,24,,,
153381,30,30,30,,,
153382,28,28,28,,,
153383,24,24,24,,,
153384,3,23,4,,,
153385,28,28,28,,,
153386,30,30,30,,,
153387,34,34,39,,,
153388,4,36,4,,,
153389,38,38,38,,,
153390,16,16,16,,,
153391,31,30,30,,,
153392,28,16,28,,,
153393,36,36,36,,,
153394,5,28,28,,,
153395,16,16,16,,,
153396,30,30,30,,,
153397,30,30,30,,,
153398,30,30,30,,,
153399,10,10,24,,,
153400,30,30,30,,,
153401,30,30,30,,,
153402,16,16,16,,,
153403,16,16,16,,,
153404,22,23,23,,,
153405,24,34,34,,,
153406,25,16,16,,,
153407,34,34,2,,,
153408,24,24,24,,,
153409,34,34,34,,,
153410,16,16,16,,,
153411,27,19,27,,,
153412,16,16,16,,,
153413,24,30,31,,,
153414,16,16,16,,,
153415,24,34,24,,,
153416,17,16,16,,,
153417,24,10,10,,,
153418,4,36,36,,,
153419,16,16,16,,,
153420,6,16,27,,,
153421,24,10,19,,,
153422,16,16,16,,,
153423,24,24,16,,,
153424,25,16,24,,,
153425,24,24,26,,,
153426,16,16,16,,,
153427,6,16,16,,,
153428,24,16,16,,,
153429,16,16,16,,,
153430,16,16,16,,,
153431,26,26,26,,,
153432,16,16,16,,,
153433,8,5,5,,,
153434,35,5,5,,,
153435,6,23,23,,,
153436,16,16,16,,,
153437,26,26,26,,,
153438,16,16,16,,,
153439,24,16,16,,,
153440,16,16,16,,,
153441,34,34,20,,,
153442,9,24,13,,,
153443,18,24,27,,,
153444,28,5,24,,,
153445,16,16,16,,,
153446,34,34,34,,,
153447,24,16,24,,,
153448,24,16,16,,,
153449,16,16,16,,,
153450,24,24,24,,,
153451,24,24,24,,,
153452,11,10,10,,,
153453,16,16,16,,,
153454,23,4,4,,,
153455,24,24,24,,,
153456,23,30,30,,,
153457,24,24,24,,,
153458,16,16,16,,,
153459,10,30,30,,,
153460,10,24,24,,,
153461,6,24,10,,,
153462,28,28,28,,,
153463,10,10,10,,,
153464,24,24,24,,,
153465,30,30,30,,,
153466,16,16,16,,,
153467,24,24,24,,,
153468,24,24,16,,,
153469,16,16,16,,,
153470,17,16,16,,,
153471,24,16,16,,,
153472,11,36,36,,,
153473,24,24,24,,,
153474,37,24,37,,,
153475,24,24,24,,,
153476,16,16,16,,,
153477,24,24,24,,,
153478,24,24,10,,,
153479,24,24,24,,,
153480,3,38,3,,,
153481,16,16,16,,,
153482,24,24,10,,,
153483,24,24,24,,,
153484,25,16,24,,,
153485,16,16,16,,,
153486,26,16,26,,,
153487,24,24,30,,,
153488,7,24,24,,,
153489,26,34,26,,,
153490,4,16,16,,,
153491,5,5,5,,,
153492,23,30,30,,,
153493,10,16,23,,,
153494,16,16,16,,,
153495,3,30,31,,,
153496,16,16,16,,,
153497,27,24,27,,,
153833,28,28,28,,,
153874,37,37,37,,,
153986,28,28,28,,,
154053,16,16,16,,,
154055,28,28,28,,,
154056,4,4,4,,,
154077,16,16,16,,,
154082,10,34,24,,,
154089,2,2,2,,,
154106,16,16,16,,,
154114,16,16,16,,,
154122,13,24,24,,,
154133,24,24,24,,,
154150,30,30,30,,,
154151,3,16,16,,,
154160,2,2,2,,,
154162,24,24,24,,,
154172,24,16,16,,,
154174,16,16,16,,,
154175,30,30,30,,,
154178,16,16,16,,,
154179,24,16,16,,,
154180,13,24,10,,,
154181,24,24,30,,,
154182,19,23,4,,,
154183,28,28,28,,,
154184,7,16,16,,,
154185,24,24,24,,,
154186,24,24,24,,,
154187,26,26,26,,,
154188,27,16,16,,,
154189,16,16,16,,,
154190,24,24,16,,,
154191,24,30,30,,,
154192,30,30,30,,,
154193,34,26,26,,,
154194,24,16,16,,,
154195,10,10,10,,,
154196,16,16,24,,,
154197,8,28,8,,,
154198,16,16,16,,,
154199,31,24,31,,,
154200,16,16,16,,,
154201,5,8,5,,,
154202,16,16,16,,,
154203,16,24,16,,,
154204,16,16,16,,,
154206,22,23,23,,,
154207,30,30,30,,,
154208,10,23,38,,,
154209,24,24,24,,,
154210,26,26,26,,,
154211,16,16,16,,,
154212,8,8,8,,,
154213,4,37,5,,,
154214,16,16,16,,,
154215,6,16,16,,,
154216,24,16,24,,,
154217,24,24,24,,,
154218,16,16,16,,,
154219,19,19,19,,,
154220,5,5,5,,,
154221,16,16,16,,,
154222,24,24,31,,,
154223,19,34,34,,,
154224,16,16,16,,,
154225,5,34,34,,,
154227,16,30,16,,,
154228,28,28,8,,,
154229,24,24,10,,,
154230,19,28,28,,,
154231,16,16,16,,,
154232,27,24,24,,,
154233,27,16,16,,,
154234,24,36,36,,,
154235,13,10,10,,,
154236,16,16,16,,,
154237,24,16,16,,,
154238,25,16,16,,,
154239,27,16,16,,,
154240,24,16,16,,,
154241,16,16,16,,,
154242,13,16,24,,,
154243,1,16,16,,,
154244,24,30,30,,,
154246,19,24,10,,,
154247,16,16,16,,,
154248,4,4,4,,,
154249,4,4,4,,,
154250,24,10,10,,,
154251,17,34,20,,,
154252,16,16,16,,,
154254,28,28,28,,,
154255,28,28,28,,,
154256,24,24,24,,,
154257,38,23,38,,,
154258,28,9,28,,,
154259,16,16,16,,,
154260,16,16,16,,,
154261,16,16,16,,,
154263,10,28,28,,,
154264,24,24,10,,,
154265,30,30,30,,,
154266,4,4,8,,,
154267,33,9,9,,,
154268,25,16,16,,,
154269,30,30,30,,,
154270,27,10,27,,,
154271,8,8,8,,,
154272,26,26,26,,,
154273,16,24,16,,,
154275,24,16,16,,,
154276,24,24,24,,,
154277,24,24,24,,,
154278,16,16,16,,,
154279,10,24,10,,,
154280,24,24,10,,,
154281,28,28,28,,,
154282,24,24,24,,,
154283,34,34,34,,,
154284,24,24,24,,,
154285,3,30,30,,,
154286,16,16,16,,,
154287,28,28,28,,,
154288,30,30,30,,,
154289,30,16,16,,,
154290,16,16,16,,,
154291,16,16,16,,,
154292,24,24,24,,,
154293,8,4,5,,,
154302,30,30,30,,,
154306,10,30,30,,,
154338,25,24,30,,,
154348,30,30,31,,,
154356,30,30,30,,,
154357,24,24,24,,,
154358,5,16,16,,,
154362,10,16,5,,,
154369,2,10,10,,,
154375,24,24,24,,,
154378,24,24,24,,,
154384,24,16,24,,,
154400,8,28,28,,,
154402,28,28,28,,,
154414,4,4,4,,,
154415,20,9,5,,,
154426,24,30,10,,,
154430,30,30,30,,,
154457,16,16,16,,,
154470,16,16,16,,,
154478,30,30,30,,,
154479,16,16,16,,,
154510,23,10,10,,,
154522,5,19,5,,,
154526,24,24,24,,,
154533,24,24,24,,,
154536,5,4,4,,,
154544,24,30,30,,,
154547,2,2,2,,,
154549,6,4,27,,,
154552,24,9,34,,,
154554,5,5,4,,,
154555,38,38,38,,,
154559,34,36,36,,,
154564,24,24,10,,,
154566,16,16,16,,,
154567,30,30,30,,,
154571,24,16,16,,,
154593,27,27,27,,,
154594,34,24,24,,,
154595,30,24,30,,,
154596,36,36,36,,,
154597,8,8,8,,,
154599,24,34,24,,,
154600,24,24,24,,,
154601,28,20,28,,,
154602,24,24,26,,,
154603,24,24,24,,,
154604,31,24,24,,,
154605,16,16,16,,,
154607,16,16,27,,,
154608,14,28,28,,,
154609,1,28,4,,,
154610,6,10,27,,,
154611,24,19,19,,,
154612,26,26,26,,,
154613,4,4,4,,,
154614,24,30,30,,,
154615,6,31,3,,,
154616,16,16,16,,,
154617,36,36,36,,,
154619,16,16,24,,,
154620,28,28,28,,,
154621,30,30,30,,,
154622,22,2,5,,,
154623,30,30,30,,,
154624,30,30,30,,,
154625,22,2,2,,,
154626,24,24,24,,,
154627,30,30,30,,,
154628,5,16,16,,,
154629,3,23,5,,,
154630,4,4,4,,,
154631,16,16,16,,,
154632,16,16,16,,,
154633,23,23,31,,,
154634,28,8,28,,,
154635,4,28,4,,,
154636,28,28,28,,,
154637,31,24,24,,,
154638,24,10,10,,,
154639,30,30,30,,,
154640,16,16,16,,,
154641,16,16,16,,,
154642,30,30,30,,,
154643,34,16,5,,,
154644,24,24,24,,,
154645,34,16,26,,,
154646,20,20,20,,,
154647,24,24,24,,,
154648,27,16,16,,,
154649,28,28,28,,,
154650,39,20,20,,,
154651,31,30,30,,,
154652,16,16,16,,,
154653,28,28,28,,,
154654,30,30,30,,,
154655,28,28,8,,,
154656,30,30,30,,,
154657,16,16,16,,,
154658,10,24,10,,,
154659,24,24,24,,,
154660,28,28,28,,,
154661,24,24,16,,,
154662,24,36,4,,,
154663,24,24,27,,,
154664,16,16,16,,,
154665,24,24,24,,,
154666,24,24,24,,,
154667,30,30,30,,,
154668,16,16,24,,,
154669,8,36,36,,,
154670,27,24,27,,,
154671,16,24,24,,,
154672,16,16,16,,,
154673,24,16,10,,,
154674,30,16,24,,,
154675,16,16,16,,,
154677,24,24,24,,,
154678,26,38,38,,,
154679,16,16,16,,,
154680,24,24,24,,,
154681,27,16,16,,,
154682,27,16,27,,,
154683,27,16,16,,,
154684,30,30,30,,,
154685,37,2,2,,,
154686,24,36,36,,,
154687,33,28,33,,,
154688,16,16,16,,,
154689,24,16,16,,,
154690,24,24,24,,,
154691,16,16,16,,,
154692,24,24,24,,,
154693,16,16,16,,,
154694,30,24,24,,,
154695,30,30,30,,,
154696,28,28,28,,,
154697,28,4,4,,,
154698,24,24,24,,,
154699,24,16,16,,,
154700,16,16,16,,,
154701,30,30,30,,,
154702,24,24,10,,,
154703,28,16,28,,,
154704,30,30,30,,,
154705,24,24,16,,,
154706,28,28,28,,,
154707,16,16,16,,,
154708,30,30,30,,,
154709,27,16,16,,,
154710,16,16,16,,,
154711,30,30,30,,,
154712,16,16,16,,,
154713,32,19,5,,,
154714,24,30,30,,,
154715,30,30,30,,,
154716,34,9,34,,,
154717,30,30,30,,,
154718,23,23,23,,,
154719,16,16,16,,,
154720,4,16,4,,,
154721,28,28,28,,,
154722,16,16,16,,,
154723,31,30,30,,,
154724,30,30,30,,,
154725,16,16,16,,,
154726,16,16,16,,,
154727,29,16,16,,,
154728,24,4,4,,,
154729,4,4,4,,,
154730,11,10,10,,,
154731,16,16,16,,,
154732,26,24,26,,,
154733,36,36,36,,,
154734,24,24,4,,,
154735,24,24,24,,,
154736,24,24,30,,,
154737,30,30,30,,,
154738,11,24,10,,,
154739,4,16,4,,,
154740,30,30,30,,,
154741,10,10,10,,,
154742,4,4,4,,,
154743,16,16,16,,,
154744,24,30,30,,,
154745,22,2,2,,,
154746,24,24,24,,,
154747,16,16,16,,,
154748,8,8,8,,,
154749,24,16,16,,,
154750,16,16,16,,,
154751,24,24,26,,,
154752,28,28,28,,,
154753,16,16,16,,,
154755,24,10,24,,,
154756,6,23,23,,,
154757,20,34,34,,,
154758,16,16,16,,,
154759,30,30,30,,,
154760,16,16,16,,,
154761,24,24,10,,,
154762,8,4,8,,,
154763,30,30,30,,,
154764,24,24,24,,,
154765,24,24,24,,,
154766,16,16,16,,,
154767,28,28,28,,,
154768,3,10,10,,,
154769,27,16,16,,,
154770,16,16,16,,,
154771,30,30,30,,,
154772,31,30,30,,,
154773,28,28,28,,,
154774,16,16,16,,,
154775,24,24,16,,,
154776,16,16,16,,,
154777,4,4,4,,,
154778,16,16,16,,,
154779,16,16,16,,,
154780,5,5,8,,,
154781,16,16,16,,,
154782,30,30,30,,,
154783,23,23,23,,,
154784,3,26,3,,,
154785,8,28,28,,,
154787,24,30,30,,,
154788,30,30,30,,,
154789,24,19,28,,,
154790,28,28,28,,,
154791,24,30,31,,,
154792,16,24,16,,,
154793,16,16,16,,,
154794,24,24,24,,,
154795,24,24,10,,,
154796,33,2,2,,,
154797,16,16,16,,,
154798,3,4,4,,,
154799,30,30,30,,,
154800,28,8,28,,,
154801,13,24,24,,,
154802,22,2,2,,,
154803,24,16,16,,,
154804,24,10,10,,,
154805,24,36,36,,,
154806,34,24,24,,,
154807,24,16,16,,,
154808,16,16,16,,,
154809,10,24,24,,,
154810,28,8,28,,,
154811,24,24,24,,,
154812,16,16,16,,,
154813,24,24,24,,,
154814,16,16,16,,,
154815,13,34,34,,,
154816,28,8,8,,,
154817,24,24,24,,,
154818,34,34,34,,,
154819,30,30,30,,,
154820,39,34,39,,,
154821,37,34,34,,,
154822,24,24,24,,,
154823,24,24,4,,,
154824,24,10,10,,,
154825,16,16,16,,,
154826,16,16,16,,,
154827,31,16,16,,,
154828,27,27,27,,,
154829,16,16,16,,,
154830,28,28,28,,,
154831,16,16,16,,,
154832,24,16,4,,,
154833,34,34,34,,,
154834,24,24,24,,,
154835,36,36,36,,,
154836,24,24,16,,,
154837,24,24,24,,,
154838,16,16,16,,,
154839,37,5,5,,,
154840,22,2,22,,,
154841,13,16,16,,,
154842,24,16,16,,,
154843,27,24,10,,,
154844,16,16,16,,,
154845,24,24,24,,,
154846,31,3,3,,,
154847,3,24,24,,,
154848,24,24,24,,,
154849,3,27,3,,,
154850,24,24,26,,,
154851,7,24,24,,,
155307,16,16,16,,,
155378,28,16,16,,,
155440,30,30,30,,,
155471,28,28,28,,,
155487,7,23,19,,,
155488,16,16,16,,,
155491,16,16,16,,,
155493,16,24,16,,,
155498,16,16,16,,,
155499,34,34,34,,,
155500,24,24,24,,,
155501,24,24,10,,,
155502,28,28,28,,,
155503,27,30,10,,,
155504,34,34,34,,,
155505,16,16,16,,,
155506,28,28,28,,,
155507,19,19,19,,,
155508,4,26,4,,,
155509,4,4,4,,,
155510,39,34,34,,,
155511,16,16,16,,,
155512,17,16,16,,,
155513,24,24,24,,,
155514,24,24,24,,,
155515,18,19,19,,,
155516,24,16,24,,,
155517,13,24,24,,,
155518,2,2,2,,,
155519,16,16,16,,,
155521,28,28,28,,,
155522,19,28,19,,,
155523,16,16,16,,,
155524,24,24,24,,,
155526,2,10,10,,,
155527,4,4,4,,,
155529,33,37,37,,,
155530,27,27,27,,,
155531,10,31,3,,,
155532,24,24,10,,,
155533,30,30,30,,,
155534,16,16,16,,,
155535,28,24,24,,,
155536,13,4,19,,,
155537,37,5,5,,,
155538,24,16,16,,,
155539,24,24,24,,,
155540,10,36,34,,,
155541,28,9,28,,,
155542,24,16,16,,,
155543,24,24,24,,,
155544,27,27,27,,,
155545,23,23,23,,,
155546,24,24,24,,,
155547,22,2,2,,,
155548,3,31,30,,,
155549,16,16,16,,,
155550,1,8,8,,,
155551,28,28,28,,,
155552,16,16,16,,,
155553,16,16,16,,,
155554,16,16,16,,,
155555,2,2,22,,,
155556,13,24,30,,,
155557,26,26,26,,,
155559,28,28,28,,,
155560,24,16,16,,,
155561,24,24,10,,,
155562,16,16,16,,,
155563,10,10,30,,,
155564,24,24,24,,,
155565,10,10,10,,,
155566,16,16,16,,,
155567,24,24,24,,,
155568,6,30,30,,,
155569,31,30,30,,,
155570,30,30,30,,,
155571,10,30,30,,,
155572,24,24,10,,,
155573,24,24,24,,,
155574,36,36,36,,,
155575,16,16,16,,,
155576,4,4,8,,,
155577,4,36,36,,,
155578,10,10,10,,,
155579,37,4,22,,,
155580,13,24,24,,,
155581,16,16,16,,,
155582,16,16,16,,,
155583,16,24,24,,,
155584,37,24,10,,,
155585,27,16,16,,,
155586,30,30,30,,,
155587,4,4,4,,,
155588,5,4,4,,,
155589,10,10,10,,,
155590,24,16,16,,,
155591,32,34,5,,,
155592,13,10,10,,,
155593,13,34,34,,,
155594,4,5,4,,,
155595,22,36,4,,,
155596,24,16,16,,,
155597,24,24,16,,,
155598,24,24,24,,,
155599,31,24,31,,,
155600,24,24,24,,,
155601,30,30,16,,,
155602,27,27,27,,,
155603,16,24,24,,,
155604,24,24,24,,,
155605,28,28,28,,,
155606,26,26,26,,,
155607,16,16,16,,,
155608,30,30,30,,,
155609,24,24,24,,,
155610,24,16,16,,,
155611,10,24,10,,,
155612,24,16,16,,,
155613,13,23,10,,,
155614,30,30,30,,,
155616,30,30,30,,,
155618,30,30,30,,,
155643,24,24,24,,,
155659,13,24,24,,,
155666,13,16,16,,,
155670,37,24,34,,,
155673,24,30,30,,,
155675,16,16,16,,,
155677,8,8,8,,,
155685,24,10,24,,,
155687,30,30,30,,,
155701,24,24,24,,,
155706,24,30,30,,,
155713,24,24,24,,,
155718,23,38,38,,,
155726,16,16,16,,,
155732,24,24,24,,,
155748,16,16,16,,,
155749,19,34,5,,,
155761,3,19,19,,,
155765,24,24,30,,,
155766,28,28,28,,,
155769,16,16,16,,,
155776,8,28,28,,,
155793,10,6,6,,,
155800,24,24,30,,,
155809,16,16,16,,,
155825,27,24,10,,,
155858,15,5,5,,,
155871,16,16,16,,,
155880,30,30,30,,,
155885,8,8,8,,,
155886,24,24,24,,,
155888,28,28,28,,,
155889,6,23,6,,,
155890,3,30,30,,,
155891,16,16,16,,,
155892,30,30,30,,,
155893,31,26,6,,,
155894,16,16,16,,,
155895,27,27,27,,,
155896,24,24,10,,,
155897,6,16,16,,,
155898,0,24,24,,,
155899,22,22,22,,,
155900,27,16,16,,,
155901,30,26,26,,,
155902,26,24,24,,,
155903,24,24,24,,,
155904,26,30,30,,,
155905,34,34,34,,,
155906,9,34,34,,,
155907,27,16,27,,,
155908,16,16,16,,,
155909,24,24,10,,,
155910,16,16,16,,,
155911,30,30,38,,,
155913,3,26,26,,,
155914,10,10,10,,,
155915,34,34,34,,,
155916,3,10,10,,,
155917,16,16,16,,,
155918,22,2,2,,,
155919,16,16,16,,,
155920,16,16,16,,,
155921,16,16,16,,,
155922,27,27,27,,,
155923,24,24,16,,,
155924,16,16,16,,,
155926,16,16,16,,,
155927,16,16,16,,,
155928,17,16,6,,,
155929,16,16,16,,,
155930,33,2,2,,,
155932,8,28,8,,,
155933,18,28,28,,,
155934,16,30,30,,,
155935,30,30,30,,,
155936,31,30,30,,,
155937,30,30,30,,,
155938,16,16,16,,,
155939,28,28,28,,,
155940,25,16,16,,,
155941,24,30,30,,,
155942,16,16,16,,,
155943,24,24,10,,,
155944,16,16,16,,,
155945,23,26,3,,,
155946,27,24,27,,,
155947,16,16,16,,,
155948,16,16,16,,,
155949,22,23,4,,,
155950,24,24,24,,,
155951,16,16,16,,,
155952,16,16,16,,,
155953,3,24,10,,,
155954,25,16,16,,,
155955,16,16,16,,,
155956,27,27,27,,,
155958,27,27,27,,,
155959,2,2,2,,,
155960,36,36,36,,,
155961,16,16,16,,,
155962,10,10,10,,,
155963,36,10,36,,,
155964,16,16,16,,,
155965,26,26,26,,,
155966,13,16,16,,,
155967,24,30,30,,,
155968,10,2,2,,,
155969,16,16,16,,,
155970,30,30,30,,,
155971,24,24,16,,,
155972,10,10,10,,,
155973,23,4,4,,,
155974,8,4,4,,,
155975,31,10,24,,,
155976,30,30,30,,,
155977,34,34,34,,,
155978,30,30,30,,,
155979,16,16,16,,,
155980,27,24,27,,,
155981,27,16,16,,,
155982,25,16,16,,,
155983,8,8,8,,,
155984,34,28,28,,,
155985,30,30,30,,,
155986,24,24,16,,,
155988,4,4,4,,,
155989,10,30,30,,,
155990,30,30,30,,,
155992,23,23,23,,,
155993,24,16,16,,,
155994,24,16,16,,,
155995,23,23,23,,,
155996,16,16,16,,,
155997,6,27,27,,,
155998,3,26,26,,,
155999,4,4,4,,,
156000,28,28,28,,,
156001,27,24,27,,,
156002,24,24,24,,,
156003,26,30,24,,,
156004,16,16,16,,,
156005,28,28,28,,,
156006,15,5,24,,,
156007,4,24,4,,,
156008,16,16,16,,,
156009,16,16,16,,,
156010,24,16,16,,,
156011,25,30,30,,,
156012,24,16,16,,,
156013,24,24,24,,,
156014,34,34,34,,,
156015,25,24,24,,,
156016,3,4,4,,,
156017,35,5,5,,,
156018,27,16,27,,,
156019,30,30,30,,,
156020,24,26,3,,,
156021,16,16,16,,,
156022,24,24,4,,,
156023,27,16,16,,,
156024,24,24,27,,,
156025,24,24,24,,,
156026,36,36,36,,,
156027,16,16,16,,,
156029,16,16,16,,,
156030,34,34,34,,,
156031,10,10,10,,,
156032,36,36,36,,,
156033,24,24,26,,,
156034,28,28,28,,,
156035,6,10,10,,,
156036,16,16,16,,,
156037,24,16,16,,,
156038,24,24,24,,,
156039,24,24,16,,,
156040,10,24,24,,,
156041,24,24,10,,,
156042,24,16,16,,,
156043,16,16,16,,,
156044,5,5,8,,,
156045,16,16,16,,,
156046,16,16,16,,,
156047,16,16,16,,,
156048,24,24,24,,,
156049,16,16,16,,,
156050,24,24,24,,,
156051,23,23,23,,,
156052,16,16,16,,,
156053,28,28,28,,,
156054,28,28,28,,,
156055,25,16,24,,,
156056,37,37,37,,,
156057,30,30,30,,,
156058,2,37,37,,,
156060,16,16,16,,,
156061,4,4,31,,,
156062,24,16,16,,,
156063,16,16,16,,,
156064,2,2,2,,,
156066,23,38,38,,,
156068,5,5,5,,,
156069,27,27,27,,,
156070,23,4,23,,,
156071,24,36,36,,,
156072,24,24,24,,,
156073,30,30,30,,,
156074,15,5,5,,,
156075,24,24,24,,,
156076,24,24,4,,,
156077,16,16,16,,,
156078,27,24,10,,,
156079,16,16,16,,,
156080,24,24,24,,,
156081,5,28,5,,,
156082,24,24,26,,,
156083,26,34,34,,,
156084,7,16,24,,,
156085,24,24,24,,,
156086,24,24,24,,,
156087,6,26,6,,,
156088,6,37,16,,,
156089,31,30,31,,,
156090,28,28,28,,,
156091,16,16,16,,,
156093,24,10,10,,,
156094,3,3,30,,,
156095,16,16,16,,,
156096,24,24,24,,,
156097,28,28,28,,,
156098,30,30,30,,,
156099,28,28,28,,,
156100,16,16,16,,,
156101,16,16,16,,,
156102,16,16,16,,,
156103,30,30,30,,,
156104,28,8,28,,,
156105,34,34,34,,,
156106,2,2,2,,,
156107,24,24,24,,,
156108,24,24,24,,,
156109,22,23,22,,,
156110,36,36,36,,,
156111,3,4,4,,,
156112,16,30,16,,,
156113,4,4,4,,,
156114,5,28,8,,,
156115,36,10,36,,,
156116,22,5,5,,,
156117,16,24,24,,,
156118,10,24,10,,,
156119,30,30,30,,,
156120,24,24,24,,,
156121,16,24,24,,,
156122,16,16,16,,,
156123,29,24,24,,,
156124,28,8,8,,,
156125,24,24,26,,,
156126,34,34,34,,,
156127,10,10,19,,,
156128,24,34,34,,,
156129,10,10,10,,,
156130,13,10,24,,,
156131,24,24,24,,,
156132,36,4,36,,,
156133,24,16,16,,,
156134,16,16,16,,,
156135,16,16,16,,,
156136,27,10,27,,,
156137,16,30,16,,,
156138,16,16,16,,,
156139,16,16,16,,,
156140,30,30,30,,,
156141,13,24,24,,,
156142,18,26,26,,,
156143,5,5,5,,,
156144,24,16,24,,,
156145,8,5,5,,,
156146,2,2,2,,,
156147,24,16,24,,,
156148,16,16,16,,,
156149,16,16,16,,,
156150,9,28,4,,,
156151,28,28,28,,,
156152,16,16,16,,,
156153,13,24,24,,,
156503,39,34,34,,,
156504,5,24,24,,,
156641,8,28,28,,,
156651,39,26,26,,,
156694,24,24,24,,,
156700,27,16,27,,,
156701,16,16,16,,,
156725,19,19,19,,,
156768,16,16,16,,,
156779,28,28,28,,,
156797,28,24,24,,,
156807,8,4,8,,,
156837,30,30,30,,,
156844,2,2,23,,,
156846,13,16,16,,,
156847,3,24,24,,,
156848,5,16,16,,,
156850,24,16,16,,,
156851,16,16,16,,,
156852,16,16,24,,,
156853,24,24,24,,,
156854,16,16,16,,,
156855,24,24,24,,,
156856,3,30,30,,,
156857,16,16,16,,,
156858,6,10,10,,,
156859,30,30,30,,,
156860,28,8,8,,,
156861,27,27,27,,,
156862,5,5,5,,,
156863,28,28,28,,,
156864,23,24,27,,,
156866,16,16,16,,,
156867,10,30,30,,,
156868,30,30,30,,,
156869,23,23,23,,,
156870,36,10,24,,,
156871,28,28,28,,,
156872,24,24,24,,,
156873,24,24,27,,,
156874,19,19,19,,,
156875,24,24,24,,,
156876,4,4,4,,,
156877,16,16,16,,,
156878,26,26,26,,,
156879,19,24,24,,,
156880,27,16,16,,,
156881,10,30,27,,,
156882,16,16,16,,,
156883,16,16,16,,,
156884,27,24,10,,,
156885,24,24,24,,,
156886,25,16,25,,,
156887,23,23,10,,,
156888,19,24,19,,,
156889,26,26,26,,,
156890,5,34,5,,,
156891,27,16,16,,,
156892,24,30,30,,,
156893,23,23,23,,,
156894,39,34,9,,,
156895,16,16,16,,,
156896,28,28,28,,,
156897,16,16,16,,,
156898,13,24,24,,,
156899,16,16,16,,,
156900,16,16,16,,,
156901,24,24,16,,,
156902,22,5,5,,,
156903,23,23,5,,,
156904,16,16,16,,,
156905,30,30,30,,,
156906,27,19,19,,,
156907,5,23,5,,,
156909,16,16,16,,,
156910,28,28,28,,,
156911,19,19,19,,,
156912,24,16,16,,,
156913,39,34,34,,,
156914,16,16,16,,,
156915,27,24,10,,,
156916,16,16,16,,,
156917,16,24,24,,,
156918,27,27,27,,,
156919,22,2,2,,,
156920,8,8,8,,,
156921,36,36,36,,,
156922,31,30,31,,,
156923,2,2,2,,,
156924,28,4,4,,,
156925,22,2,2,,,
156926,16,16,16,,,
156927,24,24,10,,,
156928,16,16,16,,,
156929,28,28,28,,,
156930,24,24,24,,,
156931,24,24,24,,,
156932,37,2,10,,,
156933,24,16,16,,,
156934,30,16,16,,,
156935,26,26,26,,,
156936,30,30,30,,,
156937,16,16,16,,,
156938,24,24,24,,,
156939,24,16,16,,,
156940,24,24,24,,,
156941,16,16,27,,,
156942,4,4,4,,,
156943,24,30,24,,,
156944,23,24,24,,,
156945,16,16,16,,,
156946,16,16,16,,,
156947,15,28,5,,,
156948,24,10,24,,,
156949,24,24,24,,,
156950,24,16,16,,,
156951,38,4,4,,,
156952,34,34,34,,,
156953,37,5,37,,,
156955,24,24,24,,,
156956,24,24,24,,,
156957,23,24,24,,,
156958,36,36,10,,,
156959,23,23,23,,,
156960,10,24,36,,,
156961,5,16,24,,,
156962,25,16,16,,,
156963,24,24,24,,,
156996,16,16,16,,,
156998,30,30,30,,,
157004,27,16,16,,,
157014,24,30,30,,,
157015,24,24,24,,,
157027,30,4,30,,,
157030,36,10,36,,,
157044,24,16,16,,,
157073,24,24,24,,,
157076,31,30,30,,,
157079,28,28,28,,,
157108,30,30,30,,,
157112,22,34,22,,,
157115,18,5,19,,,
157124,29,16,16,,,
157125,16,16,16,,,
157182,28,28,28,,,
157203,38,38,38,,,
157210,24,24,16,,,
157219,8,28,8,,,
157235,16,16,16,,,
157248,22,2,22,,,
157249,26,26,26,,,
157250,16,16,16,,,
157251,27,24,27,,,
157253,23,23,23,,,
157254,34,34,34,,,
157256,16,16,16,,,
157257,5,2,19,,,
157258,13,30,30,,,
157260,24,24,24,,,
157262,30,30,30,,,
157263,16,16,16,,,
157264,16,16,16,,,
157265,16,16,4,,,
157266,16,16,16,,,
157267,16,16,16,,,
157268,24,24,24,,,
157269,23,23,23,,,
157270,24,30,31,,,
157271,16,16,16,,,
157272,24,16,24,,,
157273,33,23,22,,,
157274,36,10,36,,,
157275,27,24,24,,,
157276,28,28,28,,,
157277,28,28,28,,,
157278,27,24,10,,,
157281,24,24,24,,,
157282,36,4,8,,,
157284,34,24,16,,,
157285,34,28,24,,,
157286,16,16,16,,,
157287,16,16,16,,,
157288,24,24,24,,,
157289,37,37,37,,,
157290,4,4,4,,,
157291,10,30,30,,,
157292,16,16,16,,,
157293,30,30,30,,,
157294,31,24,31,,,
157295,10,23,10,,,
157296,16,16,16,,,
157297,36,10,10,,,
157298,30,30,24,,,
157299,22,10,10,,,
157300,10,30,30,,,
157301,16,16,16,,,
157302,16,16,16,,,
157303,24,24,16,,,
157304,16,16,16,,,
157305,34,34,28,,,
157306,2,2,10,,,
157307,24,24,24,,,
157308,30,30,30,,,
157309,16,16,16,,,
157310,27,10,27,,,
157311,8,28,28,,,
157312,7,19,5,,,
157313,30,30,30,,,
157314,26,26,26,,,
157315,28,28,28,,,
157316,4,4,4,,,
157317,30,30,30,,,
157318,24,24,24,,,
157319,27,24,27,,,
157320,30,30,30,,,
157321,4,16,24,,,
157322,27,16,27,,,
157323,3,30,30,,,
157325,16,16,16,,,
157326,6,4,4,,,
157327,16,16,16,,,
157328,16,16,16,,,
157329,24,30,30,,,
157330,15,28,5,,,
157331,34,34,34,,,
157333,24,30,10,,,
157334,4,36,4,,,
157335,16,30,16,,,
157336,16,16,16,,,
157337,30,30,30,,,
157338,24,16,16,,,
157339,8,8,5,,,
157340,24,10,10,,,
157341,34,34,34,,,
157342,24,24,24,,,
157343,16,16,16,,,
157344,16,16,16,,,
157345,16,16,16,,,
157346,2,2,2,,,
157347,16,16,16,,,
157348,10,30,30,,,
157349,16,16,16,,,
157350,5,28,5,,,
157351,24,16,30,,,
157352,16,16,16,,,
157353,27,16,27,,,
157354,24,24,24,,,
157355,24,24,24,,,
157356,23,23,23,,,
157357,24,24,24,,,
157358,16,16,16,,,
157359,3,24,24,,,
157360,25,16,25,,,
157361,28,28,28,,,
157362,3,4,3,,,
157363,30,30,30,,,
157364,24,24,27,,,
157365,31,30,30,,,
157366,24,24,24,,,
157367,16,16,16,,,
157368,2,2,22,,,
157369,16,16,16,,,
157370,30,30,30,,,
157371,30,30,30,,,
157372,16,16,16,,,
157373,24,24,5,,,
157374,39,20,20,,,
157375,24,24,10,,,
157376,24,24,24,,,
157377,24,16,24,,,
157378,8,5,8,,,
157379,24,24,24,,,
157380,24,24,24,,,
157381,16,16,16,,,
157382,36,10,10,,,
157383,16,16,16,,,
157384,24,16,24,,,
157385,28,28,28,,,
157386,30,30,30,,,
157387,30,30,30,,,
157388,28,28,28,,,
157389,16,16,16,,,
157390,24,24,24,,,
157391,36,10,24,,,
157392,16,16,16,,,
157393,4,26,26,,,
157394,24,24,24,,,
157395,30,30,30,,,
157396,24,24,30,,,
157397,24,10,10,,,
157398,5,5,5,,,
157399,24,24,24,,,
157400,30,30,30,,,
157402,16,16,16,,,
157403,24,24,16,,,
157404,38,4,4,,,
157405,24,16,16,,,
157406,10,24,24,,,
157407,24,24,24,,,
157408,28,28,28,,,
157409,16,16,16,,,
157410,16,16,16,,,
157411,10,24,16,,,
157412,24,24,24,,,
157413,28,28,28,,,
157414,16,16,16,,,
157415,30,30,30,,,
157416,16,16,16,,,
157417,25,16,25,,,
157418,27,16,27,,,
157419,28,28,28,,,
157420,16,30,16,,,
157421,31,24,24,,,
157422,24,16,16,,,
157423,7,24,10,,,
157424,3,36,10,,,
157425,16,16,16,,,
157426,24,24,10,,,
157427,18,16,24,,,
157428,28,28,28,,,
157429,28,8,8,,,
157430,30,30,30,,,
157431,36,36,3,,,
157432,2,2,2,,,
157433,28,8,28,,,
157434,16,16,27,,,
157435,34,34,34,,,
157436,16,16,16,,,
157437,24,24,24,,,
157438,28,28,28,,,
157439,5,24,5,,,
157440,8,8,8,,,
157441,4,4,4,,,
157442,24,16,16,,,
157443,24,24,24,,,
157444,3,26,36,,,
157445,16,16,16,,,
157446,24,24,24,,,
157447,24,24,24,,,
157448,30,30,30,,,
157449,16,16,16,,,
157450,28,28,28,,,
157451,22,2,22,,,
157452,24,16,24,,,
157453,24,24,24,,,
157454,4,4,4,,,
157455,24,30,30,,,
157456,8,5,8,,,
157457,34,36,36,,,
157458,16,16,20,,,
157459,13,16,16,,,
157460,24,24,10,,,
157461,16,16,16,,,
157462,34,34,34,,,
157463,24,24,24,,,
157464,16,26,24,,,
157465,24,24,24,,,
157466,4,23,27,,,
157467,16,16,16,,,
157468,24,24,30,,,
157469,20,34,20,,,
157470,16,16,16,,,
157471,16,16,16,,,
157472,27,27,27,,,
157473,24,24,24,,,
157474,24,24,24,,,
157475,6,16,16,,,
157476,26,24,26,,,
157477,16,16,16,,,
157478,3,10,10,,,
157479,31,24,24,,,
157480,26,26,26,,,
157481,24,24,24,,,
157482,24,34,34,,,
157483,16,16,16,,,
157484,36,36,36,,,
157485,24,24,24,,,
157486,24,24,24,,,
157487,27,27,27,,,
157488,16,16,16,,,
157489,16,16,16,,,
157490,5,5,5,,,
157491,4,24,4,,,
157492,30,30,30,,,
157493,16,16,16,,,
157494,16,16,16,,,
157495,24,24,24,,,
157496,16,16,24,,,
157497,31,24,31,,,
157498,16,16,16,,,
157499,24,24,24,,,
157500,2,2,2,,,
157502,10,4,26,,,
157503,31,30,30,,,
157504,16,16,16,,,
157505,27,16,27,,,
157951,16,16,16,,,
157992,6,16,27,,,
158017,37,26,26,,,
158072,10,10,24,,,
158121,16,16,16,,,
158141,24,16,24,,,
158157,23,37,31,,,
158171,31,3,31,,,
158181,11,4,19,,,
158185,4,23,4,,,
158186,28,28,28,,,
158187,24,24,24,,,
158189,14,28,34,,,
158190,9,34,34,,,
158192,33,2,10,,,
158194,16,28,28,,,
158195,30,30,30,,,
158196,29,36,36,,,
158197,16,16,16,,,
158198,28,8,28,,,
158199,24,24,27,,,
158200,3,26,4,,,
158201,16,16,16,,,
158202,24,16,16,,,
158203,24,10,10,,,
158204,16,16,1,,,
158205,24,24,24,,,
158207,22,22,22,,,
158208,28,28,28,,,
158209,24,24,24,,,
158210,24,24,4,,,
158211,5,4,4,,,
158212,14,9,28,,,
158213,30,30,30,,,
158214,10,24,10,,,
158215,16,5,26,,,
158216,36,24,24,,,
158217,24,24,24,,,
158218,38,38,38,,,
158219,4,4,4,,,
158220,16,16,16,,,
158221,4,4,4,,,
158222,23,23,23,,,
158223,28,28,28,,,
158224,16,16,16,,,
158225,24,24,24,,,
158226,16,16,16,,,
158228,4,23,4,,,
158229,24,36,36,,,
158230,11,19,8,,,
158232,16,16,16,,,
158233,31,38,38,,,
158237,26,26,26,,,
158238,16,16,16,,,
158239,24,24,24,,,
158240,22,36,4,,,
158241,4,4,4,,,
158242,3,16,16,,,
158243,16,16,16,,,
158244,16,16,16,,,
158245,31,37,31,,,
158246,16,16,16,,,
158247,5,5,5,,,
158248,25,16,25,,,
158249,8,5,5,,,
158250,16,16,16,,,
158251,2,2,2,,,
158252,16,16,16,,,
158253,37,10,10,,,
158254,8,4,4,,,
158255,16,16,16,,,
158256,0,19,24,,,
158257,31,30,30,,,
158258,16,16,16,,,
158259,30,30,30,,,
158260,24,24,24,,,
158261,30,16,16,,,
158262,27,27,27,,,
158263,31,10,24,,,
158264,16,16,16,,,
158265,38,30,30,,,
158266,24,24,24,,,
158267,16,16,16,,,
158268,10,4,31,,,
158269,36,36,36,,,
158270,24,24,24,,,
158272,16,16,16,,,
158273,24,24,24,,,
158274,32,24,5,,,
158275,24,36,36,,,
158276,16,16,16,,,
158277,24,24,24,,,
158278,30,30,30,,,
158279,24,16,16,,,
158280,24,16,16,,,
158281,30,30,30,,,
158282,30,30,30,,,
158283,4,36,5,,,
158284,27,16,16,,,
158285,16,16,16,,,
158294,30,30,30,,,
158296,37,37,37,,,
158301,16,16,16,,,
158317,24,24,24,,,
158326,10,10,24,,,
158331,28,28,28,,,
158335,24,24,10,,,
158338,3,26,4,,,
158339,16,16,16,,,
158364,27,16,16,,,
158402,30,30,30,,,
158427,36,2,36,,,
158428,8,4,8,,,
158438,30,30,31,,,
158441,16,16,16,,,
158459,16,16,16,,,
158488,6,10,23,,,
158502,16,16,16,,,
158513,24,24,24,,,
158518,2,2,2,,,
158521,30,30,30,,,
158529,34,37,31,,,
158544,16,16,16,,,
158547,30,30,30,,,
158555,24,24,24,,,
158563,16,16,16,,,
158575,8,24,24,,,
158592,24,24,24,,,
158593,34,34,34,,,
158594,10,24,24,,,
158595,18,28,28,,,
158596,16,24,24,,,
158597,31,26,31,,,
158598,16,16,16,,,
158599,37,5,5,,,
158601,5,37,5,,,
158603,9,9,9,,,
158604,34,34,34,,,
158606,24,24,24,,,
158607,24,24,24,,,
158608,5,5,5,,,
158609,16,16,16,,,
158610,4,4,4,,,
158611,30,30,30,,,
158613,24,24,24,,,
158614,28,28,28,,,
158615,24,24,24,,,
158616,30,30,30,,,
158617,31,16,16,,,
158618,34,20,20,,,
158619,10,10,24,,,
158620,16,24,27,,,
158621,2,2,2,,,
158623,16,24,16,,,
158624,30,24,24,,,
158625,24,24,24,,,
158627,16,16,16,,,
158628,36,36,36,,,
158629,31,23,31,,,
158630,24,24,24,,,
158631,24,16,16,,,
158632,27,24,27,,,
158633,16,16,16,,,
158634,25,16,16,,,
158635,31,23,31,,,
158636,10,24,10,,,
158637,16,16,16,,,
158638,16,16,16,,,
158639,8,28,8,,,
158640,2,36,10,,,
158641,24,24,24,,,
158642,36,10,10,,,
158643,26,26,26,,,
158644,24,24,16,,,
158646,16,16,16,,,
158647,2,10,2,,,
158648,5,4,4,,,
158649,16,16,16,,,
158650,30,30,30,,,
158651,24,24,24,,,
158652,27,16,16,,,
158653,34,34,5,,,
158654,24,24,24,,,
158655,31,30,30,,,
158656,30,30,30,,,
158657,26,30,26,,,
158658,28,28,28,,,
158659,16,16,16,,,
158661,30,30,30,,,
158662,8,8,8,,,
158663,30,30,30,,,
158664,28,28,28,,,
158665,30,30,30,,,
158666,10,10,10,,,
158667,16,16,16,,,
158668,30,30,30,,,
158669,10,2,2,,,
158670,24,5,24,,,
158671,4,4,4,,,
158672,24,24,24,,,
158673,16,16,16,,,
158674,24,24,4,,,
158675,16,16,16,,,
158676,16,16,16,,,
158677,30,30,30,,,
158678,8,5,8,,,
158679,10,16,16,,,
158680,24,24,24,,,
158681,16,16,16,,,
158682,24,24,24,,,
158683,24,24,24,,,
158684,24,16,16,,,
158685,28,28,28,,,
158686,24,16,16,,,
158687,36,10,36,,,
158688,5,5,5,,,
158689,24,24,10,,,
158690,27,30,27,,,
158691,36,36,19,,,
158692,24,24,5,,,
158693,27,10,28,,,
158694,34,34,34,,,
158695,13,24,13,,,
158696,27,24,16,,,
158697,3,16,16,,,
158698,27,16,16,,,
158699,16,16,16,,,
158700,24,30,30,,,
158701,13,24,24,,,
158702,6,16,16,,,
158703,24,24,10,,,
158704,30,30,30,,,
158705,24,24,24,,,
158706,26,23,23,,,
158707,13,24,24,,,
158708,24,24,24,,,
158709,30,30,30,,,
158710,5,5,5,,,
158711,28,8,8,,,
158712,4,16,16,,,
158713,30,30,30,,,
158714,16,16,16,,,
158715,34,34,34,,,
158716,9,34,20,,,
158717,24,24,10,,,
158718,16,16,16,,,
158719,4,16,4,,,
158720,24,36,36,,,
158721,8,5,8,,,
158722,24,24,24,,,
158723,3,5,28,,,
158724,34,24,34,,,
158725,30,30,30,,,
158726,13,30,30,,,
158727,16,16,16,,,
158728,30,24,30,,,
158729,24,16,16,,,
158730,4,4,4,,,
158731,31,26,26,,,
158732,2,2,2,,,
158733,24,24,24,,,
158734,24,30,30,,,
158735,26,4,4,,,
158736,4,4,4,,,
158737,28,28,28,,,
158738,16,16,16,,,
158739,30,30,30,,,
158740,18,24,24,,,
158741,24,24,24,,,
158742,16,24,10,,,
158743,24,16,16,,,
158744,8,8,8,,,
158747,24,24,24,,,
158748,16,16,16,,,
158749,25,16,16,,,
158750,16,16,16,,,
158753,30,16,16,,,
158754,31,30,16,,,
158755,30,30,30,,,
158756,30,30,30,,,
158757,9,34,34,,,
158758,36,36,36,,,
158759,24,24,24,,,
158760,5,8,5,,,
158762,30,30,30,,,
158763,25,16,25,,,
158764,4,4,4,,,
158765,26,26,26,,,
158766,24,24,4,,,
158767,16,16,16,,,
158768,4,4,4,,,
158769,28,28,28,,,
158770,16,16,16,,,
158771,34,34,34,,,
158772,31,26,31,,,
158773,16,16,24,,,
158774,16,16,16,,,
158775,24,24,10,,,
158776,28,28,28,,,
158777,7,5,5,,,
158778,24,24,16,,,
158779,8,24,24,,,
158780,24,24,24,,,
158781,28,28,28,,,
158782,16,16,16,,,
158783,10,10,10,,,
158784,16,16,16,,,
158785,28,28,28,,,
158786,24,24,24,,,
158787,16,16,16,,,
158788,6,10,30,,,
158789,4,4,4,,,
158790,6,23,23,,,
158791,34,20,34,,,
158792,24,24,5,,,
158793,16,16,16,,,
158794,16,24,24,,,
158795,24,16,16,,,
158796,31,24,24,,,
158797,30,30,30,,,
158798,24,16,26,,,
158799,28,28,28,,,
158800,16,16,16,,,
158801,24,24,16,,,
158802,32,34,34,,,
158803,24,24,10,,,
158804,24,24,24,,,
158805,24,24,24,,,
158806,34,34,34,,,
158807,16,16,16,,,
158808,24,24,16,,,
158809,11,5,8,,,
158810,24,24,10,,,
158811,24,24,24,,,
158812,24,24,24,,,
158813,16,16,16,,,
158814,24,24,24,,,
158815,24,24,24,,,
158816,16,16,16,,,
158817,37,22,22,,,
158818,34,34,34,,,
158819,16,16,16,,,
158820,28,28,28,,,
158821,16,16,16,,,
158822,3,10,10,,,
158823,27,10,27,,,
158824,30,30,31,,,
158825,37,24,34,,,
158826,24,16,24,,,
158827,16,16,16,,,
158828,3,26,26,,,
158829,27,24,27,,,
158830,16,16,16,,,
158831,24,24,24,,,
158832,13,24,24,,,
159191,16,16,16,,,
159223,28,28,28,,,
159234,20,9,9,,,
159246,36,28,8,,,
159345,5,5,5,,,
159381,39,34,34,,,
159398,31,30,30,,,
159414,28,28,28,,,
159421,5,8,5,,,
159428,24,28,24,,,
159429,4,4,4,,,
159465,13,10,24,,,
159477,38,3,38,,,
159484,16,16,16,,,
159488,28,8,8,,,
159489,16,16,16,,,
159490,16,16,16,,,
159500,27,19,27,,,
159516,16,16,16,,,
159517,16,16,24,,,
159518,8,5,8,,,
159519,34,34,34,,,
159521,28,28,28,,,
159522,31,16,16,,,
159523,28,28,28,,,
159524,28,28,28,,,
159525,2,2,2,,,
159526,16,16,16,,,
159527,3,16,16,,,
159528,23,16,31,,,
159529,30,30,30,,,
159530,24,16,16,,,
159531,2,2,2,,,
159532,17,5,19,,,
159533,36,36,36,,,
159534,30,30,30,,,
159535,16,16,16,,,
159536,20,34,20,,,
159537,24,34,34,,,
159538,24,16,24,,,
159539,2,2,2,,,
159540,24,24,5,,,
159541,24,24,16,,,
159542,30,24,24,,,
159544,34,34,34,,,
159545,24,16,16,,,
159546,24,24,16,,,
159547,16,16,16,,,
159548,24,16,16,,,
159549,5,24,24,,,
159550,16,16,16,,,
159551,27,16,27,,,
159552,4,4,4,,,
159553,28,28,28,,,
159554,16,16,24,,,
159555,23,16,16,,,
159556,24,16,16,,,
159559,10,24,26,,,
159560,16,24,16,,,
159561,16,16,16,,,
159562,16,16,16,,,
159563,4,4,4,,,
159564,2,2,2,,,
159565,22,2,23,,,
159566,31,16,24,,,
159567,31,16,16,,,
159568,26,30,26,,,
159569,16,16,16,,,
159570,16,16,16,,,
159571,19,24,24,,,
159572,4,24,4,,,
159573,24,30,31,,,
159574,5,4,4,,,
159575,24,24,24,,,
159576,30,30,30,,,
159577,25,16,16,,,
159578,28,28,28,,,
159579,4,23,4,,,
159580,27,19,27,,,
159581,16,16,16,,,
159582,27,16,16,,,
159583,28,28,28,,,
159584,19,19,19,,,
159585,24,24,24,,,
159586,30,30,30,,,
159587,34,34,34,,,
159588,2,2,2,,,
159589,16,16,16,,,
159590,28,28,28,,,
159591,37,37,37,,,
159592,16,16,16,,,
159593,16,16,16,,,
159594,30,30,30,,,
159595,30,30,30,,,
159596,27,23,27,,,
159597,16,16,16,,,
159598,28,28,28,,,
159599,16,16,16,,,
159600,16,16,16,,,
159601,16,16,16,,,
159602,24,10,10,,,
159603,31,30,30,,,
159604,30,30,30,,,
159605,4,30,31,,,
159606,24,24,24,,,
159607,24,16,16,,,
159608,16,16,16,,,
159609,4,4,4,,,
159610,24,36,36,,,
159611,24,24,24,,,
159612,16,16,16,,,
159613,28,28,28,,,
159614,16,16,16,,,
159615,2,24,28,,,
159616,28,28,28,,,
159617,24,16,16,,,
159618,24,24,24,,,
159620,24,24,24,,,
159621,24,24,24,,,
159622,8,8,8,,,
159623,16,16,16,,,
159624,16,16,16,,,
159625,24,16,16,,,
159640,5,16,24,,,
159641,13,19,24,,,
159669,24,16,16,,,
159685,24,24,24,,,
159693,30,30,30,,,
159696,4,4,4,,,
159705,27,27,27,,,
159706,2,2,2,,,
159713,37,24,24,,,
159715,5,37,10,,,
159721,28,28,28,,,
159723,31,30,31,,,
159730,16,16,24,,,
159734,8,5,5,,,
159736,5,5,34,,,
159758,30,31,24,,,
159775,24,24,24,,,
159789,24,34,34,,,
159823,34,34,34,,,
159840,8,8,8,,,
159874,2,10,10,,,
159876,1,8,8,,,
159889,27,10,10,,,
159890,16,24,24,,,
159891,30,30,30,,,
159892,16,16,16,,,
159893,16,16,16,,,
159894,16,16,16,,,
159895,16,16,16,,,
159896,34,34,34,,,
159897,10,36,36,,,
159899,16,16,16,,,
159901,16,16,24,,,
159902,16,16,16,,,
159904,30,30,30,,,
159905,24,16,16,,,
159906,33,24,10,,,
159907,30,30,30,,,
159908,6,4,4,,,
159909,25,16,30,,,
159910,16,16,16,,,
159911,16,16,16,,,
159912,6,16,16,,,
159913,30,30,30,,,
159914,27,27,27,,,
159915,16,16,16,,,
159916,16,16,16,,,
159917,6,16,16,,,
159918,16,24,24,,,
159919,24,30,24,,,
159920,24,24,24,,,
159921,16,16,16,,,
159922,6,30,30,,,
159923,8,8,8,,,
159924,16,16,16,,,
159925,27,24,10,,,
159926,27,27,27,,,
159927,24,24,24,,,
159928,24,10,10,,,
159929,10,30,30,,,
159930,31,26,36,,,
159931,16,16,16,,,
159932,27,27,27,,,
159933,16,16,16,,,
159934,30,30,30,,,
159935,24,16,16,,,
159936,3,19,19,,,
159937,16,16,16,,,
159938,24,30,10,,,
159939,24,16,16,,,
159940,17,16,16,,,
159941,30,30,30,,,
159942,24,24,24,,,
159943,37,24,24,,,
159944,39,24,30,,,
159945,30,30,30,,,
159946,23,23,5,,,
159947,16,16,16,,,
159948,28,28,28,,,
159949,38,31,31,,,
159950,23,23,23,,,
159951,25,16,25,,,
159952,16,16,16,,,
159953,27,24,27,,,
159954,29,16,16,,,
159955,30,30,30,,,
159956,16,16,16,,,
159957,16,16,16,,,
159958,16,16,16,,,
159959,23,30,30,,,
159960,36,4,8,,,
159961,16,16,16,,,
159962,16,16,16,,,
159963,24,24,4,,,
159964,16,16,16,,,
159965,10,10,10,,,
159966,1,16,4,,,
159967,30,30,30,,,
159968,10,30,31,,,
159969,24,24,24,,,
159971,9,34,34,,,
159972,16,16,16,,,
159973,24,24,24,,,
159974,16,16,16,,,
159975,30,30,30,,,
159976,24,24,24,,,
159977,16,16,16,,,
159978,30,30,30,,,
159979,27,27,27,,,
159980,5,37,5,,,
159981,30,30,30,,,
159982,30,30,30,,,
159983,16,16,16,,,
159984,16,16,16,,,
159985,24,24,10,,,
159986,28,28,28,,,
159987,23,23,23,,,
159988,24,24,24,,,
159989,24,24,24,,,
159990,34,37,37,,,
159991,30,30,30,,,
159992,10,4,8,,,
159993,16,16,16,,,
159994,10,30,10,,,
159995,39,34,24,,,
159996,24,24,24,,,
159997,24,24,10,,,
159998,16,16,16,,,
159999,24,24,10,,,
160000,4,4,4,,,
160001,16,16,16,,,
160002,24,16,16,,,
160003,13,24,24,,,
160005,30,30,30,,,
160006,25,16,16,,,
160007,16,16,16,,,
160008,24,16,16,,,
160009,27,27,27,,,
160010,24,24,24,,,
160011,24,24,24,,,
160012,34,34,34,,,
160013,30,30,30,,,
160014,30,30,30,,,
160015,5,37,37,,,
160016,24,16,24,,,
160017,24,24,24,,,
160018,16,16,16,,,
160019,10,24,10,,,
160020,30,30,30,,,
160021,34,5,5,,,
160022,26,24,16,,,
160023,3,30,31,,,
160024,24,16,30,,,
160025,39,34,9,,,
160026,22,2,2,,,
160027,16,16,16,,,
160028,8,28,8,,,
160029,36,36,36,,,
160030,16,16,16,,,
160031,13,24,24,,,
160032,34,34,34,,,
160033,16,16,16,,,
160034,24,24,24,,,
160035,18,28,28,,,
160036,16,16,16,,,
160037,30,30,30,,,
160038,4,4,4,,,
160039,16,16,24,,,
160040,30,30,30,,,
160041,24,16,16,,,
160042,16,16,16,,,
160043,34,26,10,,,
160044,34,34,34,,,
160045,30,30,30,,,
160046,10,24,10,,,
160047,27,16,27,,,
160048,16,16,16,,,
160050,10,10,10,,,
160051,16,24,24,,,
160052,24,16,30,,,
160053,16,16,16,,,
160054,30,30,30,,,
160055,16,16,16,,,
160056,8,8,8,,,
160057,28,8,8,,,
160058,28,28,28,,,
160059,16,16,16,,,
160060,25,16,16,,,
160061,10,24,10,,,
160062,16,16,16,,,
160063,16,16,16,,,
160064,30,30,30,,,
160065,27,27,27,,,
160066,28,28,28,,,
160067,16,16,16,,,
160068,39,34,34,,,
160069,36,28,8,,,
160070,30,30,30,,,
160071,16,16,16,,,
160072,8,8,8,,,
160073,5,24,24,,,
160074,10,10,10,,,
160075,24,16,16,,,
160076,28,28,28,,,
160077,31,30,30,,,
160078,4,16,16,,,
160079,5,36,34,,,
160080,24,24,24,,,
160081,16,16,16,,,
160082,16,16,16,,,
160083,4,4,4,,,
160084,4,4,4,,,
160085,31,30,30,,,
160086,24,24,24,,,
160087,20,20,33,,,
160088,6,30,24,,,
160089,5,5,4,,,
160090,30,26,31,,,
160091,22,2,2,,,
160093,24,16,16,,,
160094,37,24,37,,,
160095,27,24,27,,,
160096,16,16,16,,,
160097,10,16,27,,,
160098,36,36,36,,,
160099,6,10,10,,,
160100,24,9,34,,,
160101,16,16,16,,,
160102,16,16,16,,,
160103,10,24,24,,,
160105,24,24,10,,,
160106,34,34,34,,,
160107,24,24,24,,,
160108,26,26,26,,,
160109,5,19,4,,,
160110,28,5,5,,,
160111,24,24,24,,,
160112,34,34,34,,,
160114,36,10,36,,,
160115,9,28,28,,,
160116,4,28,4,,,
160117,27,10,10,,,
160118,20,34,34,,,
160119,34,34,34,,,
160120,27,27,27,,,
160121,27,27,27,,,
160122,5,16,16,,,
160123,28,28,28,,,
160124,16,16,16,,,
160125,16,16,16,,,
160126,24,24,24,,,
160127,24,24,24,,,
160128,27,27,27,,,
160129,4,16,4,,,
160130,7,24,26,,,
160131,10,30,10,,,
160484,16,16,16,,,
160583,30,30,30,,,
160699,16,28,16,,,
160711,16,24,24,,,
160716,16,16,16,,,
160717,6,23,23,,,
160746,5,4,4,,,
160766,2,2,10,,,
160778,16,16,16,,,
160787,24,24,16,,,
160808,16,16,16,,,
160811,5,5,8,,,
160812,8,28,28,,,
160813,28,28,28,,,
160814,31,16,16,,,
160815,8,8,8,,,
160816,24,28,24,,,
160817,24,16,16,,,
160818,20,26,26,,,
160819,36,36,19,,,
160821,3,26,26,,,
160822,28,28,28,,,
160823,24,16,24,,,
160824,3,26,26,,,
160825,2,23,22,,,
160826,3,26,3,,,
160827,16,16,16,,,
160828,34,9,34,,,
160829,24,24,24,,,
160830,16,16,16,,,
160831,30,30,30,,,
160832,4,26,26,,,
160833,2,2,2,,,
160834,37,24,37,,,
160835,24,24,24,,,
160836,11,10,10,,,
160837,16,16,16,,,
160838,25,16,16,,,
160839,24,24,10,,,
160840,24,24,24,,,
160841,34,34,34,,,
160842,28,28,28,,,
160843,15,16,16,,,
160844,26,24,4,,,
160845,16,16,16,,,
160846,28,16,16,,,
160847,19,19,19,,,
160848,24,24,24,,,
160849,16,16,16,,,
160850,4,4,8,,,
160851,24,10,10,,,
160852,4,24,4,,,
160853,24,30,24,,,
160854,30,30,30,,,
160855,30,30,30,,,
160857,16,16,16,,,
160858,16,16,24,,,
160859,26,26,26,,,
160860,30,30,30,,,
160861,22,23,22,,,
160862,28,28,28,,,
160863,4,4,4,,,
160864,26,24,16,,,
160865,30,30,30,,,
160866,16,16,16,,,
160867,16,16,16,,,
160868,10,2,10,,,
160869,4,16,16,,,
160870,24,24,24,,,
160871,16,16,16,,,
160872,16,16,16,,,
160873,30,30,30,,,
160874,30,16,16,,,
160875,28,28,28,,,
160876,24,24,24,,,
160877,24,24,34,,,
160878,16,16,16,,,
160879,28,28,28,,,
160880,24,10,10,,,
160881,22,37,10,,,
160882,5,5,8,,,
160883,24,16,16,,,
160884,31,30,30,,,
160885,16,16,16,,,
160886,1,16,16,,,
160887,32,16,16,,,
160888,24,24,24,,,
160889,16,16,16,,,
160890,24,24,24,,,
160891,3,26,26,,,
160892,8,8,8,,,
160893,30,30,30,,,
160894,24,24,24,,,
160895,8,5,5,,,
160896,16,16,16,,,
160897,24,16,24,,,
160898,28,28,28,,,
160900,6,38,38,,,
160901,23,37,37,,,
160902,16,16,16,,,
160903,26,26,26,,,
160904,30,16,16,,,
160905,24,24,24,,,
160906,24,24,24,,,
160907,4,4,4,,,
160908,30,30,30,,,
160909,27,24,10,,,
160910,24,16,24,,,
160911,24,24,24,,,
160912,24,24,24,,,
160913,16,16,16,,,
160914,16,24,24,,,
160915,27,16,27,,,
160916,16,16,16,,,
160917,16,16,16,,,
160918,37,31,31,,,
160919,18,24,13,,,
160920,13,24,24,,,
160921,10,34,34,,,
160922,24,24,24,,,
160923,16,16,16,,,
160924,24,24,24,,,
160925,30,30,30,,,
160927,24,24,24,,,
160928,9,28,34,,,
160929,16,16,16,,,
160930,24,16,24,,,
160931,30,30,30,,,
160932,24,16,16,,,
160933,19,19,19,,,
160934,30,30,30,,,
160940,36,36,36,,,
160941,30,30,30,,,
160956,16,16,16,,,
160973,16,16,16,,,
160991,24,16,16,,,
160993,30,30,30,,,
161013,24,24,16,,,
161042,18,24,24,,,
161047,30,30,30,,,
161055,24,24,24,,,
161056,10,26,26,,,
161077,28,28,28,,,
161081,38,30,31,,,
161105,6,16,16,,,
161118,37,37,37,,,
161126,30,30,30,,,
161143,26,19,19,,,
161150,27,16,27,,,
161154,24,16,16,,,
161160,4,23,4,,,
161172,24,16,16,,,
161183,30,30,30,,,
161198,16,16,16,,,
161206,16,16,16,,,
161218,34,38,20,,,
161224,16,16,16,,,
161225,6,30,24,,,
161226,24,16,16,,,
161227,24,24,24,,,
161228,5,24,24,,,
161229,4,4,4,,,
161230,13,24,24,,,
161231,16,16,16,,,
161232,16,16,16,,,
161233,31,30,31,,,
161236,31,16,16,,,
161237,34,34,34,,,
161238,1,16,16,,,
161239,24,16,24,,,
161240,16,16,16,,,
161241,16,16,16,,,
161243,22,36,2,,,
161244,24,16,16,,,
161245,4,4,4,,,
161246,28,28,28,,,
161248,24,24,24,,,
161250,16,16,16,,,
161251,29,5,5,,,
161252,16,16,16,,,
161253,16,16,16,,,
161254,3,26,26,,,
161255,4,4,4,,,
161256,6,23,23,,,
161257,5,19,19,,,
161258,30,30,30,,,
161259,26,26,26,,,
161260,16,16,16,,,
161261,15,5,5,,,
161262,5,5,5,,,
161263,4,5,5,,,
161264,28,8,8,,,
161265,28,28,28,,,
161266,30,30,30,,,
161267,27,27,27,,,
161268,30,30,30,,,
161269,37,24,24,,,
161271,23,31,26,,,
161272,28,28,28,,,
161273,30,30,30,,,
161274,10,10,13,,,
161275,16,16,16,,,
161276,16,16,16,,,
161277,28,24,24,,,
161278,30,30,30,,,
161279,24,24,24,,,
161280,31,30,30,,,
161281,24,24,24,,,
161282,24,16,16,,,
161283,10,16,6,,,
161284,24,24,24,,,
161285,30,30,30,,,
161286,28,28,28,,,
161287,18,24,24,,,
161288,26,26,26,,,
161289,16,16,16,,,
161290,30,30,30,,,
161291,24,24,24,,,
161292,24,24,24,,,
161293,10,4,10,,,
161294,24,24,16,,,
161295,24,24,24,,,
161296,30,30,30,,,
161297,24,30,30,,,
161298,30,30,30,,,
161299,10,27,16,,,
161300,4,10,4,,,
161301,10,36,36,,,
161302,28,28,28,,,
161303,24,16,16,,,
161304,10,10,10,,,
161305,30,30,30,,,
161306,8,28,28,,,
161307,2,2,2,,,
161308,11,24,10,,,
161309,16,16,16,,,
161310,16,24,24,,,
161311,24,10,10,,,
161312,24,24,24,,,
161313,4,5,4,,,
161314,16,16,16,,,
161315,4,4,4,,,
161316,30,30,30,,,
161317,24,30,24,,,
161318,31,24,24,,,
161319,30,30,30,,,
161320,28,28,28,,,
161321,24,24,10,,,
161322,18,24,24,,,
161323,23,23,23,,,
161324,24,24,19,,,
161325,24,24,24,,,
161326,28,8,8,,,
161327,16,16,16,,,
161328,24,24,24,,,
161329,11,28,5,,,
161330,3,26,3,,,
161331,25,24,24,,,
161332,24,24,24,,,
161333,30,30,30,,,
161334,10,30,30,,,
161335,16,16,16,,,
161336,16,16,16,,,
161337,16,16,16,,,
161338,28,28,28,,,
161339,28,28,28,,,
161340,36,10,36,,,
161341,30,16,16,,,
161342,4,16,16,,,
161343,29,5,5,,,
161344,24,16,24,,,
161345,30,30,30,,,
161346,24,24,24,,,
161347,16,30,10,,,
161348,10,16,16,,,
161349,34,20,39,,,
161350,4,4,4,,,
161351,16,16,16,,,
161352,26,26,26,,,
161353,24,24,24,,,
161354,16,16,16,,,
161355,16,16,16,,,
161356,28,28,28,,,
161357,16,16,16,,,
161358,16,16,16,,,
161360,16,16,16,,,
161361,10,24,24,,,
161362,16,16,16,,,
161363,24,28,28,,,
161364,24,30,30,,,
161365,30,30,30,,,
161366,5,5,5,,,
161367,8,5,8,,,
161368,30,30,30,,,
161369,27,16,27,,,
161370,16,16,16,,,
161371,27,24,27,,,
161372,30,30,26,,,
161373,8,8,8,,,
161374,24,24,31,,,
161375,7,24,24,,,
161376,16,16,16,,,
161377,24,30,31,,,
161378,8,8,8,,,
161379,16,16,16,,,
161380,16,16,16,,,
161381,24,16,4,,,
161382,13,24,10,,,
161383,24,19,24,,,
161384,10,30,30,,,
161385,28,28,28,,,
161386,13,24,24,,,
161387,24,24,10,,,
161388,16,16,16,,,
161389,24,24,24,,,
161390,30,30,30,,,
161391,3,38,38,,,
161392,4,4,4,,,
161393,24,24,24,,,
161394,30,30,30,,,
161395,13,5,10,,,
161396,24,24,24,,,
161397,4,30,26,,,
161400,28,8,19,,,
161401,16,16,16,,,
161402,36,10,36,,,
161403,16,16,16,,,
161404,24,26,24,,,
161405,27,16,16,,,
161406,16,16,27,,,
161407,6,26,30,,,
161408,24,24,24,,,
161409,24,24,10,,,
161410,5,4,4,,,
161411,4,36,4,,,
161412,30,30,30,,,
161413,28,8,8,,,
161414,4,4,4,,,
161415,9,9,9,,,
161416,28,24,24,,,
161417,24,24,24,,,
161418,27,24,27,,,
161419,24,24,16,,,
161420,8,5,8,,,
161421,5,5,8,,,
161422,24,24,24,,,
161423,16,16,16,,,
161424,24,24,24,,,
161425,15,5,5,,,
161426,8,4,4,,,
161427,25,16,16,,,
161428,16,16,16,,,
161429,10,10,10,,,
161430,24,10,10,,,
161431,24,16,16,,,
161432,3,3,3,,,
161433,25,16,30,,,
161434,20,20,20,,,
161435,11,5,16,,,
161436,5,5,5,,,
161437,27,16,27,,,
161438,20,24,34,,,
161439,16,16,16,,,
161440,10,10,10,,,
161441,16,16,16,,,
161442,4,26,4,,,
161443,24,24,16,,,
161444,16,16,16,,,
161445,30,30,30,,,
161446,31,16,16,,,
161447,24,24,26,,,
161448,16,16,16,,,
161449,24,10,10,,,
161450,28,28,28,,,
161451,39,10,26,,,
161452,37,30,10,,,
161453,30,30,30,,,
161454,16,16,16,,,
161455,13,24,24,,,
161456,28,28,28,,,
161457,24,24,24,,,
161458,4,36,4,,,
161459,9,9,9,,,
161460,31,30,30,,,
161461,25,4,4,,,
161462,4,5,8,,,
161463,31,5,37,,,
161464,27,16,16,,,
161465,16,16,16,,,
161852,36,9,36,,,
161894,21,28,28,,,
161950,34,34,20,,,
161970,28,19,24,,,
162039,30,30,30,,,
162045,5,5,5,,,
162104,30,30,30,,,
162106,28,28,28,,,
162134,10,30,10,,,
162139,34,34,34,,,
162140,16,16,16,,,
162141,2,10,2,,,
162142,6,16,27,,,
162143,4,4,4,,,
162144,27,27,27,,,
162146,26,36,26,,,
162147,24,26,4,,,
162148,19,36,36,,,
162149,16,16,16,,,
162150,24,16,16,,,
162151,16,16,16,,,
162152,3,26,31,,,
162153,23,23,38,,,
162154,5,5,5,,,
162155,30,30,30,,,
162156,24,24,24,,,
162157,16,16,16,,,
162158,28,28,28,,,
162159,8,5,8,,,
162160,3,8,8,,,
162161,13,34,34,,,
162162,34,24,24,,,
162163,24,24,10,,,
162164,24,24,24,,,
162165,19,27,27,,,
162166,16,16,16,,,
162167,28,28,28,,,
162168,24,24,24,,,
162169,24,24,24,,,
162170,16,16,16,,,
162171,23,23,23,,,
162172,4,16,5,,,
162173,36,34,39,,,
162174,8,8,8,,,
162176,24,24,24,,,
162177,28,28,28,,,
162178,5,24,24,,,
162179,16,16,16,,,
162180,19,27,27,,,
162181,28,20,28,,,
162182,30,30,30,,,
162183,24,27,19,,,
162184,16,16,4,,,
162185,28,28,28,,,
162186,10,30,30,,,
162187,16,16,16,,,
162188,19,10,10,,,
162189,28,28,28,,,
162190,28,28,28,,,
162192,30,24,31,,,
162193,30,30,30,,,
162194,10,10,10,,,
162195,31,26,30,,,
162196,16,16,16,,,
162197,16,16,16,,,
162198,5,16,5,,,
162199,30,16,16,,,
162200,27,16,16,,,
162201,6,16,16,,,
162202,6,31,27,,,
162203,5,24,24,,,
162204,16,16,16,,,
162205,24,24,24,,,
162206,24,16,24,,,
162208,16,16,16,,,
162209,13,24,24,,,
162210,24,24,10,,,
162211,27,24,10,,,
162212,30,30,30,,,
162213,16,16,16,,,
162215,24,30,30,,,
162216,16,16,16,,,
162217,16,16,16,,,
162218,26,24,30,,,
162219,34,34,24,,,
162221,16,16,16,,,
162222,22,2,23,,,
162223,31,26,26,,,
162224,26,26,26,,,
162225,10,10,27,,,
162226,27,16,27,,,
162227,24,24,24,,,
162228,8,8,19,,,
162229,24,24,24,,,
162230,24,24,30,,,
162231,24,24,24,,,
162232,24,24,24,,,
162233,16,16,16,,,
162234,16,16,16,,,
162235,24,24,24,,,
162236,16,16,16,,,
162237,16,16,16,,,
162238,5,5,5,,,
162239,4,4,4,,,
162240,24,10,10,,,
162241,34,34,34,,,
162242,31,16,16,,,
162243,16,16,16,,,
162244,24,24,24,,,
162245,4,4,4,,,
162246,11,19,5,,,
162247,4,36,4,,,
162248,24,24,24,,,
162249,24,30,10,,,
162250,16,16,16,,,
162251,24,24,26,,,
162252,24,16,16,,,
162253,16,16,16,,,
162254,30,30,30,,,
162255,16,16,16,,,
162270,24,24,24,,,
162309,24,16,24,,,
162313,28,28,28,,,
162318,30,30,30,,,
162324,24,24,24,,,
162332,3,10,10,,,
162339,24,24,24,,,
162347,23,23,23,,,
162349,16,16,16,,,
162353,24,16,16,,,
162388,16,16,16,,,
162389,4,4,4,,,
162392,27,16,16,,,
162417,30,30,30,,,
162420,16,16,16,,,
162428,24,24,24,,,
162437,8,5,8,,,
162438,8,8,8,,,
162446,7,19,19,,,
162448,6,23,23,,,
162466,5,4,4,,,
162469,38,38,38,,,
162472,24,24,24,,,
162477,30,30,30,,,
162516,30,24,24,,,
162538,23,23,23,,,
162539,20,27,27,,,
162541,24,16,16,,,
162542,24,10,24,,,
162543,16,16,16,,,
162544,27,27,27,,,
162545,24,30,30,,,
162546,5,5,5,,,
162547,34,24,24,,,
162548,24,30,30,,,
162549,10,30,30,,,
162550,30,30,30,,,
162551,39,34,39,,,
162552,16,16,16,,,
162553,4,4,4,,,
162554,24,24,24,,,
162555,16,16,16,,,
162556,24,16,24,,,
162558,4,4,4,,,
162559,20,34,34,,,
162560,28,28,28,,,
162561,30,30,30,,,
162562,36,2,2,,,
162563,27,27,16,,,
162564,27,24,24,,,
162565,24,24,24,,,
162567,16,16,16,,,
162568,8,4,4,,,
162569,25,16,16,,,
162572,11,36,36,,,
162573,16,16,16,,,
162574,37,5,5,,,
162575,16,16,16,,,
162577,23,4,4,,,
162578,6,16,16,,,
162579,24,16,24,,,
162580,24,16,24,,,
162581,30,30,30,,,
162582,16,16,16,,,
162583,2,2,2,,,
162584,15,5,5,,,
162585,30,16,16,,,
162586,24,16,16,,,
162587,24,19,23,,,
162588,30,30,30,,,
162589,16,16,16,,,
162592,24,16,16,,,
162593,30,30,30,,,
162594,34,34,34,,,
162596,13,24,24,,,
162597,4,23,5,,,
162598,13,24,24,,,
162599,24,24,16,,,
162600,16,16,16,,,
162601,16,16,16,,,
162602,27,16,27,,,
162603,5,24,10,,,
162604,30,30,30,,,
162605,22,30,30,,,
162606,30,30,30,,,
162607,27,27,27,,,
162609,30,30,30,,,
162610,27,27,27,,,
162611,5,4,4,,,
162612,16,16,16,,,
162613,30,30,30,,,
162614,24,28,20,,,
162615,24,30,30,,,
162616,5,5,5,,,
162617,5,16,24,,,
162618,37,34,34,,,
162619,24,24,24,,,
162620,20,34,34,,,
162621,30,30,30,,,
162622,27,16,16,,,
162623,33,2,2,,,
162624,37,26,31,,,
162625,26,26,26,,,
162626,24,30,30,,,
162627,30,30,30,,,
162628,27,27,27,,,
162629,6,16,16,,,
162630,30,30,30,,,
162631,24,16,24,,,
162632,5,4,4,,,
162633,33,33,33,,,
162634,4,4,4,,,
162635,30,30,30,,,
162636,16,16,16,,,
162637,24,24,24,,,
162638,37,34,37,,,
162639,28,28,28,,,
162640,30,30,30,,,
162641,30,30,30,,,
162642,24,16,24,,,
162643,24,24,24,,,
162644,28,8,8,,,
162645,23,10,10,,,
162646,28,28,28,,,
162647,24,10,10,,,
162648,24,28,28,,,
162649,31,24,24,,,
162650,36,24,24,,,
162651,5,24,24,,,
162652,24,24,4,,,
162653,24,24,24,,,
162654,24,24,10,,,
162655,37,5,5,,,
162656,30,30,30,,,
162657,24,24,10,,,
162658,16,16,16,,,
162659,24,24,24,,,
162660,24,24,16,,,
162661,16,16,16,,,
162662,15,5,5,,,
162663,5,5,5,,,
162664,30,30,30,,,
162665,30,30,30,,,
162666,30,30,30,,,
162667,24,24,24,,,
162668,24,24,10,,,
162669,27,16,16,,,
162670,24,24,24,,,
162671,24,16,24,,,
162672,26,26,26,,,
162673,24,30,30,,,
162674,34,34,34,,,
162675,8,28,28,,,
162676,24,24,24,,,
162677,28,28,28,,,
162678,11,27,10,,,
162679,24,16,16,,,
162680,16,16,16,,,
162681,28,39,9,,,
162682,27,24,10,,,
162683,24,10,24,,,
162684,24,24,24,,,
162685,30,30,30,,,
162686,3,36,36,,,
162687,16,16,24,,,
162688,24,16,16,,,
162689,24,24,24,,,
162690,3,26,26,,,
162691,10,24,27,,,
162692,13,24,24,,,
162693,24,24,24,,,
162694,28,24,28,,,
162695,3,19,36,,,
162696,16,24,24,,,
162697,16,16,16,,,
162698,24,24,24,,,
162699,8,5,5,,,
162700,24,16,16,,,
162701,34,34,34,,,
162702,18,24,24,,,
162703,30,30,30,,,
162704,4,4,4,,,
162705,25,16,30,,,
162706,16,8,8,,,
162707,30,30,30,,,
162708,8,8,8,,,
162709,7,27,10,,,
162710,6,30,10,,,
162711,28,28,28,,,
162712,4,23,23,,,
162713,31,30,30,,,
162714,30,30,24,,,
162715,8,8,8,,,
162716,2,2,2,,,
162717,30,30,30,,,
162718,24,16,16,,,
162719,16,16,16,,,
162720,37,37,37,,,
162721,16,16,16,,,
162722,7,19,24,,,
162723,27,16,16,,,
162724,16,24,16,,,
162725,16,16,16,,,
162726,8,8,8,,,
162727,27,27,27,,,
162728,24,16,16,,,
162729,8,4,10,,,
162730,26,26,26,,,
162731,6,4,4,,,
162732,5,24,24,,,
162733,27,16,16,,,
162734,16,16,16,,,
162735,6,16,16,,,
162736,24,24,24,,,
162737,24,24,24,,,
162738,5,24,24,,,
162739,24,10,10,,,
162740,34,34,34,,,
162741,24,24,24,,,
162742,28,28,28,,,
162743,24,24,24,,,
162744,36,4,36,,,
162745,24,24,24,,,
162746,16,16,16,,,
162747,24,24,24,,,
162748,34,34,28,,,
162749,15,24,24,,,
162750,9,2,33,,,
162751,27,16,16,,,
162752,10,24,24,,,
162753,16,16,24,,,
162754,10,16,19,,,
162755,8,16,26,,,
162756,5,10,10,,,
162757,22,23,22,,,
162758,8,5,5,,,
162759,20,34,20,,,
162760,24,16,24,,,
162761,4,4,8,,,
162762,16,16,16,,,
162763,30,30,30,,,
162764,30,30,30,,,
162765,24,16,16,,,
162766,16,16,16,,,
162767,24,24,24,,,
162768,5,5,5,,,
162769,18,24,24,,,
162770,16,16,16,,,
162771,23,23,38,,,
162772,24,24,24,,,
162773,7,5,5,,,
162774,16,16,16,,,
162775,10,10,10,,,
162776,16,31,16,,,
162777,16,16,16,,,
162779,27,27,27,,,
162780,24,24,24,,,
162781,3,23,38,,,
162782,16,16,16,,,
162783,27,27,27,,,
162784,8,8,8,,,
163106,13,24,10,,,
163136,16,16,16,,,
163174,31,24,24,,,
163319,16,16,16,,,
163337,16,16,16,,,
163352,28,28,28,,,
163371,31,30,31,,,
163375,24,24,24,,,
163384,32,24,10,,,
163385,28,28,28,,,
163397,29,16,16,,,
163415,16,16,16,,,
163418,18,19,5,,,
163426,16,16,16,,,
163427,24,24,24,,,
163428,36,10,10,,,
163429,4,36,5,,,
163430,20,34,20,,,
163431,25,16,16,,,
163432,28,28,8,,,
163434,26,24,24,,,
163435,4,4,4,,,
163436,19,28,28,,,
163437,26,26,26,,,
163438,3,26,26,,,
163439,24,16,16,,,
163440,16,16,16,,,
163441,24,10,24,,,
163443,31,30,30,,,
163446,30,30,30,,,
163447,28,28,28,,,
163448,24,16,16,,,
163449,30,30,30,,,
163450,27,24,30,,,
163451,26,26,26,,,
163452,16,16,16,,,
163453,28,8,8,,,
163454,27,24,27,,,
163455,22,2,22,,,
163456,5,8,8,,,
163457,27,27,27,,,
163458,4,4,4,,,
163459,19,16,27,,,
163460,28,28,28,,,
163461,4,28,28,,,
163462,28,28,28,,,
163463,23,4,23,,,
163464,16,16,16,,,
163467,4,5,5,,,
163469,10,24,10,,,
163470,16,16,16,,,
163472,26,26,26,,,
163473,24,24,4,,,
163474,34,34,34,,,
163475,16,16,16,,,
163476,24,16,24,,,
163477,16,16,16,,,
163478,27,24,16,,,
163479,24,24,24,,,
163480,20,23,27,,,
163481,16,16,16,,,
163483,27,16,27,,,
163484,19,34,34,,,
163485,16,16,16,,,
163486,27,27,27,,,
163487,16,16,16,,,
163488,30,30,30,,,
163489,10,10,37,,,
163490,28,28,28,,,
163491,16,16,16,,,
163492,22,2,2,,,
163493,16,16,16,,,
163494,33,2,9,,,
163495,2,2,2,,,
163496,31,26,34,,,
163497,10,10,10,,,
163498,37,37,37,,,
163499,16,16,16,,,
163500,24,16,16,,,
163501,9,33,36,,,
163503,28,28,28,,,
163504,24,16,16,,,
163505,30,30,30,,,
163506,16,16,16,,,
163507,28,28,28,,,
163508,22,4,4,,,
163509,24,24,24,,,
163510,30,16,16,,,
163511,24,24,24,,,
163512,24,24,24,,,
163513,26,24,31,,,
163515,28,28,28,,,
163516,30,30,30,,,
163517,24,24,24,,,
163518,24,24,24,,,
163519,24,24,24,,,
163520,31,24,24,,,
163521,24,16,16,,,
163522,24,24,24,,,
163523,24,24,24,,,
163524,2,39,9,,,
163525,16,16,16,,,
163526,24,24,24,,,
163527,10,24,10,,,
163528,28,28,28,,,
163529,27,27,27,,,
163530,24,16,16,,,
163531,37,34,34,,,
163532,10,10,10,,,
163533,1,16,16,,,
163534,4,16,16,,,
163535,30,30,30,,,
163536,30,30,30,,,
163537,16,24,16,,,
163538,34,34,34,,,
163539,24,16,24,,,
163550,16,16,16,,,
163553,31,24,24,,,
163555,24,24,24,,,
163560,24,24,24,,,
163594,25,30,30,,,
163595,24,24,24,,,
163597,28,28,28,,,
163602,16,16,16,,,
163621,16,16,16,,,
163633,11,36,36,,,
163636,31,30,30,,,
163647,28,28,28,,,
163649,31,23,23,,,
163653,24,24,4,,,
163658,24,5,19,,,
163670,20,20,20,,,
163673,11,34,27,,,
163701,4,4,4,,,
163709,30,30,30,,,
163710,30,30,30,,,
163711,28,28,28,,,
163721,16,16,16,,,
163724,24,16,24,,,
163731,10,24,10,,,
163742,5,5,5,,,
163761,7,24,10,,,
163766,23,38,23,,,
163785,16,16,16,,,
163806,24,24,16,,,
163823,24,24,24,,,
163829,24,16,16,,,
163830,24,24,10,,,
163831,16,16,16,,,
163835,24,16,16,,,
163836,16,16,16,,,
163837,5,23,5,,,
163838,27,23,27,,,
163839,24,16,16,,,
163840,28,28,28,,,
163841,24,24,24,,,
163843,28,28,28,,,
163844,24,16,16,,,
163845,28,28,8,,,
163846,8,26,5,,,
163847,31,30,30,,,
163849,16,16,16,,,
163850,3,24,24,,,
163851,28,28,28,,,
163853,37,4,4,,,
163854,28,28,28,,,
163856,5,16,24,,,
163857,16,16,16,,,
163859,24,16,24,,,
163860,16,16,16,,,
163862,16,16,16,,,
163863,2,2,2,,,
163864,38,30,30,,,
163865,16,16,16,,,
163866,8,5,8,,,
163867,37,23,37,,,
163868,30,30,30,,,
163869,16,24,24,,,
163870,24,24,24,,,
163871,16,16,16,,,
163872,26,24,24,,,
163873,24,24,24,,,
163874,30,30,30,,,
163875,28,28,28,,,
163876,16,16,16,,,
163877,39,2,9,,,
163878,34,5,5,,,
163879,16,16,16,,,
163880,24,8,8,,,
163881,34,30,34,,,
163882,24,16,24,,,
163883,24,16,16,,,
163884,16,24,24,,,
163885,27,16,16,,,
163886,16,16,16,,,
163887,30,26,26,,,
163888,30,30,30,,,
163889,5,34,26,,,
163890,5,24,24,,,
163891,4,4,4,,,
163892,30,30,30,,,
163893,30,30,30,,,
163894,30,30,30,,,
163895,16,16,16,,,
163896,30,30,30,,,
163897,22,23,23,,,
163898,16,16,16,,,
163899,30,30,30,,,
163900,30,30,30,,,
163901,24,34,34,,,
163902,4,4,4,,,
163904,24,24,24,,,
163905,16,16,16,,,
163906,26,30,30,,,
163907,24,16,16,,,
163908,27,16,16,,,
163909,27,16,16,,,
163910,10,10,10,,,
163911,25,16,16,,,
163912,30,30,30,,,
163913,27,27,27,,,
163914,27,27,27,,,
163915,24,10,10,,,
163916,16,16,16,,,
163917,24,24,24,,,
163918,10,24,24,,,
163919,28,28,28,,,
163920,5,5,5,,,
163921,16,16,16,,,
163922,3,26,3,,,
163923,24,16,16,,,
163924,16,16,16,,,
163925,30,16,16,,,
163926,5,24,24,,,
163927,3,4,4,,,
163928,24,20,24,,,
163929,30,30,30,,,
163930,27,27,27,,,
163931,28,28,28,,,
163932,24,24,30,,,
163933,16,16,16,,,
163934,16,16,16,,,
163935,27,27,27,,,
163936,16,16,16,,,
163937,24,24,30,,,
163938,24,24,26,,,
163939,25,16,16,,,
163940,24,30,30,,,
163941,27,27,27,,,
163942,31,30,30,,,
163943,12,23,23,,,
163944,27,24,19,,,
163945,10,24,24,,,
163947,27,16,27,,,
163948,9,24,24,,,
163949,16,16,16,,,
163950,16,16,16,,,
163951,24,24,24,,,
163952,30,30,30,,,
163953,7,19,19,,,
163954,13,24,24,,,
163955,36,10,24,,,
163956,10,24,10,,,
163957,27,27,27,,,
163958,24,24,24,,,
163959,26,30,30,,,
163960,39,28,28,,,
163961,30,30,30,,,
163962,24,24,24,,,
163963,16,16,16,,,
163964,16,16,16,,,
163965,24,24,24,,,
163966,28,24,28,,,
163967,16,16,16,,,
163969,16,16,16,,,
163970,16,16,16,,,
163971,4,4,4,,,
163972,16,16,16,,,
163973,24,24,24,,,
163974,16,16,16,,,
163975,6,30,10,,,
163976,22,2,2,,,
163977,16,16,16,,,
163978,24,24,24,,,
163979,24,30,24,,,
163980,16,24,24,,,
163981,16,16,16,,,
163982,5,5,8,,,
163983,30,30,30,,,
163984,16,16,16,,,
163985,5,5,4,,,
163986,30,30,30,,,
163987,6,10,24,,,
163988,26,26,26,,,
163989,16,16,16,,,
163990,3,4,4,,,
163991,16,16,16,,,
163992,16,16,24,,,
163993,5,5,5,,,
163994,16,16,16,,,
163995,28,24,24,,,
163996,16,16,16,,,
163997,8,5,8,,,
163998,24,16,16,,,
163999,16,16,16,,,
164000,28,28,28,,,
164001,11,10,10,,,
164002,16,16,16,,,
164003,16,16,16,,,
164004,31,30,30,,,
164005,31,5,24,,,
164006,28,28,28,,,
164007,24,24,24,,,
164008,31,38,38,,,
164009,24,10,24,,,
164010,10,10,36,,,
164011,8,19,19,,,
164012,16,16,16,,,
164013,16,16,16,,,
164014,16,16,16,,,
164015,24,30,30,,,
164016,30,30,30,,,
164017,24,28,24,,,
164018,24,24,24,,,
164019,28,28,28,,,
164020,27,24,27,,,
164021,34,34,34,,,
164022,27,34,27,,,
164023,30,30,30,,,
164024,34,34,34,,,
164025,21,28,34,,,
164026,28,28,28,,,
164027,24,26,26,,,
164028,24,24,24,,,
164029,24,24,24,,,
164030,24,16,16,,,
164031,34,34,34,,,
164032,39,34,34,,,
164033,16,24,24,,,
164034,24,24,24,,,
164035,30,30,30,,,
164036,30,30,30,,,
164037,24,24,24,,,
164038,16,16,16,,,
164039,3,10,10,,,
164040,16,16,16,,,
164041,24,24,24,,,
164042,6,10,10,,,
164043,30,30,30,,,
164044,24,24,24,,,
164045,26,24,24,,,
164046,36,36,36,,,
164047,24,16,16,,,
164048,2,2,2,,,
164049,24,24,24,,,
164050,5,24,24,,,
164051,16,16,27,,,
164052,26,24,26,,,
164053,16,24,24,,,
164054,16,16,16,,,
164055,16,16,16,,,
164056,10,24,27,,,
164301,39,2,2,,,
164438,24,16,16,,,
164529,30,30,30,,,
164602,5,5,5,,,
164612,19,34,19,,,
164647,16,24,24,,,
164650,24,24,24,,,
164658,30,30,30,,,
164677,24,24,10,,,
164681,16,16,16,,,
164689,24,24,16,,,
164695,2,2,2,,,
164708,16,16,16,,,
164711,7,19,23,,,
164715,24,24,24,,,
164728,16,16,16,,,
164729,23,23,23,,,
164732,16,24,24,,,
164733,18,24,24,,,
164734,24,16,16,,,
164735,26,24,31,,,
164736,28,28,28,,,
164737,34,34,34,,,
164738,24,24,24,,,
164739,16,16,16,,,
164740,27,24,10,,,
164741,24,24,24,,,
164742,16,30,16,,,
164743,24,24,4,,,
164744,28,28,28,,,
164745,8,5,8,,,
164746,36,19,19,,,
164747,31,16,31,,,
164748,24,24,24,,,
164749,18,13,19,,,
164750,25,16,16,,,
164751,36,4,4,,,
164752,2,2,2,,,
164753,23,22,22,,,
164754,24,24,30,,,
164755,37,26,26,,,
164756,24,24,24,,,
164757,36,4,36,,,
164758,16,16,16,,,
164759,24,24,24,,,
164760,24,24,24,,,
164761,34,34,34,,,
164762,30,30,30,,,
164763,28,28,28,,,
164764,26,24,24,,,
164765,13,5,19,,,
164766,16,16,16,,,
164767,8,28,28,,,
164768,25,30,30,,,
164769,28,24,26,,,
164770,16,16,16,,,
164771,16,16,16,,,
164772,27,16,16,,,
164773,16,16,16,,,
164774,24,24,24,,,
164775,16,16,16,,,
164776,39,39,39,,,
164777,39,34,34,,,
164778,16,16,16,,,
164779,16,16,16,,,
164780,1,16,16,,,
164781,16,16,16,,,
164782,6,26,26,,,
164783,30,30,30,,,
164784,34,34,34,,,
164785,16,16,16,,,
164786,24,16,24,,,
164787,16,16,16,,,
164788,24,10,24,,,
164789,24,16,16,,,
164790,24,30,16,,,
164791,30,30,30,,,
164792,9,9,34,,,
164793,34,34,34,,,
164794,16,16,16,,,
164795,24,10,10,,,
164796,38,38,30,,,
164797,28,28,28,,,
164798,2,2,2,,,
164799,28,28,28,,,
164800,24,30,30,,,
164801,31,24,24,,,
164802,28,28,28,,,
164803,24,36,36,,,
164804,16,16,16,,,
164805,16,16,16,,,
164806,27,16,27,,,
164807,27,27,27,,,
164808,16,16,16,,,
164809,16,16,16,,,
164810,16,16,16,,,
164811,24,24,24,,,
164812,24,24,24,,,
164813,4,4,4,,,
164814,10,24,10,,,
164815,27,27,27,,,
164816,24,10,10,,,
164817,24,30,30,,,
164818,16,16,16,,,
164819,16,16,16,,,
164820,5,5,5,,,
164821,37,24,5,,,
164822,2,2,2,,,
164823,24,24,24,,,
164824,5,34,34,,,
164825,24,24,10,,,
164826,30,30,30,,,
164827,16,16,16,,,
164828,4,31,4,,,
164829,24,16,16,,,
164830,16,16,16,,,
164831,24,24,24,,,
164832,34,36,28,,,
164833,30,30,30,,,
164835,30,30,30,,,
164836,16,16,16,,,
164837,16,16,16,,,
164838,24,34,24,,,
164839,30,30,30,,,
164840,9,9,9,,,
164841,24,16,16,,,
164851,9,34,34,,,
164852,30,30,30,,,
164860,36,36,36,,,
164866,27,27,27,,,
164873,13,24,24,,,
164881,30,30,30,,,
164916,30,30,30,,,
164926,5,5,5,,,
164929,26,30,26,,,
164933,16,16,16,,,
164944,30,30,30,,,
164963,16,16,16,,,
164966,24,16,16,,,
164968,16,16,16,,,
164978,33,33,9,,,
164994,16,16,16,,,
165001,18,19,5,,,
165002,37,24,24,,,
165047,30,24,31,,,
165067,30,30,30,,,
165084,17,16,27,,,
165091,23,23,23,,,
165111,24,24,31,,,
165127,16,16,16,,,
165128,2,2,2,,,
165129,16,16,16,,,
165130,16,16,16,,,
165131,16,16,16,,,
165132,6,3,30,,,
165133,16,16,16,,,
165134,25,30,16,,,
165135,13,10,10,,,
165136,24,24,10,,,
165137,27,27,27,,,
165138,16,16,16,,,
165139,16,16,16,,,
165140,16,16,16,,,
165142,34,24,24,,,
165143,16,24,24,,,
165144,28,28,28,,,
165146,30,30,30,,,
165147,31,30,16,,,
165148,22,2,2,,,
165149,16,16,16,,,
165151,16,16,16,,,
165152,26,24,26,,,
165154,30,30,30,,,
165155,6,30,30,,,
165156,24,24,24,,,
165157,8,8,8,,,
165158,24,24,10,,,
165159,2,2,22,,,
165160,30,30,30,,,
165161,30,30,30,,,
165162,24,24,24,,,
165163,16,16,16,,,
165164,27,16,16,,,
165165,17,16,16,,,
165166,13,24,26,,,
165167,24,28,28,,,
165168,16,16,16,,,
165169,16,16,16,,,
165170,24,24,24,,,
165171,30,30,30,,,
165172,30,30,30,,,
165173,30,30,30,,,
165174,30,30,30,,,
165175,24,24,28,,,
165176,30,30,30,,,
165178,16,16,16,,,
165179,24,24,24,,,
165180,30,30,30,,,
165181,30,30,30,,,
165182,30,30,16,,,
165183,31,30,31,,,
165184,30,30,30,,,
165185,27,27,27,,,
165186,34,34,34,,,
165187,24,30,30,,,
165188,30,24,30,,,
165189,26,10,24,,,
165190,10,30,30,,,
165191,4,4,4,,,
165192,16,16,16,,,
165193,4,30,30,,,
165194,2,2,22,,,
165195,24,16,16,,,
165196,30,30,30,,,
165197,24,16,16,,,
165198,27,24,27,,,
165199,16,16,16,,,
165201,4,36,4,,,
165202,24,24,24,,,
165203,24,16,27,,,
165204,8,8,8,,,
165205,5,5,5,,,
165206,37,37,37,,,
165207,30,30,30,,,
165208,24,24,24,,,
165209,16,16,16,,,
165210,24,24,10,,,
165211,26,24,24,,,
165212,2,2,2,,,
165213,10,24,27,,,
165214,24,24,24,,,
165215,28,28,28,,,
165216,27,16,27,,,
165217,16,16,16,,,
165218,24,16,16,,,
165219,30,30,30,,,
165220,24,24,24,,,
165221,30,30,30,,,
165222,27,24,27,,,
165223,27,19,27,,,
165224,16,16,16,,,
165225,24,10,24,,,
165226,26,30,30,,,
165227,7,23,23,,,
165228,24,24,24,,,
165229,16,16,16,,,
165230,37,34,34,,,
165231,24,16,16,,,
165232,24,24,24,,,
165233,30,30,30,,,
165234,24,24,24,,,
165235,24,34,34,,,
165236,24,24,24,,,
165237,24,24,24,,,
165238,28,28,28,,,
165239,5,5,5,,,
165240,24,16,16,,,
165241,28,28,8,,,
165242,16,16,16,,,
165243,27,16,27,,,
165244,30,4,4,,,
165245,16,16,16,,,
165246,39,34,34,,,
165247,34,34,34,,,
165248,16,16,16,,,
165249,16,16,16,,,
165250,16,16,16,,,
165251,39,34,39,,,
165252,24,24,10,,,
165253,24,9,10,,,
165254,16,16,16,,,
165255,24,24,24,,,
165256,16,16,16,,,
165257,16,16,16,,,
165258,34,34,34,,,
165259,16,30,10,,,
165260,30,30,30,,,
165261,28,16,16,,,
165262,14,20,34,,,
165264,5,24,5,,,
165265,3,26,26,,,
165266,24,16,16,,,
165267,16,16,16,,,
165268,24,16,28,,,
165269,27,10,27,,,
165270,30,30,30,,,
165271,24,24,24,,,
165272,32,16,5,,,
165273,16,16,16,,,
165274,16,16,16,,,
165275,30,16,16,,,
165276,24,24,24,,,
165277,16,16,16,,,
165278,30,30,30,,,
165279,16,16,16,,,
165280,4,4,4,,,
165281,24,24,10,,,
165282,24,16,16,,,
165283,16,24,24,,,
165284,24,16,16,,,
165285,5,4,4,,,
165286,16,16,16,,,
165287,37,34,34,,,
165288,34,34,34,,,
165289,28,8,8,,,
165290,28,28,28,,,
165291,5,28,5,,,
165292,31,30,30,,,
165293,28,28,28,,,
165294,10,10,10,,,
165295,3,26,30,,,
165296,3,10,23,,,
165297,11,36,8,,,
165299,16,16,16,,,
165300,16,16,16,,,
165301,26,26,26,,,
165302,10,24,24,,,
165303,24,10,10,,,
165304,30,30,30,,,
165305,13,34,34,,,
165306,16,16,16,,,
165307,22,37,37,,,
165308,9,33,9,,,
165309,26,30,30,,,
165310,20,20,20,,,
165311,34,34,34,,,
165313,22,10,22,,,
165314,28,28,28,,,
165315,30,30,30,,,
165316,16,16,16,,,
165317,8,28,28,,,
165318,34,34,34,,,
165319,28,28,28,,,
165320,10,10,10,,,
165321,16,16,16,,,
165322,16,16,16,,,
165323,16,16,16,,,
165324,24,16,24,,,
165325,28,8,8,,,
165326,28,28,28,,,
165327,14,28,34,,,
165328,24,10,24,,,
165329,30,30,30,,,
165330,16,16,16,,,
165331,16,16,16,,,
165332,1,16,30,,,
165333,5,24,24,,,
165334,28,4,28,,,
165335,24,24,24,,,
165336,16,16,16,,,
165337,22,23,4,,,
165338,10,30,30,,,
165339,5,28,5,,,
165340,16,16,16,,,
165341,16,24,24,,,
165342,10,34,34,,,
165343,8,8,8,,,
165344,28,28,28,,,
165345,3,26,26,,,
165346,34,34,34,,,
165347,13,24,10,,,
165348,24,16,16,,,
165349,16,16,16,,,
165735,26,19,26,,,
165762,16,16,16,,,
165781,30,30,6,,,
165821,16,16,16,,,
165834,27,10,10,,,
165866,16,16,16,,,
165891,31,31,37,,,
165950,24,24,24,,,
165959,16,16,16,,,
165975,24,16,28,,,
165979,16,16,16,,,
165999,28,28,28,,,
166004,24,24,10,,,
166027,39,34,34,,,
166028,23,30,31,,,
166036,24,24,24,,,
166040,6,16,16,,,
166042,16,16,24,,,
166044,1,16,16,,,
166046,31,30,30,,,
166047,28,28,28,,,
166048,28,28,28,,,
166049,4,4,8,,,
166050,4,4,4,,,
166051,28,28,28,,,
166052,16,16,16,,,
166053,24,24,24,,,
166054,28,10,28,,,
166055,24,24,24,,,
166056,34,34,34,,,
166057,16,16,16,,,
166058,24,24,24,,,
166059,26,24,26,,,
166060,16,16,16,,,
166062,10,24,24,,,
166063,16,30,16,,,
166064,28,28,28,,,
166065,4,28,28,,,
166066,24,24,24,,,
166067,5,24,5,,,
166068,3,26,26,,,
166069,39,34,39,,,
166070,24,24,24,,,
166072,34,34,34,,,
166073,28,8,8,,,
166074,24,24,24,,,
166075,24,10,24,,,
166076,16,16,16,,,
166077,27,16,16,,,
166078,24,24,24,,,
166079,16,16,16,,,
166080,16,16,16,,,
166081,2,2,2,,,
166082,27,16,16,,,
166083,16,24,16,,,
166084,30,16,30,,,
166085,24,16,16,,,
166086,5,5,5,,,
166087,30,30,30,,,
166088,28,28,28,,,
166089,16,16,16,,,
166090,5,16,16,,,
166091,27,16,16,,,
166092,16,16,16,,,
166093,19,34,5,,,
166094,16,16,16,,,
166096,30,16,30,,,
166097,24,10,10,,,
166098,16,16,16,,,
166099,16,16,16,,,
166100,16,16,16,,,
166101,16,16,16,,,
166102,34,34,34,,,
166103,16,16,16,,,
166104,30,30,30,,,
166105,27,16,27,,,
166106,8,8,8,,,
166107,30,30,30,,,
166108,5,34,34,,,
166109,24,24,10,,,
166110,4,4,4,,,
166111,16,16,16,,,
166112,26,34,34,,,
166113,28,28,28,,,
166114,16,16,16,,,
166115,16,16,16,,,
166116,39,34,39,,,
166117,7,24,24,,,
166118,26,24,26,,,
166119,16,16,16,,,
166120,16,16,16,,,
166121,25,28,28,,,
166122,25,16,16,,,
166123,8,5,8,,,
166124,24,16,16,,,
166125,37,37,5,,,
166126,24,24,24,,,
166127,27,19,19,,,
166128,24,16,16,,,
166129,25,16,16,,,
166131,32,28,4,,,
166132,24,24,26,,,
166133,5,4,4,,,
166134,27,27,27,,,
166135,33,2,2,,,
166136,16,16,16,,,
166137,16,16,16,,,
166138,31,24,16,,,
166139,24,24,24,,,
166140,2,19,19,,,
166141,30,30,30,,,
166142,36,36,36,,,
166143,24,16,16,,,
166144,8,8,8,,,
166145,16,26,3,,,
166146,24,10,10,,,
166147,24,24,10,,,
166148,2,2,2,,,
166149,17,16,16,,,
166150,24,24,24,,,
166151,2,2,2,,,
166153,6,24,24,,,
166154,16,16,16,,,
166155,4,16,16,,,
166156,9,2,2,,,
166157,2,2,2,,,
166158,24,24,24,,,
166159,24,16,24,,,
166160,24,24,24,,,
166162,30,30,30,,,
166163,24,16,24,,,
166164,30,30,30,,,
166165,16,16,16,,,
166166,36,24,24,,,
166167,24,24,24,,,
166168,30,30,30,,,
166176,28,28,28,,,
166178,30,30,30,,,
166210,4,36,4,,,
166225,30,24,30,,,
166235,24,24,24,,,
166236,30,30,30,,,
166240,16,16,24,,,
166251,24,24,24,,,
166255,31,30,30,,,
166259,24,24,10,,,
166265,4,4,4,,,
166272,4,4,4,,,
166277,30,30,30,,,
166282,16,16,16,,,
166299,31,26,26,,,
166322,23,23,23,,,
166323,5,34,34,,,
166328,24,24,16,,,
166335,13,24,24,,,
166339,3,26,26,,,
166340,23,4,38,,,
166341,5,8,8,,,
166353,16,16,16,,,
166362,16,16,16,,,
166372,4,4,4,,,
166377,30,30,30,,,
166389,24,24,16,,,
166399,25,16,30,,,
166405,30,30,30,,,
166421,24,16,16,,,
166422,37,34,34,,,
166445,2,24,10,,,
166450,27,24,27,,,
166462,30,30,30,,,
166469,24,16,16,,,
166470,27,24,27,,,
166471,2,2,2,,,
166472,28,28,28,,,
166473,22,2,22,,,
166474,26,20,38,,,
166475,8,8,8,,,
166476,4,16,16,,,
166477,16,16,16,,,
166478,16,16,16,,,
166479,16,16,16,,,
166480,16,16,16,,,
166481,34,34,34,,,
166482,24,24,10,,,
166483,30,30,30,,,
166484,8,5,8,,,
166485,11,23,5,,,
166486,23,23,23,,,
166487,16,16,16,,,
166488,16,16,16,,,
166489,16,16,16,,,
166490,39,34,34,,,
166492,39,34,34,,,
166493,18,16,16,,,
166494,24,16,16,,,
166495,34,28,34,,,
166497,16,16,16,,,
166498,27,27,27,,,
166499,16,16,16,,,
166500,16,16,16,,,
166501,4,4,4,,,
166502,24,24,24,,,
166503,16,24,24,,,
166504,23,23,23,,,
166505,16,16,16,,,
166506,16,16,16,,,
166507,5,28,28,,,
166508,16,16,16,,,
166509,24,16,16,,,
166510,24,24,10,,,
166511,27,16,16,,,
166512,16,16,16,,,
166513,26,24,24,,,
166514,16,16,16,,,
166515,13,24,24,,,
166516,24,30,30,,,
166517,34,34,34,,,
166518,28,28,28,,,
166519,16,16,16,,,
166520,20,34,20,,,
166521,28,28,28,,,
166522,28,28,28,,,
166523,25,16,16,,,
166524,5,16,16,,,
166525,24,24,24,,,
166526,24,19,19,,,
166527,30,30,30,,,
166528,16,16,16,,,
166529,16,16,16,,,
166530,24,24,10,,,
166531,16,24,24,,,
166532,30,30,30,,,
166533,22,26,24,,,
166534,16,16,16,,,
166535,27,16,27,,,
166536,16,16,16,,,
166537,8,28,8,,,
166538,30,30,30,,,
166539,24,24,24,,,
166540,24,24,24,,,
166541,16,16,16,,,
166542,8,8,8,,,
166543,27,27,27,,,
166544,30,30,30,,,
166545,16,16,16,,,
166546,33,10,10,,,
166547,13,16,24,,,
166548,16,16,16,,,
166549,27,24,27,,,
166550,24,16,16,,,
166551,31,30,30,,,
166552,16,16,16,,,
166553,24,24,24,,,
166554,16,16,16,,,
166555,25,16,25,,,
166556,1,16,16,,,
166557,30,30,30,,,
166558,16,30,16,,,
166559,24,24,24,,,
166560,4,4,4,,,
166561,16,16,16,,,
166562,36,36,36,,,
166563,24,30,30,,,
166564,28,28,28,,,
166565,16,16,16,,,
166566,24,24,24,,,
166567,10,10,10,,,
166568,34,24,24,,,
166569,16,16,16,,,
166570,24,24,4,,,
166571,23,23,10,,,
166572,5,24,24,,,
166573,16,16,16,,,
166574,25,16,16,,,
166575,8,4,4,,,
166576,10,10,19,,,
166577,24,24,24,,,
166578,24,24,24,,,
166579,24,30,30,,,
166580,24,24,24,,,
166581,34,36,36,,,
166582,24,24,24,,,
166583,29,5,5,,,
166584,24,24,24,,,
166585,24,24,24,,,
166586,30,30,30,,,
166587,24,24,24,,,
166588,24,16,16,,,
166589,16,16,16,,,
166590,16,16,16,,,
166591,3,10,10,,,
166592,30,30,30,,,
166593,30,30,30,,,
166594,24,16,24,,,
166595,16,16,16,,,
166596,24,16,26,,,
166597,24,24,24,,,
166598,34,9,9,,,
166599,34,9,24,,,
166600,31,26,26,,,
166601,16,16,16,,,
166602,5,5,5,,,
166603,16,24,24,,,
166604,24,10,10,,,
166605,16,16,16,,,
166606,24,4,4,,,
166607,16,16,16,,,
166608,16,16,16,,,
166609,6,16,16,,,
166610,16,24,16,,,
166611,25,16,16,,,
166612,5,4,4,,,
166613,16,16,16,,,
166614,3,4,4,,,
166615,36,36,4,,,
166616,30,30,30,,,
166617,16,16,16,,,
166618,13,24,24,,,
166619,16,16,16,,,
166620,24,16,24,,,
166621,16,30,24,,,
166622,24,24,24,,,
166623,30,30,30,,,
166624,24,24,24,,,
166625,3,10,10,,,
166626,28,28,8,,,
166627,25,16,16,,,
166629,16,16,16,,,
166630,24,24,24,,,
166631,27,10,27,,,
166632,34,34,34,,,
166633,24,24,10,,,
166634,16,16,16,,,
166635,16,16,16,,,
166636,4,4,23,,,
166637,30,30,30,,,
166638,30,30,30,,,
166640,24,24,24,,,
166641,30,30,16,,,
166642,33,2,5,,,
166643,24,24,24,,,
166644,2,2,2,,,
166645,30,30,30,,,
166646,34,34,34,,,
166647,24,30,10,,,
166648,4,8,8,,,
166649,16,16,16,,,
166650,10,2,10,,,
166651,16,16,16,,,
166652,24,16,16,,,
166653,27,27,19,,,
166654,36,36,36,,,
166655,16,16,16,,,
166656,4,4,8,,,
166657,4,24,16,,,
166658,30,30,30,,,
166659,16,16,16,,,
166660,24,24,24,,,
166661,26,26,26,,,
166663,8,4,4,,,
166664,16,16,16,,,
166665,28,28,28,,,
166666,30,30,30,,,
166667,31,24,24,,,
166668,16,16,16,,,
166669,16,16,16,,,
166670,24,10,10,,,
166671,24,24,24,,,
166672,24,24,24,,,
166673,24,24,10,,,
166674,24,24,24,,,
166675,24,24,24,,,
166676,11,10,10,,,
166677,16,16,16,,,
166678,30,24,30,,,
166679,16,16,16,,,
166680,23,4,4,,,
166681,1,16,16,,,
166682,16,16,16,,,
166683,16,16,16,,,
166684,32,10,10,,,
166685,16,24,16,,,
166686,8,28,8,,,
166687,34,24,34,,,
166688,27,24,27,,,
166689,24,16,24,,,
166690,4,4,4,,,
166691,24,24,24,,,
166692,31,24,4,,,
166693,16,16,16,,,
166694,24,24,24,,,
166695,16,16,16,,,
166696,24,16,16,,,
166697,16,16,16,,,
166698,16,16,16,,,
166699,24,10,10,,,
166700,16,16,16,,,
166701,36,36,36,,,
166702,4,4,4,,,
166703,16,16,16,,,
166704,26,30,26,,,
166705,30,30,30,,,
166706,24,36,36,,,
166707,3,26,31,,,
166708,4,23,4,,,
166709,16,16,16,,,
166710,16,10,10,,,
166711,23,23,23,,,
166712,16,16,16,,,
166713,16,16,16,,,
166714,27,24,27,,,
166715,28,28,28,,,
166716,34,34,34,,,
166717,16,16,16,,,
166718,4,4,4,,,
167072,16,16,16,,,
167270,37,4,4,,,
167288,18,24,24,,,
167289,23,23,23,,,
167347,16,16,16,,,
167350,16,16,16,,,
167374,16,16,16,,,
167376,28,28,4,,,
167411,30,30,30,,,
167412,24,28,24,,,
167413,28,28,8,,,
167415,16,16,16,,,
167416,10,10,10,,,
167417,18,16,13,,,
167418,37,2,10,,,
167419,4,36,4,,,
167420,30,30,30,,,
167421,22,5,5,,,
167422,27,27,27,,,
167423,27,27,27,,,
167424,33,2,2,,,
167425,24,24,24,,,
167426,24,16,24,,,
167427,24,24,24,,,
167428,18,16,16,,,
167429,24,24,24,,,
167430,39,28,28,,,
167431,28,28,28,,,
167432,24,24,24,,,
167433,24,24,24,,,
167434,16,16,16,,,
167435,24,24,24,,,
167436,24,36,36,,,
167437,24,28,24,,,
167438,37,5,5,,,
167439,20,20,20,,,
167440,34,34,34,,,
167441,16,16,16,,,
167442,37,10,10,,,
167443,16,16,16,,,
167444,4,23,4,,,
167445,24,30,30,,,
167446,28,28,28,,,
167447,16,16,16,,,
167448,23,30,30,,,
167449,16,16,16,,,
167450,2,10,10,,,
167451,16,16,16,,,
167452,24,24,24,,,
167453,2,20,20,,,
167454,24,24,16,,,
167455,10,24,24,,,
167456,16,16,16,,,
167458,30,30,30,,,
167459,10,24,24,,,
167460,30,24,30,,,
167461,4,16,16,,,
167462,16,16,16,,,
167463,16,16,16,,,
167464,16,30,16,,,
167465,28,26,26,,,
167466,25,16,16,,,
167467,16,16,16,,,
167468,24,24,10,,,
167469,27,10,27,,,
167470,16,16,16,,,
167471,28,28,28,,,
167472,16,16,16,,,
167473,8,8,8,,,
167474,16,24,16,,,
167475,16,16,16,,,
167476,24,16,30,,,
167478,16,16,16,,,
167479,5,5,5,,,
167480,8,8,8,,,
167481,24,24,31,,,
167482,8,4,4,,,
167483,16,16,16,,,
167484,24,24,24,,,
167485,30,30,30,,,
167486,24,16,16,,,
167487,24,24,16,,,
167488,25,16,16,,,
167489,26,26,36,,,
167491,16,24,10,,,
167492,4,24,4,,,
167493,16,16,16,,,
167494,10,30,30,,,
167495,23,23,4,,,
167496,24,24,24,,,
167497,3,4,4,,,
167498,4,4,4,,,
167499,23,38,38,,,
167500,24,30,30,,,
167501,24,24,24,,,
167502,8,28,8,,,
167503,24,24,24,,,
167504,34,34,34,,,
167505,16,16,16,,,
167506,30,28,28,,,
167507,30,30,30,,,
167508,28,28,28,,,
167509,24,24,24,,,
167510,24,24,10,,,
167514,17,16,16,,,
167523,5,5,5,,,
167529,30,30,30,,,
167541,22,2,22,,,
167548,24,24,10,,,
167567,24,24,16,,,
167579,30,30,30,,,
167590,31,24,24,,,
167596,27,16,27,,,
167625,3,10,10,,,
167660,27,27,27,,,
167663,30,16,30,,,
167667,8,8,8,,,
167669,31,30,30,,,
167673,2,2,2,,,
167676,16,16,27,,,
167711,4,27,3,,,
167712,28,28,28,,,
167714,16,24,24,,,
167739,30,30,30,,,
167741,4,4,4,,,
167753,30,30,30,,,
167773,3,4,4,,,
167774,30,24,24,,,
167789,31,24,10,,,
167802,16,16,16,,,
167805,8,8,8,,,
167806,30,30,30,,,
167807,4,2,2,,,
167808,27,16,27,,,
167809,24,34,34,,,
167810,34,20,39,,,
167811,5,5,5,,,
167812,24,24,24,,,
167813,30,10,30,,,
167814,16,16,16,,,
167815,1,30,30,,,
167816,28,28,28,,,
167818,30,30,30,,,
167821,16,16,16,,,
167822,16,16,16,,,
167823,30,30,30,,,
167824,28,28,28,,,
167825,10,37,23,,,
167826,24,10,10,,,
167827,27,24,27,,,
167828,1,16,16,,,
167829,31,30,30,,,
167830,2,2,2,,,
167831,24,16,16,,,
167834,24,30,30,,,
167835,26,26,26,,,
167836,30,30,30,,,
167837,24,16,24,,,
167838,27,24,27,,,
167839,36,36,36,,,
167841,28,8,28,,,
167842,6,26,3,,,
167843,34,34,34,,,
167844,16,16,16,,,
167845,30,30,30,,,
167846,27,27,27,,,
167847,16,16,16,,,
167848,16,16,16,,,
167849,24,30,26,,,
167850,30,30,30,,,
167851,10,16,16,,,
167852,16,16,16,,,
167853,27,16,16,,,
167854,9,34,39,,,
167856,16,16,16,,,
167857,4,4,4,,,
167858,26,36,36,,,
167859,16,16,16,,,
167860,3,4,24,,,
167861,16,16,16,,,
167862,24,24,24,,,
167863,30,30,30,,,
167864,5,5,34,,,
167865,6,30,27,,,
167866,16,16,16,,,
167867,26,26,26,,,
167868,34,34,34,,,
167869,27,27,27,,,
167870,24,24,24,,,
167871,10,30,30,,,
167872,16,16,16,,,
167873,27,27,27,,,
167874,24,24,10,,,
167875,27,10,27,,,
167876,28,24,28,,,
167877,16,16,16,,,
167878,30,30,30,,,
167879,16,16,16,,,
167880,26,26,26,,,
167881,27,16,27,,,
167882,16,16,16,,,
167883,3,27,27,,,
167884,28,28,28,,,
167885,24,24,24,,,
167886,30,30,30,,,
167887,16,16,27,,,
167888,16,16,16,,,
167889,10,36,36,,,
167890,16,16,24,,,
167891,27,27,27,,,
167892,24,16,16,,,
167893,30,4,30,,,
167894,24,24,16,,,
167895,21,5,5,,,
167896,34,34,34,,,
167897,23,24,16,,,
167898,16,16,16,,,
167899,24,24,27,,,
167900,27,27,27,,,
167901,30,30,30,,,
167902,24,13,16,,,
167903,16,16,27,,,
167904,39,2,33,,,
167905,30,30,24,,,
167906,16,16,16,,,
167907,28,28,28,,,
167908,21,10,24,,,
167909,30,30,30,,,
167910,37,5,5,,,
167911,13,24,24,,,
167912,24,16,16,,,
167913,2,2,2,,,
167914,30,30,30,,,
167915,2,10,10,,,
167916,24,10,36,,,
167917,24,10,10,,,
167918,16,16,16,,,
167919,24,24,10,,,
167920,24,24,24,,,
167921,2,2,2,,,
167922,30,30,30,,,
167923,30,30,30,,,
167924,10,10,10,,,
167925,16,16,16,,,
167926,24,24,24,,,
167927,30,30,30,,,
167928,34,34,34,,,
167929,30,30,30,,,
167930,23,24,23,,,
167931,28,28,28,,,
167932,24,24,24,,,
167933,8,8,8,,,
167934,24,24,24,,,
167935,22,23,5,,,
167936,24,24,24,,,
167937,26,30,30,,,
167938,30,30,30,,,
167939,16,16,16,,,
167940,28,28,28,,,
167941,24,24,10,,,
167942,34,34,9,,,
167943,16,16,16,,,
167944,16,16,16,,,
167945,16,16,16,,,
167946,16,16,16,,,
167947,16,16,16,,,
167948,24,30,30,,,
167949,3,4,4,,,
167950,24,24,10,,,
167951,24,16,16,,,
167952,24,16,16,,,
167953,16,16,16,,,
167954,16,16,16,,,
167955,4,26,4,,,
167956,24,16,16,,,
167957,16,16,16,,,
167958,24,24,24,,,
167959,35,24,19,,,
167960,2,30,30,,,
167961,28,28,28,,,
167962,11,19,27,,,
167963,5,5,4,,,
167964,24,24,24,,,
167965,16,16,16,,,
167966,24,16,24,,,
167967,16,16,16,,,
167968,16,16,16,,,
167969,13,24,24,,,
167970,30,30,30,,,
167971,28,28,28,,,
167972,28,28,28,,,
167973,24,24,24,,,
167974,16,16,16,,,
167975,16,16,16,,,
167976,30,30,30,,,
167977,33,2,2,,,
167978,24,16,16,,,
167979,28,28,28,,,
167980,27,16,27,,,
167981,26,26,26,,,
167982,28,28,28,,,
167983,24,16,16,,,
167984,10,24,24,,,
167985,5,5,4,,,
167986,23,23,23,,,
167987,16,16,16,,,
167988,31,26,31,,,
167989,16,16,16,,,
167990,28,28,28,,,
167991,10,10,10,,,
167992,24,24,24,,,
167993,39,34,34,,,
167994,31,30,30,,,
167995,31,31,31,,,
167996,24,24,10,,,
167997,30,30,30,,,
167998,4,4,4,,,
167999,24,16,24,,,
168000,9,39,39,,,
168001,30,30,30,,,
168002,16,16,16,,,
168003,8,28,28,,,
168004,24,24,24,,,
168005,16,16,16,,,
168006,16,16,16,,,
168007,6,16,16,,,
168008,34,34,34,,,
168009,13,27,27,,,
168010,2,2,2,,,
168011,16,16,16,,,
168012,24,24,24,,,
168013,11,34,34,,,
168014,24,24,24,,,
168015,16,16,16,,,
168016,27,24,27,,,
168017,30,30,30,,,
168018,10,10,10,,,
168019,24,24,24,,,
168020,16,16,16,,,
168021,28,28,28,,,
168022,16,16,16,,,
168023,24,24,24,,,
168024,24,24,24,,,
168025,27,16,27,,,
168026,24,16,16,,,
168027,17,16,16,,,
168028,16,16,16,,,
168029,27,16,27,,,
168030,24,24,24,,,
168031,24,24,24,,,
168032,10,10,10,,,
168033,20,20,20,,,
168034,16,16,16,,,
168035,30,30,30,,,
168036,6,31,16,,,
168037,16,16,16,,,
168038,16,16,16,,,
168039,16,16,16,,,
168040,5,9,34,,,
168041,24,24,24,,,
168042,4,26,4,,,
168043,24,30,10,,,
168044,13,24,24,,,
168045,36,36,36,,,
168046,24,16,16,,,
168047,8,8,8,,,
168418,20,20,20,,,
168425,36,36,36,,,
168505,24,5,24,,,
168581,16,16,16,,,
168597,26,26,26,,,
168662,24,16,16,,,
168669,10,24,24,,,
168683,28,8,8,,,
168688,7,16,24,,,
168696,13,10,10,,,
168713,38,38,38,,,
168717,16,16,16,,,
168735,22,2,2,,,
168752,31,24,24,,,
168754,23,23,23,,,
168755,16,16,16,,,
168758,31,4,5,,,
168759,31,30,30,,,
168760,24,4,4,,,
168761,7,16,16,,,
168762,16,16,16,,,
168763,5,5,5,,,
168765,5,5,5,,,
168766,28,28,28,,,
168767,34,28,28,,,
168768,30,30,30,,,
168769,16,16,16,,,
168772,16,16,16,,,
168773,24,24,24,,,
168774,38,38,38,,,
168775,16,16,16,,,
168776,8,8,8,,,
168777,20,34,20,,,
168778,5,24,24,,,
168779,24,24,16,,,
168781,27,16,27,,,
168782,24,16,24,,,
168783,24,28,28,,,
168784,16,16,16,,,
168785,4,4,4,,,
168786,31,24,30,,,
168788,23,23,23,,,
168789,16,30,16,,,
168790,16,16,16,,,
168791,20,28,20,,,
168792,16,16,16,,,
168793,16,16,26,,,
168794,26,26,19,,,
168795,24,24,27,,,
168796,26,5,26,,,
168797,24,24,16,,,
168798,18,16,16,,,
168799,28,28,28,,,
168800,31,24,24,,,
168801,24,24,34,,,
168802,24,16,16,,,
168803,5,4,4,,,
168804,28,24,24,,,
168805,24,24,24,,,
168806,27,24,27,,,
168807,33,2,2,,,
168808,16,16,16,,,
168809,27,5,8,,,
168810,16,16,16,,,
168811,16,16,16,,,
168812,5,28,28,,,
168813,24,30,30,,,
168814,13,34,34,,,
168815,30,30,30,,,
168816,26,24,26,,,
168817,4,4,8,,,
168818,16,16,16,,,
168819,27,16,16,,,
168820,16,16,16,,,
168821,34,34,34,,,
168822,30,30,30,,,
168823,13,24,24,,,
168824,5,5,23,,,
168825,24,24,10,,,
168826,19,19,19,,,
168827,19,5,8,,,
168828,5,5,8,,,
168829,16,16,16,,,
168830,16,16,16,,,
168831,26,26,26,,,
168832,6,16,16,,,
168833,24,16,16,,,
168834,30,30,30,,,
168835,16,16,16,,,
168836,36,10,36,,,
168837,24,24,24,,,
168838,24,24,24,,,
168839,16,16,16,,,
168840,24,24,30,,,
168841,16,16,16,,,
168842,14,2,2,,,
168843,24,24,24,,,
168844,3,30,30,,,
168845,24,16,16,,,
168846,2,2,2,,,
168847,24,24,24,,,
168848,24,24,24,,,
168849,28,28,28,,,
168850,24,10,10,,,
168879,24,24,24,,,
168880,24,24,24,,,
168895,34,34,34,,,
168929,2,10,10,,,
168949,2,2,22,,,
168950,24,26,26,,,
168958,10,24,24,,,
168964,16,16,16,,,
168966,16,16,16,,,
168968,24,10,10,,,
168970,10,10,10,,,
168971,20,34,20,,,
168981,5,24,24,,,
168984,30,30,16,,,
168997,20,20,20,,,
169018,24,16,16,,,
169023,16,16,16,,,
169024,36,36,36,,,
169031,16,16,16,,,
169046,24,24,24,,,
169062,18,28,28,,,
169064,4,16,27,,,
169068,30,30,30,,,
169086,16,16,16,,,
169102,24,34,34,,,
169116,26,26,26,,,
169118,3,4,8,,,
169119,10,10,10,,,
169120,27,16,27,,,
169121,8,5,8,,,
169122,34,34,34,,,
169123,5,5,4,,,
169124,16,30,16,,,
169125,16,16,16,,,
169126,13,10,10,,,
169128,3,26,4,,,
169129,24,24,24,,,
169130,3,26,26,,,
169131,1,30,30,,,
169132,36,34,34,,,
169133,31,24,31,,,
169134,28,28,28,,,
169135,25,16,16,,,
169136,5,5,5,,,
169137,23,23,4,,,
169138,16,16,16,,,
169139,24,16,16,,,
169140,24,16,16,,,
169141,10,30,30,,,
169142,24,24,24,,,
169143,34,34,34,,,
169144,16,16,16,,,
169146,16,16,16,,,
169147,30,30,30,,,
169149,16,16,16,,,
169150,28,28,28,,,
169151,30,30,30,,,
169152,24,24,24,,,
169153,34,34,34,,,
169154,30,30,30,,,
169156,24,24,24,,,
169157,23,23,4,,,
169158,27,27,27,,,
169159,34,26,39,,,
169160,34,34,34,,,
169161,33,2,2,,,
169162,20,20,20,,,
169163,34,34,20,,,
169164,27,16,16,,,
169165,8,8,8,,,
169166,24,24,24,,,
169167,24,16,16,,,
169168,24,24,24,,,
169169,39,34,39,,,
169170,16,16,16,,,
169171,6,24,37,,,
169172,30,30,30,,,
169173,39,34,39,,,
169174,24,24,24,,,
169175,24,16,24,,,
169177,34,34,34,,,
169178,30,30,30,,,
169179,34,24,24,,,
169180,24,24,10,,,
169181,16,24,16,,,
169182,23,24,4,,,
169183,16,16,16,,,
169184,24,24,24,,,
169186,16,16,16,,,
169187,30,30,30,,,
169188,30,30,30,,,
169189,5,2,19,,,
169190,4,4,8,,,
169191,24,36,36,,,
169192,26,24,26,,,
169193,5,37,5,,,
169194,30,30,30,,,
169195,10,16,24,,,
169196,30,30,30,,,
169197,16,16,16,,,
169198,16,16,16,,,
169199,26,26,26,,,
169200,24,16,16,,,
169201,22,10,23,,,
169202,28,28,28,,,
169203,16,16,16,,,
169204,24,24,10,,,
169205,34,34,34,,,
169206,16,16,16,,,
169207,27,16,16,,,
169208,26,26,26,,,
169209,8,4,4,,,
169210,26,16,26,,,
169211,26,26,26,,,
169212,28,28,28,,,
169213,24,24,24,,,
169214,24,24,24,,,
169215,24,24,24,,,
169216,24,24,24,,,
169217,3,4,4,,,
169218,24,30,10,,,
169219,16,16,16,,,
169220,30,30,30,,,
169221,30,30,30,,,
169222,9,34,34,,,
169223,24,30,31,,,
169224,16,16,16,,,
169225,28,28,28,,,
169226,30,28,16,,,
169227,30,30,30,,,
169228,30,30,30,,,
169229,24,16,16,,,
169230,30,30,30,,,
169231,20,34,20,,,
169232,1,16,16,,,
169233,24,24,24,,,
169234,27,16,27,,,
169235,16,16,16,,,
169236,3,26,38,,,
169237,24,28,28,,,
169238,16,16,16,,,
169239,24,26,26,,,
169240,5,5,5,,,
169241,24,26,31,,,
169242,30,30,30,,,
169243,10,30,10,,,
169244,24,16,24,,,
169245,30,30,30,,,
169246,8,10,34,,,
169247,36,36,36,,,
169248,24,30,30,,,
169249,16,16,16,,,
169250,4,4,4,,,
169252,30,30,30,,,
169253,4,4,4,,,
169254,24,16,16,,,
169255,24,24,24,,,
169256,7,24,24,,,
169257,27,16,16,,,
169258,16,16,16,,,
169259,24,16,16,,,
169260,24,24,24,,,
169262,4,4,4,,,
169263,16,16,16,,,
169264,19,30,24,,,
169265,28,28,28,,,
169266,6,16,16,,,
169267,5,19,19,,,
169268,24,24,24,,,
169269,4,4,4,,,
169270,16,16,16,,,
169271,16,16,16,,,
169272,24,24,24,,,
169273,24,24,24,,,
169274,24,24,24,,,
169275,24,16,16,,,
169276,16,16,16,,,
169277,26,26,26,,,
169278,24,24,24,,,
169279,16,16,16,,,
169280,17,16,16,,,
169281,16,16,16,,,
169282,24,24,16,,,
169283,37,10,10,,,
169284,27,10,10,,,
169285,24,24,24,,,
169286,28,8,8,,,
169287,30,30,30,,,
169288,26,26,26,,,
169289,16,16,16,,,
169290,16,16,16,,,
169291,24,24,24,,,
169292,27,24,10,,,
169293,16,16,16,,,
169294,16,16,16,,,
169295,16,16,16,,,
169297,16,16,16,,,
169298,28,28,28,,,
169299,24,24,24,,,
169300,16,16,16,,,
169301,24,24,24,,,
169302,2,2,33,,,
169303,5,5,5,,,
169304,31,24,10,,,
169305,24,16,16,,,
169306,18,24,24,,,
169307,16,16,16,,,
169308,23,4,4,,,
169309,16,16,16,,,
169310,30,30,30,,,
169311,16,16,16,,,
169312,16,16,16,,,
169313,24,24,24,,,
169314,16,16,16,,,
169315,2,2,2,,,
169316,5,5,5,,,
169317,24,24,24,,,
169318,24,16,16,,,
169319,28,28,28,,,
169320,28,28,28,,,
169321,27,34,5,,,
169322,26,36,36,,,
169323,24,16,16,,,
169324,27,16,27,,,
169325,16,16,16,,,
169326,23,24,10,,,
169327,24,24,24,,,
169328,34,34,9,,,
169329,22,23,37,,,
169330,16,16,16,,,
169331,36,36,36,,,
169332,30,30,30,,,
169333,24,30,30,,,
169334,16,16,16,,,
169335,30,30,30,,,
169336,16,16,16,,,
169337,24,24,24,,,
169338,4,16,16,,,
169339,24,24,24,,,
169340,10,30,30,,,
169341,4,24,16,,,
169342,1,8,8,,,
