node_id,x,y,label,model,method
81941,0.5053683,-2.6332488,3,GCN,PCA
111512,1.6893194,-1.2438883,24,GCN,PCA
134673,3.134481,1.000385,16,GCN,PCA
122719,2.7830894,0.324687,16,GCN,PCA
34799,2.5447478,-0.7674136,26,GCN,PCA
105582,-2.001248,-1.7062681,4,GCN,PCA
90762,3.7946823,1.4181187,16,GCN,PCA
162949,-3.7976654,-0.018194199,28,GCN,PCA
85814,2.7986126,-0.8199749,24,GCN,PCA
106627,0.46564907,-1.9118793,24,GCN,PCA
145234,0.89108974,-1.6133249,30,GCN,PCA
153136,-4.8096075,0.0022633076,28,GCN,PCA
151750,1.4182017,-1.8169246,37,GCN,PCA
158835,-5.303233,2.873018,26,GCN,PCA
8373,-0.84345603,-1.5452433,24,GCN,PCA
31638,2.711884,0.58749676,24,GCN,PCA
66095,2.753526,0.6647408,5,GCN,PCA
30762,-2.4032984,-0.9893328,5,GCN,PCA
157638,-0.6621238,-2.6790464,23,GCN,PCA
148134,2.4980445,-0.61795044,10,GCN,PCA
100041,-1.8319952,-1.9420986,5,GCN,PCA
151788,2.6619408,0.63488054,16,GCN,PCA
18215,3.5174034,2.656514,16,GCN,PCA
94261,2.1536517,-1.4031235,30,GCN,PCA
131939,-1.9878681,-3.4639966,34,GCN,PCA
131726,4.09246,1.9564645,16,GCN,PCA
126976,4.225873,3.6513054,16,GCN,PCA
167017,2.089091,-0.37028718,24,GCN,PCA
63010,-5.2967896,0.43091202,28,GCN,PCA
140607,-0.5747428,-3.3799136,34,GCN,PCA
134084,-8.409318,5.364092,29,GCN,PCA
6095,2.7278268,-0.7049928,30,GCN,PCA
55609,4.7302427,2.7895086,16,GCN,PCA
37125,-1.5574465,-2.017021,20,GCN,PCA
17382,-0.3274298,4.3505344,28,GCN,PCA
155290,-6.673902,3.5465891,8,GCN,PCA
38603,2.6183634,-0.06209874,16,GCN,PCA
168694,-1.8227675,-3.4584658,34,GCN,PCA
83038,-5.216838,1.7683108,28,GCN,PCA
62745,0.9157304,-3.1725519,23,GCN,PCA
155202,2.42506,-0.6204746,30,GCN,PCA
151031,-2.0074742,-0.93478954,18,GCN,PCA
61379,2.269012,1.803047,16,GCN,PCA
26402,1.9297552,0.41538072,16,GCN,PCA
31731,2.2174153,-0.021081448,16,GCN,PCA
165303,0.7285095,-3.1868498,24,GCN,PCA
23508,-7.044411,4.0522995,28,GCN,PCA
128680,2.7757704,1.0037944,16,GCN,PCA
8282,1.9618454,-0.6281264,16,GCN,PCA
54312,1.6416855,-1.845141,24,GCN,PCA
60535,0.7044682,-2.6509128,2,GCN,PCA
43530,1.3821945,-1.3877189,24,GCN,PCA
85445,3.4637663,-0.025289297,24,GCN,PCA
168578,1.0829947,-2.3223104,24,GCN,PCA
118912,-1.3925571,-2.4455895,34,GCN,PCA
5891,2.172836,1.0677228,16,GCN,PCA
142059,0.75930387,-2.423387,10,GCN,PCA
137653,5.5290384,2.0849712,16,GCN,PCA
73364,-0.18278027,-4.5040307,2,GCN,PCA
119542,-1.0156153,-2.2759278,27,GCN,PCA
55665,2.146418,0.41134763,16,GCN,PCA
48645,-7.411104,3.475899,5,GCN,PCA
97223,2.1088636,1.3283255,24,GCN,PCA
165768,0.6749374,-0.19869447,3,GCN,PCA
97568,-5.2703123,2.7771862,8,GCN,PCA
62474,2.7612898,2.4601429,13,GCN,PCA
136039,2.170671,0.6320627,27,GCN,PCA
147876,-1.2137859,-3.5054364,9,GCN,PCA
120681,-1.4183106,-2.8156939,34,GCN,PCA
2465,-0.7871733,0.73140645,27,GCN,PCA
36456,7.4324493,6.4629555,16,GCN,PCA
29955,3.9825575,1.3247163,16,GCN,PCA
97379,-0.11034444,2.9762614,28,GCN,PCA
65559,1.0427225,-1.2554597,16,GCN,PCA
14864,-2.7791328,-2.0754182,19,GCN,PCA
54422,-2.299982,-2.1691453,34,GCN,PCA
111649,1.6860049,-1.2733337,10,GCN,PCA
91226,-0.58653337,-1.4195879,5,GCN,PCA
143538,2.2748182,-0.7936512,24,GCN,PCA
160549,-1.341511,-4.9166102,2,GCN,PCA
86717,1.086695,-0.57985735,16,GCN,PCA
138815,6.8836317,2.7278454,30,GCN,PCA
44914,1.4004645,-1.1174242,3,GCN,PCA
17199,0.16165954,-2.0081425,24,GCN,PCA
16639,3.3027186,0.30984116,16,GCN,PCA
127875,-2.7039647,-0.66113687,37,GCN,PCA
99676,0.14747435,0.09127498,5,GCN,PCA
4133,-1.5471444,-3.2565587,20,GCN,PCA
88383,-5.0240884,-2.3826466,36,GCN,PCA
155668,-1.1227751,1.4338691,24,GCN,PCA
102731,-2.1673493,-3.1773567,2,GCN,PCA
131305,-5.1400776,0.334414,28,GCN,PCA
129944,-0.7670536,-4.6616554,36,GCN,PCA
46941,3.683612,1.5418599,16,GCN,PCA
105494,-2.7575657,-2.9977627,34,GCN,PCA
31118,1.6586995,-0.42406535,16,GCN,PCA
118432,4.992565,3.9290116,25,GCN,PCA
102188,-3.4066837,0.20436692,8,GCN,PCA
108093,21.084702,18.291094,16,GCN,PCA
56778,2.089848,-2.0844355,24,GCN,PCA
96231,-2.082635,-1.8705964,21,GCN,PCA
124462,-7.0764303,3.4237802,28,GCN,PCA
95868,2.5519137,-3.2379556,10,GCN,PCA
139862,-7.2761216,4.179428,5,GCN,PCA
66482,3.0967526,0.98081326,24,GCN,PCA
79272,1.2525988,-1.589537,30,GCN,PCA
8070,-3.0789704,1.1706429,28,GCN,PCA
9554,12.18019,9.223263,16,GCN,PCA
93995,-0.30002475,-1.6562995,26,GCN,PCA
137832,-1.4779141,-2.2183514,16,GCN,PCA
79164,1.1411331,-2.8659265,26,GCN,PCA
55557,-2.7763524,-2.124785,9,GCN,PCA
88713,6.903836,2.5951002,24,GCN,PCA
113655,6.427846,4.20949,24,GCN,PCA
33287,-0.4682986,-4.629455,22,GCN,PCA
1052,-0.055544317,-5.2768946,2,GCN,PCA
26377,-0.98907197,-1.924983,23,GCN,PCA
81979,3.7952373,1.5591071,30,GCN,PCA
164078,-2.6959286,0.110569954,8,GCN,PCA
62502,-1.180273,-4.0709715,10,GCN,PCA
124354,-2.2874217,-3.907297,5,GCN,PCA
110445,4.044865,2.739483,16,GCN,PCA
71892,-2.099418,-4.6821337,20,GCN,PCA
67867,-10.288937,4.501339,28,GCN,PCA
109263,2.1480057,0.6418989,24,GCN,PCA
31338,-2.1006036,-4.2394676,36,GCN,PCA
96629,-4.1540613,0.73981524,29,GCN,PCA
9737,0.58089525,-1.9880457,27,GCN,PCA
157395,3.205922,0.08699298,30,GCN,PCA
31331,4.838414,1.3375037,24,GCN,PCA
114683,0.8959494,0.10664368,16,GCN,PCA
151598,-0.37008554,-3.980155,2,GCN,PCA
53037,5.167092,2.0442045,24,GCN,PCA
77035,-3.2374163,-0.5366533,8,GCN,PCA
96413,-2.4815493,-1.790325,4,GCN,PCA
144620,-1.2819378,-0.93997073,28,GCN,PCA
118154,3.93172,3.8873293,16,GCN,PCA
146697,-4.3937836,0.93789005,28,GCN,PCA
136223,-1.1134535,-1.588409,24,GCN,PCA
9725,3.7375476,2.6523416,16,GCN,PCA
124571,-0.98921645,-1.9392483,3,GCN,PCA
43111,-6.8148456,4.1219807,28,GCN,PCA
103894,4.507898,1.8260143,16,GCN,PCA
139150,1.5031457,-2.6920376,10,GCN,PCA
113800,1.6329834,0.01019907,24,GCN,PCA
9143,-4.6750636,1.6120665,8,GCN,PCA
11287,-2.309709,-2.3539686,20,GCN,PCA
17442,1.0483875,-4.3956676,2,GCN,PCA
119372,3.4237607,-0.30976796,30,GCN,PCA
152771,-0.06377748,-1.951232,31,GCN,PCA
148090,3.7901585,1.2388117,16,GCN,PCA
25202,-3.636885,-1.5000266,37,GCN,PCA
15945,-1.9388175,-0.9595612,28,GCN,PCA
137823,3.918091,1.3370011,16,GCN,PCA
125893,-1.8624363,-2.8508408,28,GCN,PCA
123561,5.9630723,4.442608,16,GCN,PCA
32567,-2.2736356,-2.4306204,34,GCN,PCA
16168,3.8474824,-1.9676635,24,GCN,PCA
20372,-0.15989557,-0.15645123,7,GCN,PCA
125516,3.8406575,0.21535563,24,GCN,PCA
153229,4.858274,2.9359143,16,GCN,PCA
139951,0.24757123,-1.5695314,6,GCN,PCA
11083,-5.052986,1.704437,28,GCN,PCA
22535,0.3503077,-2.8088515,23,GCN,PCA
86800,2.080387,0.11631894,13,GCN,PCA
160678,1.2461212,-1.0174652,30,GCN,PCA
38939,-0.9494078,-3.3859801,3,GCN,PCA
64115,-1.4418788,-2.7788744,34,GCN,PCA
17650,3.0340803,0.6728015,16,GCN,PCA
57329,2.1086023,-0.5288348,31,GCN,PCA
80137,0.17791879,-3.128505,5,GCN,PCA
151080,2.5803325,2.0806386,16,GCN,PCA
168148,-3.1086717,-4.634446,34,GCN,PCA
32398,-2.0983253,-3.3020155,34,GCN,PCA
68589,-2.1485827,-0.26577854,28,GCN,PCA
82161,2.619832,1.0546818,17,GCN,PCA
160339,0.40172344,1.3127415,13,GCN,PCA
149487,2.1690516,0.13688278,24,GCN,PCA
112186,-8.271612,5.009905,8,GCN,PCA
88744,-1.0701401,-2.0651636,13,GCN,PCA
153327,-0.30918533,-1.4140295,24,GCN,PCA
87886,-5.2644343,2.3566082,8,GCN,PCA
54258,1.5838051,-1.465299,30,GCN,PCA
143574,4.4363503,0.9880705,30,GCN,PCA
48932,1.9928467,-0.46612358,4,GCN,PCA
122774,2.7441676,-1.1796863,26,GCN,PCA
168426,-0.07382429,-2.0913098,34,GCN,PCA
86665,-4.357087,1.5980756,8,GCN,PCA
40683,-4.9688206,1.3112109,28,GCN,PCA
33487,-4.086975,-0.45084238,28,GCN,PCA
132577,-2.3983266,-4.851045,2,GCN,PCA
64145,1.2028999,-1.0771929,26,GCN,PCA
146855,-2.0843139,-3.6446145,34,GCN,PCA
76979,-5.601591,1.9247086,28,GCN,PCA
123909,1.393878,-1.8276609,30,GCN,PCA
113819,-6.259252,3.0332139,28,GCN,PCA
130360,2.653885,-0.04748416,30,GCN,PCA
36432,-6.6629276,3.2332823,28,GCN,PCA
98140,-2.5659528,-0.516551,0,GCN,PCA
100674,-2.4127133,-3.773717,20,GCN,PCA
91363,0.5021507,4.58936,28,GCN,PCA
64328,-2.445426,-1.4654174,8,GCN,PCA
20391,3.8587701,2.0575712,16,GCN,PCA
82923,4.525696,2.1030042,1,GCN,PCA
31180,1.5034075,-0.6316092,24,GCN,PCA
65221,2.7673647,1.0936708,16,GCN,PCA
42390,1.5378692,-1.40085,24,GCN,PCA
159802,-0.83957493,-3.9959264,2,GCN,PCA
163111,0.9984434,-2.9888985,37,GCN,PCA
32433,4.2529397,1.9004219,16,GCN,PCA
97940,-1.1045231,-5.0820336,2,GCN,PCA
50375,-2.0585434,-2.258705,4,GCN,PCA
1799,4.1660895,0.7080257,30,GCN,PCA
92346,9.615837,7.194165,16,GCN,PCA
59109,1.3173814,-0.15977907,26,GCN,PCA
138941,-5.1711154,0.6857655,4,GCN,PCA
168538,-0.5740918,-4.0116367,10,GCN,PCA
56484,-1.3649507,-0.1308403,15,GCN,PCA
97442,-2.2492297,-2.6996047,9,GCN,PCA
139770,-7.324974,3.2071922,28,GCN,PCA
168444,-11.293939,7.310397,8,GCN,PCA
17551,16.033936,8.535613,30,GCN,PCA
123107,7.178623,7.469037,16,GCN,PCA
55211,3.581279,1.4275672,16,GCN,PCA
7385,-1.0367444,-4.0144234,2,GCN,PCA
44358,4.105256,1.1436217,30,GCN,PCA
162461,-4.8166575,-1.7651867,34,GCN,PCA
29173,2.216249,0.33075857,16,GCN,PCA
125445,3.9667237,1.8538764,24,GCN,PCA
48629,-0.507512,-3.6905222,10,GCN,PCA
7776,-1.384953,-4.1791725,34,GCN,PCA
18682,-6.1364346,2.7183168,27,GCN,PCA
1418,-1.13374,-3.801899,34,GCN,PCA
93922,2.7925477,0.77241254,24,GCN,PCA
24785,-15.816613,13.683594,28,GCN,PCA
71873,-2.0824041,-1.8560927,33,GCN,PCA
39093,3.9535758,1.613344,24,GCN,PCA
16101,-8.260222,5.4481726,28,GCN,PCA
139510,-10.812535,7.5999613,8,GCN,PCA
159172,-6.569357,3.2317007,28,GCN,PCA
114198,-0.77917355,-3.099707,34,GCN,PCA
74391,6.6990414,3.9870846,16,GCN,PCA
22019,-1.4851303,-3.1448689,33,GCN,PCA
94529,4.635311,1.5923998,16,GCN,PCA
99101,0.36961716,0.6250808,24,GCN,PCA
34889,5.2339797,1.3924954,24,GCN,PCA
143539,-0.92021406,-2.240412,20,GCN,PCA
132702,15.394969,14.51643,16,GCN,PCA
24679,8.491812,2.2320578,30,GCN,PCA
6698,2.454336,-0.94881773,6,GCN,PCA
60084,2.76324,2.3227384,16,GCN,PCA
142354,-0.67790097,-2.3476486,24,GCN,PCA
41289,-7.5099454,4.399516,28,GCN,PCA
126045,0.7629903,3.272981,16,GCN,PCA
50281,0.03338355,-1.4131144,13,GCN,PCA
114598,-1.9827588,-1.4884645,10,GCN,PCA
53807,-1.1796899,-2.2038908,3,GCN,PCA
70444,-13.746173,9.4818735,28,GCN,PCA
76083,-3.5703335,-0.38013268,8,GCN,PCA
43591,1.3852224,-0.33296895,24,GCN,PCA
85831,-2.8458488,-1.6096739,5,GCN,PCA
57585,5.9079924,0.22514129,24,GCN,PCA
60341,-0.22710589,0.091356516,27,GCN,PCA
10093,-5.4437327,0.36632156,28,GCN,PCA
68900,-6.026677,2.958933,8,GCN,PCA
136208,3.0094488,-0.26648545,3,GCN,PCA
43344,1.3472893,-4.2500033,36,GCN,PCA
125632,5.0215955,3.792126,16,GCN,PCA
112794,3.5305307,2.55488,16,GCN,PCA
151218,5.5013866,4.6129866,16,GCN,PCA
109503,-3.5143285,-3.6041512,28,GCN,PCA
18464,1.9209726,-0.10255456,13,GCN,PCA
145904,1.831049,-0.093090534,16,GCN,PCA
16174,-0.8646384,-5.861463,2,GCN,PCA
78629,-3.5657427,-0.55877614,28,GCN,PCA
47829,5.382953,2.6299236,24,GCN,PCA
8519,7.7093782,5.0851984,16,GCN,PCA
155567,2.8422432,-0.044642925,24,GCN,PCA
136752,7.591175,1.711386,10,GCN,PCA
166687,0.10536313,-1.5963728,34,GCN,PCA
24714,3.542987,2.8603275,16,GCN,PCA
66020,-0.6608494,-3.3178997,24,GCN,PCA
162830,-3.2800171,-1.8217487,5,GCN,PCA
146401,0.9731137,0.4935789,16,GCN,PCA
82422,-2.6885478,1.388057,26,GCN,PCA
4613,1.0100989,-0.40276337,33,GCN,PCA
80487,-8.2756605,5.1185427,8,GCN,PCA
145941,-2.2065423,-2.0510807,18,GCN,PCA
130968,-5.4349823,1.9974716,28,GCN,PCA
46926,-8.54428,5.4615803,8,GCN,PCA
166381,4.1858706,2.379367,16,GCN,PCA
126426,1.309648,-0.4041512,24,GCN,PCA
90265,-0.80187017,-2.1415713,24,GCN,PCA
77434,2.378082,-0.36354494,31,GCN,PCA
38641,-5.6128383,2.5714757,8,GCN,PCA
121007,1.3147769,-0.7183008,26,GCN,PCA
140541,1.3493745,-7.2177677,2,GCN,PCA
89571,0.3931324,-2.2031443,30,GCN,PCA
9267,3.726168,0.76346946,23,GCN,PCA
146254,-0.7456435,-5.0861425,22,GCN,PCA
3911,-0.87103015,-2.146191,4,GCN,PCA
49529,-1.5196183,-1.4460449,5,GCN,PCA
14641,-2.3686204,-3.6223054,2,GCN,PCA
12406,0.56013125,-1.0296968,26,GCN,PCA
137568,-4.476809,2.494889,28,GCN,PCA
116495,-0.54755694,-3.4183993,2,GCN,PCA
142018,1.6055887,-0.44291544,24,GCN,PCA
163085,-0.9920194,-3.2644694,15,GCN,PCA
10932,-4.462256,0.9504552,28,GCN,PCA
254,-1.1730638,-3.2945254,39,GCN,PCA
119167,0.6779869,-1.0806191,26,GCN,PCA
1312,1.1288764,-0.31973982,24,GCN,PCA
47430,3.7693317,-0.057501554,30,GCN,PCA
156156,-1.1265218,-2.9094048,30,GCN,PCA
119851,3.096634,-2.9900365,10,GCN,PCA
85122,-4.671815,0.3958814,28,GCN,PCA
164663,2.8044796,0.7294023,25,GCN,PCA
114850,-5.255304,1.5539048,28,GCN,PCA
165819,-6.8060055,3.2417562,8,GCN,PCA
53490,-1.7941227,-3.596231,33,GCN,PCA
11384,1.6891925,-1.2456993,24,GCN,PCA
107596,1.9137318,-1.3146988,30,GCN,PCA
93488,-2.0142007,-4.21727,9,GCN,PCA
91488,-5.53596,2.7895486,18,GCN,PCA
60856,3.232863,2.2688138,6,GCN,PCA
137080,0.6801674,-1.4494526,24,GCN,PCA
142972,-0.3138359,-2.8261764,24,GCN,PCA
34665,-1.22908,-3.1314166,34,GCN,PCA
113584,3.2381084,0.44771957,24,GCN,PCA
15786,1.7001357,-0.8382449,24,GCN,PCA
70545,-1.2451934,-3.6157272,34,GCN,PCA
121201,4.9479837,3.5510414,16,GCN,PCA
22820,1.1191745,-1.7459595,30,GCN,PCA
50559,-0.76136076,1.1406755,19,GCN,PCA
136149,1.3921971,0.8795643,23,GCN,PCA
51475,2.9581194,0.15287209,26,GCN,PCA
168950,2.9293003,0.61167,24,GCN,PCA
25553,0.7752705,2.0504968,15,GCN,PCA
95587,3.2047143,0.38822865,16,GCN,PCA
137040,2.1543684,-1.2206866,24,GCN,PCA
82012,-1.6028161,-2.7038367,29,GCN,PCA
69251,-2.4416022,2.7842128,28,GCN,PCA
94470,-5.3271294,2.659076,28,GCN,PCA
21926,-2.108483,-3.381229,34,GCN,PCA
32627,0.41448438,0.45142508,31,GCN,PCA
20143,0.36231923,-1.7613027,20,GCN,PCA
34413,-7.8168,3.5110795,19,GCN,PCA
54580,-7.58503,4.0911493,28,GCN,PCA
162391,-8.744328,4.945237,28,GCN,PCA
65445,0.83077794,-1.060785,24,GCN,PCA
43269,-1.3984601,-3.1657472,37,GCN,PCA
48253,-4.2875905,2.47989,6,GCN,PCA
13221,-0.22876754,-0.7595906,15,GCN,PCA
122839,1.9063351,-0.88916945,30,GCN,PCA
66418,-2.4538238,-0.16823316,24,GCN,PCA
4376,8.530165,0.4923985,13,GCN,PCA
11031,0.17051923,-0.5590253,37,GCN,PCA
156952,-0.93082964,-3.3566303,34,GCN,PCA
5368,-2.331267,-3.707351,20,GCN,PCA
138789,1.2979543,-1.4304322,26,GCN,PCA
151403,-7.3082743,3.7498639,28,GCN,PCA
101370,1.5316811,-2.7828524,10,GCN,PCA
81741,0.27852786,-1.2228885,24,GCN,PCA
135804,-1.7882285,-3.2969925,34,GCN,PCA
125849,-1.9320128,-3.91498,34,GCN,PCA
16667,-2.596666,1.2602613,19,GCN,PCA
28748,-9.128238,5.8275604,28,GCN,PCA
45246,-0.19606692,-1.0159897,26,GCN,PCA
47350,1.1036143,-0.99826384,10,GCN,PCA
24357,3.7265627,1.8898528,16,GCN,PCA
57999,2.1575162,1.6672676,16,GCN,PCA
125543,-8.961433,6.1528683,28,GCN,PCA
29765,-3.295998,0.08052659,19,GCN,PCA
497,3.7457817,1.583996,24,GCN,PCA
63364,-1.9449286,-5.79249,36,GCN,PCA
64598,0.59378844,-1.5372329,30,GCN,PCA
12970,-1.6214826,-3.4180703,9,GCN,PCA
136154,-2.65473,-2.606567,10,GCN,PCA
163899,1.2168725,-1.1843396,30,GCN,PCA
101762,-0.15389326,-1.912036,24,GCN,PCA
147941,-0.26523638,-3.8312883,36,GCN,PCA
104285,1.9418015,0.6316283,37,GCN,PCA
98533,1.8107686,-1.5504053,30,GCN,PCA
48228,4.0376663,4.4752455,16,GCN,PCA
71022,0.0015786886,0.6269374,27,GCN,PCA
92279,-4.9973645,1.4802411,28,GCN,PCA
85941,2.4718542,0.67734265,16,GCN,PCA
129564,-0.8410482,-3.39348,4,GCN,PCA
53479,3.0244503,0.2688477,30,GCN,PCA
15220,-6.523409,2.3614943,28,GCN,PCA
71846,-10.782069,1.8435552,28,GCN,PCA
143705,-1.7921541,-0.5869813,24,GCN,PCA
80069,1.5504072,-1.5275931,24,GCN,PCA
39554,-9.4155655,7.9628773,28,GCN,PCA
77697,-2.0660698,-2.099713,5,GCN,PCA
34745,-1.2148855,-4.0447392,33,GCN,PCA
124626,-0.93514717,-2.705506,27,GCN,PCA
51584,-2.50328,-3.0656495,34,GCN,PCA
156319,-7.2563853,2.968016,28,GCN,PCA
169006,3.302598,3.5569665,16,GCN,PCA
120179,2.1111488,-0.6685145,30,GCN,PCA
157422,3.4001083,1.6070697,24,GCN,PCA
800,-0.22641394,-2.310034,24,GCN,PCA
148114,2.9387524,-0.19674134,16,GCN,PCA
7113,0.8695864,-0.95696187,6,GCN,PCA
101610,-0.56423306,-0.35894346,24,GCN,PCA
120017,1.0418684,-1.4679072,26,GCN,PCA
11997,-1.5754285,-2.0255542,36,GCN,PCA
6511,0.4831056,-1.7481662,38,GCN,PCA
114357,3.9179294,0.7700732,30,GCN,PCA
49282,3.1343358,2.3986123,16,GCN,PCA
99923,-0.39152026,-5.212096,2,GCN,PCA
50683,-0.5092394,-1.4307507,38,GCN,PCA
35365,-2.537677,-4.014085,20,GCN,PCA
100588,-1.00228,-3.62042,23,GCN,PCA
96672,3.9585927,0.82955885,16,GCN,PCA
116680,2.4612381,1.4290469,10,GCN,PCA
27178,-5.3996725,1.2620437,28,GCN,PCA
160160,9.104877,6.8942585,31,GCN,PCA
31977,3.890568,1.4934871,24,GCN,PCA
48162,1.4382269,1.2114828,16,GCN,PCA
45326,-3.3453639,-1.5024133,28,GCN,PCA
32919,1.7350581,-0.3748443,16,GCN,PCA
13719,3.4884474,2.4704335,24,GCN,PCA
125917,-1.1915133,1.5136864,28,GCN,PCA
117205,-0.8151884,-2.4671082,23,GCN,PCA
146320,-1.2576225,-2.960002,34,GCN,PCA
81532,0.41154474,-4.0677032,2,GCN,PCA
15419,-2.964586,-2.2621942,28,GCN,PCA
113967,4.476523,0.067507744,3,GCN,PCA
33673,5.603689,3.7001607,16,GCN,PCA
50985,-0.5562452,-1.6956908,11,GCN,PCA
115965,-3.4194357,0.25607443,8,GCN,PCA
116092,-9.198242,5.5013685,28,GCN,PCA
55863,-4.8600574,0.55199695,28,GCN,PCA
147805,1.9565232,0.051893473,16,GCN,PCA
30995,-1.6107767,-3.9662552,33,GCN,PCA
3382,1.2614601,-0.5619328,13,GCN,PCA
69245,-1.8456447,-4.367358,2,GCN,PCA
80474,0.36367506,-4.4134274,36,GCN,PCA
106845,5.655501,4.8264894,21,GCN,PCA
123677,-4.1907816,1.1605091,19,GCN,PCA
141772,-0.3665798,-5.5705934,10,GCN,PCA
25665,-5.542137,0.88221574,5,GCN,PCA
35638,0.8982782,-1.860851,24,GCN,PCA
116831,-3.0201883,-1.7001638,30,GCN,PCA
91654,2.8507218,0.15592623,30,GCN,PCA
16320,4.4497724,1.0281339,30,GCN,PCA
6003,-7.5556326,3.0326355,28,GCN,PCA
7393,-2.4490638,-4.5464096,36,GCN,PCA
143214,-2.4280899,-0.6375954,4,GCN,PCA
86468,1.8312347,-2.4007618,3,GCN,PCA
138833,2.4038918,-0.28486037,30,GCN,PCA
97368,2.318005,-0.47792792,31,GCN,PCA
124351,-1.8138592,-1.4240613,29,GCN,PCA
73545,-2.134097,-1.7709144,24,GCN,PCA
100930,0.7234556,-0.60761786,16,GCN,PCA
152703,-0.37742096,-1.0161859,23,GCN,PCA
103651,3.2141488,2.2165263,16,GCN,PCA
98581,-0.23370132,-4.9306536,36,GCN,PCA
143274,-10.5493145,7.6295357,28,GCN,PCA
137459,-3.7718866,-2.3986259,34,GCN,PCA
119225,0.7015,-1.4175119,10,GCN,PCA
13345,-0.2647023,-3.9879146,2,GCN,PCA
83669,-6.0059943,2.0105684,28,GCN,PCA
4913,-2.2846708,-3.2906342,20,GCN,PCA
123857,1.0157876,-5.1533365,2,GCN,PCA
116075,-8.401816,4.6593466,28,GCN,PCA
20859,-2.3144948,-3.0655825,34,GCN,PCA
4969,0.54693204,-1.4105556,34,GCN,PCA
92626,0.92895406,-1.9886694,6,GCN,PCA
73131,-9.342168,5.1356,28,GCN,PCA
15292,4.0710435,1.3774931,30,GCN,PCA
3107,-6.362385,2.5814602,28,GCN,PCA
75548,3.118717,0.22979045,30,GCN,PCA
131932,2.6142259,-3.358831,10,GCN,PCA
162629,3.8005922,1.6260407,6,GCN,PCA
88778,-1.6944311,-3.777343,20,GCN,PCA
115098,6.0352345,2.7108686,30,GCN,PCA
163236,-0.28955865,-3.1882946,34,GCN,PCA
70725,3.367061,2.3098915,16,GCN,PCA
117184,0.50604564,-1.396856,3,GCN,PCA
9678,1.7570741,-0.7461238,31,GCN,PCA
57957,-1.5062894,-4.364333,36,GCN,PCA
130819,2.329545,0.54650545,16,GCN,PCA
150299,-1.1623695,-3.5885432,26,GCN,PCA
149961,5.3586564,1.9170015,30,GCN,PCA
20259,0.87241024,-2.041636,24,GCN,PCA
86039,-4.1501026,0.3173449,8,GCN,PCA
49347,-0.16588095,-3.8843904,34,GCN,PCA
159263,8.9558325,7.629511,16,GCN,PCA
43789,-2.1309257,-4.242956,34,GCN,PCA
96844,-3.3871036,-1.1296394,4,GCN,PCA
47778,-2.6775725,-1.0533113,4,GCN,PCA
62451,1.7535529,-1.260783,10,GCN,PCA
2774,-6.140341,1.7333128,28,GCN,PCA
127233,-6.854883,4.0058136,8,GCN,PCA
164434,4.5227914,1.3732274,30,GCN,PCA
88010,0.21181303,1.0042388,4,GCN,PCA
114199,-6.9401426,3.6078684,28,GCN,PCA
56934,1.6277366,-4.4961834,2,GCN,PCA
40301,3.639043,-0.31538677,30,GCN,PCA
166762,-6.564834,3.2553823,8,GCN,PCA
54363,1.6550927,-0.00048828125,16,GCN,PCA
103351,-61.08292,59.208458,28,GCN,PCA
50650,-1.7946818,-0.8168372,36,GCN,PCA
43173,2.0652134,0.9647584,25,GCN,PCA
114819,-3.6016514,-0.9313793,28,GCN,PCA
166085,1.8778381,-0.37451315,24,GCN,PCA
31013,2.9807966,0.20185041,30,GCN,PCA
63620,-2.2104826,-3.149041,34,GCN,PCA
109561,-14.957441,11.617081,8,GCN,PCA
41963,0.08265066,-1.1818429,27,GCN,PCA
89581,0.63652486,1.2534397,16,GCN,PCA
60812,2.2221947,-0.17465806,16,GCN,PCA
77297,-0.7682063,-2.2510247,34,GCN,PCA
9995,-3.991026,0.14140773,4,GCN,PCA
137774,-2.1421132,-2.740482,9,GCN,PCA
48942,3.3554282,0.98912597,25,GCN,PCA
77056,-1.3719636,-3.9680386,37,GCN,PCA
166932,-1.834146,5.7285852,27,GCN,PCA
143332,8.668928,2.2995732,24,GCN,PCA
60727,-7.5884657,5.874344,4,GCN,PCA
154760,2.7959638,0.6495297,16,GCN,PCA
52784,0.72072226,-2.9276512,24,GCN,PCA
140228,2.3006954,-0.71377397,24,GCN,PCA
22499,8.629165,7.4029226,37,GCN,PCA
80485,-2.4530118,-1.9594938,32,GCN,PCA
144471,2.8340137,-0.37344217,3,GCN,PCA
66315,-0.43842155,-1.8480114,28,GCN,PCA
123410,-2.6964462,-3.3563895,15,GCN,PCA
146527,2.674116,0.6956663,16,GCN,PCA
156607,3.5510447,0.5629716,30,GCN,PCA
131753,2.0533478,-0.33437848,30,GCN,PCA
15502,3.8111475,-1.166241,10,GCN,PCA
73491,-1.6830168,-3.7002685,36,GCN,PCA
108072,-0.7010213,-2.2228441,27,GCN,PCA
97020,-4.9161534,1.612663,8,GCN,PCA
55897,0.22594655,2.432986,4,GCN,PCA
16908,-9.66401,6.7242365,28,GCN,PCA
107789,-1.4895693,-0.74654555,19,GCN,PCA
19208,0.6251176,-1.062939,24,GCN,PCA
6389,1.0265734,-2.2310965,27,GCN,PCA
97457,0.6059298,-3.599629,34,GCN,PCA
11073,-5.493148,3.713835,28,GCN,PCA
100982,-0.3453847,-2.2991197,4,GCN,PCA
116292,3.7236388,-1.9959747,10,GCN,PCA
78757,2.5921905,0.6074207,6,GCN,PCA
41768,-8.705936,4.980097,28,GCN,PCA
141637,1.3622239,0.038854122,10,GCN,PCA
148136,4.903496,3.73047,16,GCN,PCA
90866,1.2874398,-0.4769349,5,GCN,PCA
31337,-4.738762,-1.8126273,36,GCN,PCA
50742,-0.33646074,-1.6458896,23,GCN,PCA
68624,1.3561738,-0.7385745,16,GCN,PCA
121601,3.7952158,1.2325022,27,GCN,PCA
74609,-6.7655787,2.6783726,28,GCN,PCA
112595,-2.3753629,-0.42756462,28,GCN,PCA
58567,-0.59320503,-6.5552206,2,GCN,PCA
53793,-4.1746464,0.88460183,5,GCN,PCA
51898,-5.5332837,4.7588873,28,GCN,PCA
56782,-0.96885437,-2.9553294,39,GCN,PCA
168766,-1.6865294,-1.0575249,28,GCN,PCA
107982,-1.2998964,-4.1547604,36,GCN,PCA
153303,1.6586971,-1.3806752,4,GCN,PCA
96385,0.45209223,-0.43051457,21,GCN,PCA
18802,2.7625268,-0.45134568,31,GCN,PCA
148133,-1.4210083,-0.41881013,37,GCN,PCA
14472,-2.9992864,-1.1514713,23,GCN,PCA
166449,7.0701165,2.2811825,10,GCN,PCA
152109,-0.49013168,0.6526296,8,GCN,PCA
127128,6.058078,-0.28011513,30,GCN,PCA
79551,-5.318097,0.16030884,28,GCN,PCA
42415,1.079242,-2.6755033,24,GCN,PCA
143896,-4.075274,0.37979913,4,GCN,PCA
51863,-1.5448282,-2.2635903,34,GCN,PCA
75096,-1.5933475,-2.737517,34,GCN,PCA
125999,4.4959965,1.5130908,16,GCN,PCA
164883,2.1984704,-0.6717105,6,GCN,PCA
118996,-0.78377056,-4.540641,39,GCN,PCA
17177,2.8756247,-0.4966812,27,GCN,PCA
117571,3.9888499,1.9948814,16,GCN,PCA
25776,-4.0113974,0.85252666,8,GCN,PCA
77679,1.6074998,-0.56960464,16,GCN,PCA
73006,-2.1398258,-1.189351,5,GCN,PCA
80978,2.538186,0.26687098,24,GCN,PCA
118430,-3.3551788,1.7106869,28,GCN,PCA
54995,-3.8847318,1.5943019,13,GCN,PCA
96919,3.198666,-1.4941472,10,GCN,PCA
19892,-2.038543,-0.8307252,28,GCN,PCA
53317,-9.594066,5.827241,28,GCN,PCA
42989,1.199902,-0.92172,16,GCN,PCA
30673,0.30884188,-1.8694731,28,GCN,PCA
42676,5.0874496,0.5693116,30,GCN,PCA
147574,1.1020267,1.693577,16,GCN,PCA
43088,1.9087737,-0.31575418,16,GCN,PCA
154557,-1.009564,-2.7841418,34,GCN,PCA
65949,2.087886,-0.0057508945,3,GCN,PCA
19574,-1.0410938,-3.7132292,34,GCN,PCA
62517,-1.1708362,-3.9561367,26,GCN,PCA
109345,3.693092,1.1389947,16,GCN,PCA
11515,-1.5035627,-2.5657175,8,GCN,PCA
165369,3.3715997,1.2676694,16,GCN,PCA
48640,-6.6202245,2.8934853,4,GCN,PCA
84493,-2.2262504,-4.151436,39,GCN,PCA
83932,4.319458,1.8740776,24,GCN,PCA
11138,-3.3043308,-1.5871174,28,GCN,PCA
2020,-2.125291,-5.2857647,9,GCN,PCA
134584,3.9839628,1.2041807,16,GCN,PCA
29796,-2.29243,-2.6242943,3,GCN,PCA
98618,2.743658,-0.42058825,24,GCN,PCA
55579,4.227314,2.3382123,16,GCN,PCA
9707,0.909615,0.6415622,16,GCN,PCA
42926,3.630864,0.90787435,30,GCN,PCA
118941,3.1278963,-0.34502435,30,GCN,PCA
63226,4.8062263,4.2031403,16,GCN,PCA
93014,6.7681117,5.8510103,24,GCN,PCA
58272,2.626924,-0.19213891,16,GCN,PCA
19001,0.09042519,-4.896246,33,GCN,PCA
155075,1.1907833,-2.8232982,11,GCN,PCA
153350,3.277271,0.15965152,24,GCN,PCA
27387,3.8579218,-2.0916,10,GCN,PCA
43460,2.8019092,-1.4501292,24,GCN,PCA
52217,3.3791633,0.20605016,16,GCN,PCA
96368,3.7357304,1.4366753,16,GCN,PCA
50039,8.027234,6.220727,10,GCN,PCA
134982,-7.7191453,3.6901486,28,GCN,PCA
37403,-9.597308,6.088191,28,GCN,PCA
28041,-0.92871594,-1.4680326,0,GCN,PCA
92111,6.0670156,2.9234293,30,GCN,PCA
86852,1.1552477,1.384784,28,GCN,PCA
152862,4.153329,2.611881,16,GCN,PCA
23443,-1.9719534,-2.1445785,36,GCN,PCA
27388,1.812191,-0.8680879,16,GCN,PCA
138274,1.0337687,0.7956307,27,GCN,PCA
95401,-0.8234242,-1.739905,38,GCN,PCA
159633,0.3998124,-3.7872856,2,GCN,PCA
81966,2.7701423,1.0216372,16,GCN,PCA
129465,2.500308,-0.6921985,24,GCN,PCA
1251,2.1615472,2.8666017,16,GCN,PCA
159996,4.7312713,0.32719135,24,GCN,PCA
110453,-2.3266983,-1.1761913,28,GCN,PCA
42355,-6.4191804,3.5761135,28,GCN,PCA
159220,2.3011327,-0.45270824,16,GCN,PCA
135935,-0.07412261,-2.9990492,34,GCN,PCA
79741,1.8705599,1.5744998,16,GCN,PCA
68208,4.2339916,1.6366494,24,GCN,PCA
90946,0.22088593,-3.5900967,10,GCN,PCA
93350,-5.865172,3.0903175,8,GCN,PCA
100379,1.2110717,-2.158136,24,GCN,PCA
58066,-5.6850567,-0.013481379,19,GCN,PCA
126515,-1.0847385,-3.5029905,34,GCN,PCA
25046,2.1960342,-0.6085005,30,GCN,PCA
8200,2.174393,-1.4372325,24,GCN,PCA
82941,-3.655613,0.25060105,28,GCN,PCA
61787,2.6908202,0.33034873,24,GCN,PCA
42466,-2.8002357,-3.1523361,37,GCN,PCA
77175,-10.424824,6.8335533,28,GCN,PCA
68928,3.1766171,1.3743336,16,GCN,PCA
8573,-0.8887129,-4.312337,2,GCN,PCA
82916,15.523913,12.125066,24,GCN,PCA
122168,2.402032,-0.06661391,16,GCN,PCA
54090,-0.6492496,-1.6810199,26,GCN,PCA
124905,-0.22386822,-2.9094589,34,GCN,PCA
70288,4.8849783,2.188351,24,GCN,PCA
151272,2.227354,-0.20543456,16,GCN,PCA
147476,1.326457,-0.2735288,10,GCN,PCA
142092,-0.45565212,-2.2685084,10,GCN,PCA
44609,-0.44417545,-4.4878645,36,GCN,PCA
30545,-0.71979696,2.542908,16,GCN,PCA
145115,2.1549232,-2.0992692,10,GCN,PCA
7966,-2.1175768,-2.8527508,9,GCN,PCA
70148,3.9430473,2.4429138,16,GCN,PCA
140343,-3.5014222,-0.5258198,15,GCN,PCA
64808,3.054033,1.6607478,16,GCN,PCA
160265,-11.6368685,8.101802,28,GCN,PCA
43765,-0.89255804,-3.6207151,36,GCN,PCA
76339,1.3028748,0.32207727,16,GCN,PCA
73965,-3.0282562,-0.10367036,8,GCN,PCA
108788,-5.9258122,2.1262267,28,GCN,PCA
7006,2.0523367,-0.42155743,16,GCN,PCA
140567,0.033720434,-2.5528603,10,GCN,PCA
68350,-1.2041817,-4.51546,9,GCN,PCA
161537,-0.51207215,-3.942152,2,GCN,PCA
45535,3.9613488,2.2168376,25,GCN,PCA
124095,3.1719007,-0.8435044,26,GCN,PCA
16153,-5.3650656,1.7147295,19,GCN,PCA
57435,0.03773415,-0.9359807,24,GCN,PCA
141409,-6.8495326,2.603124,4,GCN,PCA
85720,4.9119987,2.424204,16,GCN,PCA
99418,-0.31573316,-1.3281057,26,GCN,PCA
132498,-6.0268173,1.5241935,28,GCN,PCA
131900,0.6292103,-0.36241078,2,GCN,PCA
121997,5.9758754,2.7172267,24,GCN,PCA
127110,5.0812345,-3.541615,2,GCN,PCA
110373,-2.2205822,-1.2704278,19,GCN,PCA
5640,4.154375,1.2934172,24,GCN,PCA
22020,1.2356906,-1.8145587,36,GCN,PCA
108305,-5.6104608,0.028208971,28,GCN,PCA
45645,4.4448113,1.7365372,30,GCN,PCA
15393,0.11552328,-1.5348392,23,GCN,PCA
5990,-0.74459994,-3.2398822,34,GCN,PCA
127100,-1.6818745,-0.9245224,37,GCN,PCA
73528,-8.545468,5.5202904,28,GCN,PCA
164102,-6.0305057,0.19345713,28,GCN,PCA
153011,3.993512,1.7673161,16,GCN,PCA
15571,-15.271398,10.580296,28,GCN,PCA
81340,4.006545,-0.47311974,30,GCN,PCA
153373,0.759432,-0.87896514,24,GCN,PCA
11234,12.678622,9.228695,16,GCN,PCA
50912,0.72699684,-2.1448944,24,GCN,PCA
126158,1.3647809,-1.232919,24,GCN,PCA
133100,-2.819534,-0.40094352,5,GCN,PCA
166544,2.0732331,-0.5399227,30,GCN,PCA
126578,3.3054817,-0.57285047,30,GCN,PCA
20109,2.7828648,0.532156,16,GCN,PCA
71693,-7.4346037,2.8136408,8,GCN,PCA
28032,15.324253,12.16316,13,GCN,PCA
147813,-1.3943813,-0.72638035,27,GCN,PCA
79052,0.714768,-1.8275522,26,GCN,PCA
139358,2.1558359,-0.39737296,30,GCN,PCA
121061,3.5944479,2.7015874,24,GCN,PCA
165263,-0.19875884,-2.738555,23,GCN,PCA
11225,1.6874566,-0.6471181,10,GCN,PCA
127752,3.997813,1.1186318,16,GCN,PCA
5502,-0.84295714,-0.6704197,16,GCN,PCA
51927,-10.559606,5.887762,28,GCN,PCA
154062,2.7660146,-0.5261867,24,GCN,PCA
87789,1.0302589,0.8559196,4,GCN,PCA
131868,5.320889,0.42720842,13,GCN,PCA
83233,-1.9871237,-4.219311,5,GCN,PCA
7414,-1.1561122,-3.1053052,14,GCN,PCA
153277,3.400421,1.889703,25,GCN,PCA
57974,1.3102665,-1.0903523,24,GCN,PCA
163560,1.7174423,-0.5743604,24,GCN,PCA
98964,3.0144558,-0.4605856,30,GCN,PCA
124907,-0.46640003,-2.5491352,23,GCN,PCA
48119,3.0179472,3.8390124,16,GCN,PCA
33365,-0.4497046,-1.748055,37,GCN,PCA
37300,0.40108848,-0.3524325,24,GCN,PCA
4160,-7.7349644,4.622918,8,GCN,PCA
99756,-7.559875,4.3854046,28,GCN,PCA
14813,-0.68585813,-2.7960184,34,GCN,PCA
53977,-3.091899,-0.2006774,28,GCN,PCA
54136,-1.1673406,-4.585209,39,GCN,PCA
56408,0.60568124,-4.5129914,2,GCN,PCA
55966,6.7814474,0.8201144,3,GCN,PCA
161825,1.6528709,-1.7198119,26,GCN,PCA
63588,-1.2951549,-2.4841397,34,GCN,PCA
69042,-0.13179284,-1.8402326,24,GCN,PCA
62508,-0.5115993,-1.760663,24,GCN,PCA
150640,-4.659014,-0.13690424,28,GCN,PCA
31853,1.4218128,-2.5975728,10,GCN,PCA
45064,4.3365664,1.1791203,30,GCN,PCA
46120,2.336897,0.9456589,16,GCN,PCA
58162,-1.5981686,-4.170989,2,GCN,PCA
5416,1.4359322,-0.0978322,4,GCN,PCA
136129,0.731801,-1.6480513,24,GCN,PCA
45222,1.1879611,-2.2591271,26,GCN,PCA
55412,3.1496797,0.97889996,25,GCN,PCA
39666,-0.19061363,-3.3883157,37,GCN,PCA
125390,3.5758173,0.9739802,16,GCN,PCA
17872,0.13143957,-1.4770731,13,GCN,PCA
155989,1.4702685,-1.3417809,10,GCN,PCA
6531,-2.589058,0.40610647,34,GCN,PCA
42733,2.840741,0.36076355,30,GCN,PCA
43683,2.4372869,-0.4074006,16,GCN,PCA
99914,1.1450653,-1.1577369,16,GCN,PCA
153169,-0.7919799,-2.4757025,23,GCN,PCA
12127,1.5530438,-2.5771954,3,GCN,PCA
2332,-1.9260762,-0.34388185,4,GCN,PCA
57406,-1.1265104,-1.3143749,26,GCN,PCA
101234,3.7577507,-0.2543578,10,GCN,PCA
74202,2.891653,-0.28241563,24,GCN,PCA
29376,4.684498,5.58315,25,GCN,PCA
129110,-5.752999,1.6092823,8,GCN,PCA
88050,-6.893125,3.2867777,28,GCN,PCA
136291,1.6994107,-1.3683712,26,GCN,PCA
85725,0.18147331,-2.177866,39,GCN,PCA
18454,-1.4577806,-2.2824476,36,GCN,PCA
26891,1.6255646,-2.1915298,31,GCN,PCA
86980,-0.9495827,-3.2137592,34,GCN,PCA
56396,2.7348964,-0.32933974,24,GCN,PCA
80688,6.192764,4.138053,16,GCN,PCA
163940,0.98697525,-1.097536,24,GCN,PCA
113134,3.235407,1.4663403,16,GCN,PCA
117834,0.4530372,0.9974029,24,GCN,PCA
68672,-7.594655,3.8290174,28,GCN,PCA
117303,7.365167,5.9097986,16,GCN,PCA
24941,1.4398911,-4.996182,10,GCN,PCA
100159,1.3235216,-1.9377756,30,GCN,PCA
37371,-3.4178553,1.2160351,28,GCN,PCA
154717,2.9573739,-1.2629719,30,GCN,PCA
149695,2.2975936,4.9403744,1,GCN,PCA
133257,-13.421775,8.809893,28,GCN,PCA
48991,1.452558,-0.25961995,24,GCN,PCA
168338,-1.4326695,-1.9199176,24,GCN,PCA
56805,1.4672787,-0.6638336,16,GCN,PCA
123379,3.0536056,0.6509423,16,GCN,PCA
112041,-2.803715,0.56409717,26,GCN,PCA
39381,3.4003928,1.4952738,16,GCN,PCA
157307,-0.33573455,-2.290359,24,GCN,PCA
20467,3.00335,-0.34243608,10,GCN,PCA
91398,2.2923741,-0.95133555,24,GCN,PCA
81682,0.035730004,-4.1508317,28,GCN,PCA
93234,2.4573638,-0.50873494,7,GCN,PCA
6437,-0.14867422,-3.8820343,9,GCN,PCA
122414,0.13532251,-2.8387315,24,GCN,PCA
56589,-0.840171,-2.949206,36,GCN,PCA
70884,0.2888546,-1.2160857,8,GCN,PCA
148653,-1.1283282,-0.50599,23,GCN,PCA
6929,-4.547223,4.703149,8,GCN,PCA
35315,3.091114,-0.06410289,27,GCN,PCA
43902,-2.4239404,-1.3543413,5,GCN,PCA
94462,-1.1814532,-4.3672223,2,GCN,PCA
9200,-5.7969036,2.3201292,8,GCN,PCA
140819,-3.631484,0.34590483,8,GCN,PCA
16686,-6.1482067,0.7555702,28,GCN,PCA
59672,4.3043213,1.8222344,16,GCN,PCA
107865,0.68471175,-1.9123023,31,GCN,PCA
77050,3.89934,4.405966,16,GCN,PCA
76015,5.046052,0.46798038,30,GCN,PCA
118383,5.2539105,1.9487703,30,GCN,PCA
50122,-8.06698,5.169091,8,GCN,PCA
57620,-2.7325337,-1.7090375,5,GCN,PCA
66152,2.5205882,-0.010375261,30,GCN,PCA
58671,0.00069218874,-1.4210818,28,GCN,PCA
83660,-4.609837,1.7793806,28,GCN,PCA
43518,0.031719804,-2.2343872,23,GCN,PCA
61562,-1.3152263,-3.2345898,20,GCN,PCA
111461,1.3863811,-1.4489402,30,GCN,PCA
83736,2.2760816,3.0585458,16,GCN,PCA
29949,5.8434496,4.076235,16,GCN,PCA
76369,1.7958508,-1.0362786,30,GCN,PCA
112326,-3.8937464,0.82197285,27,GCN,PCA
117998,0.54845136,-0.3011799,13,GCN,PCA
33066,0.3465358,-4.0893755,10,GCN,PCA
93006,-9.102762,5.867831,8,GCN,PCA
64724,-6.4411902,2.5367458,28,GCN,PCA
66603,1.0531914,-2.7446306,21,GCN,PCA
5132,2.595726,1.0657475,16,GCN,PCA
32997,-0.82539135,-2.3752127,23,GCN,PCA
49787,1.3651803,-0.6406548,24,GCN,PCA
116749,-2.889387,-1.3112394,5,GCN,PCA
30804,-1.8308792,-2.217991,20,GCN,PCA
37458,1.2201242,-0.8145001,26,GCN,PCA
161312,2.3875198,-0.2662995,24,GCN,PCA
150632,-2.6218207,-4.232136,34,GCN,PCA
87671,3.5910118,0.2846048,10,GCN,PCA
54380,2.2857056,1.0253112,16,GCN,PCA
64407,2.265411,1.0264595,16,GCN,PCA
142508,-10.620578,7.2156715,28,GCN,PCA
141321,-1.0994072,-4.488797,33,GCN,PCA
68311,3.8663251,0.115629196,24,GCN,PCA
46170,-1.3654041,-2.932779,34,GCN,PCA
166646,-1.6951144,-2.394535,34,GCN,PCA
74051,-1.1846178,-2.5807612,32,GCN,PCA
26981,2.1200812,0.35046196,16,GCN,PCA
141996,1.7135665,-1.4702023,10,GCN,PCA
119943,3.2675757,1.3866704,27,GCN,PCA
83352,-1.27406,-0.7618563,15,GCN,PCA
145527,2.4976716,-0.970436,24,GCN,PCA
42761,0.37993842,-1.0778127,6,GCN,PCA
160903,0.93114084,-1.0443429,26,GCN,PCA
160439,4.838179,1.4143074,24,GCN,PCA
163060,-11.49114,8.008515,28,GCN,PCA
83003,2.783003,-0.09688687,10,GCN,PCA
120659,0.7267352,-1.1523377,16,GCN,PCA
153664,-0.40518358,-0.57515264,19,GCN,PCA
1384,-9.109233,6.359433,28,GCN,PCA
69993,-4.534903,-0.066370964,28,GCN,PCA
90502,-6.493046,3.0631697,28,GCN,PCA
14985,-1.4062204,-2.0361733,15,GCN,PCA
7576,1.0632601,-0.6908648,16,GCN,PCA
83280,-3.363715,-1.2477914,28,GCN,PCA
130315,1.208282,-1.5464358,24,GCN,PCA
43917,2.4553697,-0.61016107,24,GCN,PCA
162801,-0.054567248,-2.3427157,10,GCN,PCA
156203,-2.1334145,-1.124522,28,GCN,PCA
119950,-8.147155,0.4556551,34,GCN,PCA
8545,0.6612753,-1.9761951,30,GCN,PCA
34281,4.202395,2.5802224,24,GCN,PCA
21631,1.5855255,-1.3703614,27,GCN,PCA
3076,-0.721866,-4.7968597,36,GCN,PCA
78462,5.784297,4.038929,16,GCN,PCA
48096,-0.27052498,-1.7051089,13,GCN,PCA
161602,-6.246482,1.60478,5,GCN,PCA
25000,1.9138982,-0.44299436,16,GCN,PCA
79278,2.1240468,0.74963546,16,GCN,PCA
520,1.6759067,-0.6583078,16,GCN,PCA
53519,-2.0035589,-3.3797379,34,GCN,PCA
84674,0.3549193,-1.4759309,16,GCN,PCA
139236,-1.7635386,-4.1872725,33,GCN,PCA
17003,3.619591,1.6589615,26,GCN,PCA
74771,2.964015,-0.32621503,30,GCN,PCA
12861,1.9957204,-0.88548076,31,GCN,PCA
2681,-1.0718172,-2.623745,34,GCN,PCA
31407,-3.5099306,-5.02376,36,GCN,PCA
163200,1.0186586,-1.1144903,16,GCN,PCA
15181,-1.3857822,-2.6729462,34,GCN,PCA
55569,0.91719455,-1.2728962,24,GCN,PCA
131158,0.19536918,-4.017411,36,GCN,PCA
24248,1.1513052,-1.0930959,10,GCN,PCA
88600,-4.972096,0.8802657,28,GCN,PCA
90388,1.0114574,1.833741,30,GCN,PCA
158612,-1.629889,-0.09797311,5,GCN,PCA
73525,1.6584702,-0.607008,16,GCN,PCA
60557,3.0069683,-2.753608,10,GCN,PCA
6997,14.425812,11.23298,24,GCN,PCA
121812,-0.08090255,-5.1991553,10,GCN,PCA
162114,1.2622979,-1.2921896,10,GCN,PCA
162462,1.3238516,-1.5702933,9,GCN,PCA
153549,-8.191771,3.0761888,8,GCN,PCA
44540,1.4765744,-0.48458862,16,GCN,PCA
104501,-11.082605,7.0456877,28,GCN,PCA
82907,-3.0802696,-1.6626071,28,GCN,PCA
130151,-3.9182734,0.32884717,28,GCN,PCA
127196,-0.05264911,-0.7502005,19,GCN,PCA
47067,0.5103136,-2.558891,27,GCN,PCA
149380,1.0117791,-1.9681162,10,GCN,PCA
126235,2.779049,-1.1320908,24,GCN,PCA
40840,-0.03755352,-0.3851335,16,GCN,PCA
99386,-5.072978,1.1557312,28,GCN,PCA
166801,-7.754519,4.2169304,4,GCN,PCA
165538,-2.1879797,-2.2345822,22,GCN,PCA
53650,1.0967534,-0.5815697,5,GCN,PCA
155751,-8.120368,3.879516,28,GCN,PCA
137833,-0.29301178,-2.3684196,4,GCN,PCA
129378,-3.469319,-3.8683767,34,GCN,PCA
16056,-6.113461,0.94734025,28,GCN,PCA
16574,-2.1388483,-4.1767106,14,GCN,PCA
121976,1.4239185,-1.2099298,10,GCN,PCA
69627,2.9134026,2.4012053,16,GCN,PCA
141193,-2.427931,-1.6537408,19,GCN,PCA
56993,0.9261195,-2.2941227,24,GCN,PCA
125033,0.7791825,-2.092445,24,GCN,PCA
85141,10.785802,8.145061,31,GCN,PCA
104527,-5.9185567,2.4928162,8,GCN,PCA
3608,-12.407822,8.124443,28,GCN,PCA
23954,-2.5852065,-1.1440725,28,GCN,PCA
98098,-0.08864266,0.22774482,28,GCN,PCA
33929,1.6926687,-0.6921649,30,GCN,PCA
87674,-5.700131,2.449024,8,GCN,PCA
139979,-0.12656516,-2.7595005,27,GCN,PCA
62452,11.750391,11.005474,16,GCN,PCA
969,-0.86846584,-1.2251672,39,GCN,PCA
133934,2.2410264,-0.8639846,10,GCN,PCA
126409,3.854232,0.17244029,30,GCN,PCA
65136,-0.46784842,-0.39905143,26,GCN,PCA
53509,-0.91465354,-2.6662426,34,GCN,PCA
75464,1.8889451,-0.76115274,24,GCN,PCA
55506,7.0027843,1.1612647,24,GCN,PCA
41042,1.3099718,-0.8673816,16,GCN,PCA
74755,-2.9001758,0.08093786,4,GCN,PCA
2277,-2.65308,-1.2886329,9,GCN,PCA
68321,-3.8419244,1.6044748,24,GCN,PCA
17962,-4.2180047,1.7294781,24,GCN,PCA
125582,2.232846,-3.2005916,24,GCN,PCA
107666,-0.5569721,-2.1078799,26,GCN,PCA
54335,2.0084245,-1.1223098,3,GCN,PCA
61777,7.0828905,5.7902765,25,GCN,PCA
50605,-2.337633,-1.8317924,0,GCN,PCA
101561,-1.7515855,-1.4187024,29,GCN,PCA
113300,-1.6083374,-2.7241924,20,GCN,PCA
5297,-1.6440907,-0.35814452,35,GCN,PCA
70376,-2.6716037,-4.29934,4,GCN,PCA
46226,-4.899206,0.21228266,29,GCN,PCA
44445,1.2107506,0.059676886,16,GCN,PCA
86272,2.2320704,0.20068479,24,GCN,PCA
89552,-2.3503792,-1.343895,34,GCN,PCA
68498,-3.2225077,0.8004701,8,GCN,PCA
114071,-1.3750305,-2.6945157,22,GCN,PCA
72917,-1.0572605,-2.080655,28,GCN,PCA
34712,-6.57321,2.9161508,28,GCN,PCA
23109,-4.27437,-0.24050498,11,GCN,PCA
75174,-2.2242737,-2.245266,28,GCN,PCA
47379,-0.9047526,-1.7760458,26,GCN,PCA
89660,1.5010219,-3.6569448,10,GCN,PCA
7831,-7.835145,5.2258673,8,GCN,PCA
21938,1.6366687,-1.5630311,24,GCN,PCA
113665,0.6899038,-2.4205375,10,GCN,PCA
30929,3.1168988,-0.54722285,30,GCN,PCA
25243,-8.398188,8.257699,28,GCN,PCA
44764,-8.265848,3.1376169,8,GCN,PCA
23416,4.5000553,2.8476455,16,GCN,PCA
46758,-0.008898973,2.3506205,16,GCN,PCA
80890,-8.192366,4.707795,28,GCN,PCA
113991,1.4727986,-1.4651188,30,GCN,PCA
146334,1.0938365,0.82753944,24,GCN,PCA
58366,2.0863974,-0.6120477,31,GCN,PCA
19162,2.138778,-0.1930108,24,GCN,PCA
31361,-1.5123115,-1.0029607,19,GCN,PCA
107599,0.96648926,-1.5738946,24,GCN,PCA
41568,0.813317,-1.203997,16,GCN,PCA
168873,0.29836136,-1.8478656,38,GCN,PCA
132430,-2.76933,-1.8323073,9,GCN,PCA
73806,1.2107813,-0.22747564,3,GCN,PCA
5833,2.4094954,0.043821335,16,GCN,PCA
139338,-3.797055,0.8404176,28,GCN,PCA
52494,0.82391137,0.9880996,24,GCN,PCA
85990,1.379415,-1.9283284,24,GCN,PCA
120912,-1.375699,-2.2763588,19,GCN,PCA
139833,1.692771,-1.473986,31,GCN,PCA
4224,-2.7124782,1.4254868,19,GCN,PCA
55399,40.90873,43.616764,16,GCN,PCA
84571,3.8764393,0.73269415,30,GCN,PCA
47144,-1.8781271,-1.1351329,23,GCN,PCA
23190,-0.9782493,-1.2593354,21,GCN,PCA
124637,2.3080745,2.875716,16,GCN,PCA
124756,1.0627656,1.058384,24,GCN,PCA
78593,2.3474736,-0.14647055,30,GCN,PCA
68647,17.6156,12.567634,13,GCN,PCA
11780,-0.036468774,-2.5073292,33,GCN,PCA
51280,4.0739627,2.6120517,27,GCN,PCA
56178,-1.1122375,-4.6964235,2,GCN,PCA
141820,1.3123562,-1.3171338,25,GCN,PCA
111484,-1.4180233,-3.074883,34,GCN,PCA
110942,0.32755482,-2.2709355,3,GCN,PCA
14618,-1.140014,-5.035824,22,GCN,PCA
74559,-7.2218876,3.1686246,8,GCN,PCA
24903,2.328769,1.1267512,16,GCN,PCA
89679,-3.3451068,0.019970417,8,GCN,PCA
163267,1.9413629,-1.6859157,24,GCN,PCA
106497,2.438206,-1.2747521,24,GCN,PCA
114587,1.262121,-0.2768209,16,GCN,PCA
15714,2.3293524,-2.306767,24,GCN,PCA
42647,-6.8746324,2.4068472,8,GCN,PCA
20522,0.712467,-1.2276559,30,GCN,PCA
153245,-0.8471024,-3.1518826,36,GCN,PCA
78959,-0.7935275,-1.249924,11,GCN,PCA
102310,1.2577293,-1.2990912,31,GCN,PCA
97543,-4.0934453,0.06528902,36,GCN,PCA
39971,3.0771651,2.0026538,16,GCN,PCA
166894,-1.3920083,-1.6612836,32,GCN,PCA
140856,1.5892076,-1.598439,13,GCN,PCA
33043,2.397446,0.17257833,16,GCN,PCA
62546,-3.6528444,0.2750175,18,GCN,PCA
108601,-5.6239505,4.5636826,28,GCN,PCA
142155,-3.8788717,2.532647,28,GCN,PCA
156594,-0.33209354,-2.862801,24,GCN,PCA
35597,3.0044103,1.210738,37,GCN,PCA
16192,0.61107737,-2.5989275,28,GCN,PCA
121417,-6.118645,2.3089154,28,GCN,PCA
86175,-1.1550646,-3.8731534,2,GCN,PCA
155889,1.6750472,-0.6566529,6,GCN,PCA
98095,9.703743,9.788206,16,GCN,PCA
76728,-2.5560732,-3.6369514,34,GCN,PCA
120441,-1.4356358,-2.6727998,19,GCN,PCA
36316,1.666379,3.0785868,24,GCN,PCA
62352,-0.9300678,-1.483159,4,GCN,PCA
28912,3.170679,-0.59991145,24,GCN,PCA
160432,-1.0323045,-2.0328012,38,GCN,PCA
61029,3.9536211,0.29255724,24,GCN,PCA
3859,3.2386146,0.19778943,16,GCN,PCA
121257,-4.28125,0.6399183,28,GCN,PCA
21573,3.2298183,-0.10277629,30,GCN,PCA
160348,0.63958246,-0.4150498,27,GCN,PCA
153471,0.5946441,-1.5026115,24,GCN,PCA
51640,2.642647,0.06234789,24,GCN,PCA
90102,-3.2948425,-2.8287935,36,GCN,PCA
84327,0.1334235,0.17981672,4,GCN,PCA
119544,0.569879,-2.1262403,26,GCN,PCA
78149,-1.7234809,-1.758367,34,GCN,PCA
86647,3.22644,1.4225576,27,GCN,PCA
140427,24.258797,15.307581,30,GCN,PCA
30338,1.9371173,-2.8184116,24,GCN,PCA
120713,0.9676245,-1.1827027,27,GCN,PCA
116264,5.540686,3.8864172,16,GCN,PCA
12408,2.9306486,-0.5863383,24,GCN,PCA
166338,3.453605,2.2411358,16,GCN,PCA
122368,0.1619299,-3.3421886,23,GCN,PCA
109615,2.9679184,1.5045164,16,GCN,PCA
25404,0.085939586,-1.7407229,28,GCN,PCA
83000,-1.0083143,-3.8529177,14,GCN,PCA
94592,-2.73326,-1.1369815,39,GCN,PCA
105564,3.3361723,-0.21213984,30,GCN,PCA
69022,-2.1837304,-2.168344,23,GCN,PCA
79567,-4.395613,4.7646265,28,GCN,PCA
101690,2.99788,-0.049063444,27,GCN,PCA
155203,-5.6159873,2.4549797,28,GCN,PCA
101541,-2.2738154,-3.4930046,20,GCN,PCA
9996,8.737977,5.50165,30,GCN,PCA
140577,-2.1226084,-3.2684438,34,GCN,PCA
11034,5.002374,0.0780437,24,GCN,PCA
12929,-1.2590605,-1.365883,28,GCN,PCA
130580,3.3203135,1.2787206,16,GCN,PCA
167206,1.5896192,3.0021818,16,GCN,PCA
31668,4.2080226,2.147123,16,GCN,PCA
160586,-2.1097903,-0.98317504,34,GCN,PCA
38483,0.47202903,-1.8943076,22,GCN,PCA
149867,-2.2085783,0.57968736,4,GCN,PCA
32457,2.5366452,0.81166935,25,GCN,PCA
160506,-0.9898298,-2.9035616,29,GCN,PCA
118328,-0.24113876,-1.613429,10,GCN,PCA
126232,-0.9089501,-2.3771718,23,GCN,PCA
144436,-1.1438856,-3.4083748,20,GCN,PCA
1993,4.0310125,1.3445432,24,GCN,PCA
84254,-0.68424547,-4.5964565,36,GCN,PCA
157489,3.1116245,0.70929,16,GCN,PCA
85757,-4.3221703,0.4650321,28,GCN,PCA
153029,-7.4214287,4.528139,28,GCN,PCA
50232,-0.36496535,-1.8440446,30,GCN,PCA
2955,-6.36586,3.3482955,28,GCN,PCA
88115,-2.334849,0.36122632,28,GCN,PCA
153795,9.676296,4.4247055,30,GCN,PCA
100690,-3.5433447,-2.6310463,7,GCN,PCA
33313,-3.9120276,1.4591687,18,GCN,PCA
72134,1.1227009,-0.9085556,16,GCN,PCA
153156,-3.4854453,-0.0890789,8,GCN,PCA
93881,1.7508061,1.0584874,16,GCN,PCA
167147,2.6151302,-0.27479792,24,GCN,PCA
23113,2.2970185,-1.3654647,6,GCN,PCA
29230,-2.1161466,0.36474323,8,GCN,PCA
13766,0.9370535,-0.13031578,16,GCN,PCA
68488,-0.5497127,-1.4394263,13,GCN,PCA
26863,2.5786266,0.5527358,16,GCN,PCA
75266,-6.947482,3.5933268,8,GCN,PCA
95168,1.6052716,-1.2213007,30,GCN,PCA
36995,2.7051287,-0.31097555,24,GCN,PCA
143087,-6.545833,3.6107533,19,GCN,PCA
7040,-0.8645433,-5.303518,2,GCN,PCA
29495,5.2472367,1.5180924,10,GCN,PCA
40632,4.333813,1.8882549,10,GCN,PCA
114976,1.9671664,-0.94229364,6,GCN,PCA
99844,-2.1088343,-1.2269794,5,GCN,PCA
102730,-1.4232506,-2.5505586,23,GCN,PCA
78601,-0.50151795,-2.0518582,28,GCN,PCA
143086,0.24124092,-1.7927076,38,GCN,PCA
17010,2.658842,0.52227736,24,GCN,PCA
7586,1.8181839,-1.4604746,37,GCN,PCA
117768,-1.9022055,-2.2763555,39,GCN,PCA
36669,5.3756175,4.715005,16,GCN,PCA
134121,1.5254745,0.5843239,24,GCN,PCA
86387,-0.7331877,-4.292617,9,GCN,PCA
128518,-1.3151063,-4.1389365,2,GCN,PCA
104514,2.4148438,-0.6053333,10,GCN,PCA
101009,-11.114335,7.9538803,28,GCN,PCA
40983,-3.599471,1.469629,1,GCN,PCA
106571,-4.9817376,-0.431365,19,GCN,PCA
89976,4.3276434,2.4605415,16,GCN,PCA
72677,4.1612396,-1.8643372,24,GCN,PCA
53847,4.2318625,1.1441782,24,GCN,PCA
3051,-1.2514939,0.18833017,4,GCN,PCA
59418,3.7539117,2.4939563,24,GCN,PCA
117729,3.1472363,0.99825,16,GCN,PCA
79771,4.6217046,1.2453434,33,GCN,PCA
58287,2.997161,3.3511083,16,GCN,PCA
17346,-0.41574532,-2.806121,22,GCN,PCA
7606,-5.2484145,1.3028848,8,GCN,PCA
121438,1.3039355,-0.46928763,16,GCN,PCA
37139,-1.2915359,-3.446939,36,GCN,PCA
122536,-8.836482,4.6115074,28,GCN,PCA
59523,3.2374177,1.3603866,16,GCN,PCA
127701,1.1037717,-1.2650498,26,GCN,PCA
78981,2.3681536,-0.24427009,24,GCN,PCA
152417,-7.3451,4.2818584,8,GCN,PCA
49695,2.571494,0.07629871,16,GCN,PCA
92604,-0.73657763,-3.4191163,22,GCN,PCA
81768,0.6449712,-4.0995693,10,GCN,PCA
144192,5.7282753,1.5847814,24,GCN,PCA
157749,1.1512263,-1.1892066,16,GCN,PCA
158832,1.3503442,-0.6928482,13,GCN,PCA
99208,1.718478,0.029162407,24,GCN,PCA
32517,3.7809064,-0.04398656,26,GCN,PCA
119962,7.9304705,3.8849204,24,GCN,PCA
23330,-8.644681,4.2632084,28,GCN,PCA
109234,-0.5933796,-3.4428983,4,GCN,PCA
133778,1.7865431,-1.1088235,20,GCN,PCA
33564,0.731947,0.27979589,16,GCN,PCA
148527,1.6482689,-0.33763576,3,GCN,PCA
24833,-2.5920222,-2.246994,36,GCN,PCA
167530,3.4063368,1.2974899,24,GCN,PCA
90949,3.06597,0.21871686,27,GCN,PCA
55801,-0.20367101,-3.3506281,5,GCN,PCA
149612,-0.5939991,-3.563169,9,GCN,PCA
98316,6.487211,5.055873,24,GCN,PCA
29562,-1.780626,-2.0187566,24,GCN,PCA
90731,4.58945,2.429436,16,GCN,PCA
1823,3.5755093,1.7786429,16,GCN,PCA
20884,-9.372052,4.782816,28,GCN,PCA
147821,-2.5036106,-2.7411711,36,GCN,PCA
103744,0.35282058,-2.85945,34,GCN,PCA
132876,2.738764,0.11778879,16,GCN,PCA
74797,-1.746191,-2.5188746,9,GCN,PCA
11884,-5.4458613,1.9317472,28,GCN,PCA
63340,-1.9942803,-3.103838,9,GCN,PCA
73305,-2.731263,0.35066938,22,GCN,PCA
111712,0.17198783,-0.8869575,24,GCN,PCA
73610,3.0777092,0.56579113,24,GCN,PCA
37888,5.970415,4.189802,16,GCN,PCA
100407,1.953655,-0.7169349,24,GCN,PCA
85903,1.2093048,-1.0364133,16,GCN,PCA
25723,-0.9776281,-1.3827277,26,GCN,PCA
16985,1.7695796,-2.4435508,10,GCN,PCA
140507,-20.330004,16.63032,28,GCN,PCA
3680,4.5664625,2.3237498,16,GCN,PCA
3596,-2.080911,-3.2147,34,GCN,PCA
133288,-7.6148257,3.4588888,28,GCN,PCA
96300,-2.9677093,-3.4034493,28,GCN,PCA
152817,3.242718,0.9540601,16,GCN,PCA
9094,1.1557202,-0.8233502,34,GCN,PCA
1672,-8.73871,5.296772,28,GCN,PCA
10751,-0.59921026,-2.1745834,5,GCN,PCA
113770,-0.23440292,-2.1430888,26,GCN,PCA
45530,-3.6804163,0.15734982,5,GCN,PCA
147633,1.5271211,-1.5995991,26,GCN,PCA
108579,-2.1303892,-1.4523734,15,GCN,PCA
42257,-1.2776752,0.27663326,8,GCN,PCA
29302,-0.7226808,4.3925343,28,GCN,PCA
18543,2.0304782,-0.054446697,4,GCN,PCA
52374,4.0983386,2.2008035,24,GCN,PCA
161596,5.373706,2.5623295,27,GCN,PCA
3502,-2.7008054,-3.0548499,34,GCN,PCA
166973,0.4069143,-1.209426,13,GCN,PCA
91716,5.747009,4.1037893,16,GCN,PCA
163021,-2.1999638,-2.8340678,22,GCN,PCA
125716,-0.5183453,-1.4704446,26,GCN,PCA
17353,-1.0708358,-2.60148,34,GCN,PCA
37726,3.1750677,0.6345186,24,GCN,PCA
9326,2.4465446,-0.19869685,5,GCN,PCA
73888,0.34071237,-1.9526594,23,GCN,PCA
163147,3.4062705,-0.50537896,26,GCN,PCA
140817,-6.431926,3.262931,8,GCN,PCA
88149,-10.158369,7.388633,8,GCN,PCA
31244,1.5735939,-0.2910602,16,GCN,PCA
71209,-0.17649183,-5.0472097,2,GCN,PCA
21064,2.0102496,-1.4644215,30,GCN,PCA
87345,0.16491228,1.8874104,5,GCN,PCA
54750,2.476236,-0.7045584,6,GCN,PCA
70215,6.531079,4.1014566,24,GCN,PCA
55227,0.98196775,-1.9258761,24,GCN,PCA
168704,-4.8941817,0.7115238,28,GCN,PCA
124045,1.304112,-0.7622218,16,GCN,PCA
112356,-1.8973279,-3.6130493,18,GCN,PCA
165858,-1.6989775,-2.8057249,34,GCN,PCA
68310,-2.2393494,-2.3481379,10,GCN,PCA
105419,-1.7595654,0.6754477,6,GCN,PCA
95325,0.09538281,-1.2745599,8,GCN,PCA
83702,2.8321507,0.75202155,16,GCN,PCA
28877,4.095395,0.70804644,25,GCN,PCA
92855,-6.4669456,2.3010786,8,GCN,PCA
13343,-1.5406351,-0.30419612,28,GCN,PCA
90622,-2.4115553,0.30792427,8,GCN,PCA
105462,-4.065807,0.9064343,18,GCN,PCA
53128,0.9306088,-0.5935383,24,GCN,PCA
6250,0.7269166,0.4358828,28,GCN,PCA
44565,1.2211561,-2.3337276,24,GCN,PCA
159059,-1.5168941,-4.3735666,34,GCN,PCA
132216,2.480674,-0.994678,30,GCN,PCA
96348,-2.7113285,0.9329884,37,GCN,PCA
150045,4.973779,3.597751,16,GCN,PCA
152234,-2.1987195,-3.290681,22,GCN,PCA
163119,3.9514725,3.3934119,16,GCN,PCA
74348,-4.3520317,-1.0383345,4,GCN,PCA
163216,4.3797483,4.8709908,16,GCN,PCA
40003,-1.6684566,-4.980896,34,GCN,PCA
72832,-1.4803264,1.5199664,28,GCN,PCA
155446,2.62164,-1.0484371,24,GCN,PCA
50210,-1.1966459,-1.4659741,18,GCN,PCA
37237,-0.84996414,-3.6879067,5,GCN,PCA
137921,-3.8946464,1.6343057,19,GCN,PCA
110650,-4.5622535,1.0664287,8,GCN,PCA
87529,-3.8642378,-3.537808,28,GCN,PCA
62786,0.41449028,-0.41753268,5,GCN,PCA
33760,0.54698235,-0.004137039,19,GCN,PCA
53398,5.2575517,3.8383954,16,GCN,PCA
154503,-3.1495306,-3.4098303,36,GCN,PCA
66572,-4.1804147,1.5310686,28,GCN,PCA
142421,1.7117567,-2.4977674,2,GCN,PCA
167288,-0.7396275,0.08760929,18,GCN,PCA
105831,-2.2065725,-0.0787642,28,GCN,PCA
165856,-2.2324433,-2.7461607,2,GCN,PCA
87242,0.0075384974,-1.95677,5,GCN,PCA
18110,6.575874,8.338491,16,GCN,PCA
164007,-0.48468545,-1.6606127,24,GCN,PCA
1460,-0.6247575,-2.9537528,23,GCN,PCA
164547,-0.4581788,-2.6816986,19,GCN,PCA
124348,-1.6984186,-1.954944,20,GCN,PCA
96465,3.5793025,1.1108737,27,GCN,PCA
105799,0.15636677,-4.402321,10,GCN,PCA
43537,-5.6471615,1.8053277,28,GCN,PCA
112992,2.4784412,-0.2747333,24,GCN,PCA
41478,5.5603337,5.029932,16,GCN,PCA
57934,-1.5354378,-3.0849323,5,GCN,PCA
47517,6.5659037,6.9524565,16,GCN,PCA
120171,5.33867,2.5103471,24,GCN,PCA
37092,-1.4667053,-2.4184039,23,GCN,PCA
133664,-3.6548111,0.13597846,8,GCN,PCA
165437,2.3842692,-0.12249279,30,GCN,PCA
59626,1.7236629,-0.7008016,16,GCN,PCA
140744,3.6237795,2.1492655,16,GCN,PCA
81507,-1.3889847,-4.702208,36,GCN,PCA
125236,-6.4765778,1.3750212,28,GCN,PCA
25905,1.7378178,-1.0460325,31,GCN,PCA
82853,-2.389955,1.2157652,28,GCN,PCA
156442,-4.933743,1.9914544,28,GCN,PCA
150035,9.082787,5.987775,16,GCN,PCA
41408,-7.098612,2.9638174,28,GCN,PCA
38210,-0.32604274,-1.1893524,3,GCN,PCA
168239,-1.6987853,-1.6744455,5,GCN,PCA
125830,0.3592831,-1.744054,31,GCN,PCA
47967,-1.2101038,-1.9546518,34,GCN,PCA
68288,-0.0772143,-1.642059,27,GCN,PCA
51029,-2.9470654,0.71758103,18,GCN,PCA
106273,-1.0734619,-3.349378,5,GCN,PCA
65479,2.6038065,2.301059,28,GCN,PCA
54041,-2.164535,-2.6109297,8,GCN,PCA
32339,5.9925766,2.977455,24,GCN,PCA
103804,3.1166391,0.7450044,27,GCN,PCA
66544,0.029476702,-7.222311,2,GCN,PCA
27724,4.428508,2.2869117,16,GCN,PCA
160155,-5.377485,0.3938396,28,GCN,PCA
155894,2.4723058,0.5759721,16,GCN,PCA
17486,-3.2432792,-2.7434192,26,GCN,PCA
25558,4.0121818,2.2859356,16,GCN,PCA
161607,-1.6329947,-0.6716747,23,GCN,PCA
94423,2.95507,1.2809618,24,GCN,PCA
35698,4.4091287,0.8286135,30,GCN,PCA
5325,-0.8067088,3.8975832,28,GCN,PCA
117533,-3.122378,-1.8360119,13,GCN,PCA
167325,2.2643764,-0.22975612,10,GCN,PCA
89251,-3.872222,-1.6114829,28,GCN,PCA
127437,6.8346066,4.4604588,16,GCN,PCA
60714,-0.8745483,-2.255713,28,GCN,PCA
71559,3.411519,1.804528,16,GCN,PCA
107050,2.5665555,-0.87463415,10,GCN,PCA
94,2.1093636,-0.68047714,24,GCN,PCA
97260,-1.0116591,-3.7590673,39,GCN,PCA
15769,1.7680507,-0.004418373,24,GCN,PCA
23865,0.040474832,-1.7084938,16,GCN,PCA
35937,-14.427469,10.444067,28,GCN,PCA
70574,-4.7601357,1.4528916,28,GCN,PCA
29968,1.1860275,-4.0928016,2,GCN,PCA
97578,2.9567616,0.35113955,6,GCN,PCA
74650,-1.0652232,-2.7951546,23,GCN,PCA
85013,4.5063033,0.7713847,13,GCN,PCA
159417,0.701366,-1.8805856,24,GCN,PCA
160399,-7.4926076,4.1772013,8,GCN,PCA
77592,1.1317408,-1.3171906,24,GCN,PCA
169314,0.9134777,-0.6786616,16,GCN,PCA
81766,2.5603836,0.21038938,25,GCN,PCA
55484,1.7643223,-3.710104,10,GCN,PCA
152710,-5.8664026,2.6864216,28,GCN,PCA
85269,2.5836613,-0.001414299,31,GCN,PCA
79793,-2.4966183,-0.06956148,28,GCN,PCA
110783,0.061123192,-4.3026285,34,GCN,PCA
85444,1.3700264,-1.9582399,6,GCN,PCA
67913,4.4698277,2.656613,16,GCN,PCA
11905,-2.114886,-0.2372055,26,GCN,PCA
19883,2.3476696,0.4311409,24,GCN,PCA
169169,-1.8536115,-2.5493562,39,GCN,PCA
165476,-0.27499777,-4.4688263,22,GCN,PCA
99748,3.192747,1.0793316,24,GCN,PCA
106384,1.187835,-3.7226448,10,GCN,PCA
87597,0.7719882,-1.4087175,26,GCN,PCA
158902,-8.238724,2.6319869,28,GCN,PCA
81493,0.47333986,-1.1846026,24,GCN,PCA
154066,2.773141,0.10967398,24,GCN,PCA
153766,3.9319265,0.4073124,30,GCN,PCA
119545,1.3826184,-0.2161572,24,GCN,PCA
102689,-5.7078986,1.6910236,28,GCN,PCA
13694,-0.6603662,-0.3777702,23,GCN,PCA
82719,0.88612324,-0.5245192,16,GCN,PCA
89564,-1.8500037,-4.354883,9,GCN,PCA
78306,-2.9246805,-0.41443467,4,GCN,PCA
159233,1.8039622,-0.86027527,3,GCN,PCA
126009,-6.9662313,3.9728553,5,GCN,PCA
6154,0.3576253,-1.9309922,10,GCN,PCA
90445,4.0738997,3.0854366,16,GCN,PCA
76867,3.195117,-0.70450044,24,GCN,PCA
137501,3.3536623,-0.20893312,37,GCN,PCA
140101,4.6420326,5.6299267,4,GCN,PCA
39284,3.1248026,-0.56492877,30,GCN,PCA
127761,-1.158495,-3.8353474,36,GCN,PCA
123112,-4.9424133,4.71824,28,GCN,PCA
137962,-5.5747867,0.25713062,19,GCN,PCA
73076,3.275436,-0.6842346,31,GCN,PCA
54796,0.25442857,-3.3880002,33,GCN,PCA
36851,1.9070983,-0.48632097,24,GCN,PCA
165074,-2.0443854,3.518707,28,GCN,PCA
14370,0.7541167,-0.763469,24,GCN,PCA
72120,8.41977,9.994544,16,GCN,PCA
67787,4.184907,0.7840028,30,GCN,PCA
8526,-7.2119946,4.523716,28,GCN,PCA
74053,-3.5888638,-2.7749705,36,GCN,PCA
124509,-0.45121747,-4.3754344,9,GCN,PCA
12275,0.75410193,-2.4797058,24,GCN,PCA
100994,1.7265027,0.7114203,16,GCN,PCA
113126,5.162944,2.9462278,24,GCN,PCA
92738,-1.6883967,-3.998525,34,GCN,PCA
111829,1.5384042,0.53867483,16,GCN,PCA
102325,-0.6995789,-3.4889169,27,GCN,PCA
114944,1.4173753,-0.7796347,24,GCN,PCA
54269,4.470136,1.322079,30,GCN,PCA
22387,1.88655,0.32904983,16,GCN,PCA
153265,1.9216905,0.24599695,4,GCN,PCA
103346,-3.4527972,0.17021894,28,GCN,PCA
25709,-6.5815825,3.534053,28,GCN,PCA
101158,2.7438405,0.36394358,30,GCN,PCA
73799,-1.2187018,1.0132225,4,GCN,PCA
103069,2.337617,0.40221786,6,GCN,PCA
47161,-1.9845257,-1.9141911,0,GCN,PCA
91870,2.3215725,-0.58745646,30,GCN,PCA
56223,-3.978314,0.9933071,8,GCN,PCA
48039,-4.3476067,0.7396536,19,GCN,PCA
41222,-9.031727,5.6872034,28,GCN,PCA
94284,0.43733495,-3.3571365,10,GCN,PCA
166807,0.6518019,-3.2655926,10,GCN,PCA
48900,-2.8979623,-3.4909103,5,GCN,PCA
18487,0.4352352,-0.8465208,24,GCN,PCA
150802,1.1620765,-0.5306692,16,GCN,PCA
107821,1.2001855,2.299703,16,GCN,PCA
114189,5.4791656,3.9167364,16,GCN,PCA
74990,3.3817577,0.592185,31,GCN,PCA
35906,-1.6665719,-0.8882884,37,GCN,PCA
124761,3.9906948,1.324331,27,GCN,PCA
50998,-0.6751832,-3.0313346,22,GCN,PCA
34233,0.85631293,-1.3063241,24,GCN,PCA
126811,2.039335,-1.0230333,30,GCN,PCA
146127,-0.80145776,-1.5124286,26,GCN,PCA
12887,-0.080635875,-0.9911665,26,GCN,PCA
146116,-2.5791743,-0.4677987,5,GCN,PCA
141963,1.6222377,-0.56109667,16,GCN,PCA
107058,5.679592,1.5110972,30,GCN,PCA
113725,-5.0558558,-4.7266493,36,GCN,PCA
157962,-4.812074,-0.24188638,19,GCN,PCA
54737,-0.73119897,-2.9091432,18,GCN,PCA
114230,-5.380854,1.3039238,28,GCN,PCA
139591,4.415725,1.8426945,27,GCN,PCA
132539,-3.3610094,0.6788442,21,GCN,PCA
40838,-3.2944105,-2.9962924,20,GCN,PCA
125200,-2.5122702,1.2739465,28,GCN,PCA
25451,-4.7857766,-0.23025632,28,GCN,PCA
69945,0.43629676,-1.0618637,24,GCN,PCA
43218,-2.3895383,-2.617656,34,GCN,PCA
129542,-1.2611924,-1.6705222,28,GCN,PCA
132055,3.6988375,2.4612663,16,GCN,PCA
69745,-1.6174262,-3.1176991,20,GCN,PCA
28135,-5.2316008,1.938422,28,GCN,PCA
11310,-0.6687832,-5.516592,2,GCN,PCA
77529,3.7838113,0.7506871,30,GCN,PCA
27828,-0.79208434,-4.665016,37,GCN,PCA
57372,-6.1061897,3.3113391,28,GCN,PCA
116808,0.3612166,-1.115784,3,GCN,PCA
74172,3.1030579,0.5750909,24,GCN,PCA
68728,2.1389024,0.9155922,16,GCN,PCA
118166,-6.6856594,2.6881373,28,GCN,PCA
155644,4.5053935,0.14886665,24,GCN,PCA
86564,3.8442495,-0.13058329,10,GCN,PCA
72948,-1.3705635,-4.1687512,39,GCN,PCA
105854,4.579006,1.2619274,24,GCN,PCA
50987,1.979867,-0.52913,16,GCN,PCA
146261,1.4506173,-0.92015123,24,GCN,PCA
67865,-7.504967,2.6725557,28,GCN,PCA
104603,3.7629535,-0.13679218,26,GCN,PCA
6176,1.6958466,-2.3577368,37,GCN,PCA
128398,-2.7401447,0.36473942,28,GCN,PCA
14097,8.678015,7.32145,16,GCN,PCA
96204,0.43814772,-1.0239143,2,GCN,PCA
121847,-1.1125668,-2.3377109,34,GCN,PCA
137162,0.15573704,-1.94574,30,GCN,PCA
87531,-3.0922835,-1.6066391,28,GCN,PCA
21976,-3.263236,-4.242111,34,GCN,PCA
4991,-0.63800263,-3.5586057,34,GCN,PCA
12279,6.159229,4.2568655,25,GCN,PCA
14540,-8.544529,5.060911,28,GCN,PCA
164122,-4.051076,0.705158,28,GCN,PCA
10160,-0.3384243,-4.168556,10,GCN,PCA
11823,7.798297,6.012389,16,GCN,PCA
63079,1.3901615,-0.93101096,3,GCN,PCA
19916,-4.762842,-0.68098664,4,GCN,PCA
31073,2.0695064,-0.65347743,30,GCN,PCA
14923,5.168475,3.795664,16,GCN,PCA
22081,-9.078291,4.7772007,28,GCN,PCA
168608,-1.5165614,-0.6968906,5,GCN,PCA
48248,-1.0104489,-1.6886078,5,GCN,PCA
28045,1.7013173,0.50325537,16,GCN,PCA
137282,0.5421677,0.42815018,11,GCN,PCA
55079,-1.3788042,-1.8134086,10,GCN,PCA
136971,3.6975753,0.65113187,13,GCN,PCA
152872,-9.541616,6.430094,8,GCN,PCA
112431,-2.7764826,-1.5568541,9,GCN,PCA
149723,-1.2358043,-2.1162658,2,GCN,PCA
28126,5.4690123,3.1124675,24,GCN,PCA
161242,3.166505,0.63070107,27,GCN,PCA
43631,4.3358674,3.6109478,16,GCN,PCA
23386,-1.5002882,-3.1682272,36,GCN,PCA
21308,-0.93611956,-1.3278395,28,GCN,PCA
95951,1.7370017,0.12707806,24,GCN,PCA
161081,-0.09420645,-1.1249288,38,GCN,PCA
57969,-0.49427375,1.9491584,8,GCN,PCA
9641,2.1476908,-0.48133707,24,GCN,PCA
134617,-5.8290515,3.1455042,28,GCN,PCA
138838,0.12506884,-1.5870042,5,GCN,PCA
147273,1.1557035,-2.5630925,30,GCN,PCA
2869,-1.1985931,-2.6629918,22,GCN,PCA
33422,-0.28575402,-3.8296094,36,GCN,PCA
51485,-9.50761,5.458294,28,GCN,PCA
106211,2.3171976,-0.110118866,16,GCN,PCA
10140,-1.8383434,-2.3189783,5,GCN,PCA
74552,-0.3843734,-2.785156,9,GCN,PCA
20416,1.0538373,0.13732338,24,GCN,PCA
78964,-4.4314404,-4.097445,20,GCN,PCA
17053,-1.0169997,-3.2178319,34,GCN,PCA
88166,-0.029070377,-2.2909007,38,GCN,PCA
153911,3.1174326,1.2423279,16,GCN,PCA
123391,-1.818542,-3.513695,9,GCN,PCA
61626,2.9288416,0.13933659,27,GCN,PCA
105408,0.35578388,-4.5510163,2,GCN,PCA
17899,6.728044,4.456687,16,GCN,PCA
117759,1.5348763,-1.7321917,34,GCN,PCA
73401,-9.27101,9.052903,28,GCN,PCA
158975,-5.716632,1.9995329,28,GCN,PCA
56456,-4.4203806,0.05172658,28,GCN,PCA
4508,0.66758806,-1.6802821,30,GCN,PCA
67609,1.1397431,-2.9158223,10,GCN,PCA
38271,-0.8936368,-1.6208593,21,GCN,PCA
131947,6.6577296,3.7328937,30,GCN,PCA
40752,-1.8664732,-4.275785,34,GCN,PCA
132532,2.865766,-0.72384477,38,GCN,PCA
129252,-1.7957897,-1.4948897,4,GCN,PCA
67927,-1.2232716,-4.016713,36,GCN,PCA
88123,1.3030908,-3.096954,3,GCN,PCA
90837,-3.8210073,-4.475875,2,GCN,PCA
35815,0.41912854,-3.7576408,24,GCN,PCA
49419,-2.0755427,-1.8150778,34,GCN,PCA
146911,2.8959773,3.5062087,16,GCN,PCA
121875,-1.0510938,-3.3280034,5,GCN,PCA
123751,1.0627306,-1.437947,30,GCN,PCA
37037,4.370929,2.335899,24,GCN,PCA
143747,4.0115924,-0.734323,24,GCN,PCA
87047,-3.5773714,-0.9721849,39,GCN,PCA
42731,2.9658427,-0.20518088,31,GCN,PCA
89382,-6.247228,1.3815758,28,GCN,PCA
124359,2.7564874,-0.8857318,31,GCN,PCA
59688,2.085385,-0.06180811,26,GCN,PCA
8440,2.7180543,0.5601268,24,GCN,PCA
143867,0.33445722,-2.590954,36,GCN,PCA
156783,-8.393455,5.308791,28,GCN,PCA
69068,-0.32657588,-4.969858,2,GCN,PCA
65762,2.0464466,-0.5233507,16,GCN,PCA
139546,0.5787223,-1.4512082,26,GCN,PCA
5124,1.1272998,-1.1544918,27,GCN,PCA
124484,-1.4690824,-1.3418154,23,GCN,PCA
143509,1.3820922,-1.9239991,30,GCN,PCA
135738,-1.5341733,-3.5604925,34,GCN,PCA
57775,-4.2134485,0.056218147,28,GCN,PCA
75059,2.782547,2.8627822,25,GCN,PCA
9158,-1.2904496,-0.42560434,39,GCN,PCA
78691,4.02283,0.8415704,24,GCN,PCA
82217,-2.7234704,0.05531788,28,GCN,PCA
100438,-1.3627701,-1.3734553,4,GCN,PCA
93486,-4.1597757,-3.3698921,36,GCN,PCA
53123,-3.8429291,2.3858783,28,GCN,PCA
118105,-0.17428258,-3.8247705,2,GCN,PCA
152273,-1.2446074,-2.3929732,2,GCN,PCA
36524,2.091368,-1.3911163,30,GCN,PCA
75560,2.8559866,0.11922932,23,GCN,PCA
4056,-12.082792,8.78689,8,GCN,PCA
157268,0.7180993,-2.0478218,24,GCN,PCA
137633,-3.5639,-3.8826904,39,GCN,PCA
155095,5.89484,4.9044523,16,GCN,PCA
109245,3.9032352,1.1748359,16,GCN,PCA
48799,-5.175582,0.9001274,8,GCN,PCA
100600,-1.7640898,-2.7957792,34,GCN,PCA
39054,-1.6587982,-1.5449549,28,GCN,PCA
55887,2.4398348,0.38018394,24,GCN,PCA
34423,7.0429516,4.750166,16,GCN,PCA
127784,5.3717155,3.2649424,16,GCN,PCA
41395,8.749251,5.4218655,16,GCN,PCA
49993,-3.5283298,-0.89362216,4,GCN,PCA
129406,-1.4634764,-1.6105218,4,GCN,PCA
146591,-8.229209,4.754483,28,GCN,PCA
79649,3.3302693,1.0204208,24,GCN,PCA
162596,-1.180384,-2.117612,13,GCN,PCA
101220,-2.6490984,-1.1399899,35,GCN,PCA
63511,-3.633084,-0.56451654,28,GCN,PCA
99659,0.028801858,-0.59529495,8,GCN,PCA
130712,1.296423,-1.5367403,24,GCN,PCA
85711,8.192588,7.764821,16,GCN,PCA
47130,0.23017114,0.5646403,24,GCN,PCA
16148,0.092509806,-2.9889822,34,GCN,PCA
145274,0.85747284,-3.4047933,7,GCN,PCA
102139,2.0808613,-0.4909768,30,GCN,PCA
68424,-1.5957816,-3.1240356,5,GCN,PCA
99123,-0.26821184,-1.1981227,26,GCN,PCA
15565,-1.8820863,0.94103456,8,GCN,PCA
36853,0.66921884,-1.9282066,23,GCN,PCA
163713,5.753214,2.121997,16,GCN,PCA
11787,-7.0468946,2.8860157,8,GCN,PCA
78641,-1.2663074,-3.5068536,9,GCN,PCA
109399,1.5296876,-1.4481703,10,GCN,PCA
105904,-0.5272653,-1.698105,30,GCN,PCA
58997,4.786229,2.5134046,16,GCN,PCA
58418,-3.4819703,-1.1547836,9,GCN,PCA
65094,-1.4621415,0.6601496,27,GCN,PCA
163315,8.210357,2.057731,30,GCN,PCA
26011,0.038669944,-2.5864332,26,GCN,PCA
152311,-2.9575393,0.6702244,28,GCN,PCA
135110,1.3838651,0.17753482,24,GCN,PCA
119784,2.0593917,-1.1280138,27,GCN,PCA
1320,4.2536206,2.4723299,16,GCN,PCA
159412,3.5182836,1.4326327,16,GCN,PCA
75305,-0.4878062,-1.7498354,24,GCN,PCA
131967,1.7298768,-0.38045144,30,GCN,PCA
55916,-1.6741104,-2.7202842,5,GCN,PCA
31286,8.61503,5.653735,16,GCN,PCA
132221,1.5167012,-0.92040575,24,GCN,PCA
86807,2.4018562,-0.770854,24,GCN,PCA
41981,1.8525779,-1.1781857,26,GCN,PCA
112512,2.5040514,-2.1636279,24,GCN,PCA
48044,-7.1132417,3.357764,28,GCN,PCA
122230,3.858063,1.3797696,24,GCN,PCA
128500,4.6957507,2.7218072,16,GCN,PCA
40945,5.2704315,2.2538173,24,GCN,PCA
132465,-0.6038319,-1.3551022,15,GCN,PCA
151546,-1.0632312,1.0739589,4,GCN,PCA
159489,6.9477906,5.2156563,16,GCN,PCA
130594,-3.2046256,-2.941841,34,GCN,PCA
138102,3.6859567,0.8493135,24,GCN,PCA
65572,2.442522,0.024886847,16,GCN,PCA
142347,2.5975971,0.3182485,10,GCN,PCA
166268,5.0829024,3.2084897,16,GCN,PCA
83836,0.120697856,-1.1683748,26,GCN,PCA
83859,3.5331538,0.16250825,30,GCN,PCA
111594,1.645968,-2.5190194,10,GCN,PCA
83462,-12.170587,8.541292,28,GCN,PCA
51231,2.0627666,1.4002006,27,GCN,PCA
39557,-0.78047997,-2.244995,23,GCN,PCA
163779,-1.041834,-5.3920097,2,GCN,PCA
19559,1.4918077,1.1782286,16,GCN,PCA
70308,1.5645072,-1.1224077,4,GCN,PCA
47777,1.2948337,-1.4314585,30,GCN,PCA
103064,4.8556056,2.6882808,16,GCN,PCA
124376,-6.8812733,1.9544289,28,GCN,PCA
26762,-3.4189253,-1.2332579,28,GCN,PCA
136187,-0.53815466,-1.2193102,24,GCN,PCA
7687,0.5911481,-1.7484274,10,GCN,PCA
123618,0.44332027,-1.456753,26,GCN,PCA
163416,1.9975529,-0.8380437,4,GCN,PCA
87549,-2.0229926,-3.5782866,9,GCN,PCA
31090,1.2475262,-1.3145672,27,GCN,PCA
145516,-0.56001836,-2.7311842,24,GCN,PCA
9413,1.9363432,-1.0823058,16,GCN,PCA
73237,-7.728651,4.719636,28,GCN,PCA
161877,2.7850938,0.31535077,16,GCN,PCA
120902,-1.0364355,-3.020908,3,GCN,PCA
17586,-0.2311145,-3.4875746,2,GCN,PCA
155785,1.8288839,-1.184358,24,GCN,PCA
26396,2.8005328,0.9079459,16,GCN,PCA
129614,2.076315,-1.4220082,24,GCN,PCA
20212,-1.519357,-2.6974087,5,GCN,PCA
21296,3.8386214,0.98777914,24,GCN,PCA
100018,2.5019848,0.87479377,24,GCN,PCA
126152,1.3419814,-2.0149622,3,GCN,PCA
89252,-0.05045986,-1.1580245,3,GCN,PCA
102740,1.6862373,-1.8957417,30,GCN,PCA
16428,-3.7234223,-0.55551386,28,GCN,PCA
50763,24.86653,14.965113,24,GCN,PCA
89885,0.75510615,-1.4491712,16,GCN,PCA
143995,3.4270647,1.6679676,16,GCN,PCA
142475,5.472049,4.333953,16,GCN,PCA
8389,1.7272468,0.4478035,16,GCN,PCA
86825,-2.5306666,-3.0663474,9,GCN,PCA
37793,-0.45061538,-3.2290416,6,GCN,PCA
12032,-1.3102596,-4.6762767,2,GCN,PCA
140839,2.3654222,-0.29227304,24,GCN,PCA
41197,0.30428326,0.73701334,16,GCN,PCA
141275,-1.5627749,-3.367652,22,GCN,PCA
101970,1.4563091,-1.1184657,10,GCN,PCA
152300,-0.28174886,-5.110716,2,GCN,PCA
65198,3.3526745,-0.6453235,24,GCN,PCA
35018,1.0552459,-3.2474995,10,GCN,PCA
26692,0.3544147,-1.3127998,24,GCN,PCA
129976,-1.1314036,-1.4053526,15,GCN,PCA
71963,4.913611,1.87411,30,GCN,PCA
106128,2.058199,-1.4391688,10,GCN,PCA
130595,3.9562786,0.8774221,24,GCN,PCA
26885,2.2993171,-2.000325,30,GCN,PCA
14120,-1.0191557,-5.53977,33,GCN,PCA
5830,2.6260674,0.9628606,16,GCN,PCA
42473,-3.1678612,-0.37936163,4,GCN,PCA
66276,4.2403846,0.79188585,30,GCN,PCA
104934,1.4143603,-1.5890322,27,GCN,PCA
140571,-0.58071136,-3.359372,24,GCN,PCA
66888,5.2756305,2.0539763,30,GCN,PCA
37305,1.2520316,-1.9481893,23,GCN,PCA
154400,-8.4610195,5.5434313,8,GCN,PCA
66752,3.7046258,0.6541796,30,GCN,PCA
85245,-0.48400074,-1.1936857,24,GCN,PCA
156702,-1.5810928,-3.97257,36,GCN,PCA
3919,-0.66580373,-2.0467193,38,GCN,PCA
22421,0.77755934,0.31855583,24,GCN,PCA
45766,2.0264654,-0.7343967,26,GCN,PCA
42294,1.1363297,-2.6707423,4,GCN,PCA
19685,1.7255075,-1.2627174,24,GCN,PCA
45517,-4.11211,0.76795316,19,GCN,PCA
99850,-1.3835777,-3.4325895,22,GCN,PCA
44172,-2.8390238,2.8973587,4,GCN,PCA
105668,-3.8522503,1.4966333,4,GCN,PCA
133286,-5.3356814,1.0321946,8,GCN,PCA
167790,-4.330434,0.21474266,5,GCN,PCA
150704,3.8881195,1.7118566,16,GCN,PCA
35161,3.808738,2.5311391,16,GCN,PCA
132184,2.2818952,-0.4616487,16,GCN,PCA
31920,1.332324,-2.0087652,38,GCN,PCA
48059,-1.2392073,-4.142003,9,GCN,PCA
39517,-0.1731709,-4.6941967,9,GCN,PCA
77019,5.206151,1.8727682,24,GCN,PCA
67007,-1.3415782,-1.5073943,24,GCN,PCA
30782,-2.6776183,-2.282741,5,GCN,PCA
28852,2.4553647,0.12857199,16,GCN,PCA
33304,-3.6247501,-0.17928457,5,GCN,PCA
21755,-0.7945417,-1.5279642,0,GCN,PCA
77753,1.0013628,-3.2883952,10,GCN,PCA
68757,6.1607943,3.356631,27,GCN,PCA
16238,-1.3016055,-3.1603274,39,GCN,PCA
160997,2.139353,-0.8735833,10,GCN,PCA
125305,-1.1502866,-3.7062662,33,GCN,PCA
166478,1.9369161,0.3553772,16,GCN,PCA
121196,1.8334949,-1.505753,37,GCN,PCA
164902,-1.6093202,-2.802224,39,GCN,PCA
40831,-1.3033814,-2.94051,34,GCN,PCA
11878,1.0646691,-1.3456144,13,GCN,PCA
153338,1.4352078,-0.38938546,1,GCN,PCA
40376,2.2975483,-1.5187757,24,GCN,PCA
66985,-5.838792,3.0498106,28,GCN,PCA
108378,3.3314579,1.0672343,30,GCN,PCA
68395,4.5032053,3.8981278,24,GCN,PCA
27370,0.5008015,-1.8690045,8,GCN,PCA
163248,6.4753876,4.2826624,16,GCN,PCA
22297,1.3789418,1.1073585,16,GCN,PCA
114659,3.174867,0.3978083,16,GCN,PCA
166943,10.925512,13.250521,16,GCN,PCA
106663,-0.046815664,-1.9973454,38,GCN,PCA
87429,1.9025307,-1.2216042,26,GCN,PCA
143130,-9.150494,4.2251024,28,GCN,PCA
123075,-0.433235,-1.7093018,26,GCN,PCA
79622,-5.958467,4.7119875,8,GCN,PCA
72293,1.1295125,-0.78110194,16,GCN,PCA
68102,-2.0509233,-4.0971527,36,GCN,PCA
93733,2.7809443,-0.37882376,16,GCN,PCA
32469,4.7749596,2.3827527,16,GCN,PCA
28700,0.05995673,-0.8172506,39,GCN,PCA
167998,-0.16643882,-0.49871993,4,GCN,PCA
39292,0.10088664,-1.8242967,19,GCN,PCA
61709,1.121978,-0.70304847,24,GCN,PCA
25949,0.5314979,0.7265961,16,GCN,PCA
124083,3.4240031,1.1713626,16,GCN,PCA
56202,1.569704,-1.8016429,3,GCN,PCA
65646,5.024616,4.5587006,16,GCN,PCA
23308,-1.5079103,-1.4375931,34,GCN,PCA
168615,-0.7157437,-2.668083,5,GCN,PCA
127499,3.4280446,0.6963382,6,GCN,PCA
134529,-7.638768,4.0157003,28,GCN,PCA
121065,1.5421817,-0.6395726,16,GCN,PCA
86191,-4.0260653,2.436374,1,GCN,PCA
149085,0.30187684,-1.6801884,28,GCN,PCA
34548,-4.835222,1.3210571,4,GCN,PCA
34688,-8.214467,4.4244785,28,GCN,PCA
6418,-0.3303715,-2.5560257,35,GCN,PCA
146664,-1.2404414,-6.167705,2,GCN,PCA
165122,-1.3526671,-1.4126358,37,GCN,PCA
60379,-1.8653467,-3.0701108,4,GCN,PCA
94875,1.7426343,-0.19720483,16,GCN,PCA
95014,5.2902465,2.0019124,24,GCN,PCA
715,3.3706868,1.0483539,16,GCN,PCA
169181,3.186535,0.07885218,16,GCN,PCA
35394,-1.7989633,-1.8453143,9,GCN,PCA
139711,6.1052237,5.550514,16,GCN,PCA
138726,-5.6329746,2.586315,8,GCN,PCA
122572,-2.310599,-2.6359015,5,GCN,PCA
62844,-1.302863,-3.599256,9,GCN,PCA
96152,-0.4985977,-2.9250526,34,GCN,PCA
128218,6.5375366,2.2936966,24,GCN,PCA
101050,-0.3909334,-1.8920974,24,GCN,PCA
128874,-1.1921366,-1.61472,19,GCN,PCA
128845,-1.3627217,-5.1832027,2,GCN,PCA
42034,1.5093472,-2.2471232,6,GCN,PCA
116207,-0.91327214,-2.7549136,5,GCN,PCA
71851,2.4360487,1.0449924,16,GCN,PCA
163799,-0.29268765,0.48722553,27,GCN,PCA
71427,-1.8871138,-2.303616,34,GCN,PCA
888,-4.34557,-0.62769985,8,GCN,PCA
43957,1.6641922,-0.44071817,31,GCN,PCA
93308,3.6075995,1.2082388,16,GCN,PCA
160235,1.2295244,-1.1972072,24,GCN,PCA
56853,-3.178172,2.8354137,28,GCN,PCA
45886,0.0675019,-2.340184,24,GCN,PCA
159543,3.8926837,0.92553234,27,GCN,PCA
39084,0.8472764,-1.0476682,6,GCN,PCA
69821,-2.2875645,-1.5334424,4,GCN,PCA
135313,-3.491619,0.731539,18,GCN,PCA
166007,2.549875,-1.3557395,30,GCN,PCA
112593,-2.9652367,-1.9848909,9,GCN,PCA
49745,2.9693966,0.4528644,30,GCN,PCA
23268,2.6703658,0.98377156,16,GCN,PCA
127830,0.097976565,-0.95679677,24,GCN,PCA
151735,-0.15547106,-2.2196674,20,GCN,PCA
153073,-1.3560354,-4.4518943,36,GCN,PCA
43980,-2.7175877,-4.539007,18,GCN,PCA
162677,-8.750536,5.3087215,28,GCN,PCA
134908,4.4636817,2.8337505,16,GCN,PCA
37490,-1.6016834,-3.4015918,34,GCN,PCA
29152,-4.5490193,1.0965712,4,GCN,PCA
122928,-2.3846228,-2.9732075,34,GCN,PCA
31887,1.1905444,-0.917544,23,GCN,PCA
111478,-2.1599023,-1.9175816,8,GCN,PCA
113204,5.92474,1.6242535,6,GCN,PCA
523,4.670197,-0.39390683,36,GCN,PCA
138592,-0.15787753,-1.5238822,30,GCN,PCA
9870,-0.9522983,-3.004122,9,GCN,PCA
66940,1.282773,-0.47180104,27,GCN,PCA
127201,-4.7242002,1.0162516,8,GCN,PCA
157732,-7.788478,4.320326,28,GCN,PCA
104577,-11.5854645,8.531814,28,GCN,PCA
9628,3.8209302,0.3469622,24,GCN,PCA
124075,-0.75360733,-0.63337255,4,GCN,PCA
32432,5.6514864,1.1810939,24,GCN,PCA
37147,-2.446151,-3.8551695,34,GCN,PCA
28214,2.2706635,-0.13681984,16,GCN,PCA
35798,-2.8069482,-3.0442932,9,GCN,PCA
49234,-1.541096,-3.437736,9,GCN,PCA
102126,2.087519,-1.1802605,31,GCN,PCA
92555,-0.5103248,-0.38075495,24,GCN,PCA
165264,1.2437568,-1.070412,5,GCN,PCA
57268,-1.8355892,-4.633098,39,GCN,PCA
71760,-5.8154955,1.5721023,8,GCN,PCA
156003,1.177463,-1.5945349,26,GCN,PCA
104510,1.4448016,-2.613386,39,GCN,PCA
100751,-2.3229845,-0.37838078,26,GCN,PCA
136628,0.6124713,-3.286069,2,GCN,PCA
44549,2.7313902,-1.0242151,23,GCN,PCA
124466,-5.3945527,0.03017044,8,GCN,PCA
66747,1.7389774,0.37408113,16,GCN,PCA
21303,-5.472413,1.7249687,28,GCN,PCA
52238,-1.8705416,-3.0727675,34,GCN,PCA
26643,-2.822964,-1.9801538,34,GCN,PCA
147885,-5.0094266,2.3350508,28,GCN,PCA
19698,3.9009345,0.3887987,6,GCN,PCA
145064,-0.024905264,0.63474226,8,GCN,PCA
111002,3.4753392,-0.0014047623,24,GCN,PCA
165325,-3.34231,0.8668866,28,GCN,PCA
128054,2.88298,1.4756835,16,GCN,PCA
140900,1.6034019,-0.58545136,16,GCN,PCA
11415,-2.671387,-1.0533681,28,GCN,PCA
131789,-2.044851,-4.2094026,10,GCN,PCA
32703,3.845352,-0.40223074,30,GCN,PCA
37422,-0.23968682,-2.2005537,24,GCN,PCA
118483,0.23940116,-0.8373668,24,GCN,PCA
18058,4.8693895,2.3864415,16,GCN,PCA
164451,0.81672555,-1.4624476,27,GCN,PCA
139041,-4.4352965,1.1082592,28,GCN,PCA
106785,2.4556983,1.1502485,16,GCN,PCA
91768,0.29236692,-0.8227725,4,GCN,PCA
126887,0.5059275,0.8976159,25,GCN,PCA
94429,-0.66315025,-3.4386292,27,GCN,PCA
75015,-2.851984,-1.3467283,23,GCN,PCA
67704,-0.5218213,-5.6445293,36,GCN,PCA
81760,-5.7626357,2.628854,4,GCN,PCA
82157,-0.4563739,-2.3770869,37,GCN,PCA
77896,1.4199257,0.5228193,24,GCN,PCA
79313,1.8905892,0.5716343,16,GCN,PCA
96508,2.3551254,0.2900076,16,GCN,PCA
2627,1.882586,0.3271234,16,GCN,PCA
169335,3.0123627,-0.11290002,30,GCN,PCA
13488,-6.8435616,3.2941716,28,GCN,PCA
126356,3.189724,0.9325273,16,GCN,PCA
76612,-3.8931117,-0.70437765,8,GCN,PCA
59636,2.9467392,0.90282345,16,GCN,PCA
131550,5.4665065,2.000622,10,GCN,PCA
83819,4.3066382,1.7453077,16,GCN,PCA
151025,1.3070922,-2.2564614,34,GCN,PCA
138356,-0.3760045,-1.8329496,24,GCN,PCA
147897,0.5338835,-1.2815921,26,GCN,PCA
73313,2.721148,1.7425463,16,GCN,PCA
101978,-0.38602448,-3.0628304,2,GCN,PCA
78375,1.3003037,-2.5942159,24,GCN,PCA
166027,-2.2896717,-4.2801223,39,GCN,PCA
103657,4.868908,0.14705563,24,GCN,PCA
144144,3.50573,1.1216915,30,GCN,PCA
3934,-1.3581221,-1.2342237,36,GCN,PCA
106883,-1.8755343,-4.938653,33,GCN,PCA
104463,-8.934928,5.811264,28,GCN,PCA
82770,0.87153524,-1.1302342,16,GCN,PCA
60666,1.7399971,-2.8751035,10,GCN,PCA
154594,0.24720651,-2.5094926,34,GCN,PCA
9814,0.6526113,-1.8638482,30,GCN,PCA
126860,4.337069,0.47555518,30,GCN,PCA
168836,-0.5930383,-2.6852071,36,GCN,PCA
39230,3.2679887,0.41168284,37,GCN,PCA
149744,-9.065012,6.2203617,28,GCN,PCA
61386,-2.1181166,-4.4550824,9,GCN,PCA
143039,-1.4398749,-3.1083167,39,GCN,PCA
50364,-1.1726255,-1.0744902,4,GCN,PCA
116532,-1.915163,-2.1329017,23,GCN,PCA
72949,3.549425,-0.4235065,16,GCN,PCA
2399,2.107483,-1.1447742,30,GCN,PCA
21759,-1.4121692,-2.3230052,4,GCN,PCA
60761,4.6273923,3.576278,16,GCN,PCA
45352,-3.0554466,-2.2393913,32,GCN,PCA
30514,-3.3946295,3.2858117,19,GCN,PCA
52175,-0.023672879,-2.405482,10,GCN,PCA
29041,2.7434826,0.35672307,24,GCN,PCA
124982,-2.4881868,1.5965989,28,GCN,PCA
151268,-2.087517,-3.3357463,39,GCN,PCA
40054,0.5909274,-0.41687632,26,GCN,PCA
119543,-3.0215201,-0.43388367,28,GCN,PCA
65180,0.5709794,-4.443107,39,GCN,PCA
57083,-5.482459,1.917155,28,GCN,PCA
77721,2.681121,1.2984989,25,GCN,PCA
38461,-5.282058,0.9448137,4,GCN,PCA
29320,0.2666092,-1.7194157,34,GCN,PCA
30206,1.8628843,-0.16865492,26,GCN,PCA
59987,0.3831374,-0.75578356,0,GCN,PCA
56466,-3.046482,-0.53393245,28,GCN,PCA
40027,-1.3247995,-1.0687275,5,GCN,PCA
46028,1.660914,-1.8078846,30,GCN,PCA
136427,-5.6282086,0.6849842,28,GCN,PCA
73051,-5.6879015,0.64993834,28,GCN,PCA
74526,-7.4988937,3.1323073,28,GCN,PCA
34265,1.9302306,-0.7413335,30,GCN,PCA
135518,3.347847,-0.83744454,10,GCN,PCA
18124,-4.5110364,-1.1376215,28,GCN,PCA
124366,-12.07364,7.8288116,28,GCN,PCA
96699,1.6427755,-2.5981643,10,GCN,PCA
130058,0.35793674,-1.8562195,39,GCN,PCA
39946,0.19979572,-5.0782146,22,GCN,PCA
79997,-0.6604216,-3.937174,39,GCN,PCA
70301,-1.8838539,-4.4905763,9,GCN,PCA
11627,4.055505,1.6328962,16,GCN,PCA
24782,-0.45720384,-2.3314972,34,GCN,PCA
117229,1.7917082,-0.4348817,16,GCN,PCA
137888,4.6481686,4.2429075,16,GCN,PCA
91492,-6.406697,2.363506,28,GCN,PCA
117572,0.24380118,-3.1256118,24,GCN,PCA
21163,2.9289043,3.34246,27,GCN,PCA
63591,-1.8226104,-3.7060869,5,GCN,PCA
51270,2.607828,-0.8664206,10,GCN,PCA
41298,-1.13093,-3.4802043,7,GCN,PCA
45466,-3.6015396,0.0502429,21,GCN,PCA
64698,-1.0497904,1.9830554,4,GCN,PCA
24514,4.532521,0.9367986,30,GCN,PCA
133396,-0.7808955,-1.201486,5,GCN,PCA
79552,-0.9195837,-3.857735,2,GCN,PCA
130965,-14.831668,11.386076,8,GCN,PCA
59479,4.262323,1.3754389,24,GCN,PCA
124930,2.7692919,0.7309439,31,GCN,PCA
29131,-2.4012692,-0.5724704,20,GCN,PCA
139061,2.0020761,-0.33583474,23,GCN,PCA
117762,0.9040517,0.8981924,13,GCN,PCA
28183,2.0904796,4.1117096,16,GCN,PCA
126475,3.2515447,0.48491,30,GCN,PCA
121006,4.8118143,1.1894596,30,GCN,PCA
146812,2.0553052,0.31888032,16,GCN,PCA
31439,-7.676488,4.3036118,28,GCN,PCA
88037,-4.6952453,-0.8849509,28,GCN,PCA
54557,-3.1361659,0.7669096,36,GCN,PCA
48448,1.2145412,-2.177889,26,GCN,PCA
65716,0.6518677,0.42016292,27,GCN,PCA
32872,-2.460419,0.7344284,19,GCN,PCA
47012,1.2771754,-0.5805931,13,GCN,PCA
25681,8.380808,4.7854013,27,GCN,PCA
133449,2.0528638,-0.46407628,24,GCN,PCA
158998,-0.39386302,-2.0249279,38,GCN,PCA
16587,3.1212745,0.015848875,24,GCN,PCA
18414,1.1022818,-1.2598337,10,GCN,PCA
93670,-0.7367223,-3.0688086,10,GCN,PCA
45334,-1.6123228,-4.561517,2,GCN,PCA
121814,-4.7536964,1.9398882,28,GCN,PCA
148799,1.8029568,-0.5122895,16,GCN,PCA
37356,2.1473572,3.08936,16,GCN,PCA
124282,2.8032453,0.6373236,24,GCN,PCA
18859,-1.2776359,0.980098,4,GCN,PCA
104252,-4.1709356,-4.1777806,20,GCN,PCA
62193,0.8791904,0.00022053719,4,GCN,PCA
33028,-2.2060535,-1.457839,31,GCN,PCA
64338,5.553553,5.4651537,16,GCN,PCA
21813,4.7636456,2.7119653,24,GCN,PCA
58159,-1.6604142,-2.8116415,2,GCN,PCA
123945,-3.5557818,-2.8905609,28,GCN,PCA
99456,-1.7670634,-3.4367483,33,GCN,PCA
35842,-2.1194255,-2.8462129,39,GCN,PCA
88557,4.5417886,0.80699015,30,GCN,PCA
76462,0.56125766,-1.4923642,34,GCN,PCA
81476,1.9456012,-1.4555212,30,GCN,PCA
122514,5.4346895,1.5804236,30,GCN,PCA
7590,-2.8775084,-0.5722313,8,GCN,PCA
84124,-1.5587282,-0.07302308,19,GCN,PCA
61432,-0.40509534,-0.3363576,28,GCN,PCA
135083,4.905505,1.0921082,30,GCN,PCA
104640,2.096433,0.7022474,17,GCN,PCA
70706,3.6517465,0.39971542,30,GCN,PCA
99647,-2.69936,-0.15302372,28,GCN,PCA
61696,-0.112711966,-3.4342914,34,GCN,PCA
117253,-0.8085574,0.28976607,37,GCN,PCA
159784,0.33184415,-2.6687496,24,GCN,PCA
154685,-0.34310517,-4.8049736,37,GCN,PCA
111757,5.6096106,1.7383468,30,GCN,PCA
129420,-0.8468621,-3.6590552,9,GCN,PCA
110207,1.8326657,-0.22949934,24,GCN,PCA
72355,-2.4007256,-0.6948304,7,GCN,PCA
57834,0.86154836,-1.5547669,30,GCN,PCA
50178,7.1114554,3.2957637,30,GCN,PCA
104976,-0.6805719,-1.3838221,23,GCN,PCA
128174,3.084172,-0.10234332,24,GCN,PCA
142433,-6.7816916,4.590049,28,GCN,PCA
32120,-1.1849673,-4.261684,2,GCN,PCA
106122,21.53952,20.442238,16,GCN,PCA
75866,-1.8886187,-4.280414,9,GCN,PCA
71227,-3.6090543,-2.9334104,36,GCN,PCA
150284,0.026140034,-4.063772,22,GCN,PCA
130049,1.426964,-0.14490795,24,GCN,PCA
124370,-0.6508677,-2.4324841,34,GCN,PCA
107830,1.0921025,-0.08114028,3,GCN,PCA
119719,2.7142408,-1.4522424,31,GCN,PCA
136783,4.4188247,0.3564036,30,GCN,PCA
133270,-7.0128827,4.1306562,28,GCN,PCA
10036,-0.48528278,-4.2213817,36,GCN,PCA
119314,-2.3053422,-2.6355171,20,GCN,PCA
79116,-6.954304,5.724825,4,GCN,PCA
47055,-0.5726445,-1.0385202,11,GCN,PCA
149189,-6.658148,1.6989496,19,GCN,PCA
82248,-9.380729,4.791836,28,GCN,PCA
78027,0.36392438,-2.2388442,36,GCN,PCA
2882,-0.053727686,0.5260997,23,GCN,PCA
163273,-0.023725271,-2.8132987,2,GCN,PCA
99470,-0.26969612,-4.1451263,33,GCN,PCA
8457,3.4103212,1.4147117,17,GCN,PCA
101682,1.5618408,-0.21695042,16,GCN,PCA
106081,-3.5469253,1.4265959,8,GCN,PCA
119736,0.4346248,-1.5624576,10,GCN,PCA
37928,-8.882992,5.174588,28,GCN,PCA
40021,1.3877771,4.02818,25,GCN,PCA
98654,1.4219449,0.020251274,16,GCN,PCA
122111,-1.1913805,-3.692229,18,GCN,PCA
11118,2.2722347,-0.7947476,30,GCN,PCA
161938,-5.8340454,1.2667038,28,GCN,PCA
70174,2.0241256,-0.18468547,16,GCN,PCA
153359,3.897937,0.47547102,16,GCN,PCA
79522,0.6195496,-2.2158601,10,GCN,PCA
85288,1.7908263,-0.6848514,16,GCN,PCA
80910,-0.3976375,-4.974517,2,GCN,PCA
16471,4.2523704,1.8566415,16,GCN,PCA
165525,-2.5507147,-0.55534077,18,GCN,PCA
46075,-3.1818645,-0.3013425,28,GCN,PCA
72657,6.008822,1.547396,24,GCN,PCA
155865,-1.3405828,-1.4961149,10,GCN,PCA
84559,-0.14339212,-4.0718617,2,GCN,PCA
5237,-0.6525312,-3.659019,21,GCN,PCA
86449,-1.2686393,-2.0058002,26,GCN,PCA
88368,2.6441312,-0.012613773,24,GCN,PCA
82806,2.8718235,-0.65908575,10,GCN,PCA
97981,-1.9210441,-3.164072,36,GCN,PCA
17856,2.560484,0.39041305,16,GCN,PCA
136806,2.361229,0.7661483,27,GCN,PCA
31267,0.34217888,-6.0187683,2,GCN,PCA
126967,3.0180404,-0.7768953,31,GCN,PCA
155863,-6.9930706,3.673796,28,GCN,PCA
118997,2.26309,-0.39484,16,GCN,PCA
28101,-0.016941547,-4.1107802,2,GCN,PCA
150206,-2.3929458,-0.23455238,28,GCN,PCA
120129,4.8250747,5.2992134,16,GCN,PCA
127738,5.7300735,0.51479983,30,GCN,PCA
38048,1.4392369,0.26468825,16,GCN,PCA
134457,1.7453539,-0.35335493,24,GCN,PCA
72348,3.0821655,0.19700432,24,GCN,PCA
26974,-0.13303855,-2.6732602,36,GCN,PCA
111970,-3.4782636,-4.4685974,36,GCN,PCA
28988,1.726165,-1.5991766,30,GCN,PCA
108700,-2.4362242,-3.7995136,34,GCN,PCA
30886,-5.7828364,1.528177,19,GCN,PCA
53375,3.120971,0.31189013,27,GCN,PCA
102587,-3.9930837,-1.859302,28,GCN,PCA
30422,-8.571316,4.708955,28,GCN,PCA
70397,-1.8992586,-1.6790984,5,GCN,PCA
89946,-1.8450742,-2.8584907,34,GCN,PCA
20578,-5.7829304,1.8438337,28,GCN,PCA
169109,0.81979734,-2.6684923,13,GCN,PCA
54184,13.12901,6.073591,30,GCN,PCA
62959,-2.521847,-3.127632,36,GCN,PCA
141359,3.3868523,1.7618787,16,GCN,PCA
157388,-9.47879,5.556344,28,GCN,PCA
103338,-4.2753778,-0.36448765,28,GCN,PCA
72869,-2.0549805,-1.3071119,4,GCN,PCA
67762,-5.3356843,2.68373,8,GCN,PCA
37601,2.9751773,-0.8272182,23,GCN,PCA
78545,5.138223,1.8788464,27,GCN,PCA
15075,1.5578294,-0.39832568,24,GCN,PCA
18670,-0.6456003,-2.350022,34,GCN,PCA
57902,-1.1669424,-3.3112617,9,GCN,PCA
21236,1.3191063,-0.67856884,26,GCN,PCA
157921,4.270172,0.7966461,30,GCN,PCA
104001,-1.1106877,-2.6318457,5,GCN,PCA
143825,3.6365845,0.6174824,27,GCN,PCA
108500,-7.6857805,4.6457577,28,GCN,PCA
102824,-4.86712,1.0672252,15,GCN,PCA
143641,0.17205328,-3.2269506,13,GCN,PCA
133250,-7.8914886,4.2992506,8,GCN,PCA
84462,1.3704035,-1.1439633,3,GCN,PCA
33599,-2.5880487,-1.0508966,26,GCN,PCA
132553,7.581479,5.2113485,16,GCN,PCA
104193,-5.3297143,0.9951403,15,GCN,PCA
109869,-2.805465,-2.044326,0,GCN,PCA
89419,-7.4898486,4.6983194,4,GCN,PCA
43412,3.5493324,0.62069345,16,GCN,PCA
151877,-1.2191646,-0.8750168,8,GCN,PCA
60646,-3.7696316,0.34418988,28,GCN,PCA
94639,-2.3848894,-2.071044,24,GCN,PCA
24733,4.6724524,0.30884123,24,GCN,PCA
32479,1.5677125,-2.2470195,10,GCN,PCA
24702,-2.3368425,-4.013506,33,GCN,PCA
10541,2.0323648,-0.98019755,26,GCN,PCA
155291,8.143433,6.529134,24,GCN,PCA
25568,14.340987,12.00473,16,GCN,PCA
59149,-4.2052255,1.4662607,8,GCN,PCA
8176,5.1681776,1.2779205,30,GCN,PCA
93717,-5.055785,0.42345572,3,GCN,PCA
39345,-1.2415096,-4.2544565,2,GCN,PCA
6765,2.3388689,0.789505,25,GCN,PCA
162667,0.8291655,-1.7965702,24,GCN,PCA
145011,-4.1533504,-0.6933317,5,GCN,PCA
155841,0.002356708,-2.142331,10,GCN,PCA
110579,4.567435,3.9091036,16,GCN,PCA
85856,0.50222117,-2.2167943,24,GCN,PCA
63848,-0.22657037,-4.263852,36,GCN,PCA
36407,-1.6511407,-0.33272815,11,GCN,PCA
136216,1.7152634,-0.721818,27,GCN,PCA
162432,6.372929,8.316149,16,GCN,PCA
47053,-2.7100565,1.3251793,24,GCN,PCA
169004,4.483416,1.7003615,13,GCN,PCA
143227,0.15309823,-1.8021494,34,GCN,PCA
26223,2.022996,-1.5613501,30,GCN,PCA
52476,4.729562,1.9395778,16,GCN,PCA
5856,-5.7812357,2.7880695,28,GCN,PCA
14443,2.0044396,-0.22851849,31,GCN,PCA
101922,3.064527,1.8096068,37,GCN,PCA
139038,0.49022418,-1.7041018,26,GCN,PCA
154942,-7.372369,3.1460192,28,GCN,PCA
32236,-3.321412,-1.4538248,28,GCN,PCA
74263,1.5711677,0.5781722,16,GCN,PCA
120615,-4.206512,0.7978873,39,GCN,PCA
129837,-8.496039,4.844488,28,GCN,PCA
94598,2.6292498,2.3029926,16,GCN,PCA
168288,3.758755,1.2774384,16,GCN,PCA
120513,-10.279514,10.346547,28,GCN,PCA
14943,-0.5413944,1.4745352,28,GCN,PCA
18993,1.6140759,-1.0501555,24,GCN,PCA
65182,-3.2216341,-0.25105906,19,GCN,PCA
32446,-4.2194557,-2.7122784,20,GCN,PCA
60204,2.1047297,0.85689926,16,GCN,PCA
46605,-8.793765,5.2609625,28,GCN,PCA
166915,-2.1262236,-1.1403617,34,GCN,PCA
143611,0.25926656,-1.0957693,27,GCN,PCA
75990,4.5731854,2.4286973,16,GCN,PCA
76032,-1.3928419,-0.8997303,8,GCN,PCA
80409,2.355841,-0.35506105,31,GCN,PCA
127243,0.49924153,-2.187912,26,GCN,PCA
117356,-1.5859449,-3.243642,39,GCN,PCA
72919,0.95946425,-0.8605509,24,GCN,PCA
161809,-1.5713894,-3.4856658,34,GCN,PCA
35888,-7.879555,5.037277,28,GCN,PCA
149675,0.90898806,-2.07101,24,GCN,PCA
160741,1.1828654,-1.2390765,24,GCN,PCA
90496,2.960767,0.53116155,6,GCN,PCA
64615,6.7447243,4.250888,16,GCN,PCA
90860,-8.064957,3.6056993,28,GCN,PCA
49986,-11.74883,7.2782183,28,GCN,PCA
132508,-6.570628,3.6404092,8,GCN,PCA
153675,-4.1751013,-2.3251991,34,GCN,PCA
21136,1.0169849,-1.0748914,16,GCN,PCA
104298,2.578008,-1.494987,10,GCN,PCA
157088,2.2838633,-0.5767553,22,GCN,PCA
60272,-1.0480993,-2.386553,23,GCN,PCA
167693,1.4725192,-1.0282596,5,GCN,PCA
103093,-1.467041,-3.2307835,2,GCN,PCA
162506,-7.6123247,3.5774066,28,GCN,PCA
21140,0.99597853,-0.47251773,16,GCN,PCA
138216,-1.0851395,-2.8437896,27,GCN,PCA
90054,-1.9041338,-0.20652723,8,GCN,PCA
169168,0.49212152,-1.9071589,24,GCN,PCA
21231,-0.50269526,-6.0627565,2,GCN,PCA
144428,1.209163,-2.6330447,10,GCN,PCA
112228,-0.93778706,-2.1298246,24,GCN,PCA
15701,-1.4970481,-3.7364488,34,GCN,PCA
33288,-1.3622993,0.42063355,28,GCN,PCA
160597,3.3298337,1.2795069,16,GCN,PCA
32962,1.4002798,-2.0267904,30,GCN,PCA
47636,-2.5664587,-2.0288868,2,GCN,PCA
85521,-1.326987,-3.1064553,5,GCN,PCA
31535,2.1335778,-0.09903574,16,GCN,PCA
169293,0.9238784,-1.5674924,16,GCN,PCA
51735,3.618065,4.48543,24,GCN,PCA
48092,4.7967668,1.4401877,27,GCN,PCA
161334,2.7312574,-1.1377691,10,GCN,PCA
28669,0.5639737,-1.277712,36,GCN,PCA
10511,-1.4941857,-1.8294138,24,GCN,PCA
164738,1.499507,-1.3021042,24,GCN,PCA
74113,2.621795,-1.2596442,10,GCN,PCA
132041,-6.138001,1.8423674,28,GCN,PCA
66156,2.9277272,-0.4134152,16,GCN,PCA
117895,-0.6317849,1.8240979,37,GCN,PCA
94506,-2.3635714,-3.602835,34,GCN,PCA
145102,0.99023086,-2.3704405,33,GCN,PCA
152515,-1.9864125,-1.0857884,4,GCN,PCA
11529,-1.5856705,-4.022743,9,GCN,PCA
89087,-4.342328,-0.33348298,28,GCN,PCA
120277,0.13651466,-1.5093848,3,GCN,PCA
25941,-7.4550776,3.0556576,4,GCN,PCA
156051,-0.6901894,-3.5532122,23,GCN,PCA
169194,3.3004274,0.47405148,30,GCN,PCA
788,1.1613567,-0.5770323,24,GCN,PCA
9964,20.10528,12.449956,13,GCN,PCA
47081,6.5126333,6.185439,16,GCN,PCA
19571,-4.764243,3.6840174,28,GCN,PCA
151836,-2.001666,-8.150548,2,GCN,PCA
139489,-0.3316226,-3.2287774,34,GCN,PCA
126882,-2.433667,-1.925118,14,GCN,PCA
155881,-0.47508892,-1.8193979,27,GCN,PCA
51794,2.674419,-0.9143305,13,GCN,PCA
7514,1.1736827,-0.088792086,13,GCN,PCA
64745,2.2418694,1.2895625,30,GCN,PCA
150407,-1.3004744,-2.1489205,5,GCN,PCA
86962,-8.5636,3.9030993,8,GCN,PCA
50264,3.4634054,0.5336466,16,GCN,PCA
90799,-3.2643535,-1.0084145,28,GCN,PCA
117564,-2.4683943,-1.6356411,29,GCN,PCA
33888,-5.38246,1.215225,5,GCN,PCA
6729,-0.837891,-2.3802438,5,GCN,PCA
110056,-4.4919004,-0.047742367,8,GCN,PCA
159695,-3.0236416,-2.1957226,34,GCN,PCA
79710,-1.1161535,0.09874439,27,GCN,PCA
165500,-1.4440734,-3.5759778,22,GCN,PCA
61524,0.19646126,-2.203022,37,GCN,PCA
89052,-4.7012424,0.8976941,28,GCN,PCA
34060,-0.9684316,1.6558897,0,GCN,PCA
5980,7.8593435,7.86007,16,GCN,PCA
60708,-3.4565082,0.53800416,28,GCN,PCA
71809,-10.025289,6.7143126,8,GCN,PCA
22279,1.6390388,-0.6733558,16,GCN,PCA
71468,2.3084464,1.5082738,16,GCN,PCA
59939,-3.6705558,-0.78177905,28,GCN,PCA
105654,-2.6685147,-1.7036636,4,GCN,PCA
147291,-2.8271122,-2.3760645,20,GCN,PCA
145166,1.8715966,-0.5236068,16,GCN,PCA
165046,0.74482876,-1.248974,38,GCN,PCA
108561,-2.4037342,-2.3709722,36,GCN,PCA
97042,4.1671386,0.7068422,27,GCN,PCA
13449,2.277107,3.2618668,6,GCN,PCA
40843,-1.828536,-2.8796017,10,GCN,PCA
162332,-0.091433644,-0.6299565,3,GCN,PCA
69120,0.222103,-4.175702,22,GCN,PCA
134771,1.9040265,-0.22853065,24,GCN,PCA
37418,3.3441865,1.509208,16,GCN,PCA
67471,-0.29743573,-2.8063767,13,GCN,PCA
33111,0.1806013,-3.0304878,36,GCN,PCA
157823,-12.023319,8.681355,28,GCN,PCA
85308,2.1715097,-0.3349805,24,GCN,PCA
16128,-8.523085,5.5586987,28,GCN,PCA
30943,1.9900963,0.95905304,24,GCN,PCA
57335,1.399549,0.66511726,17,GCN,PCA
82013,3.847172,1.7072227,16,GCN,PCA
31400,-0.47065485,-4.4358325,2,GCN,PCA
95670,-1.638217,-2.9997144,9,GCN,PCA
23262,4.4864383,3.2719529,16,GCN,PCA
74530,-1.3112006,-1.7628641,9,GCN,PCA
35708,2.6759944,2.2456048,16,GCN,PCA
155196,-1.1016378,-0.4057486,0,GCN,PCA
87013,1.112323,-2.5259457,27,GCN,PCA
160123,-2.0779862,-2.4911244,28,GCN,PCA
76930,-1.818088,-4.8458624,2,GCN,PCA
96838,-3.1937363,-0.20270872,34,GCN,PCA
6680,1.9406645,0.42703485,16,GCN,PCA
22721,1.4043927,-1.8025815,37,GCN,PCA
103089,4.892368,1.3567784,24,GCN,PCA
169133,0.98470825,-2.1954684,31,GCN,PCA
62771,1.5977755,-2.2323115,30,GCN,PCA
18928,1.3664541,-1.5264652,30,GCN,PCA
111358,-1.9419839,0.32972193,24,GCN,PCA
104412,-0.07999569,-2.648175,31,GCN,PCA
27224,1.3407037,-0.097863674,16,GCN,PCA
166664,3.2001464,0.35716558,16,GCN,PCA
114993,3.4021845,0.7197094,24,GCN,PCA
72251,-0.99218756,-2.514628,36,GCN,PCA
77261,1.7920973,-0.1687541,16,GCN,PCA
84393,6.8770914,5.6670046,16,GCN,PCA
86723,-6.012451,1.4726579,28,GCN,PCA
156633,-1.5890601,-3.6408477,24,GCN,PCA
3994,-5.772152,1.4534786,28,GCN,PCA
11008,2.169788,0.021823168,16,GCN,PCA
145693,-6.3457217,2.858414,28,GCN,PCA
121727,2.7236395,0.67564607,37,GCN,PCA
50623,-5.249639,3.6066244,28,GCN,PCA
117662,1.8831944,-1.3652904,30,GCN,PCA
47391,-0.9062858,0.20532346,34,GCN,PCA
11481,2.1965623,0.8623471,16,GCN,PCA
139597,3.3736067,-0.18262291,10,GCN,PCA
166949,3.303725,0.4771068,24,GCN,PCA
132438,-2.5557895,-3.347116,9,GCN,PCA
146847,-1.1426307,-2.9842067,20,GCN,PCA
19730,1.2576251,-1.1696845,24,GCN,PCA
21458,3.634483,2.161185,16,GCN,PCA
69594,-3.3302603,-1.1786436,28,GCN,PCA
21294,0.14387578,-2.4095354,28,GCN,PCA
61657,-6.5918374,3.2843187,28,GCN,PCA
155808,-1.7064736,-2.4303617,4,GCN,PCA
70822,1.0492251,-1.6858351,24,GCN,PCA
151665,-1.0303705,-1.8674235,26,GCN,PCA
101192,3.3461423,0.12236738,10,GCN,PCA
121559,2.075238,-1.0155715,10,GCN,PCA
163678,-1.2245997,-4.1662083,2,GCN,PCA
168232,1.5785425,-0.8933644,24,GCN,PCA
94059,-0.6189954,-0.87577844,5,GCN,PCA
40739,-1.620359,-1.2315342,14,GCN,PCA
80289,1.64954,-1.1556681,30,GCN,PCA
84220,0.6686571,-1.365152,31,GCN,PCA
135155,-6.4054804,0.90242195,28,GCN,PCA
64949,0.77602345,-1.2656907,24,GCN,PCA
16850,-2.0263572,-3.8238301,39,GCN,PCA
19547,-6.2778764,2.663194,28,GCN,PCA
62409,1.2840164,-1.6766609,3,GCN,PCA
96600,1.179132,-1.2010157,10,GCN,PCA
146357,2.5854547,-1.0993189,24,GCN,PCA
160359,-2.1433322,-2.248825,5,GCN,PCA
99046,-0.5489927,-2.4202316,3,GCN,PCA
155184,-0.76980495,-2.3051548,3,GCN,PCA
31268,0.41771394,2.0456564,16,GCN,PCA
141921,-0.33126077,-2.378985,23,GCN,PCA
142611,2.7847211,0.4065411,16,GCN,PCA
131984,-9.584094,6.2361364,28,GCN,PCA
160603,0.559197,-1.5274726,19,GCN,PCA
12784,1.3512113,1.1147988,16,GCN,PCA
160911,1.0569069,1.5489895,24,GCN,PCA
40121,-5.171063,1.6372817,28,GCN,PCA
89420,-6.946232,3.8977482,28,GCN,PCA
35812,-2.219217,-3.2641382,34,GCN,PCA
82771,0.6593737,-0.2047584,16,GCN,PCA
24962,3.41399,0.6970341,16,GCN,PCA
129163,-0.41008532,-2.407103,34,GCN,PCA
72462,-4.7601438,1.5513661,19,GCN,PCA
26767,6.050838,6.2026463,16,GCN,PCA
112020,-1.5774052,-4.0410347,39,GCN,PCA
45062,3.9874284,2.68982,16,GCN,PCA
9712,0.8574905,-1.4524826,24,GCN,PCA
94191,-2.549757,0.7243047,8,GCN,PCA
141834,-0.9344312,1.4473317,28,GCN,PCA
62185,0.98694366,-1.3187127,24,GCN,PCA
164754,1.9275963,-0.8032547,24,GCN,PCA
146482,-10.052941,6.074548,8,GCN,PCA
146787,5.651275,4.609213,16,GCN,PCA
55128,2.6898875,0.50748754,16,GCN,PCA
156072,1.4360368,0.5439286,24,GCN,PCA
131131,-3.4458392,1.6176078,8,GCN,PCA
94652,1.3685086,0.78445935,20,GCN,PCA
912,-1.232989,-2.1653798,34,GCN,PCA
75376,-0.59574723,-2.02613,5,GCN,PCA
77641,-8.319554,7.3669853,28,GCN,PCA
33853,-5.7940655,0.9885614,5,GCN,PCA
82753,2.8687863,2.086655,13,GCN,PCA
39922,-9.491934,6.13451,28,GCN,PCA
142056,0.23477042,-2.0560122,23,GCN,PCA
25177,0.7980835,-4.7730894,36,GCN,PCA
123939,-0.97862524,-2.8505185,20,GCN,PCA
55942,-3.1193097,-0.14855933,8,GCN,PCA
4423,0.45238572,-0.6806345,4,GCN,PCA
13880,1.8100612,-0.950567,30,GCN,PCA
93802,3.5188787,1.1097322,16,GCN,PCA
152278,-1.2931334,-2.0701914,28,GCN,PCA
113433,3.1891453,0.8012047,24,GCN,PCA
155992,0.4178859,-2.3510988,23,GCN,PCA
6425,0.519679,-3.0409272,24,GCN,PCA
102798,-0.104166865,-5.289339,37,GCN,PCA
770,2.0969982,0.51798105,24,GCN,PCA
163198,-1.5974305,-2.6717412,34,GCN,PCA
96525,2.4293044,1.3200753,16,GCN,PCA
153601,12.791227,7.5851727,30,GCN,PCA
154032,1.8246536,-0.08897638,16,GCN,PCA
17325,2.5797365,1.7088659,28,GCN,PCA
65435,1.8428705,0.051095486,16,GCN,PCA
141245,-3.600354,1.1758528,8,GCN,PCA
157640,-1.1813529,-3.940003,2,GCN,PCA
109467,0.9501075,-5.731243,2,GCN,PCA
8765,-0.5832359,-4.4364176,2,GCN,PCA
165449,2.7504594,1.3752177,13,GCN,PCA
111532,0.6557353,-3.872202,33,GCN,PCA
17439,1.4366615,-3.5118668,24,GCN,PCA
99603,-6.052633,2.0520246,28,GCN,PCA
30256,0.9723211,-0.8194909,24,GCN,PCA
154644,0.10456216,-1.8428532,24,GCN,PCA
161840,2.643375,0.16648507,30,GCN,PCA
137853,7.196217,3.975479,24,GCN,PCA
87733,-2.1976855,-1.863153,18,GCN,PCA
42921,3.3480477,1.3081338,16,GCN,PCA
88776,2.2905474,-3.360312,10,GCN,PCA
125977,4.012849,0.19442677,24,GCN,PCA
126417,-4.699114,0.0124492645,19,GCN,PCA
93819,2.9084263,-0.22833991,23,GCN,PCA
130140,1.5282972,0.18435049,4,GCN,PCA
35772,0.35529208,-2.1832335,37,GCN,PCA
143942,1.0693533,-3.1788917,10,GCN,PCA
64879,3.0023983,-0.23718953,30,GCN,PCA
161489,-0.38246068,0.43961906,26,GCN,PCA
120576,-0.5282145,-2.8544643,3,GCN,PCA
83481,-4.489704,0.55341935,28,GCN,PCA
27690,1.3791354,-3.1071346,24,GCN,PCA
50972,-2.125758,-3.2107446,34,GCN,PCA
15781,-0.9405016,-1.2111119,8,GCN,PCA
88735,-0.8283782,-2.1342816,15,GCN,PCA
63131,-2.7877278,-1.4274215,5,GCN,PCA
11759,0.29798692,2.5742776,13,GCN,PCA
57651,2.8975315,2.2474492,16,GCN,PCA
161791,1.8934109,-1.6587797,30,GCN,PCA
53481,-3.2020361,0.6364715,8,GCN,PCA
61669,-4.0408773,1.0000224,8,GCN,PCA
92450,2.71022,0.9374559,16,GCN,PCA
58436,1.0788174,-1.7767024,10,GCN,PCA
109853,-4.9218917,2.3580554,19,GCN,PCA
48563,2.4632168,1.4070871,17,GCN,PCA
77013,-7.5066996,3.8203838,28,GCN,PCA
63985,-2.7535305,-4.325419,34,GCN,PCA
94710,2.970074,0.93317604,16,GCN,PCA
161645,2.4567475,-0.15941525,13,GCN,PCA
75219,-0.6735207,-2.2458518,10,GCN,PCA
45181,1.2875924,-1.4427031,24,GCN,PCA
54910,0.49141055,-1.8429472,19,GCN,PCA
128902,2.608805,1.1975358,16,GCN,PCA
65289,-1.3082407,3.9716938,4,GCN,PCA
121826,1.6842151,-1.0726391,24,GCN,PCA
155561,2.7346756,-0.95677304,24,GCN,PCA
133761,0.13325572,-4.586913,2,GCN,PCA
154561,-1.267746,-3.8813407,34,GCN,PCA
63215,-0.6858685,-1.2382389,5,GCN,PCA
105594,2.8946612,-0.3960774,30,GCN,PCA
133534,2.2638261,-1.4153425,24,GCN,PCA
71967,1.8298931,-0.12560773,16,GCN,PCA
73331,-7.910638,4.21844,28,GCN,PCA
68157,-6.5118876,3.8074276,28,GCN,PCA
111195,-0.09123185,-1.5921502,19,GCN,PCA
59820,2.4944842,-1.7681341,10,GCN,PCA
96301,-1.3511287,-1.4807051,14,GCN,PCA
98291,-6.392158,2.1039226,28,GCN,PCA
5179,-1.3754156,-1.3154294,10,GCN,PCA
144460,5.983153,3.8709533,16,GCN,PCA
133183,4.237448,-0.44804215,24,GCN,PCA
17226,3.066927,0.8898387,24,GCN,PCA
163766,0.72010297,-1.4179562,23,GCN,PCA
32225,2.6902344,1.1215651,16,GCN,PCA
36170,-5.129572,1.5886624,10,GCN,PCA
53554,0.66958624,-3.1992614,10,GCN,PCA
109181,-2.274794,-2.8381476,2,GCN,PCA
21358,-3.410926,1.7386591,28,GCN,PCA
78421,1.2188847,-0.2594304,10,GCN,PCA
97534,0.37363183,-2.3953862,23,GCN,PCA
132572,0.062134862,-2.0087888,16,GCN,PCA
66306,1.9581578,-1.652308,13,GCN,PCA
134321,0.61228746,-2.4196036,19,GCN,PCA
63506,1.7293901,-0.2684412,16,GCN,PCA
159544,-2.0841534,-3.720265,34,GCN,PCA
161945,3.7458594,2.2486413,16,GCN,PCA
48336,4.39639,-0.22117686,10,GCN,PCA
82346,0.15750688,-2.4763792,23,GCN,PCA
88546,1.6932456,-0.6106305,24,GCN,PCA
168325,1.7362309,1.256995,25,GCN,PCA
54384,3.9401004,0.7370522,24,GCN,PCA
163244,-1.6969206,-3.5429149,39,GCN,PCA
133671,4.9973664,0.9866309,30,GCN,PCA
28414,1.3940523,-0.29799056,25,GCN,PCA
154290,1.6134334,0.13545203,16,GCN,PCA
134482,-1.0024183,-0.5054858,26,GCN,PCA
152760,3.1656344,0.25235534,24,GCN,PCA
96228,-2.040177,-3.7249186,39,GCN,PCA
14408,3.363951,1.8092835,25,GCN,PCA
158249,-2.8305907,-2.12926,8,GCN,PCA
78137,-3.0231173,-4.6977434,34,GCN,PCA
54038,3.057829,-2.2278476,10,GCN,PCA
10397,-2.5739715,-3.8114624,2,GCN,PCA
66939,-4.876593,2.0944674,19,GCN,PCA
35027,-2.5124173,1.0213091,7,GCN,PCA
7369,-9.374095,5.0441446,28,GCN,PCA
73836,-8.017849,4.291091,28,GCN,PCA
166269,-0.3478699,-1.6150292,23,GCN,PCA
23895,2.5929625,-0.20920491,24,GCN,PCA
87760,-2.4896014,-0.96476996,9,GCN,PCA
115442,0.91639227,-0.5277326,16,GCN,PCA
136767,1.7869618,-1.6257564,16,GCN,PCA
17252,-0.21559322,-0.6135211,27,GCN,PCA
125835,-1.5382144,-4.500344,9,GCN,PCA
160595,-2.0961823,-1.8200363,34,GCN,PCA
142204,2.6350472,0.2795415,1,GCN,PCA
33227,-1.1896251,-2.1277642,19,GCN,PCA
20348,0.90367097,-0.64489436,16,GCN,PCA
67956,-0.62809056,-2.5148976,5,GCN,PCA
103366,-1.6056335,-1.4195077,4,GCN,PCA
76717,-1.5458243,-2.1145923,38,GCN,PCA
19240,2.4804127,0.72947025,16,GCN,PCA
8485,-1.8345191,-2.082089,37,GCN,PCA
17919,3.100571,-0.33135176,31,GCN,PCA
125657,-0.33428085,-2.060847,33,GCN,PCA
16656,0.7261117,-2.650631,10,GCN,PCA
116693,-2.0131383,-3.9609866,2,GCN,PCA
155109,1.5212765,-2.5762057,10,GCN,PCA
5392,-4.299228,-2.9070907,36,GCN,PCA
148220,-3.9324982,0.30538917,4,GCN,PCA
133665,0.5900734,-1.8871218,26,GCN,PCA
34268,-1.8644807,-2.9349062,34,GCN,PCA
69858,-4.5418544,3.2373712,28,GCN,PCA
101859,5.361805,2.1647742,24,GCN,PCA
155061,-2.065906,-1.4200853,19,GCN,PCA
44183,-0.17566606,-2.8088777,23,GCN,PCA
57106,-1.2413571,-0.3368652,16,GCN,PCA
59628,2.0999756,-0.84579587,24,GCN,PCA
87624,2.0670476,1.3319428,16,GCN,PCA
9222,-8.818835,5.8546944,28,GCN,PCA
40763,-0.8555722,-2.3938146,34,GCN,PCA
60195,-15.344808,11.078791,28,GCN,PCA
57368,2.9617178,1.5125105,24,GCN,PCA
53461,0.6092587,-2.5108013,24,GCN,PCA
30083,20.572353,17.453773,24,GCN,PCA
143548,0.0527938,-2.383334,24,GCN,PCA
108718,0.6571726,-0.8362632,26,GCN,PCA
22475,-0.4817349,-3.0587296,23,GCN,PCA
12981,3.5383976,0.7185273,30,GCN,PCA
29391,4.646672,0.53240204,24,GCN,PCA
87011,-1.0888635,-4.693282,10,GCN,PCA
70540,-0.62298083,-3.3064394,39,GCN,PCA
17462,-0.14898774,4.5619545,16,GCN,PCA
34539,1.4845295,-2.4844158,37,GCN,PCA
69209,-1.4567262,2.5921137,28,GCN,PCA
16546,-1.3078911,0.0411067,16,GCN,PCA
148907,1.2953277,0.18012667,16,GCN,PCA
35726,1.1861408,-1.9070364,24,GCN,PCA
4502,-8.404564,4.4510984,28,GCN,PCA
113396,0.26557726,-1.4722179,5,GCN,PCA
50257,3.4107776,1.8050601,4,GCN,PCA
32622,0.035793245,2.651593,16,GCN,PCA
77414,3.7475088,1.6134398,16,GCN,PCA
97753,1.1371224,-0.896232,27,GCN,PCA
79120,2.529597,0.30947423,16,GCN,PCA
35909,7.926263,4.5241404,10,GCN,PCA
56749,-2.6862154,-2.3688223,5,GCN,PCA
9927,1.2714922,1.3089879,31,GCN,PCA
79214,-3.7459075,-0.671258,28,GCN,PCA
156128,-0.1795406,-4.15954,24,GCN,PCA
140263,-4.087657,-3.400373,28,GCN,PCA
79454,1.0173419,-0.3192973,16,GCN,PCA
138524,-0.31276265,-0.36811757,28,GCN,PCA
78430,-11.923344,8.866822,28,GCN,PCA
15863,-0.5269733,2.215737,7,GCN,PCA
148577,2.2225704,0.026035309,16,GCN,PCA
140162,3.4908502,0.7473552,24,GCN,PCA
28699,6.0345173,5.155183,16,GCN,PCA
129871,0.21420968,-3.4758284,2,GCN,PCA
107863,10.535427,7.313711,16,GCN,PCA
129101,-3.7229984,-2.817315,34,GCN,PCA
149292,-5.3451567,2.635492,8,GCN,PCA
99829,4.0102115,-0.88806117,24,GCN,PCA
35429,-0.46699974,-3.8641222,10,GCN,PCA
1575,2.3489873,0.3840618,16,GCN,PCA
178,-0.95214415,1.7995651,19,GCN,PCA
60472,2.3502371,0.08978987,24,GCN,PCA
11028,1.565361,-1.5888236,24,GCN,PCA
140915,-0.44401035,-0.72536135,8,GCN,PCA
112937,-2.519825,1.7823646,28,GCN,PCA
106716,9.442551,7.6628523,16,GCN,PCA
94151,-2.4219525,-0.7005718,34,GCN,PCA
75185,-1.2740961,-3.3174586,9,GCN,PCA
52534,-1.9145343,-4.2914925,34,GCN,PCA
27121,-0.61489195,-1.2724818,24,GCN,PCA
87114,2.4798775,0.27714944,16,GCN,PCA
22078,-10.148792,8.313152,28,GCN,PCA
45183,-0.688505,-2.012754,38,GCN,PCA
125953,0.6152834,-1.6511627,26,GCN,PCA
64324,-2.5323563,-1.3384372,4,GCN,PCA
26332,1.9876981,-0.55404496,24,GCN,PCA
93678,0.18262541,-3.419033,34,GCN,PCA
58175,-3.1608188,0.41632438,28,GCN,PCA
137977,1.3730974,-0.88209546,37,GCN,PCA
17328,-4.19273,0.98541975,28,GCN,PCA
126511,-1.2180443,-2.3112423,13,GCN,PCA
43161,0.99047095,-0.87684476,16,GCN,PCA
69883,2.275695,1.3922641,24,GCN,PCA
48140,-0.67615235,-1.8120446,39,GCN,PCA
43431,2.6920795,-0.26534414,30,GCN,PCA
103357,-2.469407,3.2006109,5,GCN,PCA
81159,-5.9298162,2.5412734,28,GCN,PCA
62102,-0.028645754,-1.2850891,38,GCN,PCA
100418,-2.3378081,-0.5277784,5,GCN,PCA
155405,4.0453186,1.6073272,30,GCN,PCA
8256,-1.1702595,-4.9658556,2,GCN,PCA
88560,3.0735862,-0.91134,24,GCN,PCA
4436,6.728145,2.8004816,6,GCN,PCA
77481,3.714739,3.3111985,16,GCN,PCA
118613,0.46218467,-2.048501,26,GCN,PCA
61939,-0.49244827,-5.570683,36,GCN,PCA
138315,1.7723467,0.16769052,16,GCN,PCA
64097,10.636224,4.1129446,24,GCN,PCA
91968,2.50483,1.3634288,17,GCN,PCA
124523,2.504215,-1.5046504,10,GCN,PCA
94559,2.9101288,1.0362763,27,GCN,PCA
1078,4.7729335,-0.9352504,30,GCN,PCA
122657,5.882111,6.951522,24,GCN,PCA
42055,-3.2154667,-2.852564,4,GCN,PCA
48261,1.1669793,-1.5217593,10,GCN,PCA
158028,2.594953,0.10584617,24,GCN,PCA
109530,-4.482846,2.0368984,4,GCN,PCA
78992,-4.8763957,0.21947289,28,GCN,PCA
36862,4.8030534,3.4343798,25,GCN,PCA
103034,4.170915,1.8708994,30,GCN,PCA
32104,1.1701312,-1.4376408,30,GCN,PCA
75878,0.218759,-1.1460766,23,GCN,PCA
145727,-2.4512522,-2.2488375,34,GCN,PCA
159560,0.8427196,0.8962815,16,GCN,PCA
162881,1.0356076,-2.4168587,24,GCN,PCA
159105,2.633299,0.40158582,6,GCN,PCA
146102,-0.93864465,-4.297283,33,GCN,PCA
30659,-3.563205,-0.44631147,39,GCN,PCA
65601,-2.9927678,0.39344072,5,GCN,PCA
153250,-2.8098257,-5.18264,34,GCN,PCA
74920,-2.1543303,0.59000754,19,GCN,PCA
29981,-3.3848813,-2.4989119,28,GCN,PCA
109117,3.612553,2.6037118,16,GCN,PCA
164917,-6.263321,2.5661113,28,GCN,PCA
22909,0.8093944,-2.370655,26,GCN,PCA
142540,-3.3847098,-5.152901,34,GCN,PCA
165363,-4.956904,1.969034,8,GCN,PCA
116738,-1.0381725,-1.4497694,34,GCN,PCA
66538,-8.260738,4.0830717,28,GCN,PCA
10206,3.4182878,0.9078474,23,GCN,PCA
137435,4.769532,1.7598703,16,GCN,PCA
7336,2.181898,0.736181,16,GCN,PCA
29278,-0.5261978,-6.023724,2,GCN,PCA
27097,4.2251177,1.4537971,30,GCN,PCA
29436,-0.9765971,-1.8750849,29,GCN,PCA
56312,6.086833,1.9812019,30,GCN,PCA
14357,1.8750014,1.5523384,27,GCN,PCA
126859,0.32574916,-1.63457,22,GCN,PCA
19855,3.516291,1.9175527,16,GCN,PCA
160608,-4.049202,1.1497121,18,GCN,PCA
125485,-0.21487898,-3.1554487,4,GCN,PCA
108318,2.6087472,0.021499634,30,GCN,PCA
34796,2.2385278,0.38799238,16,GCN,PCA
104433,-0.5375982,-5.1277065,22,GCN,PCA
36601,1.010648,-2.5986712,34,GCN,PCA
68730,-0.52596366,-0.4254136,24,GCN,PCA
61435,1.5084035,-2.1626546,10,GCN,PCA
51627,1.1462035,-1.5003843,26,GCN,PCA
77596,-0.071597934,-0.4252422,5,GCN,PCA
119290,-0.04653403,-2.7561784,37,GCN,PCA
125288,-10.035766,6.574066,8,GCN,PCA
89974,-0.052597195,-2.5499277,10,GCN,PCA
84194,-6.8369102,1.9251096,28,GCN,PCA
33644,-1.8825996,-1.579853,26,GCN,PCA
125635,2.8199646,0.7901287,16,GCN,PCA
54656,1.6151817,-0.42912626,16,GCN,PCA
42993,3.6284692,3.7134364,30,GCN,PCA
98119,12.667958,5.838295,30,GCN,PCA
123212,-1.0954782,-2.1324854,22,GCN,PCA
91115,-1.6136405,-3.4318259,24,GCN,PCA
65879,3.8556626,0.032872677,24,GCN,PCA
70707,2.5973017,1.0952225,16,GCN,PCA
15490,5.4984527,3.1843493,16,GCN,PCA
7256,-1.4302555,-3.5997214,34,GCN,PCA
136811,5.2245736,3.257807,16,GCN,PCA
75953,4.264718,1.6837056,16,GCN,PCA
90007,-0.6057963,-1.8991528,24,GCN,PCA
92382,-1.3318111,-2.3467531,34,GCN,PCA
137470,-0.61648583,-6.0905094,2,GCN,PCA
44827,0.9737032,-0.86513615,28,GCN,PCA
143764,-6.7259603,4.2170277,28,GCN,PCA
10882,2.3400853,-1.5187098,26,GCN,PCA
24528,-0.2641229,-0.78850484,10,GCN,PCA
4400,5.3711925,2.166498,30,GCN,PCA
28058,-0.98699415,-2.8919828,20,GCN,PCA
57154,1.8260572,-1.2493836,10,GCN,PCA
137477,-6.5110664,6.2052402,8,GCN,PCA
124718,-0.21988028,-3.0364664,26,GCN,PCA
108940,6.606196,5.596982,16,GCN,PCA
56467,2.8650038,0.4035709,30,GCN,PCA
5818,4.5584955,2.1311238,16,GCN,PCA
16506,1.612601,-0.5533178,16,GCN,PCA
129380,4.8225865,4.4722347,16,GCN,PCA
142090,-0.6351693,-3.3358753,10,GCN,PCA
72876,-7.0355277,3.9192932,8,GCN,PCA
14501,-2.5535347,-1.7744007,34,GCN,PCA
86,-0.59931135,-2.0457964,23,GCN,PCA
37864,1.8647778,-0.74406004,31,GCN,PCA
8820,6.1869206,3.209479,24,GCN,PCA
85190,5.653369,5.988039,4,GCN,PCA
11277,1.7178504,-1.0281252,34,GCN,PCA
46864,-1.112231,-3.5690022,2,GCN,PCA
89169,3.494375,0.7002485,31,GCN,PCA
51424,4.0301595,0.35505772,30,GCN,PCA
25644,-7.545944,3.7359884,28,GCN,PCA
54436,-0.14384052,-1.6262066,4,GCN,PCA
16051,-0.5719483,-2.8596926,13,GCN,PCA
152962,1.0288465,1.1769152,31,GCN,PCA
146839,-1.5659013,-3.015183,34,GCN,PCA
95190,-2.9499354,-0.2142353,5,GCN,PCA
24038,5.1254106,1.6883271,30,GCN,PCA
44669,-2.7106981,-4.800827,2,GCN,PCA
149175,-0.057415515,-0.81203496,10,GCN,PCA
37077,-3.2553153,-0.35058117,8,GCN,PCA
168312,-4.4798093,2.0983717,28,GCN,PCA
27962,3.745443,1.6719453,24,GCN,PCA
133870,-1.1053835,-1.882362,20,GCN,PCA
119348,-2.4611979,-3.5913444,20,GCN,PCA
125090,4.1271644,2.0424263,24,GCN,PCA
39294,6.2587023,0.83274317,24,GCN,PCA
53714,-4.565271,1.518584,8,GCN,PCA
65931,-0.22053835,-2.9404473,2,GCN,PCA
69605,-0.7874905,-2.0282063,23,GCN,PCA
156444,-2.7292268,-3.8847942,39,GCN,PCA
137191,-1.0454351,-2.7475324,10,GCN,PCA
151370,2.4235592,-0.21191406,30,GCN,PCA
139012,-0.12866795,-2.2761912,38,GCN,PCA
113798,0.31274885,-0.67496514,26,GCN,PCA
131553,2.289003,-1.2863111,30,GCN,PCA
54085,-2.588704,-2.3554256,9,GCN,PCA
59029,2.4172797,0.27203608,24,GCN,PCA
127484,0.9375616,-2.5669065,38,GCN,PCA
112311,-2.3243666,-3.0344443,20,GCN,PCA
61603,-0.69110227,-2.529848,31,GCN,PCA
8590,-2.781204,-1.9238857,9,GCN,PCA
35080,4.1404195,2.8026626,16,GCN,PCA
70966,2.1501796,-0.26006317,30,GCN,PCA
29710,1.1886036,-2.6017742,10,GCN,PCA
77054,-5.1460567,0.72389627,28,GCN,PCA
49616,-2.4987895,-3.5651526,34,GCN,PCA
53183,-2.182454,-3.588547,9,GCN,PCA
53540,1.7137942,-1.7902114,3,GCN,PCA
168877,1.1083226,-3.8952854,2,GCN,PCA
19754,1.1125331,-2.1330037,24,GCN,PCA
121605,3.2058842,0.11584568,31,GCN,PCA
114179,0.3718316,-1.8183143,5,GCN,PCA
15905,1.0466266,-2.0157678,30,GCN,PCA
17705,-2.7743633,0.4023311,19,GCN,PCA
86290,-7.0090394,3.7424328,28,GCN,PCA
5308,-8.799209,4.911084,28,GCN,PCA
166985,-11.95603,8.085287,28,GCN,PCA
3971,-2.392434,-1.6449114,5,GCN,PCA
165754,-0.48811904,-2.692914,26,GCN,PCA
208,-13.334074,9.327392,28,GCN,PCA
109054,1.711905,4.07512,1,GCN,PCA
133080,0.7760374,-0.72575784,24,GCN,PCA
114649,-0.5898175,-1.1807871,9,GCN,PCA
49304,1.4468563,2.169443,16,GCN,PCA
83673,-10.273861,6.524946,8,GCN,PCA
40712,0.88622266,-4.3730083,36,GCN,PCA
92265,-0.09697831,-3.1801128,10,GCN,PCA
84619,4.358424,-0.77152133,6,GCN,PCA
70763,3.316519,-1.0646725,10,GCN,PCA
26020,-7.3597074,4.030245,28,GCN,PCA
29468,-7.715499,3.3059924,28,GCN,PCA
96186,-3.004425,-1.7316613,28,GCN,PCA
139113,-2.9497297,-0.7427304,8,GCN,PCA
118786,4.3117495,0.38849735,30,GCN,PCA
18689,-0.40567607,-6.049835,2,GCN,PCA
75628,-0.61069155,-0.8400444,7,GCN,PCA
110864,-0.49169302,-4.442248,9,GCN,PCA
37364,7.115458,3.4508436,30,GCN,PCA
147861,-0.9708674,-5.4924803,2,GCN,PCA
79571,3.6754668,1.5085995,16,GCN,PCA
45224,4.455012,0.53702474,7,GCN,PCA
41682,5.8498425,3.4242175,25,GCN,PCA
132138,1.6223352,-1.6336986,30,GCN,PCA
98359,1.6783614,-1.044682,30,GCN,PCA
23060,-1.3276677,-0.69728184,4,GCN,PCA
156824,1.2063928,-1.2576021,16,GCN,PCA
11637,2.1679811,-0.7285354,24,GCN,PCA
105725,2.3278995,-0.39037275,24,GCN,PCA
163908,3.7387688,2.0914457,27,GCN,PCA
48403,-4.24914,0.23148775,28,GCN,PCA
155902,1.5959139,-0.75024843,26,GCN,PCA
146684,-11.828712,8.557569,28,GCN,PCA
103557,-0.050557613,-2.5077102,3,GCN,PCA
67028,2.294283,-0.14545774,24,GCN,PCA
70658,-0.4414549,1.9422605,4,GCN,PCA
4412,1.3120129,-3.1317976,2,GCN,PCA
25730,3.227851,1.987859,16,GCN,PCA
158081,3.3133645,0.8937173,16,GCN,PCA
32186,-1.6481698,-4.881914,2,GCN,PCA
47877,-1.9089375,-1.9043983,9,GCN,PCA
166893,-1.5879831,-3.265442,34,GCN,PCA
75307,0.33656764,-4.8553724,2,GCN,PCA
65190,0.9031748,-1.7528342,24,GCN,PCA
19277,0.8445328,-1.7899842,24,GCN,PCA
19337,-2.1116385,-3.666813,24,GCN,PCA
101099,5.0907326,2.3889163,24,GCN,PCA
129416,0.8719463,-1.5462564,30,GCN,PCA
116975,-4.4079747,-1.8888369,36,GCN,PCA
23119,0.77223235,0.5271871,3,GCN,PCA
39196,5.475574,4.455393,24,GCN,PCA
140256,-0.25749767,0.6266339,1,GCN,PCA
22446,3.199621,0.9352765,24,GCN,PCA
133294,-1.9613283,-0.713187,34,GCN,PCA
75958,0.068039775,-3.0983822,10,GCN,PCA
56180,-0.62069273,-3.7977915,2,GCN,PCA
6546,2.9113455,0.7485542,16,GCN,PCA
1254,2.1851873,-1.0260303,24,GCN,PCA
61174,-2.6717894,-1.395874,14,GCN,PCA
28029,-18.984425,14.486559,5,GCN,PCA
95436,-3.5177994,-2.1536543,4,GCN,PCA
143840,-1.4368877,-1.79645,38,GCN,PCA
48590,0.63210577,-0.67366195,26,GCN,PCA
136402,0.2894131,-3.2870173,22,GCN,PCA
109890,3.431015,1.1142213,16,GCN,PCA
36581,-0.40054545,-3.700827,36,GCN,PCA
168134,8.271065,5.4733095,16,GCN,PCA
68529,-8.081435,4.2511053,28,GCN,PCA
60598,2.3829513,-0.15107489,24,GCN,PCA
97945,-8.080957,4.6460476,8,GCN,PCA
77188,0.63472575,-3.3648226,2,GCN,PCA
43094,3.2863872,-0.39863706,24,GCN,PCA
51046,-7.9390574,4.7366343,28,GCN,PCA
48362,5.1586013,3.185538,16,GCN,PCA
105944,-1.275413,-3.6392982,38,GCN,PCA
107787,-3.564383,1.1748662,18,GCN,PCA
101336,-16.93631,13.606516,28,GCN,PCA
40156,-3.3399844,0.6720178,8,GCN,PCA
116986,-0.18638197,0.2825663,17,GCN,PCA
76302,0.6139037,-2.3805742,2,GCN,PCA
104683,4.3250136,1.0284102,30,GCN,PCA
80341,-8.429653,5.693466,28,GCN,PCA
17593,-1.2745967,3.7494152,8,GCN,PCA
127480,0.40772152,-1.2820394,13,GCN,PCA
38979,0.79500014,-0.5997462,16,GCN,PCA
127829,3.4835513,1.5648358,16,GCN,PCA
166626,-5.5176044,2.7487156,28,GCN,PCA
124541,1.9098415,-0.72278976,36,GCN,PCA
3494,4.35022,1.0974212,16,GCN,PCA
163530,8.222769,6.9326887,24,GCN,PCA
156490,-3.208701,0.252491,8,GCN,PCA
140983,0.36478895,-1.8589401,6,GCN,PCA
52835,-0.17971313,-1.0006666,10,GCN,PCA
154451,4.969208,2.0116699,16,GCN,PCA
159564,-2.079446,-2.5698543,2,GCN,PCA
152580,7.3668776,3.0088608,30,GCN,PCA
67345,0.06655657,-2.31246,38,GCN,PCA
40826,-2.801019,-3.5623012,34,GCN,PCA
135275,-1.543644,-0.9313903,20,GCN,PCA
55858,-5.35157,2.2853591,28,GCN,PCA
135918,-0.8176236,-4.154199,10,GCN,PCA
105695,1.5761127,-0.9675493,24,GCN,PCA
74025,-4.902942,-0.97542167,36,GCN,PCA
81892,2.2146077,1.2243326,6,GCN,PCA
117810,-8.074364,4.6376963,28,GCN,PCA
91043,-0.22784793,-4.218647,9,GCN,PCA
143218,0.19090551,-3.5363703,11,GCN,PCA
53871,1.0987005,0.17593718,16,GCN,PCA
54859,2.4252355,-1.563535,24,GCN,PCA
142781,3.1176572,0.48620462,30,GCN,PCA
141666,-0.5323397,-0.3039918,28,GCN,PCA
156485,4.341192,3.007354,16,GCN,PCA
29503,-3.0503113,6.4639177,28,GCN,PCA
74226,1.924979,-1.7145097,24,GCN,PCA
60620,3.058718,0.16595817,30,GCN,PCA
102030,-1.343978,-2.2233746,34,GCN,PCA
160922,1.6888764,-1.2526574,24,GCN,PCA
146319,3.7412565,1.4931967,16,GCN,PCA
117176,0.43237102,-2.5942266,24,GCN,PCA
66891,3.4558468,2.165992,16,GCN,PCA
90163,5.76093,0.1865375,10,GCN,PCA
3883,0.88729554,-1.3971304,16,GCN,PCA
91040,3.1311095,1.621959,16,GCN,PCA
114608,-1.3440632,-2.7282329,20,GCN,PCA
73634,-6.591366,3.9928305,28,GCN,PCA
66829,0.768714,-1.2935647,34,GCN,PCA
86865,3.9785616,-0.36615896,30,GCN,PCA
163220,1.5965745,-0.7727871,16,GCN,PCA
120058,3.9041412,-0.025218725,24,GCN,PCA
53590,-0.5187585,0.51467395,16,GCN,PCA
10723,-3.448339,2.0990045,28,GCN,PCA
104589,-9.270714,5.914173,28,GCN,PCA
51454,-2.5197353,-1.5284634,29,GCN,PCA
42658,-6.373054,0.19708657,28,GCN,PCA
124666,-2.280443,-1.5863518,28,GCN,PCA
102014,-1.0348217,-3.595821,10,GCN,PCA
97386,-0.058082283,-0.66720676,28,GCN,PCA
159349,-1.3641907,-1.473989,24,GCN,PCA
128610,-3.2983418,-2.2689846,5,GCN,PCA
117289,-12.860089,7.6092825,28,GCN,PCA
91299,0.09273052,-2.069664,24,GCN,PCA
90649,-1.7795119,-0.7606442,28,GCN,PCA
160634,-0.29846755,-3.1542654,22,GCN,PCA
33867,-2.0772052,-0.65924287,37,GCN,PCA
124008,2.5585563,-2.6288524,10,GCN,PCA
152233,-0.12595937,-4.969196,10,GCN,PCA
152914,-1.0354359,-2.4640017,24,GCN,PCA
112837,2.2650979,0.25817537,26,GCN,PCA
47009,0.23887682,-0.44871736,26,GCN,PCA
47414,3.135245,1.0426383,16,GCN,PCA
46915,3.9465477,1.7649152,24,GCN,PCA
23188,2.8257384,0.8830986,16,GCN,PCA
128085,4.482779,-0.26274276,26,GCN,PCA
46015,-1.13757,-5.188501,2,GCN,PCA
145692,-3.5172079,-0.49427772,28,GCN,PCA
21634,-1.2757608,-2.4218569,4,GCN,PCA
28792,-4.313382,-2.617485,39,GCN,PCA
111692,-9.773036,6.827073,28,GCN,PCA
152728,3.164363,-0.02790165,30,GCN,PCA
41255,-2.7957592,-0.8814111,36,GCN,PCA
125642,4.0121436,1.1936159,24,GCN,PCA
143936,3.0115116,0.0027105808,16,GCN,PCA
157167,-1.4262278,-2.6253738,4,GCN,PCA
130144,3.2408183,1.3119328,16,GCN,PCA
27162,2.2706387,-0.18086839,24,GCN,PCA
33083,-3.6082299,-2.0214136,28,GCN,PCA
134638,-14.093051,11.438709,28,GCN,PCA
54615,1.6345112,0.31059027,28,GCN,PCA
148412,-5.0991797,0.59129024,8,GCN,PCA
3306,-0.085871816,-2.8248255,31,GCN,PCA
51018,-1.8032417,-3.961454,34,GCN,PCA
110875,-0.17104709,-2.3000906,34,GCN,PCA
122610,1.1071699,-1.6582947,26,GCN,PCA
109640,1.7137108,-1.111396,24,GCN,PCA
21960,3.248028,1.3564174,31,GCN,PCA
111644,0.8547483,-3.4336703,23,GCN,PCA
54339,1.278944,-1.7996421,24,GCN,PCA
15341,-2.1967375,-5.5454507,36,GCN,PCA
138365,2.8712313,1.1995234,4,GCN,PCA
21042,0.38363004,-2.5658453,24,GCN,PCA
43244,0.40828294,-3.251408,23,GCN,PCA
73605,-0.5322302,-0.114765406,19,GCN,PCA
77673,1.9713302,0.072325945,24,GCN,PCA
68271,2.1905782,0.3639245,24,GCN,PCA
116506,-0.29552573,-2.7425075,10,GCN,PCA
57266,-6.8153167,2.7739227,8,GCN,PCA
67362,0.7257591,-0.91007316,6,GCN,PCA
108236,3.3636947,0.3488829,30,GCN,PCA
31697,1.1881618,-1.910671,27,GCN,PCA
70138,1.5938828,-0.40594316,16,GCN,PCA
55273,1.8031414,-1.5123318,30,GCN,PCA
151733,-1.6829703,-4.6084166,22,GCN,PCA
121293,2.3420606,-0.82188463,30,GCN,PCA
85133,-0.14576647,-4.284637,0,GCN,PCA
98622,1.5219774,-1.6270465,34,GCN,PCA
120405,-5.7613277,2.5372155,28,GCN,PCA
25011,1.5875564,-1.2021312,24,GCN,PCA
93982,1.0032461,-2.1273165,26,GCN,PCA
149600,-0.5950031,-2.7093747,4,GCN,PCA
67438,3.2968214,1.2065101,16,GCN,PCA
65947,-1.5653691,-2.7940292,39,GCN,PCA
123542,-2.6328268,0.26176,4,GCN,PCA
122909,2.5369287,2.7495706,25,GCN,PCA
61283,0.4710694,-2.7172391,31,GCN,PCA
119528,-4.7204065,0.29993224,28,GCN,PCA
158513,3.2789905,-0.1297512,24,GCN,PCA
60423,5.2330747,5.4281893,16,GCN,PCA
50602,-2.0605586,-0.12832594,18,GCN,PCA
28822,-2.3321118,-3.7981923,34,GCN,PCA
110413,1.2722039,-1.1904826,16,GCN,PCA
125631,3.366459,0.7298908,16,GCN,PCA
88903,-0.8097425,-2.9851341,10,GCN,PCA
75763,0.6130821,-4.2401032,2,GCN,PCA
165927,3.2311676,0.38403153,30,GCN,PCA
46467,1.1465635,-1.0792803,24,GCN,PCA
125411,-1.4256432,-0.0041327477,27,GCN,PCA
124873,-4.7464743,2.955035,8,GCN,PCA
149314,3.0737035,1.0241504,30,GCN,PCA
48461,7.190947,1.9608853,30,GCN,PCA
75225,6.6695023,3.7355607,16,GCN,PCA
165292,2.7620919,-0.23066258,31,GCN,PCA
6734,1.3187721,-1.7376493,24,GCN,PCA
97650,-5.115677,1.7274425,28,GCN,PCA
141543,-7.4084735,3.671788,28,GCN,PCA
164997,1.8371665,0.6254537,27,GCN,PCA
113451,-3.50852,-1.020427,4,GCN,PCA
15174,0.6922131,0.292552,13,GCN,PCA
29653,-5.6760736,1.7152832,28,GCN,PCA
92991,3.4605124,1.9558718,13,GCN,PCA
57340,2.5824926,-0.42261028,31,GCN,PCA
87934,1.4736111,-0.6541679,16,GCN,PCA
158960,-3.948557,-2.6336386,28,GCN,PCA
102719,0.087567806,-1.3554285,28,GCN,PCA
79105,0.13015866,-2.4823112,10,GCN,PCA
12189,-5.253997,2.9262564,8,GCN,PCA
100341,-2.1530578,-0.0062224865,8,GCN,PCA
110136,3.3242047,0.89876294,16,GCN,PCA
168066,-0.36283058,-3.0611885,23,GCN,PCA
50682,-1.3675287,-2.7163532,18,GCN,PCA
77153,-1.7658627,-4.512333,33,GCN,PCA
120401,0.015008926,-1.4737133,3,GCN,PCA
121508,-6.4930434,1.9612763,28,GCN,PCA
69262,-7.581657,4.823946,28,GCN,PCA
53403,5.4020686,1.8193805,30,GCN,PCA
108372,4.175463,3.3409932,27,GCN,PCA
154253,2.5505168,0.120063305,24,GCN,PCA
25630,2.620412,-0.89665747,24,GCN,PCA
65749,0.7508239,-1.2080754,6,GCN,PCA
83120,-2.3695045,-1.1008908,24,GCN,PCA
105802,-2.496258,-3.251659,39,GCN,PCA
131798,1.7597816,-0.010248423,27,GCN,PCA
25489,4.1148715,3.579253,16,GCN,PCA
72634,2.8118129,-0.26071453,30,GCN,PCA
21591,2.2241027,-1.2973726,8,GCN,PCA
133516,0.6728024,-2.7570453,30,GCN,PCA
76685,0.51066834,1.2875297,34,GCN,PCA
66521,4.0205355,1.3446286,31,GCN,PCA
10385,-0.9213717,-2.4623957,22,GCN,PCA
146948,-0.77454585,-2.5852685,14,GCN,PCA
47006,2.5056849,0.12986255,4,GCN,PCA
46963,-6.808392,0.9995866,4,GCN,PCA
166236,4.5497427,1.7244208,30,GCN,PCA
92482,1.639585,-1.2035925,30,GCN,PCA
386,5.1969666,2.0658066,30,GCN,PCA
126174,-0.032966197,-2.5754056,28,GCN,PCA
106938,2.2121212,0.21775818,3,GCN,PCA
168809,-3.2050474,0.568912,27,GCN,PCA
73298,3.6832383,-0.3872571,24,GCN,PCA
88868,-9.018255,4.935055,28,GCN,PCA
154598,2.6775906,-0.12629461,24,GCN,PCA
35251,-0.8149961,-0.093128204,27,GCN,PCA
35471,0.6623221,-1.5755713,31,GCN,PCA
138459,3.2350612,1.0585787,16,GCN,PCA
132821,-4.8832903,0.83189917,8,GCN,PCA
106660,-1.2567887,-3.0263221,34,GCN,PCA
125660,-1.0650241,-3.2966137,9,GCN,PCA
9053,0.8713427,-1.3896003,24,GCN,PCA
104217,-0.097253144,-1.6402452,30,GCN,PCA
110050,-1.2736866,-2.0067358,23,GCN,PCA
132963,5.3579493,1.3936818,24,GCN,PCA
9556,4.141727,2.1620219,16,GCN,PCA
57306,-2.229466,-0.46722317,28,GCN,PCA
155953,1.1442022,-1.4099046,3,GCN,PCA
8386,-2.1099834,-1.2047006,27,GCN,PCA
93584,-8.445665,2.9115336,28,GCN,PCA
57137,4.979548,3.6797478,16,GCN,PCA
114125,5.3190193,2.4676092,30,GCN,PCA
154093,1.9987953,-0.09187579,24,GCN,PCA
138709,1.9982345,-1.0787216,24,GCN,PCA
25587,10.54438,8.625426,16,GCN,PCA
140463,-1.1150975,-1.1375933,36,GCN,PCA
78459,3.5060785,0.18852258,3,GCN,PCA
62076,2.7011375,1.3380888,16,GCN,PCA
124129,4.8474917,2.7957375,16,GCN,PCA
136733,-2.4042413,-0.27260208,5,GCN,PCA
136968,2.0916424,-0.22832942,24,GCN,PCA
23860,-1.1246676,-3.5270786,34,GCN,PCA
165474,-9.838642,6.4587965,29,GCN,PCA
140548,5.971522,3.312353,16,GCN,PCA
31340,-0.8435042,-3.0013192,0,GCN,PCA
110548,2.1509175,-0.62901926,24,GCN,PCA
89030,0.836618,0.8343756,13,GCN,PCA
88486,3.4074507,1.0557437,16,GCN,PCA
67030,2.5266101,-0.2559979,13,GCN,PCA
162525,-1.2995887,-3.8169072,36,GCN,PCA
77838,-13.2534075,8.851824,28,GCN,PCA
12011,1.23863,-0.75304294,16,GCN,PCA
101795,5.174336,3.177965,30,GCN,PCA
153235,-4.993164,0.2729392,28,GCN,PCA
53822,3.4339635,0.49352002,27,GCN,PCA
167861,4.1865697,2.713538,16,GCN,PCA
153476,5.3139143,4.848669,16,GCN,PCA
26293,-2.0643926,-1.4977567,5,GCN,PCA
19912,2.1533182,-2.7095568,3,GCN,PCA
63633,4.6733685,2.9989688,16,GCN,PCA
5031,-0.094923556,-4.6839633,33,GCN,PCA
146361,-9.709738,6.5408792,28,GCN,PCA
42383,2.182399,0.1171546,24,GCN,PCA
27520,-2.1535518,-1.856668,28,GCN,PCA
34772,0.37180704,-0.8639388,24,GCN,PCA
160676,3.884734,2.2988875,24,GCN,PCA
92812,2.8500497,2.414058,3,GCN,PCA
62375,3.304551,-1.8798708,10,GCN,PCA
27384,-9.168937,3.8754327,28,GCN,PCA
24561,2.0121477,-0.506485,26,GCN,PCA
159576,2.285251,1.7794764,30,GCN,PCA
139671,3.1619318,-0.15389848,24,GCN,PCA
80697,1.0332422,2.6104105,8,GCN,PCA
14969,-1.6923497,-3.6073864,9,GCN,PCA
159419,-0.3660758,0.76216626,4,GCN,PCA
30553,-7.1205735,2.7664397,28,GCN,PCA
21038,-0.43900833,-1.4848083,24,GCN,PCA
60222,1.3794084,-0.48866415,13,GCN,PCA
22058,-5.4835114,0.93183184,8,GCN,PCA
60501,-1.3754659,-3.1692147,36,GCN,PCA
72754,-3.422803,0.7731097,24,GCN,PCA
138199,1.1321552,-0.4688716,24,GCN,PCA
89833,-6.3160496,3.14904,28,GCN,PCA
65844,-2.143198,-4.896201,2,GCN,PCA
88692,-0.48464194,-2.6731825,25,GCN,PCA
168460,-5.8300376,1.7875636,28,GCN,PCA
82140,2.0654302,6.756833,4,GCN,PCA
47251,-2.300976,-0.6812866,5,GCN,PCA
86671,3.557131,2.5167096,16,GCN,PCA
54984,5.3609548,2.603133,31,GCN,PCA
130153,-0.9696419,-2.5566177,24,GCN,PCA
515,-3.3892293,-0.2280302,28,GCN,PCA
148677,2.2692332,-1.4061427,30,GCN,PCA
12442,3.4932163,0.9789157,16,GCN,PCA
157391,1.2668335,-2.4048922,36,GCN,PCA
6119,-8.914531,7.313236,28,GCN,PCA
26999,1.7885027,-3.954349,2,GCN,PCA
49585,-8.4687195,4.7129736,28,GCN,PCA
40988,0.68288785,-2.7492678,24,GCN,PCA
55771,2.5158074,-0.8040489,37,GCN,PCA
41593,2.2877614,-0.8661984,30,GCN,PCA
120547,0.30885416,-3.2341878,34,GCN,PCA
88886,-2.3911853,-4.136699,39,GCN,PCA
89559,-1.3028946,-1.9138765,39,GCN,PCA
56817,-4.378477,-1.9315336,9,GCN,PCA
125094,1.8214462,-1.3774134,24,GCN,PCA
146444,0.4982881,-1.8585391,24,GCN,PCA
96166,-0.25304613,-3.9561973,36,GCN,PCA
168478,-1.7585905,-0.6713753,5,GCN,PCA
22453,2.3461804,-1.2103387,24,GCN,PCA
118930,-1.1379867,-2.3189197,23,GCN,PCA
147189,0.079312086,-5.0472956,2,GCN,PCA
41069,2.902297,-0.21696925,30,GCN,PCA
31017,2.1842241,1.0221355,31,GCN,PCA
75330,1.8137925,-1.6058688,30,GCN,PCA
10294,3.6366603,2.4199002,16,GCN,PCA
69254,0.044731677,1.2822282,25,GCN,PCA
108963,3.5908735,2.0235517,24,GCN,PCA
30057,3.9255893,-3.658687,10,GCN,PCA
103441,6.4423275,4.943448,16,GCN,PCA
141751,0.33728135,-2.3423939,36,GCN,PCA
29779,1.0255146,-1.0173304,24,GCN,PCA
44300,6.0066905,3.5444973,16,GCN,PCA
64456,-2.2514913,-0.62775254,8,GCN,PCA
16812,0.46189356,-2.300932,24,GCN,PCA
121702,1.5287127,0.5225353,16,GCN,PCA
150069,-4.621667,1.0178156,28,GCN,PCA
39004,4.1265397,10.818149,16,GCN,PCA
20205,7.614648,6.507304,16,GCN,PCA
68407,3.7453701,-0.7917342,10,GCN,PCA
157679,-1.0797013,-1.1597624,28,GCN,PCA
101046,0.6341488,-1.6433735,13,GCN,PCA
34635,-1.8863795,-2.4096587,19,GCN,PCA
7228,4.0515137,-0.5333979,10,GCN,PCA
129349,0.60281676,-1.252283,26,GCN,PCA
5051,4.391323,3.3715732,16,GCN,PCA
127284,-3.919442,0.41079116,11,GCN,PCA
18588,-3.443639,-5.644826,33,GCN,PCA
67804,-2.4167657,-3.437509,14,GCN,PCA
139879,-3.9833362,-1.8951747,28,GCN,PCA
62177,-0.6244505,-2.4599166,27,GCN,PCA
142008,-2.8798113,-2.9350126,34,GCN,PCA
49580,-4.3744273,-1.9119096,18,GCN,PCA
123905,-6.722344,1.6213763,8,GCN,PCA
123122,-0.026621938,-3.3814356,22,GCN,PCA
87766,0.48117608,-2.7482781,6,GCN,PCA
97849,0.017249405,-1.7961637,26,GCN,PCA
62807,2.8922374,-1.0161257,30,GCN,PCA
142688,0.13890278,-1.7136401,3,GCN,PCA
17865,-3.8001468,-1.4332527,28,GCN,PCA
26850,-2.4069512,-0.78742576,8,GCN,PCA
76096,1.2657819,-1.1848903,3,GCN,PCA
42418,-0.9325066,-2.2182562,6,GCN,PCA
13703,0.4091665,-4.21478,10,GCN,PCA
27688,-6.6835213,3.9445908,28,GCN,PCA
87264,0.58055955,-1.4404774,16,GCN,PCA
90843,10.704243,9.589063,16,GCN,PCA
67427,4.0014477,3.5713813,16,GCN,PCA
103305,2.210902,-0.85458267,10,GCN,PCA
124445,-2.918436,0.79236746,4,GCN,PCA
141670,-1.6976418,-3.8758698,39,GCN,PCA
136763,-1.1564772,-2.0163274,22,GCN,PCA
16243,0.6591545,-0.3014202,10,GCN,PCA
71215,-1.4235872,-0.65472627,34,GCN,PCA
92612,3.6869419,1.4661691,27,GCN,PCA
37246,-4.641362,3.007851,4,GCN,PCA
50999,2.6584172,-0.1149745,16,GCN,PCA
157670,0.76855224,-0.6032815,13,GCN,PCA
23081,-2.438639,-1.0467411,19,GCN,PCA
68699,1.5243294,-0.95065486,30,GCN,PCA
12030,-2.6151297,-0.7192128,4,GCN,PCA
98597,-0.5118657,-0.049857378,10,GCN,PCA
159638,4.674966,2.0668685,30,GCN,PCA
59440,-6.263027,0.9650159,20,GCN,PCA
164560,1.0645776,-0.6782992,15,GCN,PCA
102847,2.2278762,-0.76935387,30,GCN,PCA
164930,-1.325928,-2.7621372,20,GCN,PCA
17626,7.2303033,3.6796305,30,GCN,PCA
151041,3.424675,-0.45763397,10,GCN,PCA
129437,-1.5126636,-3.9117427,20,GCN,PCA
146866,-2.0987937,0.004599333,18,GCN,PCA
50528,-2.3204458,-3.4097843,28,GCN,PCA
128121,-2.3880103,-2.9849997,36,GCN,PCA
52382,0.021478772,-1.303166,30,GCN,PCA
49381,-1.738406,-3.614901,19,GCN,PCA
22685,1.7378209,-0.775126,24,GCN,PCA
42289,1.2091262,-1.5357691,24,GCN,PCA
39206,-1.389882,-3.7701232,34,GCN,PCA
18544,3.5205147,0.4980371,24,GCN,PCA
148030,-9.902862,6.356694,28,GCN,PCA
83012,4.0518994,1.9706624,16,GCN,PCA
112830,0.6946741,-2.8252192,37,GCN,PCA
109317,4.772547,2.488097,4,GCN,PCA
41003,1.6375816,0.06688833,16,GCN,PCA
160720,0.10157734,-0.9637368,26,GCN,PCA
15051,1.6758139,-1.3034322,10,GCN,PCA
80667,2.7603831,0.7328007,16,GCN,PCA
168168,-0.26741844,-3.976002,9,GCN,PCA
7568,-3.868748,-0.94537127,28,GCN,PCA
21439,0.195449,-0.8626189,8,GCN,PCA
43466,3.9256551,2.5871503,16,GCN,PCA
76181,2.3322053,0.34859753,16,GCN,PCA
78479,1.6863813,-1.8001752,30,GCN,PCA
9557,-2.4267993,-2.5675497,22,GCN,PCA
87460,-1.278179,-4.6695104,2,GCN,PCA
80231,-0.47198132,-1.357227,16,GCN,PCA
31124,0.33057517,-1.5365728,24,GCN,PCA
163466,5.269473,2.4263737,16,GCN,PCA
33859,-6.1557937,2.2762601,19,GCN,PCA
80097,1.2708411,-0.6083844,16,GCN,PCA
46597,0.04146731,-1.0973705,5,GCN,PCA
57607,0.74232787,0.92384005,27,GCN,PCA
147619,-6.519547,4.181098,28,GCN,PCA
97886,-1.8844349,-2.1429362,37,GCN,PCA
126252,0.6346286,-0.6954088,24,GCN,PCA
79233,-2.3824294,-3.1943767,9,GCN,PCA
16575,0.8949804,1.6092942,23,GCN,PCA
33209,0.15778667,-2.1081214,28,GCN,PCA
40816,7.9621353,3.4436257,24,GCN,PCA
121858,0.41617548,-3.6977642,2,GCN,PCA
160002,2.9788318,0.40701652,24,GCN,PCA
3968,4.398917,2.2970235,16,GCN,PCA
56883,-3.1585727,-1.9572992,28,GCN,PCA
7835,-1.1176717,-3.4784102,22,GCN,PCA
114707,-1.7522211,-2.2354794,5,GCN,PCA
51575,2.9258802,1.2542579,16,GCN,PCA
27291,2.7997746,-0.2393167,30,GCN,PCA
55675,3.046854,1.5881894,16,GCN,PCA
21969,-1.2683709,-4.1654577,22,GCN,PCA
128846,3.7326806,1.8035209,16,GCN,PCA
66040,3.725817,0.9027159,23,GCN,PCA
60775,3.8968666,1.7422016,16,GCN,PCA
63209,-5.574382,1.7309864,8,GCN,PCA
56645,-7.3280063,1.0348926,28,GCN,PCA
32968,4.31913,2.0847313,30,GCN,PCA
11341,-1.2220118,-2.5237772,15,GCN,PCA
78365,2.7302713,0.14737773,24,GCN,PCA
167964,1.059252,-0.7639744,24,GCN,PCA
156749,0.23176587,-1.2457786,24,GCN,PCA
96489,1.2223761,-0.99243057,24,GCN,PCA
100845,3.155344,-0.87678623,13,GCN,PCA
1707,0.14862955,-0.5634558,27,GCN,PCA
68564,-2.1515486,-0.25570512,37,GCN,PCA
64465,7.4563584,5.8497105,16,GCN,PCA
97364,1.744823,-1.9822621,30,GCN,PCA
95757,-2.9712427,-0.7453377,28,GCN,PCA
102016,0.9691989,-3.0675697,2,GCN,PCA
58335,-9.020646,4.0452595,28,GCN,PCA
53482,-0.8353161,-2.2569535,17,GCN,PCA
105021,2.2908597,0.2032044,26,GCN,PCA
66136,-3.8549507,-0.12068939,28,GCN,PCA
105371,1.7235138,-0.69092655,13,GCN,PCA
148749,1.6640096,-0.8813242,30,GCN,PCA
168757,-1.1241157,-4.480446,0,GCN,PCA
120552,-1.321949,-4.484716,2,GCN,PCA
134911,2.2125928,-1.0060622,4,GCN,PCA
63207,-0.39872372,-1.243957,26,GCN,PCA
165589,-2.3125756,-1.9493197,28,GCN,PCA
164116,-1.0400615,-3.1693802,20,GCN,PCA
35253,1.388067,0.9646368,24,GCN,PCA
3878,2.2662203,-1.2029878,30,GCN,PCA
76393,5.7717113,4.813862,16,GCN,PCA
124628,-0.059523016,-0.9722315,37,GCN,PCA
72241,-1.0981808,-5.367831,2,GCN,PCA
34257,2.651251,0.75572896,25,GCN,PCA
544,2.9346302,0.1503179,24,GCN,PCA
16737,-1.140307,-3.65693,34,GCN,PCA
84286,4.748645,0.31817555,30,GCN,PCA
133767,-7.6442633,3.2061927,8,GCN,PCA
144344,0.033305645,-0.74381566,4,GCN,PCA
145078,2.1309419,0.7175982,24,GCN,PCA
117242,-0.8607427,-0.45294476,24,GCN,PCA
151516,-1.185837,-0.7979187,1,GCN,PCA
130516,-3.0013967,-1.7081267,37,GCN,PCA
17534,7.6431723,7.2320614,25,GCN,PCA
74485,-10.144986,7.102935,28,GCN,PCA
95530,-0.6758598,-4.5194235,2,GCN,PCA
159194,1.9491951,0.79205084,27,GCN,PCA
131238,3.050764,1.5605304,31,GCN,PCA
89498,2.351809,-0.2666595,30,GCN,PCA
122553,-3.3262393,-0.7511575,34,GCN,PCA
109418,-2.775354,-3.855017,34,GCN,PCA
124327,-0.6423528,-3.6088376,36,GCN,PCA
14880,5.824006,2.0443094,30,GCN,PCA
86664,-0.6187197,-4.1133213,37,GCN,PCA
69229,-0.08907184,-0.99300647,24,GCN,PCA
63539,1.405937,0.35901737,16,GCN,PCA
108268,5.6674914,3.3526676,16,GCN,PCA
147238,2.5865355,0.7591059,16,GCN,PCA
108025,-1.0870478,-2.6645753,10,GCN,PCA
122955,2.6232421,1.166013,16,GCN,PCA
147514,1.6498377,0.24278283,16,GCN,PCA
78753,3.0922225,3.3465574,28,GCN,PCA
57437,3.4476867,-0.6588168,30,GCN,PCA
35563,3.4975832,2.7855318,16,GCN,PCA
40863,8.471518,6.665038,16,GCN,PCA
152981,3.8907459,3.3627584,16,GCN,PCA
164876,1.5031064,-0.6489239,27,GCN,PCA
143998,1.7575316,-1.6435274,24,GCN,PCA
154212,-5.206752,1.5297077,8,GCN,PCA
33451,2.7548661,-0.34416127,24,GCN,PCA
114327,4.8923984,2.4832385,16,GCN,PCA
29914,-1.6404774,-3.1644082,9,GCN,PCA
44490,-8.219224,4.9885798,5,GCN,PCA
161198,2.3390627,0.87985325,16,GCN,PCA
60293,2.3468516,-1.4217662,10,GCN,PCA
25041,2.9381378,0.6057267,16,GCN,PCA
78592,4.304788,3.0163333,16,GCN,PCA
114433,6.402921,4.742959,24,GCN,PCA
26826,1.9744933,-0.5115802,16,GCN,PCA
66222,5.7992744,2.5433953,30,GCN,PCA
110215,8.913022,3.1388805,30,GCN,PCA
149152,-0.09440774,-3.0669882,10,GCN,PCA
129464,4.378427,1.9411666,24,GCN,PCA
15771,4.5325155,2.133692,16,GCN,PCA
157507,0.8146389,-3.49914,23,GCN,PCA
68397,2.6378057,0.41169715,16,GCN,PCA
71758,0.39987767,-4.3501573,2,GCN,PCA
87220,3.282203,0.7322099,24,GCN,PCA
60094,4.964607,1.5309441,30,GCN,PCA
133462,2.9069407,0.49151015,24,GCN,PCA
5896,-0.11806911,-1.6005018,27,GCN,PCA
2090,3.0707989,0.5967219,30,GCN,PCA
158042,2.422202,0.29722,16,GCN,PCA
86277,16.88159,7.6768847,24,GCN,PCA
154960,-0.6579977,-5.1431656,2,GCN,PCA
70297,-2.0674343,-2.0680346,5,GCN,PCA
25113,2.0125084,0.02893138,4,GCN,PCA
164887,1.9446566,0.8897903,16,GCN,PCA
120321,-3.5557344,-0.14224505,8,GCN,PCA
127164,-3.5765522,0.09966612,28,GCN,PCA
44881,2.4689012,2.0692346,16,GCN,PCA
95059,-4.8226695,0.20362186,28,GCN,PCA
127952,2.979005,0.096738815,16,GCN,PCA
121692,-0.12811896,-2.5680687,4,GCN,PCA
89312,4.940406,0.93267536,24,GCN,PCA
113620,-2.368425,-4.584508,36,GCN,PCA
126036,0.013607681,-2.0082953,37,GCN,PCA
66428,0.7316379,-3.257759,34,GCN,PCA
88074,6.839088,6.5130796,16,GCN,PCA
92817,0.04712051,-2.4266288,4,GCN,PCA
31062,-2.5995996,0.24293637,4,GCN,PCA
102415,-5.6943936,3.465123,28,GCN,PCA
103910,3.141564,0.46544933,24,GCN,PCA
42535,0.44080985,-3.3164983,26,GCN,PCA
140692,-5.7296953,2.2058399,28,GCN,PCA
146538,2.5203516,3.6561797,4,GCN,PCA
142096,4.4625225,2.41095,16,GCN,PCA
38782,-0.3340588,-0.07525325,16,GCN,PCA
26203,1.2041435,-2.440723,22,GCN,PCA
99895,2.0451312,-2.5139143,10,GCN,PCA
8705,3.1273339,0.21040106,30,GCN,PCA
3045,-4.0527115,0.6739526,28,GCN,PCA
31822,-5.387412,3.69499,8,GCN,PCA
140233,0.33646464,-1.524491,30,GCN,PCA
163789,-1.0744655,-0.9733012,15,GCN,PCA
111286,-4.6997294,1.0573308,28,GCN,PCA
57604,6.2541785,6.351926,16,GCN,PCA
49429,-8.638565,0.5716946,28,GCN,PCA
22141,-2.6480274,1.766794,8,GCN,PCA
99708,2.192065,0.5788522,30,GCN,PCA
74992,-0.16741851,-0.3363905,4,GCN,PCA
8472,-2.2694037,-2.7947977,34,GCN,PCA
121016,-0.84463036,-2.919948,2,GCN,PCA
45814,0.0025758147,-3.0239835,24,GCN,PCA
30581,-11.771279,8.21575,28,GCN,PCA
104278,6.131339,2.5422776,24,GCN,PCA
27739,2.8284736,-0.9017583,24,GCN,PCA
89925,-1.3392384,-0.97035885,5,GCN,PCA
69607,-3.769386,-0.22767997,28,GCN,PCA
147648,0.23633313,-3.1625586,24,GCN,PCA
15278,4.0045567,2.5615737,16,GCN,PCA
150488,3.7614071,-0.29163194,24,GCN,PCA
96047,-2.2985156,-3.7429502,34,GCN,PCA
21284,-1.3846827,-3.6799393,34,GCN,PCA
65102,-2.235958,-4.5717316,34,GCN,PCA
98053,5.6696486,3.2057068,13,GCN,PCA
96908,2.474097,-0.16284537,24,GCN,PCA
166558,5.469623,3.223016,16,GCN,PCA
92808,-5.6009555,3.0615203,28,GCN,PCA
2780,-0.22431672,-3.8135862,2,GCN,PCA
168674,1.157898,-1.8758104,31,GCN,PCA
672,1.1697512,-0.52976584,16,GCN,PCA
44444,3.541198,0.9151714,16,GCN,PCA
166344,4.511151,0.35387778,10,GCN,PCA
20353,0.5322475,-3.1825724,34,GCN,PCA
85086,4.3102574,1.8183091,16,GCN,PCA
133236,3.9679868,-0.533509,10,GCN,PCA
29007,4.611032,2.4127367,16,GCN,PCA
10101,0.51954395,-1.1403352,16,GCN,PCA
116252,-0.27346817,-1.0467521,20,GCN,PCA
112417,1.5106611,-0.73396325,34,GCN,PCA
24106,4.5683074,1.2520988,30,GCN,PCA
130230,-1.0329763,-2.4826684,0,GCN,PCA
21138,-0.11499047,-1.1097826,24,GCN,PCA
39632,-1.1117506,-4.7976904,2,GCN,PCA
99606,1.4827139,-1.1568446,30,GCN,PCA
24815,1.4019125,0.2354796,16,GCN,PCA
149290,0.24394006,-3.6670713,24,GCN,PCA
20829,2.4449155,2.698562,16,GCN,PCA
53199,-4.893994,2.8361104,28,GCN,PCA
138545,-9.143594,5.5587826,28,GCN,PCA
123890,1.9981616,-1.4709731,24,GCN,PCA
50574,-4.7635913,0.9125624,28,GCN,PCA
118778,-7.1609335,3.8274858,8,GCN,PCA
141784,4.050393,-0.617749,10,GCN,PCA
121646,-1.0139742,-1.3527907,28,GCN,PCA
110571,2.5692384,-0.73526406,13,GCN,PCA
27760,0.52992684,-2.3500223,23,GCN,PCA
117776,-5.89761,1.8224676,28,GCN,PCA
3192,1.9788117,0.48668623,16,GCN,PCA
64304,2.2150276,-0.5462625,30,GCN,PCA
58122,-1.0761911,-5.0178385,9,GCN,PCA
123448,-5.5210004,3.2626555,28,GCN,PCA
5004,-0.65201813,0.25327992,18,GCN,PCA
144584,0.9304779,-0.9013189,4,GCN,PCA
13103,-7.8699636,4.1559505,8,GCN,PCA
138110,-1.0631549,-2.7808506,5,GCN,PCA
53285,4.5260353,1.7514331,31,GCN,PCA
106646,4.102196,1.488406,16,GCN,PCA
69457,-2.9515095,0.5586915,10,GCN,PCA
86463,1.9419839,-0.7103708,4,GCN,PCA
36296,-10.700303,7.80571,28,GCN,PCA
49732,-3.8489637,1.5195291,8,GCN,PCA
100781,-3.5926008,2.2526863,28,GCN,PCA
18951,-2.6222804,-1.6632017,34,GCN,PCA
134080,0.6941505,-2.052667,24,GCN,PCA
91965,1.824486,-2.193217,10,GCN,PCA
53417,3.070238,0.78274465,13,GCN,PCA
24911,1.0066133,-1.5367059,26,GCN,PCA
136423,-27.957603,21.680788,28,GCN,PCA
123167,-0.5851283,-4.358101,2,GCN,PCA
60655,-7.452986,4.136897,15,GCN,PCA
13328,-2.499402,-1.6029277,28,GCN,PCA
165198,1.4704299,-1.2882965,27,GCN,PCA
152579,3.0581205,-0.3977561,10,GCN,PCA
101240,1.8267787,0.118974686,16,GCN,PCA
162451,-6.403399,3.7576191,28,GCN,PCA
76247,-1.1255736,-3.518839,28,GCN,PCA
93442,0.5953947,-1.6221652,20,GCN,PCA
154155,2.2002275,0.73566484,16,GCN,PCA
41689,-0.65523165,-0.9012948,26,GCN,PCA
42660,-6.2481694,2.3882406,28,GCN,PCA
48847,-14.652544,11.23424,28,GCN,PCA
143537,-7.1431,2.62478,28,GCN,PCA
166976,-3.8655896,0.22116232,28,GCN,PCA
129688,-1.4466715,-3.0529478,21,GCN,PCA
150455,-6.5525475,3.103954,4,GCN,PCA
27306,-11.258473,7.7016373,28,GCN,PCA
76817,-1.6600094,-2.4278822,34,GCN,PCA
103881,5.3236012,3.7706563,16,GCN,PCA
89474,1.8368042,0.2560153,6,GCN,PCA
143188,-0.6787982,-1.8655994,24,GCN,PCA
47093,2.6123562,0.14121032,24,GCN,PCA
795,2.16836,-0.67591023,24,GCN,PCA
82888,4.029652,3.7068384,24,GCN,PCA
142531,-0.89596313,-0.42099833,22,GCN,PCA
115355,10.468497,8.591549,16,GCN,PCA
99033,3.4241471,-0.6405957,30,GCN,PCA
38713,-6.1008058,2.3973243,28,GCN,PCA
95513,-3.0332756,-2.075661,19,GCN,PCA
14910,-0.5917227,2.9143455,34,GCN,PCA
40547,1.7861078,-0.39378095,31,GCN,PCA
79790,4.1377487,0.5664871,30,GCN,PCA
104063,-0.3176185,1.7482975,16,GCN,PCA
118514,3.0959346,-0.55987644,30,GCN,PCA
18564,-2.3908,-0.69694495,23,GCN,PCA
25767,-1.2447169,-3.7165203,22,GCN,PCA
5249,-2.4065912,-2.6552958,3,GCN,PCA
137025,-1.2320263,-2.8565617,37,GCN,PCA
31602,2.8376157,2.073868,25,GCN,PCA
156549,-0.668839,-0.6230862,4,GCN,PCA
1553,-1.3336246,-3.6646485,34,GCN,PCA
15073,-1.9934237,-4.0615425,34,GCN,PCA
154191,1.5453222,-1.3386087,24,GCN,PCA
3450,1.6053314,0.77262163,16,GCN,PCA
23193,2.4911182,1.3493941,17,GCN,PCA
53536,-0.71854216,1.1220739,4,GCN,PCA
7950,1.6129684,1.9840114,25,GCN,PCA
101294,-3.1137483,-1.7164637,7,GCN,PCA
25249,3.1122546,-1.9334207,38,GCN,PCA
32113,3.2589097,0.88063407,24,GCN,PCA
119415,2.5823288,0.8691406,16,GCN,PCA
144993,-1.2015657,-1.6144689,33,GCN,PCA
77328,3.055248,2.06275,16,GCN,PCA
83034,-6.6420903,3.5035617,8,GCN,PCA
8151,-4.9671087,1.2004225,8,GCN,PCA
80998,0.6872048,-3.267889,2,GCN,PCA
156144,0.46758205,-1.6921434,24,GCN,PCA
41431,-1.5621347,-2.6277974,39,GCN,PCA
55507,-1.6931329,-4.351708,34,GCN,PCA
124856,-2.4412363,-4.168515,2,GCN,PCA
38308,1.6774235,-1.4653307,24,GCN,PCA
55947,0.054670095,-1.6563084,19,GCN,PCA
114673,-0.07386744,-4.9790173,2,GCN,PCA
144887,2.2410073,-1.1839269,24,GCN,PCA
80538,2.739841,0.87613654,16,GCN,PCA
153432,6.0177665,3.618748,16,GCN,PCA
40697,-4.806301,-0.94202673,34,GCN,PCA
100277,1.5730135,-0.46477675,24,GCN,PCA
54126,12.4613495,9.253355,16,GCN,PCA
38438,0.31512934,-3.3346074,2,GCN,PCA
43697,-0.51287675,-1.9754761,8,GCN,PCA
88912,-1.7781892,-0.54633,28,GCN,PCA
141190,2.551586,-2.2973728,10,GCN,PCA
78422,-1.5264528,-0.6459155,19,GCN,PCA
131017,1.637532,-2.2835119,24,GCN,PCA
92510,3.147516,1.4966605,16,GCN,PCA
72397,0.80307835,-1.8232236,24,GCN,PCA
68840,3.2781413,-0.44549775,31,GCN,PCA
55909,-1.2994359,-2.420864,23,GCN,PCA
4909,-5.767344,1.8255432,8,GCN,PCA
82163,-10.444482,6.5181513,28,GCN,PCA
46132,60.212276,55.47831,16,GCN,PCA
85297,-1.6638439,-1.849128,4,GCN,PCA
18647,1.831049,-2.563034,11,GCN,PCA
206,1.9983327,0.91830254,26,GCN,PCA
27288,1.7084649,1.5503209,10,GCN,PCA
144821,3.4201415,1.1166568,16,GCN,PCA
69624,2.1410878,0.18415475,16,GCN,PCA
18812,3.1504858,0.86528206,13,GCN,PCA
48678,4.157218,6.721243,16,GCN,PCA
278,2.7077055,-1.1387548,37,GCN,PCA
25428,-0.71033466,-1.5447248,24,GCN,PCA
69933,4.443152,-0.9705038,22,GCN,PCA
38701,-10.497492,7.14921,28,GCN,PCA
66160,3.4044998,0.5532241,30,GCN,PCA
82340,6.8916435,6.750304,16,GCN,PCA
50708,0.051599026,-2.587856,26,GCN,PCA
164031,-1.9996607,-2.8504663,34,GCN,PCA
34752,0.4913109,-1.4535787,24,GCN,PCA
75420,-0.7804022,-3.7810564,2,GCN,PCA
117206,2.0139022,-0.6731117,24,GCN,PCA
150715,3.0718417,-0.24823451,30,GCN,PCA
10161,-1.4124076,-2.6996832,34,GCN,PCA
130525,0.86899537,0.018002987,24,GCN,PCA
64549,-3.3114195,3.3543165,28,GCN,PCA
106696,-7.7941093,4.3431787,28,GCN,PCA
18735,0.58114046,4.716774,28,GCN,PCA
143030,2.0382035,-0.6187341,26,GCN,PCA
8555,2.305344,-1.5605263,24,GCN,PCA
7976,2.4381611,1.4746735,4,GCN,PCA
52474,-4.7571526,0.10184932,4,GCN,PCA
132653,-4.86712,0.7703805,28,GCN,PCA
86642,3.5532873,-0.5364125,30,GCN,PCA
44295,-0.16787717,-1.9777701,26,GCN,PCA
76407,-10.943383,8.194559,28,GCN,PCA
165301,-0.86497337,-2.1595666,26,GCN,PCA
11001,4.118581,1.6860354,24,GCN,PCA
96056,0.5207557,-4.0056195,33,GCN,PCA
41312,0.9691207,-2.2506132,24,GCN,PCA
8604,2.9805048,-0.22257495,10,GCN,PCA
6896,2.9745173,-0.98018956,10,GCN,PCA
49301,-4.698124,1.3820741,28,GCN,PCA
17293,-5.010842,-0.47973323,34,GCN,PCA
124116,2.7647073,1.3092172,16,GCN,PCA
161142,0.12472218,-3.1001446,34,GCN,PCA
157491,1.8534303,0.46760154,4,GCN,PCA
6017,7.1426973,3.6416538,30,GCN,PCA
23450,0.8706469,-1.0875809,24,GCN,PCA
72696,-3.5648246,-2.890296,28,GCN,PCA
156929,-4.036627,0.054599524,28,GCN,PCA
86088,-0.49044698,-1.7376463,30,GCN,PCA
130888,2.4711876,-0.21045828,24,GCN,PCA
160406,-0.7839161,-4.58423,2,GCN,PCA
53553,-2.5058315,-0.5308058,19,GCN,PCA
109629,0.3275355,-2.1633792,24,GCN,PCA
71720,-4.1585374,-1.3439114,28,GCN,PCA
17108,1.4162734,-0.54091597,16,GCN,PCA
53638,9.250309,7.457285,16,GCN,PCA
94394,-0.8686799,-2.0704043,22,GCN,PCA
28745,-9.098038,4.959051,28,GCN,PCA
31093,-2.2675169,-4.24223,39,GCN,PCA
78965,3.3559544,1.6497328,16,GCN,PCA
132247,-0.820276,-2.5937107,24,GCN,PCA
44834,8.522452,2.8661363,24,GCN,PCA
151553,0.85606354,-1.9648011,24,GCN,PCA
112771,-0.04037243,-0.53897166,0,GCN,PCA
136792,2.5573924,-0.79782236,30,GCN,PCA
42930,5.8495445,4.3956614,30,GCN,PCA
113278,2.395665,0.9917643,16,GCN,PCA
98909,0.43573987,-2.633656,24,GCN,PCA
167032,2.7442944,0.34662485,24,GCN,PCA
159515,1.2354538,-3.0111513,10,GCN,PCA
79975,3.3993282,1.6302092,16,GCN,PCA
144577,-0.030392587,-2.3945723,21,GCN,PCA
73616,1.5874596,-1.37738,24,GCN,PCA
106618,2.1281722,1.0789869,16,GCN,PCA
131626,-3.0573058,0.20948148,19,GCN,PCA
98241,-2.8294208,-4.376545,39,GCN,PCA
132996,4.9311724,3.8195307,16,GCN,PCA
42083,-7.0655255,3.250128,28,GCN,PCA
94292,-2.3084886,0.07742357,27,GCN,PCA
10181,3.2228608,1.8391192,16,GCN,PCA
47566,0.5425181,-0.681154,16,GCN,PCA
257,0.7739735,-2.7757564,2,GCN,PCA
146828,2.1205597,-1.2835352,10,GCN,PCA
58276,1.7054694,-1.7163879,30,GCN,PCA
26104,-1.3621151,-3.359592,33,GCN,PCA
29790,-2.9111981,2.8956444,4,GCN,PCA
54159,2.6323833,-0.7082691,26,GCN,PCA
50331,-0.55441636,-1.8742208,26,GCN,PCA
40536,3.8379781,0.8130753,30,GCN,PCA
143526,-0.93989944,-0.865469,13,GCN,PCA
50279,3.3512597,0.3686607,24,GCN,PCA
4200,-1.1513233,-0.1470108,24,GCN,PCA
109742,-2.9859009,1.4300201,4,GCN,PCA
104108,-0.12353814,-2.759629,28,GCN,PCA
99214,-7.5208015,4.172245,28,GCN,PCA
36214,-2.0277774,-2.8217719,24,GCN,PCA
124672,-6.488912,2.610212,28,GCN,PCA
165262,-1.7889335,-2.5963838,14,GCN,PCA
88937,-5.4580874,1.8244202,28,GCN,PCA
51395,-7.016659,0.17164397,34,GCN,PCA
152681,-6.915,-0.33383322,28,GCN,PCA
149626,-0.44816965,-4.2790484,2,GCN,PCA
54643,-0.42333943,-1.8224545,26,GCN,PCA
94134,-9.425223,5.676345,8,GCN,PCA
39486,-4.66698,1.2380931,8,GCN,PCA
64886,-0.16538489,-0.44417977,16,GCN,PCA
150659,1.479717,-0.8416604,24,GCN,PCA
58233,2.9663367,-0.35945153,30,GCN,PCA
47792,4.6346593,3.0838006,16,GCN,PCA
164689,5.2713017,3.0206425,24,GCN,PCA
90844,1.0136156,-1.6578915,31,GCN,PCA
84505,-0.023141026,-1.4893168,5,GCN,PCA
126304,4.136031,0.6407411,30,GCN,PCA
161640,-0.78502035,-5.9992027,33,GCN,PCA
161116,-1.2421856,-2.857569,10,GCN,PCA
149054,0.5614688,-1.3784014,16,GCN,PCA
70611,-4.4360547,1.5559008,4,GCN,PCA
75538,2.8762069,0.67320156,30,GCN,PCA
57663,3.5210745,-0.43259263,24,GCN,PCA
147937,3.262245,0.26201344,30,GCN,PCA
106586,-1.9447203,-2.0308595,19,GCN,PCA
161784,-7.2605405,3.8742144,28,GCN,PCA
76140,-0.48792166,-1.3846741,28,GCN,PCA
50697,-2.9430013,-3.0079558,20,GCN,PCA
2967,3.5476973,0.62959266,30,GCN,PCA
93196,3.0187633,1.3659284,16,GCN,PCA
33928,-1.722328,-2.286787,37,GCN,PCA
58939,-1.8579297,-2.1249728,4,GCN,PCA
11282,-0.096934855,0.39852142,34,GCN,PCA
13845,0.29029864,-0.7792702,24,GCN,PCA
61377,-1.5284308,-2.1130228,3,GCN,PCA
17305,-1.2184446,1.5267775,39,GCN,PCA
22571,-1.1228309,-4.3038216,33,GCN,PCA
57798,2.7023602,-0.5456393,16,GCN,PCA
83476,-5.3432083,1.4471257,28,GCN,PCA
36872,3.6467993,0.048766136,11,GCN,PCA
153761,-5.5767975,3.6330073,25,GCN,PCA
83290,-0.7757299,-2.6033642,32,GCN,PCA
65914,2.978315,0.5280411,30,GCN,PCA
10128,-0.2660631,-3.132602,3,GCN,PCA
99992,0.14339477,-0.15855145,16,GCN,PCA
123425,6.7417445,1.0939963,10,GCN,PCA
117745,-1.1004432,-3.299288,24,GCN,PCA
143750,-3.535536,1.746443,8,GCN,PCA
167591,7.8285627,7.125839,27,GCN,PCA
31363,-0.711521,-4.840027,10,GCN,PCA
96578,1.8091686,-0.8022071,24,GCN,PCA
20049,-3.1767726,-0.86993635,28,GCN,PCA
22986,7.547204,4.204835,24,GCN,PCA
89741,-0.936039,-3.894001,36,GCN,PCA
68535,4.204865,2.8558695,16,GCN,PCA
130252,-5.273525,2.1780422,28,GCN,PCA
49790,-7.838732,3.7107418,28,GCN,PCA
107228,0.44605678,-2.2325308,24,GCN,PCA
167796,-0.73806095,-6.173908,2,GCN,PCA
89646,-2.542002,-1.4457346,4,GCN,PCA
135656,1.1031032,-0.47216868,18,GCN,PCA
71385,-0.7785034,-3.287475,34,GCN,PCA
120571,-4.2798223,-0.07217765,5,GCN,PCA
75580,4.063595,1.0869951,24,GCN,PCA
57448,2.4841719,-1.9256293,24,GCN,PCA
113412,5.9034767,1.7523057,24,GCN,PCA
14249,4.087467,1.5660751,16,GCN,PCA
114137,3.916838,3.065346,27,GCN,PCA
31519,-0.70970565,-4.9246383,36,GCN,PCA
145561,1.7254744,-0.763078,30,GCN,PCA
148959,0.19615215,-2.3052194,23,GCN,PCA
92355,-1.6773314,-3.0887067,20,GCN,PCA
46176,-10.748478,7.197098,28,GCN,PCA
19247,1.2354331,0.31393147,4,GCN,PCA
66695,-0.83491695,0.32844186,27,GCN,PCA
75438,-1.4407991,-1.3126563,4,GCN,PCA
99189,0.37911004,-0.24982071,24,GCN,PCA
119238,-7.639073,3.7560422,8,GCN,PCA
50230,0.54891485,-0.90494823,16,GCN,PCA
151651,-2.5645156,-2.4315279,9,GCN,PCA
143387,-10.07487,6.4614143,28,GCN,PCA
130998,-1.1913369,0.9327533,28,GCN,PCA
58480,2.854867,-2.949003,10,GCN,PCA
88081,0.01624316,-3.380214,2,GCN,PCA
143296,-14.954527,11.79628,28,GCN,PCA
69734,2.490104,0.17974234,24,GCN,PCA
39935,-7.2721057,5.449127,4,GCN,PCA
42790,7.710923,4.9293118,16,GCN,PCA
112856,-3.4298284,-1.191827,5,GCN,PCA
102606,2.1274734,-1.0346019,24,GCN,PCA
150502,-1.2825348,-4.417647,9,GCN,PCA
117598,1.0117636,-0.70928955,24,GCN,PCA
67444,2.0120308,0.36592102,16,GCN,PCA
127653,-2.7539203,-4.853919,39,GCN,PCA
4975,0.39851964,-1.9982947,24,GCN,PCA
89166,1.4345152,-5.360918,2,GCN,PCA
113815,-7.5460863,5.4144487,4,GCN,PCA
44192,0.73927385,-1.8434645,24,GCN,PCA
86482,-0.79938734,-3.5374184,37,GCN,PCA
159935,2.4425213,-0.071974516,24,GCN,PCA
756,4.1252246,1.6437485,16,GCN,PCA
74572,-2.318079,-3.1024876,9,GCN,PCA
144209,0.79100937,-1.3623955,24,GCN,PCA
39266,0.7638579,-2.6046813,26,GCN,PCA
104512,9.586285,8.5924635,16,GCN,PCA
17124,2.3450701,0.24945283,16,GCN,PCA
39415,-5.4203587,3.0909245,4,GCN,PCA
152565,1.3150961,-1.3085754,24,GCN,PCA
8228,-3.7581074,0.7667675,19,GCN,PCA
64168,-2.6295917,-3.4756641,34,GCN,PCA
134594,6.4880033,4.0766277,16,GCN,PCA
66121,-1.7617815,-3.6467943,20,GCN,PCA
124270,2.0490074,-0.1346085,6,GCN,PCA
124343,3.2684562,-1.0910372,10,GCN,PCA
145452,4.0280876,0.49266982,30,GCN,PCA
1365,-1.505213,-5.143634,36,GCN,PCA
130036,-4.121549,1.1737657,28,GCN,PCA
110424,-1.3558766,0.8671081,4,GCN,PCA
119875,6.7753077,5.4973555,16,GCN,PCA
128184,-1.3384737,-0.51078176,11,GCN,PCA
113498,3.0973568,-0.4378662,24,GCN,PCA
156568,-2.4014642,-0.79223156,4,GCN,PCA
18367,1.1299784,-1.9251201,24,GCN,PCA
62015,8.961633,8.775809,16,GCN,PCA
8184,-8.365134,4.988758,28,GCN,PCA
160201,-2.8094523,-0.7407346,29,GCN,PCA
62642,-0.011240244,-4.1336203,10,GCN,PCA
9253,8.514967,8.907222,16,GCN,PCA
6213,1.4578943,-1.1540738,10,GCN,PCA
40066,8.862987,7.4863424,16,GCN,PCA
138259,2.3943713,-0.059120417,13,GCN,PCA
74707,-0.043564945,-2.5538304,10,GCN,PCA
155425,2.515779,-0.22583365,31,GCN,PCA
44726,-2.8845928,1.386678,28,GCN,PCA
134813,2.3918927,-0.4982779,27,GCN,PCA
90835,2.928284,-0.114090204,16,GCN,PCA
93365,2.4354448,-0.5476496,24,GCN,PCA
37303,0.76946586,-0.5310302,19,GCN,PCA
14257,1.4704735,-1.8341959,31,GCN,PCA
109230,3.4063344,2.636017,16,GCN,PCA
133410,-4.3718843,-1.0139422,37,GCN,PCA
12443,2.1022003,1.2304404,1,GCN,PCA
69182,-3.6850805,-0.28474402,19,GCN,PCA
40663,0.6908228,-1.6039964,24,GCN,PCA
164381,1.359685,1.2030985,4,GCN,PCA
54674,-0.64871794,-3.1259773,18,GCN,PCA
78160,-4.0479937,1.0205965,19,GCN,PCA
144534,1.2998066,-0.2923398,24,GCN,PCA
165667,-1.1903969,-4.1562057,34,GCN,PCA
147087,11.135468,8.922604,16,GCN,PCA
82318,-3.7647958,-3.756376,39,GCN,PCA
161924,7.10433,4.4585915,25,GCN,PCA
130672,-2.5162868,-1.8982537,20,GCN,PCA
85426,1.2921147,-0.80252266,3,GCN,PCA
6883,1.954279,0.2553723,13,GCN,PCA
50057,3.078109,1.9617159,16,GCN,PCA
20823,-3.262675,1.7514131,5,GCN,PCA
792,1.2463162,-0.9402826,24,GCN,PCA
58248,2.4056892,-1.8183968,27,GCN,PCA
107086,1.9779277,-2.342046,26,GCN,PCA
126079,-0.92802393,-2.962392,20,GCN,PCA
163127,-0.6060817,-3.1106863,36,GCN,PCA
123352,-1.5152586,-0.34550738,19,GCN,PCA
138099,0.877839,0.24502993,4,GCN,PCA
48455,0.72129065,-1.8737996,27,GCN,PCA
25891,1.1462343,-2.2124135,13,GCN,PCA
165523,-0.85251653,-5.5789204,36,GCN,PCA
18031,-1.4571204,-0.7643616,20,GCN,PCA
163043,1.2546315,-2.1198306,23,GCN,PCA
70079,1.8215969,0.8349047,16,GCN,PCA
109967,-1.6625204,-5.1433353,2,GCN,PCA
161652,-2.3239818,-3.4382546,9,GCN,PCA
92988,-2.2865052,-0.5549989,5,GCN,PCA
109225,-1.8513916,-3.9059358,39,GCN,PCA
73989,10.085109,12.70208,16,GCN,PCA
136049,0.9747502,-2.159554,30,GCN,PCA
123137,-2.3243883,-3.0350761,9,GCN,PCA
85259,1.9491618,-1.4741086,30,GCN,PCA
19184,-6.58664,3.0291936,28,GCN,PCA
12471,-1.7431443,-2.019328,4,GCN,PCA
145735,-2.009149,-2.5488079,34,GCN,PCA
77464,3.6804097,2.936157,16,GCN,PCA
131480,3.3302054,3.1128123,27,GCN,PCA
104808,-1.3757486,-4.845046,9,GCN,PCA
161948,2.515451,-1.7158543,30,GCN,PCA
47873,-1.6272008,-3.192086,36,GCN,PCA
121174,-1.5044714,-5.208085,2,GCN,PCA
86603,0.5380438,-1.7525396,24,GCN,PCA
151883,-1.7159793,-2.4300585,20,GCN,PCA
109438,7.487172,4.638768,24,GCN,PCA
128027,-2.3584104,-3.6534398,34,GCN,PCA
165579,-6.8810105,4.170439,28,GCN,PCA
80288,-5.1864667,-4.9400625,34,GCN,PCA
147801,3.0539315,-0.72639656,30,GCN,PCA
104309,3.108635,4.6030264,27,GCN,PCA
134980,-2.152229,1.0609891,24,GCN,PCA
165086,-1.0908526,-5.78921,2,GCN,PCA
119969,-0.9352329,-1.514617,31,GCN,PCA
106567,1.8531122,-0.41301394,16,GCN,PCA
88417,0.47607487,-0.8463633,27,GCN,PCA
118215,7.293919,6.9027348,16,GCN,PCA
28633,2.6763563,-1.3322722,31,GCN,PCA
46749,-1.8557186,-3.628747,20,GCN,PCA
69871,2.1990411,0.8913405,16,GCN,PCA
1229,-3.3070526,2.8171222,28,GCN,PCA
95263,-1.0732781,-2.934671,2,GCN,PCA
100637,6.733483,3.7311838,31,GCN,PCA
23946,1.6633601,-3.862198,2,GCN,PCA
51714,1.0189123,-1.9117424,30,GCN,PCA
70671,1.5257845,-0.45599937,16,GCN,PCA
75370,6.785553,4.4798574,16,GCN,PCA
116165,-3.648188,-0.002919674,5,GCN,PCA
155963,0.38569707,-2.148203,36,GCN,PCA
102236,2.1342158,-2.1925063,10,GCN,PCA
4174,6.6985874,4.620612,16,GCN,PCA
43582,-3.4052143,-2.3941638,28,GCN,PCA
32221,-1.0779135,-2.9596906,19,GCN,PCA
53219,-0.8704443,-2.7037902,19,GCN,PCA
56984,1.8506925,-2.3118405,36,GCN,PCA
1437,-1.8143528,-2.2753096,28,GCN,PCA
29851,3.144811,3.6919487,27,GCN,PCA
65839,4.215135,5.3290367,16,GCN,PCA
106088,-1.404672,0.09965372,24,GCN,PCA
105777,-2.5234737,-0.37850213,28,GCN,PCA
154272,0.86018234,-2.150434,26,GCN,PCA
167873,0.73632175,-0.6916275,27,GCN,PCA
67026,-5.2443323,1.4500792,24,GCN,PCA
3689,2.231381,-0.20274734,24,GCN,PCA
17655,-5.1821227,1.2382948,28,GCN,PCA
86947,2.815603,0.33894277,30,GCN,PCA
89372,-2.0438752,-5.58434,9,GCN,PCA
142613,3.7410085,1.8740828,24,GCN,PCA
83892,2.9670293,0.2576368,24,GCN,PCA
98036,-1.3647959,-2.6995025,2,GCN,PCA
57281,-1.2215476,-0.51912975,5,GCN,PCA
64619,-9.253444,5.939804,28,GCN,PCA
143004,4.092725,1.9138901,13,GCN,PCA
20210,2.1379697,-0.3454938,30,GCN,PCA
98747,-1.6670604,-3.1288626,9,GCN,PCA
51294,-7.638931,4.4441366,8,GCN,PCA
152977,-1.2841239,-4.4198966,34,GCN,PCA
72467,1.5069153,0.67319775,28,GCN,PCA
84901,2.4382803,1.4668915,16,GCN,PCA
62209,2.1638598,-0.6939461,27,GCN,PCA
143303,-1.1387286,-2.3436623,22,GCN,PCA
115912,0.85569984,-1.7331129,24,GCN,PCA
129280,-7.886997,4.376049,8,GCN,PCA
89371,-4.335387,1.3032978,28,GCN,PCA
81167,-1.1504638,-3.6877007,5,GCN,PCA
55691,-1.1725495,-1.3873024,4,GCN,PCA
142041,5.42104,4.951851,16,GCN,PCA
156661,0.44440484,-2.3839977,23,GCN,PCA
56929,4.771339,2.9146616,16,GCN,PCA
148218,5.995623,0.31108856,30,GCN,PCA
90750,3.4834902,0.6371949,24,GCN,PCA
125088,-3.4647362,-1.9202876,9,GCN,PCA
61665,-1.2725024,-2.881594,34,GCN,PCA
121941,0.8070534,-1.5479486,6,GCN,PCA
9774,-3.3048182,-0.49178338,28,GCN,PCA
103251,-5.5963497,1.5928218,8,GCN,PCA
128327,0.5585064,-2.335346,34,GCN,PCA
133634,1.5931845,-0.48128366,16,GCN,PCA
112736,-2.773962,-2.5134256,36,GCN,PCA
68430,-6.341006,3.342868,28,GCN,PCA
109195,-1.433357,-0.0061540604,20,GCN,PCA
93556,-7.010308,3.385914,28,GCN,PCA
107252,-0.16817659,-1.0635244,28,GCN,PCA
143677,4.2381163,1.6117933,16,GCN,PCA
141906,-1.7416289,-2.747947,2,GCN,PCA
141401,2.1829247,0.01819992,16,GCN,PCA
40989,-1.8088694,-2.9721653,5,GCN,PCA
45230,2.4987252,-2.6149404,24,GCN,PCA
14150,1.1604872,-1.5238773,38,GCN,PCA
2339,5.5707555,3.760186,24,GCN,PCA
82983,-1.5275478,0.16331673,5,GCN,PCA
121667,2.4678972,-0.01918602,24,GCN,PCA
98655,2.9648983,-0.6871624,24,GCN,PCA
167488,2.9693007,1.1443622,25,GCN,PCA
82464,-5.2885575,2.3145216,19,GCN,PCA
32701,-3.3401783,-0.99579,8,GCN,PCA
49133,2.6933901,-2.0903368,24,GCN,PCA
32394,-1.4571235,-2.4556706,32,GCN,PCA
39173,2.6280293,-0.09597659,24,GCN,PCA
106338,0.09432566,-1.5156372,3,GCN,PCA
7511,-1.4736843,-2.9995625,5,GCN,PCA
158262,-0.124889374,-1.920253,27,GCN,PCA
152607,-0.06688154,-2.1086972,26,GCN,PCA
41064,3.8719466,1.5116727,16,GCN,PCA
30438,-0.03418982,-4.4509125,2,GCN,PCA
51539,-1.034438,-2.314828,20,GCN,PCA
25349,-7.8378906,5.476083,28,GCN,PCA
154601,-1.9113786,-3.215326,28,GCN,PCA
78960,3.365568,-0.2881744,30,GCN,PCA
80709,0.30001986,-1.2753398,23,GCN,PCA
72980,0.6232707,-1.1319054,10,GCN,PCA
6936,-1.4010462,-4.1038823,36,GCN,PCA
127081,-5.797109,-0.007750511,28,GCN,PCA
140563,0.44681805,-3.1586776,16,GCN,PCA
13468,-0.26651302,-1.1514255,17,GCN,PCA
55285,4.8337555,1.2311671,30,GCN,PCA
66050,0.46819764,1.9684751,27,GCN,PCA
141826,0.4389822,-1.7044929,37,GCN,PCA
75418,2.1042287,0.018610239,16,GCN,PCA
84614,0.96394616,-1.7646723,26,GCN,PCA
23824,-2.9090967,0.12035489,37,GCN,PCA
109525,-3.0230947,-2.9041789,5,GCN,PCA
166627,1.5480113,-1.0934255,25,GCN,PCA
134879,1.9413702,-0.5932727,38,GCN,PCA
141180,0.027865231,-3.7031536,22,GCN,PCA
33732,-0.33268988,-2.7761397,26,GCN,PCA
93547,1.8373346,0.22720027,24,GCN,PCA
161196,-4.380411,1.1722758,8,GCN,PCA
166433,-1.8130679,-4.068601,34,GCN,PCA
154863,0.28842568,0.7317436,24,GCN,PCA
140719,-5.6633396,2.9370716,28,GCN,PCA
70293,-3.4054399,-0.8469608,4,GCN,PCA
27916,-4.606968,0.64399123,36,GCN,PCA
119722,4.6198435,2.986647,16,GCN,PCA
27554,1.2158716,1.3685119,27,GCN,PCA
78535,-1.7924678,-2.8107574,28,GCN,PCA
88356,-3.2045813,-0.6790383,34,GCN,PCA
127301,1.571975,-1.3677205,24,GCN,PCA
35178,2.411659,0.13087821,30,GCN,PCA
113577,3.468654,-0.4630053,24,GCN,PCA
1805,2.7981083,1.1741192,31,GCN,PCA
56141,-6.2596474,1.2821171,4,GCN,PCA
107846,3.5720918,3.1024864,16,GCN,PCA
155765,4.3861794,1.1365969,24,GCN,PCA
65265,1.2382007,-1.8115863,10,GCN,PCA
126727,1.3180091,-0.103479624,24,GCN,PCA
118705,4.729294,0.990849,24,GCN,PCA
24242,0.97437507,-1.9466722,26,GCN,PCA
115721,7.715211,3.209935,30,GCN,PCA
129678,-5.696174,0.666852,28,GCN,PCA
52329,-2.8308678,-0.3116939,8,GCN,PCA
71432,-2.3488286,-3.5884435,34,GCN,PCA
129934,3.8484242,2.037235,16,GCN,PCA
75658,0.3613711,-2.333861,38,GCN,PCA
167524,8.334752,6.5646715,16,GCN,PCA
12892,3.430064,1.5625651,16,GCN,PCA
161294,2.950553,0.27804446,24,GCN,PCA
84439,4.1516876,2.786009,16,GCN,PCA
61413,1.741749,-2.7787454,24,GCN,PCA
85545,-2.7053645,-2.5006928,5,GCN,PCA
20140,-2.0903487,-0.76073956,34,GCN,PCA
112497,-0.22553656,-5.023221,22,GCN,PCA
101119,4.6278253,1.7334373,30,GCN,PCA
40293,-1.6476471,-1.4926877,23,GCN,PCA
25852,1.5134192,-1.7330207,9,GCN,PCA
119353,-2.66989,-0.47205806,28,GCN,PCA
62651,-0.19158456,-4.2276096,37,GCN,PCA
69880,-3.3463829,-0.6830375,36,GCN,PCA
144158,-1.7082293,-3.269311,20,GCN,PCA
118849,0.16969132,0.33868074,8,GCN,PCA
139216,-1.2625649,-1.2128453,26,GCN,PCA
73494,-1.8139586,-3.8241591,34,GCN,PCA
2471,1.1819947,-0.8710629,24,GCN,PCA
151945,3.4412413,1.0831814,6,GCN,PCA
125001,0.3456421,-0.09577346,24,GCN,PCA
11199,-3.7818682,0.3799069,8,GCN,PCA
52831,1.8330684,-1.4437106,24,GCN,PCA
122997,-1.337935,-3.8149712,10,GCN,PCA
29117,3.7716577,1.1809556,16,GCN,PCA
82062,0.17294359,-3.9531155,2,GCN,PCA
56238,3.199714,-0.56176543,10,GCN,PCA
95147,2.6185873,-0.5007796,30,GCN,PCA
47231,4.221002,1.7668192,24,GCN,PCA
13068,0.08479208,-2.1380558,24,GCN,PCA
9353,1.9615331,-1.0907688,19,GCN,PCA
138339,1.6154685,-0.19006586,16,GCN,PCA
141724,-5.9739428,3.909726,28,GCN,PCA
146190,-2.5200517,-2.6827908,9,GCN,PCA
12129,0.71892303,-1.4344383,24,GCN,PCA
9417,-1.8983505,-3.3266368,9,GCN,PCA
19501,-6.8642745,0.48555255,19,GCN,PCA
7013,-2.6017246,-0.17502618,37,GCN,PCA
83176,0.20546007,-3.6080127,2,GCN,PCA
64625,2.4304276,-1.2583658,26,GCN,PCA
140954,0.6207041,-2.3203793,24,GCN,PCA
87411,1.2786374,-3.697718,10,GCN,PCA
52931,1.1598992,-1.3549865,30,GCN,PCA
41396,-4.2047377,0.35947394,28,GCN,PCA
134643,-1.1592053,-7.4781523,2,GCN,PCA
45241,-14.261803,10.551843,28,GCN,PCA
87579,-1.964592,-1.757905,9,GCN,PCA
123455,4.0625725,2.5603964,16,GCN,PCA
84779,-9.372335,5.996828,28,GCN,PCA
143124,10.7291,5.7837152,30,GCN,PCA
155048,4.2579784,0.64672613,24,GCN,PCA
21592,-6.401075,0.54296494,4,GCN,PCA
149217,-1.3462579,-7.319214,32,GCN,PCA
93987,-2.0697393,-1.5713446,8,GCN,PCA
124018,2.4763205,0.18982458,16,GCN,PCA
136071,2.4951494,3.6952507,16,GCN,PCA
86316,-4.725129,1.8495643,8,GCN,PCA
161909,4.2848167,1.5166843,30,GCN,PCA
60715,-1.3238652,-0.8482666,4,GCN,PCA
88613,3.2367027,1.1684184,16,GCN,PCA
105387,-1.356847,-5.4016304,2,GCN,PCA
89168,1.4342165,-1.9109957,10,GCN,PCA
72629,-1.1659827,-0.27660108,4,GCN,PCA
33160,-5.7262197,2.3512795,8,GCN,PCA
92449,1.9457002,-0.7934282,30,GCN,PCA
57694,3.2287734,0.3832698,16,GCN,PCA
132567,8.841837,11.170473,16,GCN,PCA
41463,-0.48094323,-3.7227902,2,GCN,PCA
53236,3.85439,2.8617527,16,GCN,PCA
103816,-0.57967657,-2.45002,20,GCN,PCA
109842,-0.64409876,-2.535154,37,GCN,PCA
98852,-3.6166456,4.0239897,28,GCN,PCA
109088,4.57337,2.0608613,24,GCN,PCA
92099,2.4760914,1.4296038,16,GCN,PCA
118190,-0.59362906,-2.7329876,27,GCN,PCA
99286,-3.6312158,0.28146267,8,GCN,PCA
95255,2.7340508,1.3140514,16,GCN,PCA
59074,-1.7747588,-1.5630281,24,GCN,PCA
96382,2.8603013,-1.0199826,6,GCN,PCA
16035,-12.598006,9.600086,8,GCN,PCA
37982,-7.670036,2.6555364,28,GCN,PCA
24905,0.7910363,-1.7034678,30,GCN,PCA
79829,-0.3374714,-1.8958905,37,GCN,PCA
80359,1.7478375,0.33042574,23,GCN,PCA
70446,-13.279191,5.6792135,28,GCN,PCA
50288,4.2142587,2.777632,27,GCN,PCA
6071,-1.7405734,-3.5773873,34,GCN,PCA
154981,-2.6465862,0.10756588,28,GCN,PCA
53382,1.4742527,-1.0338218,24,GCN,PCA
101291,-0.018548846,-2.7308416,24,GCN,PCA
99057,4.845415,3.4721968,25,GCN,PCA
159815,-1.2379262,-2.8262057,26,GCN,PCA
36644,-1.6939049,-2.0091305,20,GCN,PCA
141459,2.821585,1.2752135,16,GCN,PCA
68831,4.434044,1.164022,31,GCN,PCA
25837,1.8435237,-1.3487878,0,GCN,PCA
69342,-1.9762731,-1.4104834,4,GCN,PCA
163579,-2.4719474,-7.499319,9,GCN,PCA
106862,-0.11764547,-2.3874514,34,GCN,PCA
67486,1.1173718,-2.371609,10,GCN,PCA
102882,-8.883934,4.4802446,28,GCN,PCA
132283,-6.843259,3.6479876,8,GCN,PCA
72054,-1.6027176,-2.9418054,24,GCN,PCA
103509,1.7875571,1.4720004,27,GCN,PCA
51309,2.3698113,0.6455939,16,GCN,PCA
15729,4.503183,3.3024013,16,GCN,PCA
46826,-2.1807098,-2.9911351,34,GCN,PCA
159613,-5.87949,3.0491774,28,GCN,PCA
22580,7.500696,3.6246302,24,GCN,PCA
163918,1.6297302,-1.3469286,10,GCN,PCA
20075,0.21027005,-1.8071833,24,GCN,PCA
21780,5.2968826,3.6540945,25,GCN,PCA
79850,2.9239745,1.0101266,16,GCN,PCA
153870,4.2829204,0.4024768,30,GCN,PCA
68040,4.5355997,-0.14054942,24,GCN,PCA
116345,2.2668586,-1.1255094,30,GCN,PCA
85608,-2.6933868,-2.8296044,20,GCN,PCA
77745,0.36956745,-1.4817909,4,GCN,PCA
24998,3.391901,1.102258,30,GCN,PCA
26595,-10.884853,6.250905,28,GCN,PCA
158403,1.5830684,-4.6896267,2,GCN,PCA
74550,1.1119308,-2.478294,24,GCN,PCA
109337,-4.917239,1.7513034,8,GCN,PCA
43364,5.7413783,4.396001,16,GCN,PCA
117850,6.088626,5.8610506,24,GCN,PCA
90529,0.72138697,-1.2871327,27,GCN,PCA
97346,1.7332537,-0.58970284,24,GCN,PCA
70459,-2.9697392,1.4077289,5,GCN,PCA
50750,1.8075101,-2.5106876,24,GCN,PCA
91157,1.0845437,-2.114983,6,GCN,PCA
159327,-4.4134755,0.74343705,28,GCN,PCA
41816,6.928861,3.7384183,16,GCN,PCA
24442,-0.45850947,-0.8323444,16,GCN,PCA
75206,-2.6360774,-0.55081797,24,GCN,PCA
96406,-11.4256735,7.979082,28,GCN,PCA
146981,3.6093953,1.3215482,16,GCN,PCA
107186,-0.015660048,-4.5629425,22,GCN,PCA
42861,2.6239913,1.7700574,16,GCN,PCA
132059,-6.818375,2.0501907,8,GCN,PCA
91458,4.2551103,1.506058,10,GCN,PCA
77234,-2.4504519,-0.6293917,19,GCN,PCA
99703,-12.366162,9.166219,28,GCN,PCA
165065,1.783911,2.7793367,16,GCN,PCA
63393,-5.1126857,2.1576607,28,GCN,PCA
30912,3.9746754,1.9280145,25,GCN,PCA
129736,-6.9280653,3.2258837,28,GCN,PCA
15448,-4.4921565,2.1126654,8,GCN,PCA
62515,0.75383526,-3.800448,10,GCN,PCA
29160,-2.722324,0.77118707,4,GCN,PCA
69322,11.934803,6.4332685,16,GCN,PCA
119519,5.893378,3.4034479,16,GCN,PCA
77301,34.500496,28.392035,16,GCN,PCA
148925,-0.6676469,-3.444828,23,GCN,PCA
36911,2.9423213,-0.5158062,30,GCN,PCA
7133,4.339763,2.7991989,16,GCN,PCA
737,-0.43024862,-0.99282825,19,GCN,PCA
103813,-3.13894,-0.47142315,0,GCN,PCA
11825,-8.227666,2.2351468,28,GCN,PCA
9180,0.18000305,0.98279023,28,GCN,PCA
85792,3.24484,1.9252264,27,GCN,PCA
103013,1.3948379,-0.65253663,13,GCN,PCA
126239,2.9273472,3.491184,25,GCN,PCA
165115,-10.886894,9.038708,28,GCN,PCA
88024,0.6189888,0.45682693,4,GCN,PCA
119584,5.526054,1.5640805,13,GCN,PCA
16841,0.013401806,-1.7133356,31,GCN,PCA
45610,4.80058,3.2429178,24,GCN,PCA
2653,1.3299146,-3.3848767,10,GCN,PCA
32518,2.2091186,1.7594602,16,GCN,PCA
8932,0.7806614,-1.1320407,10,GCN,PCA
123752,1.6663077,-1.7888057,24,GCN,PCA
137012,-2.7239532,1.0766368,28,GCN,PCA
26147,-8.965661,5.5770903,28,GCN,PCA
169124,4.7311916,0.92261696,16,GCN,PCA
143383,2.275987,0.49892163,16,GCN,PCA
14491,2.556807,2.2444737,27,GCN,PCA
106134,-0.743565,-1.975785,34,GCN,PCA
92363,0.104825735,-5.430234,2,GCN,PCA
125538,1.8131773,-1.1067582,24,GCN,PCA
90945,-15.243785,11.338983,28,GCN,PCA
84997,-7.8797398,4.709298,28,GCN,PCA
117485,-1.7910371,-3.3919697,34,GCN,PCA
21045,0.5584584,-1.4229043,29,GCN,PCA
19160,3.79228,1.2396276,16,GCN,PCA
33994,-7.455541,2.5041935,28,GCN,PCA
76856,3.4096606,1.3896163,25,GCN,PCA
6764,-3.6634288,-1.1018742,5,GCN,PCA
75232,0.65681225,-1.746849,3,GCN,PCA
141179,2.592948,-0.3491416,23,GCN,PCA
138117,-0.9780914,-3.7693055,34,GCN,PCA
117617,-0.5960765,-2.7188547,18,GCN,PCA
142554,-0.71292424,-3.149454,22,GCN,PCA
130084,-2.3447592,-2.0320382,2,GCN,PCA
20256,-0.088721365,-2.8410075,39,GCN,PCA
156316,3.2394888,-0.017289162,11,GCN,PCA
163124,-3.4991372,-1.5039335,37,GCN,PCA
134949,0.5038554,-2.0623846,26,GCN,PCA
112738,0.91494006,-1.9748845,26,GCN,PCA
9642,3.7162392,1.4042957,30,GCN,PCA
41259,-5.813198,1.9437826,28,GCN,PCA
143115,-0.3259092,-3.9592872,10,GCN,PCA
48491,1.8094347,-0.012725592,24,GCN,PCA
40193,5.723836,3.400551,16,GCN,PCA
162288,-7.332687,0.23524332,28,GCN,PCA
135043,-2.7036,-4.1039934,39,GCN,PCA
165131,4.359446,2.741039,16,GCN,PCA
102094,-1.0413507,-1.087653,13,GCN,PCA
138162,-1.7724812,-0.99741817,18,GCN,PCA
8704,-1.6148183,-3.4512644,9,GCN,PCA
26340,0.8360912,-1.4281191,24,GCN,PCA
914,-6.7831793,2.833007,28,GCN,PCA
922,-0.5125242,-1.893792,38,GCN,PCA
6093,5.075105,3.9700596,16,GCN,PCA
153240,-5.884733,7.9687023,28,GCN,PCA
110582,3.3573997,-1.2578301,24,GCN,PCA
48681,0.57933635,-1.712669,24,GCN,PCA
153446,-1.3143744,-3.0843954,34,GCN,PCA
2455,0.50854164,-2.2005036,24,GCN,PCA
33398,0.4352314,-1.9707233,22,GCN,PCA
136212,-3.9062228,0.8809602,28,GCN,PCA
130891,4.1642256,2.282746,16,GCN,PCA
143965,0.7632955,-5.283378,2,GCN,PCA
24100,-9.117912,4.8263264,28,GCN,PCA
76384,7.1973863,4.741993,16,GCN,PCA
40582,-5.810064,0.35371327,8,GCN,PCA
41440,2.409891,0.38748527,16,GCN,PCA
4886,-1.8501766,-2.45524,34,GCN,PCA
145503,-10.385075,6.874402,28,GCN,PCA
151164,-0.3978809,-2.3972166,3,GCN,PCA
114714,-0.7080051,-4.2928905,10,GCN,PCA
15240,2.7302594,-0.15182543,26,GCN,PCA
105040,3.8111413,0.9741628,30,GCN,PCA
109559,-1.6265457,2.7757232,4,GCN,PCA
23007,7.5144167,5.4940987,16,GCN,PCA
112182,4.041959,3.003525,16,GCN,PCA
4038,-4.461686,4.0724773,28,GCN,PCA
168373,-3.4929354,-3.8836048,9,GCN,PCA
112195,-6.3658314,1.9784577,28,GCN,PCA
17934,1.8072765,0.89041424,16,GCN,PCA
7283,-4.2951903,0.19856858,28,GCN,PCA
141040,3.194777,-0.219136,31,GCN,PCA
131113,-3.4070163,-0.116247416,8,GCN,PCA
47847,4.626678,-2.955867,10,GCN,PCA
115358,2.6017454,1.2675827,31,GCN,PCA
148173,-5.427946,1.5024598,4,GCN,PCA
7444,-2.7561867,-2.346051,34,GCN,PCA
168034,2.8095126,0.14811921,16,GCN,PCA
65884,2.5554268,-2.2353733,24,GCN,PCA
18638,-0.7577156,-2.080739,34,GCN,PCA
91836,-2.0095053,-3.223236,34,GCN,PCA
131677,0.5650678,-0.58530545,5,GCN,PCA
124419,-2.7307951,0.06577134,4,GCN,PCA
154794,3.084898,-0.4593916,24,GCN,PCA
86892,1.8225398,-0.528532,30,GCN,PCA
50887,-0.5218981,-2.675315,24,GCN,PCA
2037,2.2929983,0.3939252,27,GCN,PCA
74549,6.651745,6.5380354,16,GCN,PCA
53157,-2.9808238,-3.8943706,39,GCN,PCA
77286,-9.8928795,5.3277664,28,GCN,PCA
163205,-2.7079809,2.239343,28,GCN,PCA
49782,0.9533929,-1.2119938,16,GCN,PCA
72695,-3.6089358,0.4412501,28,GCN,PCA
139121,3.1823592,0.8956306,16,GCN,PCA
121792,-0.61551774,-1.2918271,26,GCN,PCA
76576,4.2595706,-1.717955,10,GCN,PCA
16126,2.873671,-0.42755175,24,GCN,PCA
2073,1.2459443,-0.62824273,24,GCN,PCA
91779,-1.9642978,-3.1404853,34,GCN,PCA
115645,1.8502653,0.05875182,16,GCN,PCA
5457,5.842314,4.533187,16,GCN,PCA
99155,-1.8512602,-2.8723426,5,GCN,PCA
80600,1.7168009,1.1943767,27,GCN,PCA
20551,-3.9879878,-1.1396451,5,GCN,PCA
20689,-0.25058413,-3.7857437,2,GCN,PCA
107386,-0.32165685,-2.0831096,32,GCN,PCA
147987,-0.37282145,-3.5748937,36,GCN,PCA
143369,-1.6110916,-1.4747323,19,GCN,PCA
45675,4.417335,1.402344,26,GCN,PCA
19971,-2.47933,-0.88130975,4,GCN,PCA
71439,3.583666,1.6844938,16,GCN,PCA
160340,-1.6909359,-3.8197055,36,GCN,PCA
142666,-17.263962,15.081732,28,GCN,PCA
120992,0.2989518,-0.49599457,4,GCN,PCA
824,-3.7008796,-1.4153765,28,GCN,PCA
166318,0.3735692,-1.191513,20,GCN,PCA
109895,-5.8435326,1.4894807,36,GCN,PCA
63444,3.7939265,1.3741624,16,GCN,PCA
23588,-5.6585064,1.8476975,28,GCN,PCA
80810,0.80082947,-2.6405327,10,GCN,PCA
103283,-2.700552,-3.3663065,20,GCN,PCA
131541,-1.160058,1.2626503,27,GCN,PCA
60820,2.5321743,0.8160956,16,GCN,PCA
157814,1.1915133,-1.7093468,30,GCN,PCA
159994,2.1162875,-1.4063888,10,GCN,PCA
93224,2.822605,0.5857878,16,GCN,PCA
29670,3.6799366,1.8621638,24,GCN,PCA
123013,-6.1301756,1.1874993,28,GCN,PCA
21565,0.827177,-3.2390165,24,GCN,PCA
64622,-3.1423686,-2.2762203,9,GCN,PCA
124331,-0.46745166,-4.0442266,2,GCN,PCA
73825,-2.8800542,-3.9103103,36,GCN,PCA
93569,-1.4413829,-1.8817849,34,GCN,PCA
157821,-0.42502636,-0.43518925,11,GCN,PCA
14542,0.21607059,-2.6182513,6,GCN,PCA
24915,2.3114054,-0.32430506,31,GCN,PCA
162068,-11.515855,7.866274,28,GCN,PCA
26572,1.4868338,-0.811437,24,GCN,PCA
52773,-13.10526,9.623518,28,GCN,PCA
53013,1.0636923,-2.4523597,27,GCN,PCA
89726,1.5438089,-0.6834042,16,GCN,PCA
61402,7.231545,3.573702,30,GCN,PCA
134073,1.4039607,-1.2446368,26,GCN,PCA
45612,-1.3348587,-1.5398636,37,GCN,PCA
106976,3.1761026,-0.16810346,10,GCN,PCA
128564,3.2267265,-0.4839487,13,GCN,PCA
137767,1.8737576,-1.0041759,24,GCN,PCA
151468,1.0312021,-2.752321,24,GCN,PCA
124469,-1.9052238,-0.76795006,5,GCN,PCA
56253,1.3588529,0.683537,16,GCN,PCA
123173,1.0446098,-0.7473099,10,GCN,PCA
113174,-3.358239,-1.6678195,19,GCN,PCA
35115,3.2257798,-1.2197803,24,GCN,PCA
130558,2.5972824,-0.72680974,24,GCN,PCA
155395,0.45497376,-2.455732,30,GCN,PCA
70582,-6.9288273,2.6784074,28,GCN,PCA
122886,-4.459541,0.21850586,4,GCN,PCA
110924,2.1791918,-0.09319568,16,GCN,PCA
82316,-0.34286574,-4.244224,10,GCN,PCA
14789,1.7954736,0.21423602,37,GCN,PCA
121610,2.3540378,-0.5302162,16,GCN,PCA
19745,-0.02760309,-2.7282321,24,GCN,PCA
132527,-3.336693,-0.44929528,28,GCN,PCA
20189,3.432364,0.11006498,4,GCN,PCA
142492,-1.5740438,-2.7343657,9,GCN,PCA
157026,-3.8227367,-0.31816626,8,GCN,PCA
23461,-1.1344533,-0.8617095,23,GCN,PCA
101105,4.3530483,3.4646208,16,GCN,PCA
39746,3.3415506,1.1028903,16,GCN,PCA
82989,6.718083,6.517956,16,GCN,PCA
87299,0.04734814,-3.675193,2,GCN,PCA
134775,4.281575,2.313347,24,GCN,PCA
155158,-3.924662,4.319604,1,GCN,PCA
128820,0.941372,-1.8148029,24,GCN,PCA
122721,0.6883984,-2.269101,3,GCN,PCA
88132,-0.34317625,-3.1686158,36,GCN,PCA
114548,6.4717607,3.025956,24,GCN,PCA
78580,4.119128,-0.10682416,30,GCN,PCA
80258,3.0013108,1.103919,16,GCN,PCA
96532,-4.064468,-2.8247588,28,GCN,PCA
1324,2.4413288,0.23117852,16,GCN,PCA
95272,3.1350057,0.23459196,24,GCN,PCA
21811,-0.18043387,-0.7059624,4,GCN,PCA
28886,0.21269482,-0.33183956,4,GCN,PCA
28284,-3.1333516,-2.1713955,14,GCN,PCA
103911,1.2862754,-2.1586165,38,GCN,PCA
87786,3.3419383,1.0906525,30,GCN,PCA
16029,-15.650529,11.779209,28,GCN,PCA
8456,2.064809,-0.45110083,16,GCN,PCA
99513,-5.3404217,1.2117641,28,GCN,PCA
121738,-13.945684,11.297758,28,GCN,PCA
42732,-1.4255033,-0.19530606,28,GCN,PCA
15196,1.6404843,-0.5020492,16,GCN,PCA
159547,1.4043598,1.8620346,16,GCN,PCA
157076,2.91861,0.13821149,31,GCN,PCA
134097,-1.8980234,-1.5665736,4,GCN,PCA
168089,2.5491629,0.581362,25,GCN,PCA
131992,2.6389704,0.7711706,16,GCN,PCA
75082,3.11957,0.59627867,24,GCN,PCA
100128,-2.3317406,-2.296737,36,GCN,PCA
68595,0.8968522,-0.32653618,16,GCN,PCA
135075,3.141193,2.3067214,24,GCN,PCA
28570,2.951435,0.7418525,30,GCN,PCA
161724,0.8802188,-1.4819504,10,GCN,PCA
161904,-7.6785,4.7427483,28,GCN,PCA
23175,-0.09927696,-1.5683063,5,GCN,PCA
122013,3.2416122,-0.77144337,30,GCN,PCA
157859,3.4166932,0.036572456,37,GCN,PCA
88250,1.6249588,-1.1065099,26,GCN,PCA
14251,2.884725,0.24435854,30,GCN,PCA
97960,0.9070713,-3.5430126,10,GCN,PCA
122405,6.075557,4.960762,16,GCN,PCA
104890,-0.62686175,-3.5392697,13,GCN,PCA
16039,-7.658352,3.8897803,28,GCN,PCA
107311,-8.057865,4.8923492,28,GCN,PCA
103628,1.4052722,-0.38325095,16,GCN,PCA
160662,5.0628147,1.4407303,27,GCN,PCA
22282,2.7097318,0.50132966,16,GCN,PCA
155002,-0.09947199,-2.9165957,28,GCN,PCA
145182,-1.4325997,-3.0103724,20,GCN,PCA
84895,-2.974334,1.4505575,8,GCN,PCA
117197,3.5141237,1.180814,16,GCN,PCA
100776,0.13873672,-2.3154573,26,GCN,PCA
34141,3.0137346,0.9193766,16,GCN,PCA
5928,-1.0518911,-1.112845,24,GCN,PCA
123963,4.4865003,1.5810616,13,GCN,PCA
29809,2.1172009,-0.24033928,24,GCN,PCA
48607,3.7243106,1.0765128,25,GCN,PCA
12224,-2.0492668,-2.3757486,32,GCN,PCA
106764,1.336395,-3.8171358,33,GCN,PCA
129262,-1.0541319,-5.0307727,2,GCN,PCA
89863,-1.5595438,-4.802246,2,GCN,PCA
93291,4.6179585,4.5539894,16,GCN,PCA
135692,2.5173647,-0.5581889,27,GCN,PCA
34135,-8.338568,5.0303545,28,GCN,PCA
110086,-1.4189296,-2.468687,34,GCN,PCA
82533,-0.7139959,-0.57868814,28,GCN,PCA
143147,-1.0755643,-3.3187964,20,GCN,PCA
162030,-1.3773282,-1.4503522,23,GCN,PCA
90325,-1.355494,-1.9903067,8,GCN,PCA
77684,0.44309872,-1.9165387,10,GCN,PCA
55393,-3.8676472,0.29876423,36,GCN,PCA
129947,0.49506348,-2.5480566,26,GCN,PCA
81129,6.171441,3.8975885,16,GCN,PCA
144102,1.277962,-0.23211527,5,GCN,PCA
154589,-16.029219,12.634608,28,GCN,PCA
113173,-1.1566356,-2.1850529,19,GCN,PCA
160076,-3.070388,-0.12836099,28,GCN,PCA
133741,1.2008209,-1.729331,38,GCN,PCA
50084,1.3085964,-1.3900831,30,GCN,PCA
39721,1.2249117,-2.0548885,3,GCN,PCA
115690,2.4360867,-0.5341215,27,GCN,PCA
30859,-0.83841586,-2.1600213,10,GCN,PCA
64019,7.2085004,7.276376,16,GCN,PCA
73203,2.9940405,1.9668214,37,GCN,PCA
55252,-1.5052669,-4.6365657,2,GCN,PCA
124332,3.8006985,0.62740946,24,GCN,PCA
61815,2.0157616,4.3384867,27,GCN,PCA
85210,4.0547314,3.8718145,16,GCN,PCA
62005,-1.1884269,-3.1895707,14,GCN,PCA
57066,1.9847202,-0.07937765,16,GCN,PCA
39238,9.343492,6.180789,30,GCN,PCA
101936,5.849832,1.7734001,14,GCN,PCA
70337,-6.831307,3.9719584,8,GCN,PCA
27859,-1.6496303,-0.6482532,28,GCN,PCA
80628,1.7994754,1.0581255,28,GCN,PCA
73161,2.2815511,-3.0413756,24,GCN,PCA
23582,-4.136662,-4.6343374,28,GCN,PCA
10314,-2.9960494,-1.2511963,3,GCN,PCA
44959,0.7830842,-1.4938434,24,GCN,PCA
42147,-0.7203162,-4.6879554,9,GCN,PCA
107912,1.836154,-0.77466416,30,GCN,PCA
115776,0.5031728,-0.40124822,4,GCN,PCA
64976,-2.0644155,-2.1578743,28,GCN,PCA
132308,2.2005048,0.94560075,16,GCN,PCA
78089,-5.9658346,4.2972183,28,GCN,PCA
140672,-1.3751464,-1.6986337,10,GCN,PCA
144701,-2.7613454,-0.31480455,4,GCN,PCA
163163,0.5934443,-2.136931,26,GCN,PCA
86767,2.3537695,1.2380593,16,GCN,PCA
54516,-2.2797902,-1.6436743,28,GCN,PCA
90455,-6.7748165,3.2695596,8,GCN,PCA
139387,6.1286607,2.3883111,24,GCN,PCA
22704,-0.84425986,-3.6549602,19,GCN,PCA
124706,1.5590191,1.2846825,5,GCN,PCA
131449,0.53840417,0.6305158,18,GCN,PCA
103993,-2.2674968,-4.121585,39,GCN,PCA
108415,-7.61759,4.885722,8,GCN,PCA
105941,2.5952632,0.9521811,4,GCN,PCA
131533,0.17162305,-2.5403793,10,GCN,PCA
97766,-0.81287014,-4.0564938,5,GCN,PCA
135340,4.111639,1.1038535,21,GCN,PCA
54117,-2.7270172,-1.79024,39,GCN,PCA
165302,2.8264096,-0.10494828,10,GCN,PCA
40479,5.242022,0.25783134,24,GCN,PCA
152324,-1.8061566,-1.5062025,5,GCN,PCA
135119,-2.2776513,0.006249666,28,GCN,PCA
142356,-4.6735644,-1.243007,5,GCN,PCA
141270,-0.95570195,-0.81501424,39,GCN,PCA
16725,1.5558412,-1.0927371,10,GCN,PCA
116338,2.4660306,-1.2343968,24,GCN,PCA
156074,-1.9468994,-1.4315073,15,GCN,PCA
68194,3.5690181,1.4524305,1,GCN,PCA
8769,-1.5384107,-1.2408066,28,GCN,PCA
18013,-3.1543598,0.24965477,8,GCN,PCA
140656,-1.8112009,-3.066143,9,GCN,PCA
15749,5.4986095,1.9709342,30,GCN,PCA
17158,8.353631,5.097005,30,GCN,PCA
150799,1.916085,0.6463871,16,GCN,PCA
88391,-2.6697366,-0.7750244,5,GCN,PCA
156247,-1.6190085,-4.246438,9,GCN,PCA
63054,2.3038487,-0.19808078,16,GCN,PCA
1194,-1.4550161,-3.1841652,2,GCN,PCA
8312,-5.5992866,1.6063616,28,GCN,PCA
47640,-1.1367154,-1.5923818,24,GCN,PCA
70253,1.2136805,-1.5531474,24,GCN,PCA
160138,-1.6742778,-3.4066122,39,GCN,PCA
96409,-1.2389382,-2.4846299,4,GCN,PCA
108449,-0.7872583,-2.0800161,4,GCN,PCA
42090,7.5484333,3.8766153,16,GCN,PCA
38492,-0.20826298,-1.8882053,32,GCN,PCA
39957,4.5600176,0.14729953,10,GCN,PCA
150064,-5.467946,1.2664793,28,GCN,PCA
30633,-1.4149272,-3.2200022,28,GCN,PCA
83223,-1.8796477,-3.20398,34,GCN,PCA
7337,-3.3370144,-1.0212805,19,GCN,PCA
90554,1.9165556,-0.17182398,16,GCN,PCA
143657,-2.239422,-5.198249,33,GCN,PCA
133787,0.86192125,2.2972395,26,GCN,PCA
147688,2.778648,1.0917811,4,GCN,PCA
124229,1.9154537,-1.1408337,30,GCN,PCA
85157,4.073699,3.3726876,16,GCN,PCA
166159,1.1157238,-1.3153244,24,GCN,PCA
53673,8.452485,5.7301865,16,GCN,PCA
139795,-9.766975,5.5094566,28,GCN,PCA
66441,1.0160673,-1.3274512,26,GCN,PCA
135557,-6.9256244,2.9500544,28,GCN,PCA
114900,3.0675862,0.7314873,24,GCN,PCA
87097,-0.37096995,-1.9310372,26,GCN,PCA
99782,-5.9337516,2.0793622,8,GCN,PCA
72457,2.9599502,0.11617613,31,GCN,PCA
9010,3.3961365,-3.021565,24,GCN,PCA
140270,-0.7663423,0.023540258,28,GCN,PCA
29479,-0.32983404,-2.2420518,38,GCN,PCA
32886,4.278861,1.4519188,30,GCN,PCA
9350,-12.437719,9.43825,8,GCN,PCA
119687,2.5186484,1.6370642,24,GCN,PCA
3569,-2.0455265,2.8109033,25,GCN,PCA
91202,-0.8483907,-1.515096,37,GCN,PCA
19495,5.970526,4.968031,16,GCN,PCA
76918,-6.487109,1.1809459,28,GCN,PCA
25931,5.3661523,2.1577346,31,GCN,PCA
97472,-0.56462896,-0.32078362,28,GCN,PCA
48063,0.65661937,2.4749563,27,GCN,PCA
26311,-1.5845723,-0.24509597,24,GCN,PCA
27943,-0.44236833,-2.237422,24,GCN,PCA
101044,2.6269813,-0.14897156,10,GCN,PCA
155472,2.0052764,-0.92155194,25,GCN,PCA
154510,0.7575111,-3.2550275,23,GCN,PCA
24287,-8.700749,6.2045307,28,GCN,PCA
155879,5.042112,1.8906043,24,GCN,PCA
52390,2.7439175,-0.21995091,37,GCN,PCA
53806,1.1388049,-1.0375774,24,GCN,PCA
139219,4.452506,4.2570887,16,GCN,PCA
32464,1.9926169,-0.8773954,10,GCN,PCA
24677,-1.5934315,-2.993254,34,GCN,PCA
60415,-0.3500479,-1.9460739,26,GCN,PCA
100354,1.444108,-1.469506,26,GCN,PCA
80262,1.2044837,-0.6261325,24,GCN,PCA
11236,-0.24892882,-3.107971,37,GCN,PCA
148843,2.8597045,1.5988591,20,GCN,PCA
17773,2.8515444,1.8157823,16,GCN,PCA
161931,-1.3822128,-0.24278402,28,GCN,PCA
137861,3.0291617,0.35830736,16,GCN,PCA
141962,-4.634004,-0.27397442,5,GCN,PCA
125951,1.9723759,-0.040953875,16,GCN,PCA
167918,2.6155798,0.32471013,16,GCN,PCA
39956,-1.9354792,-1.4858036,26,GCN,PCA
45364,2.1104646,-0.4870062,30,GCN,PCA
41844,0.86867696,-1.6512122,24,GCN,PCA
89655,-0.40819603,-4.6180162,22,GCN,PCA
76635,-9.333966,5.7755527,28,GCN,PCA
46274,3.4893444,1.379554,16,GCN,PCA
146467,-5.7042327,2.7196124,8,GCN,PCA
162528,2.0038583,-1.5968663,19,GCN,PCA
110073,-2.5031545,-0.9071976,19,GCN,PCA
19202,-0.534484,-0.66835856,24,GCN,PCA
71907,-12.348032,9.021711,28,GCN,PCA
156430,-6.4697413,3.1182363,28,GCN,PCA
63179,-0.84971094,-3.3333206,22,GCN,PCA
20074,-2.4328716,-3.0222762,28,GCN,PCA
69661,2.074481,-0.5037365,16,GCN,PCA
48941,0.5113922,-1.5187532,17,GCN,PCA
101834,-0.5701541,-2.6989448,39,GCN,PCA
127204,-0.8465388,-2.6077936,34,GCN,PCA
146519,-12.148063,7.4137535,28,GCN,PCA
157577,-0.16840845,0.027052164,13,GCN,PCA
102328,-6.174173,2.476754,28,GCN,PCA
129198,4.0227385,7.723441,16,GCN,PCA
89623,-9.629644,6.263445,28,GCN,PCA
56439,1.0317492,1.0807278,16,GCN,PCA
39283,-0.15981498,-1.2813032,4,GCN,PCA
78183,-4.0824337,-0.83567774,9,GCN,PCA
134550,-1.3734169,-4.6096125,2,GCN,PCA
42301,2.8222418,-0.10394001,24,GCN,PCA
140058,-2.039755,-0.377779,4,GCN,PCA
48621,0.9809893,0.65774965,24,GCN,PCA
18430,-7.979969,4.5609426,28,GCN,PCA
112052,2.223568,-1.0980942,24,GCN,PCA
3012,1.3777544,-0.33386087,16,GCN,PCA
143026,2.0483923,1.5427239,8,GCN,PCA
132521,-1.2684596,-2.7622666,39,GCN,PCA
107113,2.7995646,0.38799524,7,GCN,PCA
78926,1.4787169,-1.098979,24,GCN,PCA
72965,-5.202362,1.4071939,28,GCN,PCA
135834,0.67419666,-1.8969058,24,GCN,PCA
124683,0.31445462,0.35315442,18,GCN,PCA
157563,-2.306433,-3.4393632,36,GCN,PCA
30645,0.52071816,0.18268967,24,GCN,PCA
100657,-2.851684,0.6505606,5,GCN,PCA
28028,1.1882076,-1.091317,31,GCN,PCA
163175,-0.3595456,-2.9974508,34,GCN,PCA
1099,2.353306,-0.6367729,30,GCN,PCA
70780,-5.665596,2.8715093,8,GCN,PCA
126462,-8.000565,4.7593565,8,GCN,PCA
23700,3.3480983,1.3869784,16,GCN,PCA
122156,2.9868746,0.18047452,24,GCN,PCA
17884,3.012705,1.0066469,30,GCN,PCA
141997,5.931962,3.074928,10,GCN,PCA
107069,2.8536177,0.47937846,27,GCN,PCA
25030,2.851403,0.25150514,30,GCN,PCA
93766,2.6750484,0.94903064,16,GCN,PCA
100815,6.4451337,1.4991462,10,GCN,PCA
4198,-5.836335,4.1478233,28,GCN,PCA
84304,6.95626,3.7885468,24,GCN,PCA
156192,-6.082551,2.0629823,28,GCN,PCA
162185,-9.050612,4.938341,28,GCN,PCA
48379,-2.7441857,2.3762891,8,GCN,PCA
87998,-4.568313,0.20103431,8,GCN,PCA
161400,-2.002045,0.15493345,28,GCN,PCA
52989,-0.15608776,-0.403152,4,GCN,PCA
111956,-63.116554,60.443783,28,GCN,PCA
85863,1.4217563,-0.4653306,16,GCN,PCA
82521,2.0532076,0.24832988,30,GCN,PCA
22331,-4.7068887,-0.9279789,9,GCN,PCA
50830,-3.3402534,-0.7374561,26,GCN,PCA
164362,-1.639451,-3.6910868,34,GCN,PCA
67152,5.3677,3.9843147,24,GCN,PCA
13659,1.5804796,0.41899753,16,GCN,PCA
156670,5.8357882,3.4405868,30,GCN,PCA
95817,1.8485441,-1.5054914,26,GCN,PCA
20903,-2.6018236,-3.2323472,34,GCN,PCA
73278,-0.9250003,-3.1226234,26,GCN,PCA
22136,-8.315924,5.752471,28,GCN,PCA
139512,-7.5268126,2.3250988,28,GCN,PCA
124823,1.6510134,-1.1154622,34,GCN,PCA
14254,2.9768846,1.0597818,16,GCN,PCA
120842,2.5091774,-1.006395,24,GCN,PCA
4239,1.7057621,-1.8373044,26,GCN,PCA
135829,-2.4395256,-1.6407984,36,GCN,PCA
145997,2.257507,0.2107811,30,GCN,PCA
33745,-1.2260505,-2.3810892,3,GCN,PCA
70445,1.4048076,-0.21460962,19,GCN,PCA
98162,-6.8417773,3.8236468,28,GCN,PCA
129425,1.429122,-0.438735,23,GCN,PCA
117276,2.5653157,0.41705894,24,GCN,PCA
156676,4.6314635,2.4985092,16,GCN,PCA
85531,2.3177075,-2.03333,10,GCN,PCA
50092,-2.9135685,-1.2400008,34,GCN,PCA
20580,-1.2486556,-0.33747268,24,GCN,PCA
163742,-2.911854,-0.85155463,5,GCN,PCA
114475,-9.293031,6.255459,28,GCN,PCA
3034,0.6373543,-1.9558084,24,GCN,PCA
22268,2.5868025,0.07945156,16,GCN,PCA
47182,1.8871663,0.84694314,4,GCN,PCA
38796,2.5189025,-0.6525326,37,GCN,PCA
29441,-0.88068676,-1.6953244,28,GCN,PCA
2354,2.437231,-0.41668534,19,GCN,PCA
157848,4.9511724,3.2623842,16,GCN,PCA
24309,19.833626,17.546543,16,GCN,PCA
73267,-10.142853,7.236416,28,GCN,PCA
84594,-1.8564942,-1.213323,8,GCN,PCA
84352,-8.917852,4.8711357,28,GCN,PCA
164180,0.01872176,-4.0337625,2,GCN,PCA
54131,-2.6292896,-4.3823256,20,GCN,PCA
131336,0.3033526,-1.829204,6,GCN,PCA
168609,3.2097645,1.5752542,16,GCN,PCA
52427,3.0104208,-0.07021451,30,GCN,PCA
47390,-4.8285217,2.2081616,28,GCN,PCA
33186,-0.4776378,-4.42474,22,GCN,PCA
7566,1.9591012,-0.21458936,24,GCN,PCA
147755,-4.2084017,2.9951637,28,GCN,PCA
121630,-0.7150217,-2.0290947,27,GCN,PCA
101265,-0.89185405,-1.911134,28,GCN,PCA
62040,-1.2447977,-2.5303032,34,GCN,PCA
30287,0.1935811,-1.9416516,23,GCN,PCA
126163,1.6737766,-0.32115054,30,GCN,PCA
25897,3.9742987,2.1880062,16,GCN,PCA
150692,2.8525455,0.8560035,16,GCN,PCA
140421,-4.5187383,0.7017343,29,GCN,PCA
11428,1.0530431,0.14839506,4,GCN,PCA
20740,-4.627755,1.1401808,4,GCN,PCA
5391,-0.9693812,-2.4223266,2,GCN,PCA
40714,0.18912232,-1.1011012,38,GCN,PCA
160129,3.8860328,3.2827575,4,GCN,PCA
158285,2.6318681,0.8692577,16,GCN,PCA
896,-0.58069384,0.63993907,4,GCN,PCA
44346,2.9869542,1.2539084,16,GCN,PCA
64205,2.8812346,1.4985635,16,GCN,PCA
126182,4.014814,0.62247276,16,GCN,PCA
124464,-10.145464,5.9746532,28,GCN,PCA
15961,1.6982617,-2.1699297,33,GCN,PCA
149756,-2.2446475,-3.7278066,9,GCN,PCA
63136,0.53204256,-1.5909774,26,GCN,PCA
69315,-0.3015144,-2.563862,7,GCN,PCA
111802,1.174833,-1.1195403,24,GCN,PCA
56704,-1.7895472,-4.190622,20,GCN,PCA
130450,2.5962777,-0.44150162,16,GCN,PCA
3736,-2.2791958,-3.0365102,36,GCN,PCA
53384,-2.3221316,-0.44212866,4,GCN,PCA
79342,-1.0114317,-3.4773612,5,GCN,PCA
87675,5.0923424,2.958635,30,GCN,PCA
19598,1.5090716,-4.938424,10,GCN,PCA
150974,6.252378,3.1246145,30,GCN,PCA
37753,-1.4540179,-2.8084278,24,GCN,PCA
150527,-0.92387724,-2.8227003,37,GCN,PCA
142899,2.2089822,-1.0068636,30,GCN,PCA
126502,-11.317593,6.813636,28,GCN,PCA
15365,38.791306,35.344883,24,GCN,PCA
150680,2.0368528,-0.9924252,30,GCN,PCA
25608,-1.527547,-2.3305476,19,GCN,PCA
167699,-14.010326,10.359115,28,GCN,PCA
163813,4.8387203,-0.17243576,10,GCN,PCA
73527,1.6754394,-0.36698127,30,GCN,PCA
50494,-5.4621606,2.437672,4,GCN,PCA
7589,1.5002475,-0.19437575,24,GCN,PCA
90099,1.2152894,2.5092733,4,GCN,PCA
27817,-1.6954124,-3.686689,10,GCN,PCA
30537,-1.117491,-3.3286557,19,GCN,PCA
158187,15.615268,11.128304,24,GCN,PCA
167540,-11.667676,8.57176,28,GCN,PCA
43257,-1.6787708,-3.9027846,9,GCN,PCA
153034,4.4390817,1.6242783,24,GCN,PCA
87044,-2.9278781,-1.7352842,4,GCN,PCA
105094,5.035402,1.3121002,30,GCN,PCA
49165,4.8376327,1.823849,16,GCN,PCA
107288,2.0242288,-1.075533,11,GCN,PCA
161043,3.7227619,2.050585,16,GCN,PCA
34263,3.9224398,1.4919889,30,GCN,PCA
53598,-2.736948,-0.50734544,28,GCN,PCA
162789,3.4314055,1.8814924,16,GCN,PCA
136600,1.051363,-2.4472878,38,GCN,PCA
77749,-2.3910403,-3.7742596,34,GCN,PCA
140242,-0.17717144,0.6546657,26,GCN,PCA
52385,2.7020867,2.1329367,16,GCN,PCA
62690,1.0684435,-2.0159047,23,GCN,PCA
92416,-5.548912,-1.2925255,34,GCN,PCA
93777,2.6288786,-0.3063681,24,GCN,PCA
23875,-6.6912827,1.1500883,35,GCN,PCA
6323,4.2422543,1.6375487,16,GCN,PCA
39964,-5.5832734,2.9718468,8,GCN,PCA
38910,-2.3844657,0.16205025,0,GCN,PCA
164819,3.0974772,1.9331992,16,GCN,PCA
154824,2.6864526,-2.359501,24,GCN,PCA
103887,3.3563325,0.8012111,24,GCN,PCA
18210,3.743512,0.32841134,27,GCN,PCA
54202,11.328563,5.6473093,16,GCN,PCA
129919,5.5555973,2.5095394,16,GCN,PCA
158674,2.5789683,0.80897784,24,GCN,PCA
122880,0.6643626,-2.572822,30,GCN,PCA
123439,-5.443159,1.0719781,4,GCN,PCA
111460,-1.9336526,-2.0368936,5,GCN,PCA
41221,-0.69003505,-5.4811444,2,GCN,PCA
47536,5.5165734,6.6070175,16,GCN,PCA
20093,-3.0879898,1.0374489,23,GCN,PCA
113630,1.2294528,-1.3971546,30,GCN,PCA
112574,-5.0581503,3.1174343,28,GCN,PCA
18352,4.862593,2.4902375,16,GCN,PCA
53363,-0.83058524,-0.113117695,11,GCN,PCA
93652,2.8328247,0.36274672,16,GCN,PCA
51079,1.6447446,-1.362316,30,GCN,PCA
23707,2.984228,0.5848837,4,GCN,PCA
91758,-1.3391526,-2.5443945,34,GCN,PCA
151487,0.52001673,-1.9843363,10,GCN,PCA
1676,-4.250383,-0.24301147,28,GCN,PCA
139678,-3.5009778,-1.0162377,34,GCN,PCA
61477,0.33220327,-1.9191917,26,GCN,PCA
3653,7.452362,2.4575727,26,GCN,PCA
48103,5.0402317,-0.29715252,38,GCN,PCA
74196,3.7997386,1.3088439,16,GCN,PCA
143652,-1.6152608,-4.4624805,39,GCN,PCA
88018,-0.7433555,-2.6652422,27,GCN,PCA
92132,3.300867,0.04750085,6,GCN,PCA
56051,-1.6832902,-3.431151,20,GCN,PCA
161236,4.3945117,1.9043024,31,GCN,PCA
45132,0.006685853,-2.039906,26,GCN,PCA
136526,0.2736187,-1.7382658,27,GCN,PCA
80045,4.024521,0.2642057,10,GCN,PCA
91669,1.4388869,-1.0071579,30,GCN,PCA
96654,1.1336513,-1.3093446,31,GCN,PCA
27221,1.5347338,-1.3177555,30,GCN,PCA
158547,3.7430017,0.58805704,30,GCN,PCA
74583,0.83364433,-2.4752834,38,GCN,PCA
82958,-1.0458922,-0.3892486,5,GCN,PCA
113460,-3.885327,0.8213427,5,GCN,PCA
82275,-4.1481204,0.82197094,4,GCN,PCA
46635,-3.7304692,-0.10259223,5,GCN,PCA
13986,2.7244174,0.40713382,24,GCN,PCA
10981,3.0442111,0.37515664,16,GCN,PCA
132333,-0.9871787,-3.6242638,26,GCN,PCA
78972,-0.54888415,-1.0677778,16,GCN,PCA
81542,1.4528301,-0.06770539,30,GCN,PCA
70697,2.8956528,0.48588514,24,GCN,PCA
162063,-0.9018179,-1.3720711,2,GCN,PCA
25613,21.034624,19.678635,16,GCN,PCA
3855,1.5621681,-0.18194222,16,GCN,PCA
49834,3.8232896,0.89919066,16,GCN,PCA
99908,1.9214847,-0.9601867,30,GCN,PCA
103550,-0.627337,-1.6515992,24,GCN,PCA
58647,6.4881687,3.4109032,30,GCN,PCA
75583,-1.2543738,-2.4035017,34,GCN,PCA
98244,0.6560945,-4.3833055,10,GCN,PCA
167334,-2.1743824,-0.50963306,27,GCN,PCA
156419,-0.015644133,-1.8203008,34,GCN,PCA
50723,3.5016658,0.72691107,26,GCN,PCA
28844,0.29718828,-4.186722,36,GCN,PCA
134164,0.34714878,-2.8780198,37,GCN,PCA
99361,1.0534151,-1.6934465,24,GCN,PCA
29621,-2.7358172,-2.4136326,31,GCN,PCA
17483,-3.797231,-0.4283054,28,GCN,PCA
114590,-0.5196393,1.8127592,19,GCN,PCA
24437,-2.302363,-1.9365575,4,GCN,PCA
111700,-0.11803475,-0.77204347,4,GCN,PCA
55776,2.1822898,-0.9293972,37,GCN,PCA
31827,2.646666,-1.6879665,10,GCN,PCA
83529,-4.9435186,2.5488956,24,GCN,PCA
30344,-2.9864697,2.4088705,4,GCN,PCA
7036,-1.8232839,-2.185225,9,GCN,PCA
133058,1.4722202,-2.3428178,27,GCN,PCA
70311,0.20924985,-2.061244,3,GCN,PCA
128088,1.7700043,-0.36716938,27,GCN,PCA
14279,4.8905253,3.2869742,16,GCN,PCA
106320,-5.731548,1.6302221,28,GCN,PCA
109889,3.4722269,-0.66308284,26,GCN,PCA
16012,-6.9300284,2.843376,28,GCN,PCA
98772,4.960702,2.536113,16,GCN,PCA
23712,0.89644104,-1.1890186,24,GCN,PCA
106080,-0.076857805,0.819391,4,GCN,PCA
52197,1.5172803,-0.44138908,16,GCN,PCA
73069,0.51038057,-3.541026,2,GCN,PCA
112168,-6.4551935,2.7188566,28,GCN,PCA
121666,-0.8180245,-3.3483715,34,GCN,PCA
83330,2.3892162,0.0019769669,27,GCN,PCA
128273,2.4805057,4.269846,16,GCN,PCA
3301,4.22161,2.5708191,16,GCN,PCA
144863,2.530945,0.9634664,16,GCN,PCA
78334,-4.426819,-0.12688422,28,GCN,PCA
29894,3.8475091,0.8008976,24,GCN,PCA
92490,0.78780824,-1.3596622,24,GCN,PCA
97955,2.836714,1.4371374,24,GCN,PCA
136758,2.3736103,0.3359592,11,GCN,PCA
51742,1.1832728,-0.9751098,10,GCN,PCA
122039,1.7744641,0.51842976,16,GCN,PCA
34223,4.238996,-1.04961,10,GCN,PCA
119066,2.8882322,0.69842505,6,GCN,PCA
77081,-11.740208,8.692759,28,GCN,PCA
21576,0.7886966,-1.8786992,13,GCN,PCA
152651,-3.5061007,1.054971,28,GCN,PCA
75602,0.6380864,-1.6515764,4,GCN,PCA
16302,1.3913405,-1.2910028,27,GCN,PCA
13403,0.11802769,-1.0775989,26,GCN,PCA
46043,-0.826605,0.3178754,14,GCN,PCA
124634,-3.7501636,-1.0995065,5,GCN,PCA
76000,2.2099526,-2.2027621,10,GCN,PCA
133445,-0.11686692,-3.3512664,6,GCN,PCA
121249,-0.58935136,-2.8062086,34,GCN,PCA
44167,3.4286501,0.26577044,16,GCN,PCA
131713,3.5242012,0.6004238,16,GCN,PCA
44571,0.74314207,-0.8529507,38,GCN,PCA
163922,-0.10442531,-2.2867844,3,GCN,PCA
129259,9.885938,5.899478,30,GCN,PCA
44968,0.30458426,-1.0934143,24,GCN,PCA
77367,2.6597657,-0.7464771,24,GCN,PCA
118348,2.1009936,-0.20766568,26,GCN,PCA
83735,-5.4286,3.145817,28,GCN,PCA
153679,-4.601111,-0.9279338,28,GCN,PCA
61950,-2.3267274,-1.210469,34,GCN,PCA
162699,-4.5867076,0.47152805,8,GCN,PCA
57330,0.13970369,-1.7001396,3,GCN,PCA
19960,-0.014306843,-1.427954,6,GCN,PCA
57948,4.365263,1.5173204,24,GCN,PCA
14825,-0.8829521,-2.1233873,24,GCN,PCA
162331,-6.730409,4.0213566,4,GCN,PCA
61200,-2.615236,-3.7090912,34,GCN,PCA
102707,-0.4426546,-5.552488,22,GCN,PCA
106613,-0.10532391,-1.4988072,13,GCN,PCA
115650,-9.566424,6.3985653,8,GCN,PCA
51001,2.6994393,0.4073894,23,GCN,PCA
40388,-1.3030984,-1.0687913,10,GCN,PCA
64452,2.7930274,1.0755892,16,GCN,PCA
28116,1.9752402,-1.3969871,30,GCN,PCA
75470,1.5396135,-1.3481966,31,GCN,PCA
83839,-0.27119753,-2.2276545,4,GCN,PCA
117789,-2.4034593,-3.2837977,20,GCN,PCA
84128,1.8686509,-1.0269532,24,GCN,PCA
25765,3.733815,-0.28194642,10,GCN,PCA
158683,4.238068,1.3112438,24,GCN,PCA
84758,-0.22539663,-2.6016312,34,GCN,PCA
152353,-8.335136,3.5945346,28,GCN,PCA
27281,15.78408,9.618829,30,GCN,PCA
121302,-4.5252366,2.7283938,8,GCN,PCA
78134,5.982266,3.9757578,27,GCN,PCA
117872,-12.346633,9.317757,28,GCN,PCA
122201,2.665343,-2.6489055,24,GCN,PCA
130524,-6.884405,4.0342493,28,GCN,PCA
15233,-2.3343744,-1.6587847,5,GCN,PCA
17956,1.3159618,-1.2256075,24,GCN,PCA
3842,1.8356719,-1.6681752,6,GCN,PCA
56553,4.6160407,0.54540324,1,GCN,PCA
28247,-1.634011,2.926792,5,GCN,PCA
54342,-5.657704,2.4319966,8,GCN,PCA
137714,-2.0344014,-1.3738116,38,GCN,PCA
70709,2.994837,1.6191504,25,GCN,PCA
68752,3.204027,0.5751786,30,GCN,PCA
69226,-3.0454874,-3.790281,36,GCN,PCA
112389,2.1445553,-0.93443525,30,GCN,PCA
168524,4.1614394,-2.1227555,10,GCN,PCA
132623,1.6443608,-0.8896862,17,GCN,PCA
85441,2.145396,-1.9371269,24,GCN,PCA
94242,-0.5690447,1.565016,5,GCN,PCA
21365,-0.01867181,4.096546,27,GCN,PCA
111988,1.6113615,-1.9608575,10,GCN,PCA
73481,2.8501496,1.0929015,16,GCN,PCA
49673,1.7573371,-0.37332106,27,GCN,PCA
155258,-4.6125855,1.4186175,5,GCN,PCA
47607,2.3041685,-0.79309464,24,GCN,PCA
144773,1.8173892,-1.7553724,24,GCN,PCA
9864,-3.519673,-0.32840872,28,GCN,PCA
139023,-4.1475096,0.58638525,18,GCN,PCA
39581,3.8906424,3.9084823,16,GCN,PCA
5869,-1.2489582,-4.184375,9,GCN,PCA
144394,2.634223,1.7505538,25,GCN,PCA
167958,2.256038,-0.5389857,24,GCN,PCA
69123,-0.72662693,-2.6924055,14,GCN,PCA
46792,-2.890755,-0.18596792,8,GCN,PCA
36308,-2.8339949,-1.6509917,8,GCN,PCA
166282,1.7325156,0.01802373,16,GCN,PCA
73894,10.294408,7.3538933,16,GCN,PCA
58798,14.239877,11.357708,24,GCN,PCA
5214,-13.385143,10.747474,28,GCN,PCA
102004,-0.8445852,-2.3767636,13,GCN,PCA
51430,1.9313123,-4.458905,22,GCN,PCA
134506,0.23966128,-2.901053,37,GCN,PCA
94623,2.6845486,0.29085684,6,GCN,PCA
15324,-2.494171,-3.3833146,39,GCN,PCA
93672,-0.8749125,-2.8629627,26,GCN,PCA
95668,-1.3710878,-3.051869,9,GCN,PCA
107403,-2.074297,0.17293143,26,GCN,PCA
97231,4.1633434,2.231076,16,GCN,PCA
129450,2.8304904,0.16028523,10,GCN,PCA
13401,-1.1856219,-3.4397464,34,GCN,PCA
95648,3.5237367,0.11953926,30,GCN,PCA
144695,1.8926971,-1.434317,30,GCN,PCA
79718,-2.3554997,-3.7767186,39,GCN,PCA
110743,-4.4337397,-1.7613764,28,GCN,PCA
113108,3.7014506,1.1107876,24,GCN,PCA
74392,0.5360995,-2.4262753,39,GCN,PCA
19381,-4.5811267,-4.3087196,36,GCN,PCA
41541,2.9504445,3.1733363,16,GCN,PCA
23657,2.423517,0.23896766,16,GCN,PCA
6305,2.553255,-0.7426493,6,GCN,PCA
96246,-2.3441222,-4.253401,9,GCN,PCA
85563,0.74357253,-2.8903632,10,GCN,PCA
77662,-0.48993143,-1.5273412,34,GCN,PCA
94032,-0.9571436,-0.7533641,28,GCN,PCA
132124,-1.6008067,-1.8576527,28,GCN,PCA
46898,-2.5418468,-1.4011579,5,GCN,PCA
119337,-7.7199674,4.421523,28,GCN,PCA
79805,-0.87670016,1.4070032,28,GCN,PCA
112516,-1.3772793,0.57492685,16,GCN,PCA
132066,5.098242,2.0889566,30,GCN,PCA
133177,-5.599388,-1.7939655,39,GCN,PCA
134856,4.015866,-1.5219349,24,GCN,PCA
1245,-1.14049,-0.31828594,34,GCN,PCA
136221,2.1563776,0.57733965,16,GCN,PCA
33832,1.6236234,-1.6257493,30,GCN,PCA
140934,3.2468703,1.4549911,24,GCN,PCA
23652,2.4967768,-0.5484693,24,GCN,PCA
107768,-0.7975147,-1.9781097,34,GCN,PCA
115509,-1.6026416,-4.6165657,2,GCN,PCA
40544,-2.6275852,-1.8955382,19,GCN,PCA
48798,-0.98213273,-3.1758614,34,GCN,PCA
152000,-2.2025702,-1.795939,5,GCN,PCA
65580,-0.06826401,-1.7055178,23,GCN,PCA
142457,-4.3891196,-2.8928516,9,GCN,PCA
136207,-3.288327,-0.4907477,4,GCN,PCA
73661,1.5585933,-1.8104852,10,GCN,PCA
140863,1.1717346,-1.8375525,34,GCN,PCA
129961,-2.8374658,1.5438211,27,GCN,PCA
52869,5.190009,10.31893,16,GCN,PCA
16456,2.5607872,-0.90011,24,GCN,PCA
118525,0.22836131,-1.979738,24,GCN,PCA
106593,1.8407884,-0.39389896,16,GCN,PCA
140939,-2.731135,-1.1820843,19,GCN,PCA
27198,-4.349385,0.85395956,28,GCN,PCA
73993,5.139533,4.9449253,16,GCN,PCA
159159,-3.9062183,0.49387002,28,GCN,PCA
113375,3.9559596,2.155442,17,GCN,PCA
95550,-1.9817758,-1.5240209,34,GCN,PCA
38408,0.2552448,-1.8729123,26,GCN,PCA
55891,-1.3555942,-3.6596086,2,GCN,PCA
80521,4.2655277,2.6941364,25,GCN,PCA
116199,-1.335128,-3.1200445,34,GCN,PCA
21991,9.6253195,4.659711,30,GCN,PCA
78362,-2.5733411,4.999407,1,GCN,PCA
32072,-8.528786,5.689557,8,GCN,PCA
134687,-5.95123,1.9766595,28,GCN,PCA
79483,-0.44023302,-1.386825,23,GCN,PCA
12922,3.0506527,0.756258,16,GCN,PCA
62709,2.1276042,0.34917068,16,GCN,PCA
153286,2.9786048,0.9432938,16,GCN,PCA
55155,4.181569,-0.3767109,30,GCN,PCA
69548,3.908489,1.5776479,31,GCN,PCA
163780,-2.7329118,-4.88087,36,GCN,PCA
62065,6.0739455,3.978553,16,GCN,PCA
126074,0.6683199,4.8439083,28,GCN,PCA
156168,-3.3432276,0.9686034,8,GCN,PCA
115629,0.44800323,-3.2863479,38,GCN,PCA
125842,-2.5719724,-2.2752843,9,GCN,PCA
26119,-3.0933259,-1.3064966,28,GCN,PCA
92527,-1.0412847,-0.31526923,4,GCN,PCA
7415,3.4325833,0.19901156,24,GCN,PCA
84270,-7.495976,4.695051,8,GCN,PCA
79011,-8.053338,4.067973,28,GCN,PCA
61606,0.80348045,-1.5498301,13,GCN,PCA
32950,3.1081965,0.13184285,24,GCN,PCA
128645,-2.7587936,1.9737532,4,GCN,PCA
131775,4.9811916,3.6493766,25,GCN,PCA
114768,2.2310991,1.1299398,34,GCN,PCA
151201,3.4551444,-0.25308084,30,GCN,PCA
75453,1.8612955,-0.73684263,30,GCN,PCA
164337,2.9653435,0.292835,13,GCN,PCA
11498,2.3312283,-0.38806748,24,GCN,PCA
60021,-0.0120357275,-0.2831874,24,GCN,PCA
118599,-3.6694744,-1.8351041,19,GCN,PCA
128345,-0.4053767,-5.068864,2,GCN,PCA
27973,-1.8126564,-3.4687133,2,GCN,PCA
106943,2.5750537,0.16950393,27,GCN,PCA
46856,-5.485375,2.3446243,28,GCN,PCA
140122,5.1194496,2.8861463,30,GCN,PCA
145314,-3.7169042,-3.1917338,34,GCN,PCA
10804,4.5257993,2.5074375,16,GCN,PCA
150327,0.97088903,-1.9309511,24,GCN,PCA
93896,3.2651527,1.1085925,16,GCN,PCA
15599,-7.29707,2.4469082,4,GCN,PCA
38474,-5.895938,1.4956629,28,GCN,PCA
76268,3.823283,1.3832476,24,GCN,PCA
75076,5.096706,2.1545408,16,GCN,PCA
92349,-6.875656,3.796313,4,GCN,PCA
139306,1.924231,0.27484488,24,GCN,PCA
68135,2.5309541,-1.0152729,6,GCN,PCA
109017,6.334663,2.1212595,10,GCN,PCA
132334,2.5076625,0.61099815,24,GCN,PCA
156919,-1.85798,-4.464185,22,GCN,PCA
30909,1.2296419,-1.9281204,13,GCN,PCA
62784,0.50576955,-1.8202832,26,GCN,PCA
84721,2.3758256,2.2193215,16,GCN,PCA
76261,1.3546789,0.8111248,6,GCN,PCA
142190,2.4055266,0.336457,16,GCN,PCA
21692,4.206771,-0.7610476,24,GCN,PCA
86903,2.3229287,-0.74787354,24,GCN,PCA
133102,-3.578794,-1.5615337,5,GCN,PCA
121489,-0.87217826,-1.3672273,24,GCN,PCA
128883,-0.23537195,-0.7744534,16,GCN,PCA
124585,2.226916,1.4862564,16,GCN,PCA
165204,-5.486104,2.4941418,8,GCN,PCA
89150,3.2191992,1.7452309,16,GCN,PCA
15947,-0.58358973,-2.526718,0,GCN,PCA
34115,-0.2481752,-3.8252547,2,GCN,PCA
118089,-0.52377737,-3.0743067,2,GCN,PCA
14553,-4.8285503,0.3827269,28,GCN,PCA
145393,1.2534583,-2.795761,24,GCN,PCA
73326,6.4539285,4.259492,24,GCN,PCA
74319,-1.8207397,-5.1238556,2,GCN,PCA
110845,1.3388796,-0.6622932,13,GCN,PCA
131063,-0.3805018,-4.890567,2,GCN,PCA
15114,-0.9309912,-2.7062285,4,GCN,PCA
