node_id,x,y,label,model,method
81941,-1.2332482,-2.036213,3,GraphSAGE,PCA
111512,-2.6333978,-2.078492,24,GraphSAGE,PCA
134673,-2.851369,1.7892814,16,GraphSAGE,PCA
122719,-3.718106,4.4940844,16,GraphSAGE,PCA
34799,-2.3035264,-2.9150853,26,GraphSAGE,PCA
105582,2.9562323,-2.9935145,4,GraphSAGE,PCA
90762,-5.622285,3.5680985,16,GraphSAGE,PCA
162949,2.6375303,-1.105125,28,GraphSAGE,PCA
85814,-3.642433,1.6673937,24,GraphSAGE,PCA
106627,-1.5530697,-1.5483714,24,GraphSAGE,PCA
145234,-3.4579391,-1.4041153,30,GraphSAGE,PCA
153136,8.814479,0.65853834,28,GraphSAGE,PCA
151750,-3.1079574,-3.3111844,37,GraphSAGE,PCA
158835,5.6718855,-2.2586248,26,GraphSAGE,PCA
8373,-0.814065,-0.14391828,24,GraphSAGE,PCA
31638,-3.2555857,2.981132,24,GraphSAGE,PCA
66095,-1.3013356,-0.462906,5,GraphSAGE,PCA
30762,-0.17019618,-2.3395557,5,GraphSAGE,PCA
157638,-1.2781584,-3.0918336,23,GraphSAGE,PCA
148134,-3.1676905,-1.9259013,10,GraphSAGE,PCA
100041,2.9618895,-3.3376126,5,GraphSAGE,PCA
151788,-0.8734057,3.7842965,16,GraphSAGE,PCA
18215,-3.375641,10.409031,16,GraphSAGE,PCA
94261,-3.4067812,-2.4145894,30,GraphSAGE,PCA
131939,0.47524863,-2.407982,34,GraphSAGE,PCA
131726,-2.5337694,6.0694957,16,GraphSAGE,PCA
126976,-3.9825861,8.12468,16,GraphSAGE,PCA
167017,-4.0815907,1.5979071,24,GraphSAGE,PCA
63010,10.807574,2.1544127,28,GraphSAGE,PCA
140607,-1.0485035,-2.169476,34,GraphSAGE,PCA
134084,4.8547792,-0.50769496,29,GraphSAGE,PCA
6095,-4.570749,-2.4014597,30,GraphSAGE,PCA
55609,-6.2664814,7.085528,16,GraphSAGE,PCA
37125,-0.053567827,-0.7819226,20,GraphSAGE,PCA
17382,2.5985873,1.0145259,28,GraphSAGE,PCA
155290,6.806174,0.83542347,8,GraphSAGE,PCA
38603,-1.0714946,-1.376195,16,GraphSAGE,PCA
168694,0.14469731,-2.777886,34,GraphSAGE,PCA
83038,10.932507,3.3487244,28,GraphSAGE,PCA
62745,-0.77969235,-3.1579354,23,GraphSAGE,PCA
155202,-5.6623793,-1.8656955,30,GraphSAGE,PCA
151031,-0.1669138,-1.7235157,18,GraphSAGE,PCA
61379,-1.9555156,10.849926,16,GraphSAGE,PCA
26402,-2.370219,5.219131,16,GraphSAGE,PCA
31731,-1.4352946,2.232842,16,GraphSAGE,PCA
165303,0.33244336,-3.7480025,24,GraphSAGE,PCA
23508,11.66269,3.244896,28,GraphSAGE,PCA
128680,-3.9512064,8.714325,16,GraphSAGE,PCA
8282,-2.2441669,1.5818691,16,GraphSAGE,PCA
54312,-3.9331505,-2.2653756,24,GraphSAGE,PCA
60535,-1.3982682,-3.091362,2,GraphSAGE,PCA
43530,-4.907049,3.2002168,24,GraphSAGE,PCA
85445,-3.8640316,0.046084166,24,GraphSAGE,PCA
168578,-0.93992937,-2.123696,24,GraphSAGE,PCA
118912,1.0039339,-1.5561326,34,GraphSAGE,PCA
5891,-2.3259604,8.486805,16,GraphSAGE,PCA
142059,-0.5739538,-2.5441127,10,GraphSAGE,PCA
137653,-2.1983047,1.6342854,16,GraphSAGE,PCA
73364,-0.44119844,-4.952711,2,GraphSAGE,PCA
119542,0.78708845,-3.638284,27,GraphSAGE,PCA
55665,-2.0166612,6.7919106,16,GraphSAGE,PCA
48645,5.6127205,-0.4200077,5,GraphSAGE,PCA
97223,-2.4921017,2.5261607,24,GraphSAGE,PCA
165768,-1.8365004,-1.768687,3,GraphSAGE,PCA
97568,3.4917817,-1.4219987,8,GraphSAGE,PCA
62474,-1.7939453,-1.4952751,13,GraphSAGE,PCA
136039,-0.124554455,0.17020917,27,GraphSAGE,PCA
147876,0.5308748,-2.9793265,9,GraphSAGE,PCA
120681,-0.4130098,-1.2584212,34,GraphSAGE,PCA
2465,1.6544075,0.1157558,27,GraphSAGE,PCA
36456,-2.2431939,9.759081,16,GraphSAGE,PCA
29955,-4.351708,4.056952,16,GraphSAGE,PCA
97379,2.609125,3.3300467,28,GraphSAGE,PCA
65559,-2.8840768,3.937459,16,GraphSAGE,PCA
14864,1.4850798,-2.6050644,19,GraphSAGE,PCA
54422,1.1083314,-2.0502062,34,GraphSAGE,PCA
111649,-2.7339714,-2.047302,10,GraphSAGE,PCA
91226,-0.34583893,-2.5836842,5,GraphSAGE,PCA
143538,-1.4272304,-2.4847527,24,GraphSAGE,PCA
160549,-0.45053053,-4.379028,2,GraphSAGE,PCA
86717,-1.3098094,1.2327714,16,GraphSAGE,PCA
138815,-6.323994,-1.0619422,30,GraphSAGE,PCA
44914,-0.45550174,-2.1397238,3,GraphSAGE,PCA
17199,-2.160534,0.35779953,24,GraphSAGE,PCA
16639,-4.689519,2.493023,16,GraphSAGE,PCA
127875,0.22252423,-4.219534,37,GraphSAGE,PCA
99676,0.5343893,-2.9385533,5,GraphSAGE,PCA
4133,-0.3209974,-0.33845162,20,GraphSAGE,PCA
88383,2.2098076,-3.0438342,36,GraphSAGE,PCA
155668,1.3472216,-0.109597206,24,GraphSAGE,PCA
102731,0.8453788,-4.249473,2,GraphSAGE,PCA
131305,5.7689753,-0.23566675,28,GraphSAGE,PCA
129944,0.3528322,-3.9918768,36,GraphSAGE,PCA
46941,-2.9499948,3.5318666,16,GraphSAGE,PCA
105494,1.3621778,-3.2866874,34,GraphSAGE,PCA
31118,-2.7747626,6.259704,16,GraphSAGE,PCA
118432,-2.1472976,2.2839665,25,GraphSAGE,PCA
102188,11.124661,4.032742,8,GraphSAGE,PCA
108093,-3.267059,3.0079355,16,GraphSAGE,PCA
56778,-2.4461796,-1.488586,24,GraphSAGE,PCA
96231,1.6971462,-2.3971148,21,GraphSAGE,PCA
124462,11.956688,3.207172,28,GraphSAGE,PCA
95868,-1.9083867,-4.0718603,10,GraphSAGE,PCA
139862,6.7018967,0.025838375,5,GraphSAGE,PCA
66482,-1.6359503,-3.4235191,24,GraphSAGE,PCA
79272,-4.9232574,-1.9755567,30,GraphSAGE,PCA
8070,6.00262,0.7095442,28,GraphSAGE,PCA
9554,-2.1348197,-0.3179078,16,GraphSAGE,PCA
93995,-0.70282936,-1.8711519,26,GraphSAGE,PCA
137832,1.2591026,1.5037735,16,GraphSAGE,PCA
79164,-0.5785677,-2.517406,26,GraphSAGE,PCA
55557,2.7169733,0.07531023,9,GraphSAGE,PCA
88713,-6.0475774,1.312902,24,GraphSAGE,PCA
113655,-5.2637925,3.4030228,24,GraphSAGE,PCA
33287,-0.9168836,-3.9556394,22,GraphSAGE,PCA
1052,-0.2653069,-4.6914988,2,GraphSAGE,PCA
26377,-1.6522884,-3.3757048,23,GraphSAGE,PCA
81979,-4.1131167,-0.6220757,30,GraphSAGE,PCA
164078,2.5747674,-1.4657212,8,GraphSAGE,PCA
62502,-0.31252775,-3.8176167,10,GraphSAGE,PCA
124354,0.6988886,-3.279161,5,GraphSAGE,PCA
110445,-3.223053,7.319305,16,GraphSAGE,PCA
71892,-0.16867834,-3.111918,20,GraphSAGE,PCA
67867,10.0317135,1.1049187,28,GraphSAGE,PCA
109263,-1.1648293,-1.7887605,24,GraphSAGE,PCA
31338,2.3836455,-4.1627517,36,GraphSAGE,PCA
96629,2.060785,-2.5262852,29,GraphSAGE,PCA
9737,-0.012273431,0.48308325,27,GraphSAGE,PCA
157395,-4.9743013,-1.7252347,30,GraphSAGE,PCA
31331,-4.184232,0.0044972897,24,GraphSAGE,PCA
114683,-1.4106952,0.46825528,16,GraphSAGE,PCA
151598,-0.6794112,-4.606738,2,GraphSAGE,PCA
53037,-2.948642,2.060917,24,GraphSAGE,PCA
77035,2.7574313,-3.2535086,8,GraphSAGE,PCA
96413,2.402906,-2.3171146,4,GraphSAGE,PCA
144620,2.026465,3.228467,28,GraphSAGE,PCA
118154,-2.4302135,8.3314705,16,GraphSAGE,PCA
146697,5.634019,0.3994205,28,GraphSAGE,PCA
136223,0.47058028,-2.207795,24,GraphSAGE,PCA
9725,-1.0513293,3.5134459,16,GraphSAGE,PCA
124571,1.0215802,-3.0458298,3,GraphSAGE,PCA
43111,14.9000435,3.8349557,28,GraphSAGE,PCA
103894,-4.2588735,4.9813943,16,GraphSAGE,PCA
139150,-0.6810379,-2.6841204,10,GraphSAGE,PCA
113800,-1.6283216,3.7746634,24,GraphSAGE,PCA
9143,4.1707406,-1.3508472,8,GraphSAGE,PCA
11287,2.9602509,-2.8294377,20,GraphSAGE,PCA
17442,0.05661881,-4.6870565,2,GraphSAGE,PCA
119372,-4.9797163,-2.8897946,30,GraphSAGE,PCA
152771,-1.7502043,-2.4878347,31,GraphSAGE,PCA
148090,-4.236411,5.8134227,16,GraphSAGE,PCA
25202,2.282565,-4.130445,37,GraphSAGE,PCA
15945,6.6946354,2.18967,28,GraphSAGE,PCA
137823,-5.871931,3.6873417,16,GraphSAGE,PCA
125893,2.593906,2.1009893,28,GraphSAGE,PCA
123561,-3.07183,8.136036,16,GraphSAGE,PCA
32567,-0.7421621,-2.8829036,34,GraphSAGE,PCA
16168,-3.4466887,-2.2532444,24,GraphSAGE,PCA
20372,0.20652145,-2.3587153,7,GraphSAGE,PCA
125516,-1.4299994,-1.9945853,24,GraphSAGE,PCA
153229,-1.7887502,6.712301,16,GraphSAGE,PCA
139951,-1.1801081,-0.25780296,6,GraphSAGE,PCA
11083,6.4932704,0.20135975,28,GraphSAGE,PCA
22535,1.296315,-2.6918573,23,GraphSAGE,PCA
86800,-3.4029543,0.7913778,13,GraphSAGE,PCA
160678,-3.2087228,-2.3285227,30,GraphSAGE,PCA
38939,3.491622,-2.5312579,3,GraphSAGE,PCA
64115,-0.17815685,-2.2931197,34,GraphSAGE,PCA
17650,-4.4981947,2.2682643,16,GraphSAGE,PCA
57329,-4.108169,-2.096285,31,GraphSAGE,PCA
80137,1.1004839,-3.885238,5,GraphSAGE,PCA
151080,-0.9253434,7.304936,16,GraphSAGE,PCA
168148,-1.5112361,-2.395054,34,GraphSAGE,PCA
32398,3.2398918,-3.2423801,34,GraphSAGE,PCA
68589,6.3514237,1.1629894,28,GraphSAGE,PCA
82161,-2.2622912,5.230778,17,GraphSAGE,PCA
160339,-0.8673122,-2.259296,13,GraphSAGE,PCA
149487,-3.2170913,2.7751684,24,GraphSAGE,PCA
112186,7.1143737,1.5582333,8,GraphSAGE,PCA
88744,-0.8001444,-2.9915228,13,GraphSAGE,PCA
153327,-1.9678161,0.599417,24,GraphSAGE,PCA
87886,6.455659,0.8344438,8,GraphSAGE,PCA
54258,-3.8822935,-2.6324108,30,GraphSAGE,PCA
143574,-5.7924476,-1.2515237,30,GraphSAGE,PCA
48932,-0.7236033,1.2754383,4,GraphSAGE,PCA
122774,-4.584414,-1.707977,26,GraphSAGE,PCA
168426,-0.46494898,-1.7320228,34,GraphSAGE,PCA
86665,4.701785,0.88943124,8,GraphSAGE,PCA
40683,3.59727,-1.2548846,28,GraphSAGE,PCA
33487,10.253474,4.1915593,28,GraphSAGE,PCA
132577,0.3028205,-4.3760676,2,GraphSAGE,PCA
64145,-1.4386293,-1.79722,26,GraphSAGE,PCA
146855,-0.19663996,-2.1275473,34,GraphSAGE,PCA
76979,8.594638,0.9420788,28,GraphSAGE,PCA
123909,-5.34744,-0.96016085,30,GraphSAGE,PCA
113819,9.648041,2.3925128,28,GraphSAGE,PCA
130360,-3.8214068,-0.6984117,30,GraphSAGE,PCA
36432,10.366976,2.9383774,28,GraphSAGE,PCA
98140,0.58069474,-2.3276467,0,GraphSAGE,PCA
100674,-0.031668067,-1.2473352,20,GraphSAGE,PCA
91363,2.720521,4.4647017,28,GraphSAGE,PCA
64328,2.4704683,-2.3002658,8,GraphSAGE,PCA
20391,-4.525711,5.7181945,16,GraphSAGE,PCA
82923,-3.8910744,0.4599638,1,GraphSAGE,PCA
31180,-0.37477532,1.7013073,24,GraphSAGE,PCA
65221,-4.8867784,4.9526186,16,GraphSAGE,PCA
42390,-2.410866,-0.803028,24,GraphSAGE,PCA
159802,-0.026969671,-4.160823,2,GraphSAGE,PCA
163111,-1.4112155,-3.2509952,37,GraphSAGE,PCA
32433,-3.768834,3.877718,16,GraphSAGE,PCA
97940,-0.19756734,-4.2887745,2,GraphSAGE,PCA
50375,1.0566072,-3.211122,4,GraphSAGE,PCA
1799,-6.435473,0.23660016,30,GraphSAGE,PCA
92346,-4.3117933,4.1337805,16,GraphSAGE,PCA
59109,-0.5044532,-1.2794594,26,GraphSAGE,PCA
138941,4.1689095,-1.2659317,4,GraphSAGE,PCA
168538,-0.7499124,-3.292198,10,GraphSAGE,PCA
56484,0.2311045,-2.583431,15,GraphSAGE,PCA
97442,1.7103498,-2.7556202,9,GraphSAGE,PCA
139770,11.26978,3.1059933,28,GraphSAGE,PCA
168444,10.785465,1.466403,8,GraphSAGE,PCA
17551,-4.4263763,-2.7392414,30,GraphSAGE,PCA
123107,-2.3079622,10.332434,16,GraphSAGE,PCA
55211,-4.2553353,1.3849225,16,GraphSAGE,PCA
7385,0.09362328,-4.830123,2,GraphSAGE,PCA
44358,-4.5137897,2.2822719,30,GraphSAGE,PCA
162461,3.234631,-2.7101798,34,GraphSAGE,PCA
29173,-3.0696943,8.026245,16,GraphSAGE,PCA
125445,-3.9770815,3.743301,24,GraphSAGE,PCA
48629,-0.8698746,-2.9136796,10,GraphSAGE,PCA
7776,-1.5888889,-2.370667,34,GraphSAGE,PCA
18682,5.1520214,-0.10049462,27,GraphSAGE,PCA
1418,-0.87882257,-3.3004236,34,GraphSAGE,PCA
93922,-2.0010757,1.9092999,24,GraphSAGE,PCA
24785,14.4064245,5.5462394,28,GraphSAGE,PCA
71873,0.76111454,-3.4658618,33,GraphSAGE,PCA
39093,-3.8485918,3.7362504,24,GraphSAGE,PCA
16101,6.183118,0.48245025,28,GraphSAGE,PCA
139510,7.2894154,0.9470835,8,GraphSAGE,PCA
159172,9.865409,1.7300348,28,GraphSAGE,PCA
114198,-0.8898338,-2.3136437,34,GraphSAGE,PCA
74391,-5.435599,3.538609,16,GraphSAGE,PCA
22019,0.45762295,-3.119864,33,GraphSAGE,PCA
94529,-6.023949,1.9164996,16,GraphSAGE,PCA
99101,-0.8981633,-2.162316,24,GraphSAGE,PCA
34889,-1.3549812,-0.9862082,24,GraphSAGE,PCA
143539,-1.8682096,-0.23522472,20,GraphSAGE,PCA
132702,-2.548369,12.36104,16,GraphSAGE,PCA
24679,-4.4328847,-2.4630673,30,GraphSAGE,PCA
6698,-3.38334,-0.68748856,6,GraphSAGE,PCA
60084,-1.9094558,8.648857,16,GraphSAGE,PCA
142354,-0.59236664,-1.3746388,24,GraphSAGE,PCA
41289,7.77452,1.3584812,28,GraphSAGE,PCA
126045,1.1526382,3.329852,16,GraphSAGE,PCA
50281,-1.7473884,-1.6928707,13,GraphSAGE,PCA
114598,2.2174802,-3.2128613,10,GraphSAGE,PCA
53807,1.4182436,-2.6054115,3,GraphSAGE,PCA
70444,9.004502,0.9700191,28,GraphSAGE,PCA
76083,5.896495,-0.41818047,8,GraphSAGE,PCA
43591,-1.1022878,0.8480849,24,GraphSAGE,PCA
85831,2.2132378,-3.8851094,5,GraphSAGE,PCA
57585,-3.8312697,-1.469916,24,GraphSAGE,PCA
60341,1.2436781,-1.137852,27,GraphSAGE,PCA
10093,10.539298,1.4759676,28,GraphSAGE,PCA
68900,5.5658913,0.6201463,8,GraphSAGE,PCA
136208,-4.4969373,1.1797426,3,GraphSAGE,PCA
43344,-0.004404366,-3.9277844,36,GraphSAGE,PCA
125632,-1.8755627,11.678307,16,GraphSAGE,PCA
112794,-2.3828557,12.17091,16,GraphSAGE,PCA
151218,-1.9603267,4.102194,16,GraphSAGE,PCA
109503,2.2773395,-3.3223832,28,GraphSAGE,PCA
18464,-2.197746,-0.26426768,13,GraphSAGE,PCA
145904,-3.4088125,1.7452517,16,GraphSAGE,PCA
16174,-0.26026332,-4.7560186,2,GraphSAGE,PCA
78629,4.9368906,-2.2474403,28,GraphSAGE,PCA
47829,-4.2766995,3.0780182,24,GraphSAGE,PCA
8519,-4.615259,1.733593,16,GraphSAGE,PCA
155567,-2.8156173,0.37406945,24,GraphSAGE,PCA
136752,-1.9407618,-2.6887674,10,GraphSAGE,PCA
166687,-2.972074,-1.046103,34,GraphSAGE,PCA
24714,-4.0316916,11.360653,16,GraphSAGE,PCA
66020,1.2634461,-2.6380148,24,GraphSAGE,PCA
162830,1.7702606,-3.5618963,5,GraphSAGE,PCA
146401,-1.6350102,7.1880574,16,GraphSAGE,PCA
82422,-0.99264073,-2.1996021,26,GraphSAGE,PCA
4613,-0.10207707,-1.1633333,33,GraphSAGE,PCA
80487,9.641181,2.830936,8,GraphSAGE,PCA
145941,0.62951046,-3.388317,18,GraphSAGE,PCA
130968,14.024731,3.1681762,28,GraphSAGE,PCA
46926,3.9071217,-0.98450625,8,GraphSAGE,PCA
166381,-1.8775783,4.213182,16,GraphSAGE,PCA
126426,0.73054224,-1.1723093,24,GraphSAGE,PCA
90265,-1.194159,1.7697959,24,GraphSAGE,PCA
77434,-4.2758174,-1.4867977,31,GraphSAGE,PCA
38641,4.596841,-0.970798,8,GraphSAGE,PCA
121007,-3.0330386,0.22414899,26,GraphSAGE,PCA
140541,-0.75931585,-5.619202,2,GraphSAGE,PCA
89571,-3.6073864,-1.6627159,30,GraphSAGE,PCA
9267,-1.600914,-2.2475393,23,GraphSAGE,PCA
146254,-0.21642601,-4.249075,22,GraphSAGE,PCA
3911,-0.3428306,-3.4017906,4,GraphSAGE,PCA
49529,-2.9906461,-1.4179703,5,GraphSAGE,PCA
14641,-0.61977035,-3.01291,2,GraphSAGE,PCA
12406,-1.1877711,-1.7301956,26,GraphSAGE,PCA
137568,13.087764,5.3284993,28,GraphSAGE,PCA
116495,-0.1777727,-3.3879137,2,GraphSAGE,PCA
142018,-2.0034654,-0.6474259,24,GraphSAGE,PCA
163085,-0.34804243,-3.429904,15,GraphSAGE,PCA
10932,5.228614,-0.66351235,28,GraphSAGE,PCA
254,-0.74163866,-3.3767414,39,GraphSAGE,PCA
119167,-1.6951253,-0.9759058,26,GraphSAGE,PCA
1312,-2.3175392,1.2189131,24,GraphSAGE,PCA
47430,-6.896998,-0.49186373,30,GraphSAGE,PCA
156156,0.59527403,-1.046613,30,GraphSAGE,PCA
119851,-2.4366133,-3.6390586,10,GraphSAGE,PCA
85122,11.2176895,3.5643015,28,GraphSAGE,PCA
164663,-2.945342,0.9736495,25,GraphSAGE,PCA
114850,8.453488,0.71937966,28,GraphSAGE,PCA
165819,5.0354614,-2.6263072,8,GraphSAGE,PCA
53490,1.3795779,-3.351552,33,GraphSAGE,PCA
11384,-3.086524,-1.7035383,24,GraphSAGE,PCA
107596,-4.0932136,-3.4052925,30,GraphSAGE,PCA
93488,-0.4692427,-2.5333686,9,GraphSAGE,PCA
91488,4.123882,-0.603933,18,GraphSAGE,PCA
60856,-0.6574216,0.11379647,6,GraphSAGE,PCA
137080,-3.4036317,0.53851104,24,GraphSAGE,PCA
142972,1.503808,-1.5059912,24,GraphSAGE,PCA
34665,-0.54559237,-0.2540505,34,GraphSAGE,PCA
113584,-4.508961,5.844727,24,GraphSAGE,PCA
15786,-1.6070225,-0.28853416,24,GraphSAGE,PCA
70545,-0.37107375,-3.457395,34,GraphSAGE,PCA
121201,-3.7792666,8.137354,16,GraphSAGE,PCA
22820,-2.3001163,-1.9058194,30,GraphSAGE,PCA
50559,3.166193,-3.269432,19,GraphSAGE,PCA
136149,-0.8756203,-2.917155,23,GraphSAGE,PCA
51475,-3.6752114,-0.7835908,26,GraphSAGE,PCA
168950,-0.89466166,-1.0439471,24,GraphSAGE,PCA
25553,0.23057055,6.1454463,15,GraphSAGE,PCA
95587,-3.200326,1.7211785,16,GraphSAGE,PCA
137040,-2.247416,-1.1088294,24,GraphSAGE,PCA
82012,0.86540383,-3.0106344,29,GraphSAGE,PCA
69251,8.729524,3.5713935,28,GraphSAGE,PCA
94470,8.98575,2.9522877,28,GraphSAGE,PCA
21926,-0.5816928,-2.4569533,34,GraphSAGE,PCA
32627,0.09252989,-1.7316681,31,GraphSAGE,PCA
20143,-1.7080815,5.729197,20,GraphSAGE,PCA
34413,5.505914,-0.80239666,19,GraphSAGE,PCA
54580,10.83568,2.6567626,28,GraphSAGE,PCA
162391,9.552605,2.3056698,28,GraphSAGE,PCA
65445,-3.0737572,0.76176023,24,GraphSAGE,PCA
43269,0.8934172,-4.159478,37,GraphSAGE,PCA
48253,7.2134423,1.2906189,6,GraphSAGE,PCA
13221,0.053808153,-3.1474752,15,GraphSAGE,PCA
122839,-5.018616,-1.4214486,30,GraphSAGE,PCA
66418,2.715329,2.3354912,24,GraphSAGE,PCA
4376,-2.8564181,-2.7086136,13,GraphSAGE,PCA
11031,1.7160316,-1.4747468,37,GraphSAGE,PCA
156952,-0.7893777,-2.656457,34,GraphSAGE,PCA
5368,-0.33963344,-1.5514096,20,GraphSAGE,PCA
138789,-3.6775398,0.5133097,26,GraphSAGE,PCA
151403,11.054524,3.5364842,28,GraphSAGE,PCA
101370,-2.6498656,-3.239828,10,GraphSAGE,PCA
81741,-1.3645678,2.347499,24,GraphSAGE,PCA
135804,-1.471055,-1.7876201,34,GraphSAGE,PCA
125849,-0.0893867,-1.6879114,34,GraphSAGE,PCA
16667,2.5926921,-1.1253315,19,GraphSAGE,PCA
28748,10.290743,3.3011594,28,GraphSAGE,PCA
45246,-0.704152,-1.60264,26,GraphSAGE,PCA
47350,-1.242322,-3.8596344,10,GraphSAGE,PCA
24357,-1.8081031,2.1558938,16,GraphSAGE,PCA
57999,-0.9783572,-0.84540033,16,GraphSAGE,PCA
125543,12.314698,4.7887893,28,GraphSAGE,PCA
29765,2.2618942,-1.8761812,19,GraphSAGE,PCA
497,-3.8285375,3.057845,24,GraphSAGE,PCA
63364,1.6899719,-5.1611524,36,GraphSAGE,PCA
64598,-2.937695,-1.2575846,30,GraphSAGE,PCA
12970,1.6483121,-2.930384,9,GraphSAGE,PCA
136154,0.6192915,-3.5166237,10,GraphSAGE,PCA
163899,-3.5540767,-1.6362019,30,GraphSAGE,PCA
101762,-2.0477602,-2.531225,24,GraphSAGE,PCA
147941,1.875576,-3.6159706,36,GraphSAGE,PCA
104285,-0.5584674,-0.42149568,37,GraphSAGE,PCA
98533,-4.7774296,-1.1887132,30,GraphSAGE,PCA
48228,-0.5565945,8.9885845,16,GraphSAGE,PCA
71022,-0.059612572,-1.2608279,27,GraphSAGE,PCA
92279,7.117245,-0.3902452,28,GraphSAGE,PCA
85941,-2.8076437,5.8332143,16,GraphSAGE,PCA
129564,-1.1173673,-3.44288,4,GraphSAGE,PCA
53479,-6.2532263,-0.4997654,30,GraphSAGE,PCA
15220,12.424921,2.8461628,28,GraphSAGE,PCA
71846,9.4304085,-0.05602193,28,GraphSAGE,PCA
143705,0.9377857,-1.9755652,24,GraphSAGE,PCA
80069,-3.2229443,-0.9156879,24,GraphSAGE,PCA
39554,2.734746,-0.43645668,28,GraphSAGE,PCA
77697,0.12929559,-3.1612513,5,GraphSAGE,PCA
34745,-0.5554806,-2.8189778,33,GraphSAGE,PCA
124626,1.0970786,-0.67652357,27,GraphSAGE,PCA
51584,4.2171655,-1.4971921,34,GraphSAGE,PCA
156319,13.883261,4.674257,28,GraphSAGE,PCA
169006,-1.0347866,11.568024,16,GraphSAGE,PCA
120179,-4.565657,-1.6835723,30,GraphSAGE,PCA
157422,-3.4855387,1.0791383,24,GraphSAGE,PCA
800,-0.99951136,-0.29796243,24,GraphSAGE,PCA
148114,-3.7851071,0.7652581,16,GraphSAGE,PCA
7113,-0.96522415,-3.1258917,6,GraphSAGE,PCA
101610,1.851464,1.8471661,24,GraphSAGE,PCA
120017,-2.7107675,-1.5022312,26,GraphSAGE,PCA
11997,-0.08247125,-3.3965025,36,GraphSAGE,PCA
6511,-1.7854211,-3.0922005,38,GraphSAGE,PCA
114357,-3.5757256,-2.2144306,30,GraphSAGE,PCA
49282,-3.0044966,3.857788,16,GraphSAGE,PCA
99923,0.30842495,-4.3417945,2,GraphSAGE,PCA
50683,-1.0071914,-2.907554,38,GraphSAGE,PCA
35365,-1.1489681,-1.1061537,20,GraphSAGE,PCA
100588,-1.7118998,-3.3055387,23,GraphSAGE,PCA
96672,-4.902427,3.0656004,16,GraphSAGE,PCA
116680,-0.7663089,-1.6089578,10,GraphSAGE,PCA
27178,7.87858,1.4899702,28,GraphSAGE,PCA
160160,-4.3954105,3.414462,31,GraphSAGE,PCA
31977,-0.86077976,1.3218114,24,GraphSAGE,PCA
48162,-4.956963,9.4564,16,GraphSAGE,PCA
45326,5.43583,-0.91212034,28,GraphSAGE,PCA
32919,-3.3688126,10.295076,16,GraphSAGE,PCA
13719,-1.9441392,-0.39986777,24,GraphSAGE,PCA
125917,0.7625064,-0.42968655,28,GraphSAGE,PCA
117205,-0.8513596,-3.3315418,23,GraphSAGE,PCA
146320,-0.6268578,-2.4291406,34,GraphSAGE,PCA
81532,-5.174366,-3.610266,2,GraphSAGE,PCA
15419,3.5057335,-2.3106706,28,GraphSAGE,PCA
113967,-1.7278082,-2.2438998,3,GraphSAGE,PCA
33673,-6.4634204,6.8279424,16,GraphSAGE,PCA
50985,-0.25193903,-2.296956,11,GraphSAGE,PCA
115965,2.7216423,-2.6344557,8,GraphSAGE,PCA
116092,13.577674,4.8550897,28,GraphSAGE,PCA
55863,8.752915,1.2393224,28,GraphSAGE,PCA
147805,-1.6881628,-0.07433009,16,GraphSAGE,PCA
30995,-0.24022648,-3.999074,33,GraphSAGE,PCA
3382,-1.4889804,-0.6218507,13,GraphSAGE,PCA
69245,0.56814116,-4.5188327,2,GraphSAGE,PCA
80474,0.4018833,-4.315012,36,GraphSAGE,PCA
106845,-1.569916,8.078777,21,GraphSAGE,PCA
123677,2.991522,-1.9784024,19,GraphSAGE,PCA
141772,-1.4617424,-4.1524568,10,GraphSAGE,PCA
25665,6.719938,-1.4021378,5,GraphSAGE,PCA
35638,-2.3322659,-0.6367768,24,GraphSAGE,PCA
116831,4.9592886,2.0196266,30,GraphSAGE,PCA
91654,-4.6203704,-0.66717815,30,GraphSAGE,PCA
16320,-3.7415035,-0.7944803,30,GraphSAGE,PCA
6003,12.824881,3.2593489,28,GraphSAGE,PCA
7393,1.017947,-3.8981714,36,GraphSAGE,PCA
143214,2.9405057,-2.3188095,4,GraphSAGE,PCA
86468,-2.1268468,-2.876064,3,GraphSAGE,PCA
138833,-6.1693335,-0.9648187,30,GraphSAGE,PCA
97368,-3.4743607,-1.8847363,31,GraphSAGE,PCA
124351,0.3235631,-3.63908,29,GraphSAGE,PCA
73545,1.8121603,-2.2139733,24,GraphSAGE,PCA
100930,-0.69969636,0.6036346,16,GraphSAGE,PCA
152703,-0.26728326,-3.0518003,23,GraphSAGE,PCA
103651,-3.5835612,10.024923,16,GraphSAGE,PCA
98581,1.0066519,-4.725396,36,GraphSAGE,PCA
143274,8.954677,2.0660596,28,GraphSAGE,PCA
137459,2.0213213,-2.608516,34,GraphSAGE,PCA
119225,-2.4878216,-1.9487503,10,GraphSAGE,PCA
13345,-0.35175633,-4.458942,2,GraphSAGE,PCA
83669,9.019687,2.5447898,28,GraphSAGE,PCA
4913,-0.749823,-1.3661367,20,GraphSAGE,PCA
123857,-1.5828228,-4.491111,2,GraphSAGE,PCA
116075,12.61724,2.8002105,28,GraphSAGE,PCA
20859,0.91531533,-1.0869429,34,GraphSAGE,PCA
4969,-1.440115,0.57153773,34,GraphSAGE,PCA
92626,-2.056885,-2.574723,6,GraphSAGE,PCA
73131,10.1376915,2.0724406,28,GraphSAGE,PCA
15292,-5.7350693,0.469671,30,GraphSAGE,PCA
3107,12.957582,3.0049481,28,GraphSAGE,PCA
75548,-6.1086326,-0.5834135,30,GraphSAGE,PCA
131932,-0.43049765,-4.757597,10,GraphSAGE,PCA
162629,-1.5411623,4.771675,6,GraphSAGE,PCA
88778,-0.065437675,-2.567859,20,GraphSAGE,PCA
115098,-5.4983273,-0.48193944,30,GraphSAGE,PCA
163236,1.4148996,-2.7308946,34,GraphSAGE,PCA
70725,-3.0333576,1.9253459,16,GraphSAGE,PCA
117184,-2.6959717,-2.7999794,3,GraphSAGE,PCA
9678,-0.90845203,1.033097,31,GraphSAGE,PCA
57957,0.48765308,-4.6993093,36,GraphSAGE,PCA
130819,-1.990514,5.8578935,16,GraphSAGE,PCA
150299,-0.1982272,-3.0215073,26,GraphSAGE,PCA
149961,-4.697544,-0.36206937,30,GraphSAGE,PCA
20259,0.2734927,-1.9371568,24,GraphSAGE,PCA
86039,2.5741818,-3.0020163,8,GraphSAGE,PCA
49347,-2.3203633,-2.413921,34,GraphSAGE,PCA
159263,-4.5968075,4.8449335,16,GraphSAGE,PCA
43789,-0.5651933,-3.1052184,34,GraphSAGE,PCA
96844,2.3691943,-3.7549732,4,GraphSAGE,PCA
47778,3.6922994,-2.7146728,4,GraphSAGE,PCA
62451,-1.5142293,-3.035185,10,GraphSAGE,PCA
2774,8.575168,0.94258356,28,GraphSAGE,PCA
127233,6.980745,2.2136812,8,GraphSAGE,PCA
164434,-4.30208,-0.58049226,30,GraphSAGE,PCA
88010,-2.6761103,-1.1240551,4,GraphSAGE,PCA
114199,11.269004,4.175793,28,GraphSAGE,PCA
56934,-2.1461587,-5.3589454,2,GraphSAGE,PCA
40301,-5.38598,-1.829678,30,GraphSAGE,PCA
166762,4.7622075,-1.1066604,8,GraphSAGE,PCA
54363,-2.1820445,6.6047463,16,GraphSAGE,PCA
103351,11.06395,3.4183865,28,GraphSAGE,PCA
50650,0.88667005,-4.124378,36,GraphSAGE,PCA
43173,-3.5041342,1.1296363,25,GraphSAGE,PCA
114819,8.10285,0.9337299,28,GraphSAGE,PCA
166085,-3.250915,6.8244615,24,GraphSAGE,PCA
31013,-5.85943,4.3465886,30,GraphSAGE,PCA
63620,0.88509244,-3.4310045,34,GraphSAGE,PCA
109561,10.257211,2.9408574,8,GraphSAGE,PCA
41963,0.771303,1.555625,27,GraphSAGE,PCA
89581,0.370053,7.016726,16,GraphSAGE,PCA
60812,-2.691106,4.139935,16,GraphSAGE,PCA
77297,0.87649554,-1.6223208,34,GraphSAGE,PCA
9995,2.5335503,-3.1969085,4,GraphSAGE,PCA
137774,2.1810534,-2.1475434,9,GraphSAGE,PCA
48942,-3.3784947,-0.7953794,25,GraphSAGE,PCA
77056,-1.7518985,-3.6439881,37,GraphSAGE,PCA
166932,4.426222,3.5773182,27,GraphSAGE,PCA
143332,-1.4204705,-2.3446503,24,GraphSAGE,PCA
60727,4.284256,-1.6513602,4,GraphSAGE,PCA
154760,-3.3706973,6.844745,16,GraphSAGE,PCA
52784,0.022622943,1.1976695,24,GraphSAGE,PCA
140228,-2.5442834,-0.34578085,24,GraphSAGE,PCA
22499,-2.2248044,0.9521177,37,GraphSAGE,PCA
80485,0.23781979,-2.925137,32,GraphSAGE,PCA
144471,-1.4323515,-2.6816456,3,GraphSAGE,PCA
66315,1.3652768,-2.2613764,28,GraphSAGE,PCA
123410,0.18002295,-3.1911068,15,GraphSAGE,PCA
146527,-3.7024963,3.835559,16,GraphSAGE,PCA
156607,-5.4223847,0.16913486,30,GraphSAGE,PCA
131753,-5.0546336,-0.46475303,30,GraphSAGE,PCA
15502,-3.1965346,-2.9026892,10,GraphSAGE,PCA
73491,2.8981326,-2.7038703,36,GraphSAGE,PCA
108072,0.27944624,1.3733764,27,GraphSAGE,PCA
97020,6.0036364,-0.2551844,8,GraphSAGE,PCA
55897,0.7166324,-3.2356694,4,GraphSAGE,PCA
16908,16.244087,6.0489097,28,GraphSAGE,PCA
107789,2.7446847,0.919965,19,GraphSAGE,PCA
19208,-3.7185583,-0.3825817,24,GraphSAGE,PCA
6389,-0.5821779,-2.5217347,27,GraphSAGE,PCA
97457,-0.40396506,-2.6405172,34,GraphSAGE,PCA
11073,6.183748,1.3557668,28,GraphSAGE,PCA
100982,1.8975587,-2.217022,4,GraphSAGE,PCA
116292,-3.4364388,-3.5507646,10,GraphSAGE,PCA
78757,-3.3683398,3.3123546,6,GraphSAGE,PCA
41768,14.763615,4.901831,28,GraphSAGE,PCA
141637,-3.7559476,0.45755696,10,GraphSAGE,PCA
148136,-3.5019226,7.0076137,16,GraphSAGE,PCA
90866,-0.36536062,0.8505182,5,GraphSAGE,PCA
31337,1.6372318,-3.2354975,36,GraphSAGE,PCA
50742,-0.5887215,-2.8477964,23,GraphSAGE,PCA
68624,-2.4145446,1.4003904,16,GraphSAGE,PCA
121601,-1.1994545,3.7183208,27,GraphSAGE,PCA
74609,16.805828,4.7411127,28,GraphSAGE,PCA
112595,4.4576936,0.5744479,28,GraphSAGE,PCA
58567,-0.36428297,-4.8321056,2,GraphSAGE,PCA
53793,4.6746936,-1.1249086,5,GraphSAGE,PCA
51898,7.5745516,0.9386771,28,GraphSAGE,PCA
56782,-2.0715652,1.008645,39,GraphSAGE,PCA
168766,2.5492964,-0.9102992,28,GraphSAGE,PCA
107982,0.97852486,-3.9487915,36,GraphSAGE,PCA
153303,0.17202997,-2.6938632,4,GraphSAGE,PCA
96385,-0.8937951,0.5511904,21,GraphSAGE,PCA
18802,-3.7157815,-0.6046035,31,GraphSAGE,PCA
148133,0.85411364,-3.2028887,37,GraphSAGE,PCA
14472,1.9672992,-3.1338496,23,GraphSAGE,PCA
166449,-2.2288435,-2.2719455,10,GraphSAGE,PCA
152109,0.6128307,-2.3139653,8,GraphSAGE,PCA
127128,-4.464088,-2.7966232,30,GraphSAGE,PCA
79551,6.328826,-0.8861766,28,GraphSAGE,PCA
42415,-0.52137417,-2.6586783,24,GraphSAGE,PCA
143896,1.8812032,-3.1388278,4,GraphSAGE,PCA
51863,0.2934032,-3.2762702,34,GraphSAGE,PCA
75096,0.4205231,-2.5213323,34,GraphSAGE,PCA
125999,-4.9520984,3.371315,16,GraphSAGE,PCA
164883,-3.4716816,0.96919656,6,GraphSAGE,PCA
118996,-0.427746,-3.9290972,39,GraphSAGE,PCA
17177,-1.5714289,-2.133671,27,GraphSAGE,PCA
117571,-2.844973,8.878944,16,GraphSAGE,PCA
25776,4.9560647,-1.9046543,8,GraphSAGE,PCA
77679,-3.3849928,3.2894893,16,GraphSAGE,PCA
73006,0.21005511,-3.8382654,5,GraphSAGE,PCA
80978,-2.9163907,-2.0040395,24,GraphSAGE,PCA
118430,7.0474277,2.1138706,28,GraphSAGE,PCA
54995,1.290025,-3.3076477,13,GraphSAGE,PCA
96919,-2.6312082,-2.4863682,10,GraphSAGE,PCA
19892,3.8404245,1.9369583,28,GraphSAGE,PCA
53317,13.971629,4.149272,28,GraphSAGE,PCA
42989,-2.5764449,4.29917,16,GraphSAGE,PCA
30673,2.314993,-0.9210193,28,GraphSAGE,PCA
42676,-3.8906043,-1.5878782,30,GraphSAGE,PCA
147574,0.72370785,5.844311,16,GraphSAGE,PCA
43088,-2.3153,0.23377156,16,GraphSAGE,PCA
154557,0.20883977,-2.2220597,34,GraphSAGE,PCA
65949,-3.8839674,7.5368953,3,GraphSAGE,PCA
19574,-0.28361487,-3.824232,34,GraphSAGE,PCA
62517,-1.7335653,-2.4163067,26,GraphSAGE,PCA
109345,-4.1610875,3.311473,16,GraphSAGE,PCA
11515,1.2541549,-2.5368657,8,GraphSAGE,PCA
165369,-4.827418,5.135839,16,GraphSAGE,PCA
48640,8.027225,0.9453733,4,GraphSAGE,PCA
84493,-0.05703008,-2.9755602,39,GraphSAGE,PCA
83932,-4.262847,1.6166534,24,GraphSAGE,PCA
11138,3.2947173,-2.2683237,28,GraphSAGE,PCA
2020,0.2772274,-2.8240554,9,GraphSAGE,PCA
134584,-4.7358685,4.802804,16,GraphSAGE,PCA
29796,-0.04609424,-3.2167408,3,GraphSAGE,PCA
98618,-3.4155412,-0.25563645,24,GraphSAGE,PCA
55579,-3.9310825,4.6194477,16,GraphSAGE,PCA
9707,0.83839756,1.7719331,16,GraphSAGE,PCA
42926,-3.637382,0.40723848,30,GraphSAGE,PCA
118941,-4.1315966,-2.1170826,30,GraphSAGE,PCA
63226,-3.3982022,6.628819,16,GraphSAGE,PCA
93014,-3.8983097,6.526977,24,GraphSAGE,PCA
58272,-4.7349367,3.2107053,16,GraphSAGE,PCA
19001,0.23343837,-3.8577356,33,GraphSAGE,PCA
155075,-2.3939576,-3.0340164,11,GraphSAGE,PCA
153350,-2.2550614,-0.7419466,24,GraphSAGE,PCA
27387,-2.8752487,-3.3520572,10,GraphSAGE,PCA
43460,-2.7909503,-1.3590502,24,GraphSAGE,PCA
52217,-4.7736425,0.64805794,16,GraphSAGE,PCA
96368,-6.205748,7.1450353,16,GraphSAGE,PCA
50039,-3.5112762,1.3629289,10,GraphSAGE,PCA
134982,16.84113,5.4322667,28,GraphSAGE,PCA
37403,12.786372,4.390753,28,GraphSAGE,PCA
28041,-0.5732641,-1.6602508,0,GraphSAGE,PCA
92111,-4.4171667,-1.1867647,30,GraphSAGE,PCA
86852,-0.20674795,-1.1562704,28,GraphSAGE,PCA
152862,-2.9215367,9.505444,16,GraphSAGE,PCA
23443,2.0048006,-3.233797,36,GraphSAGE,PCA
27388,-1.7902722,0.41259384,16,GraphSAGE,PCA
138274,-1.2036247,9.938839,27,GraphSAGE,PCA
95401,-1.0297853,-2.2925448,38,GraphSAGE,PCA
159633,-0.3018093,-3.7376604,2,GraphSAGE,PCA
81966,-3.930654,7.914532,16,GraphSAGE,PCA
129465,-4.8566446,0.15556812,24,GraphSAGE,PCA
1251,-1.1855421,11.223183,16,GraphSAGE,PCA
159996,-2.0530834,-1.0581669,24,GraphSAGE,PCA
110453,4.531753,-0.17112708,28,GraphSAGE,PCA
42355,12.067418,4.429247,28,GraphSAGE,PCA
159220,-5.005552,1.7355771,16,GraphSAGE,PCA
135935,-0.7842188,-2.5153143,34,GraphSAGE,PCA
79741,-1.47824,2.9067779,16,GraphSAGE,PCA
68208,-2.7425199,0.021971226,24,GraphSAGE,PCA
90946,-0.15147093,-3.7356687,10,GraphSAGE,PCA
93350,5.7112813,0.636014,8,GraphSAGE,PCA
100379,-2.3199666,-1.2138653,24,GraphSAGE,PCA
58066,3.5949101,-2.7098355,19,GraphSAGE,PCA
126515,-0.3075181,-1.575985,34,GraphSAGE,PCA
25046,-5.8316455,-0.46309304,30,GraphSAGE,PCA
8200,-1.9042246,-1.905986,24,GraphSAGE,PCA
82941,7.326194,1.0366056,28,GraphSAGE,PCA
61787,-2.1766446,-1.4921126,24,GraphSAGE,PCA
42466,1.6169119,-2.2447882,37,GraphSAGE,PCA
77175,5.022976,-1.3038937,28,GraphSAGE,PCA
68928,-2.3976858,0.9464345,16,GraphSAGE,PCA
8573,0.23845726,-4.4634614,2,GraphSAGE,PCA
82916,-4.495306,3.2396235,24,GraphSAGE,PCA
122168,-3.9792314,3.7884169,16,GraphSAGE,PCA
54090,-0.19024828,-2.2984529,26,GraphSAGE,PCA
124905,-0.035684705,-2.1431177,34,GraphSAGE,PCA
70288,-4.6945405,4.810083,24,GraphSAGE,PCA
151272,-4.839245,7.158709,16,GraphSAGE,PCA
147476,-0.7320259,-1.4654571,10,GraphSAGE,PCA
142092,-1.984179,-2.7180521,10,GraphSAGE,PCA
44609,1.3041718,-4.645712,36,GraphSAGE,PCA
30545,0.10311127,4.0054016,16,GraphSAGE,PCA
145115,-3.5841057,-1.8706572,10,GraphSAGE,PCA
7966,3.03884,-2.5836966,9,GraphSAGE,PCA
70148,-2.0177357,8.150993,16,GraphSAGE,PCA
140343,1.2594242,-2.9577708,15,GraphSAGE,PCA
64808,-4.3974752,8.699532,16,GraphSAGE,PCA
160265,7.4131193,1.4938736,28,GraphSAGE,PCA
43765,2.5342755,-3.33464,36,GraphSAGE,PCA
76339,-3.9618905,6.8222613,16,GraphSAGE,PCA
73965,2.7063413,-2.471499,8,GraphSAGE,PCA
108788,4.2453065,-0.364887,28,GraphSAGE,PCA
7006,-1.8476117,3.5386844,16,GraphSAGE,PCA
140567,-0.99296355,-2.4693885,10,GraphSAGE,PCA
68350,0.14990413,-3.1001067,9,GraphSAGE,PCA
161537,0.2758606,-4.2536774,2,GraphSAGE,PCA
45535,-2.403996,2.0113554,25,GraphSAGE,PCA
124095,-2.651294,-1.9543288,26,GraphSAGE,PCA
16153,3.2215765,-1.9797876,19,GraphSAGE,PCA
57435,-0.24245259,0.04292488,24,GraphSAGE,PCA
141409,4.6183987,-1.392969,4,GraphSAGE,PCA
85720,-3.4759548,3.3009415,16,GraphSAGE,PCA
99418,-0.6080768,-2.5143988,26,GraphSAGE,PCA
132498,7.583232,0.9780519,28,GraphSAGE,PCA
131900,-0.54463583,-3.5849967,2,GraphSAGE,PCA
121997,-4.278618,1.9338536,24,GraphSAGE,PCA
127110,-2.7299247,-3.9870768,2,GraphSAGE,PCA
110373,1.1337581,-2.583506,19,GraphSAGE,PCA
5640,-5.5577793,7.343164,24,GraphSAGE,PCA
22020,-0.30574784,-3.4325993,36,GraphSAGE,PCA
108305,6.3255644,0.12246728,28,GraphSAGE,PCA
45645,-3.59405,-1.6293461,30,GraphSAGE,PCA
15393,-1.2223794,-3.743855,23,GraphSAGE,PCA
5990,0.36032498,-2.6592145,34,GraphSAGE,PCA
127100,2.5430279,-1.1625099,37,GraphSAGE,PCA
73528,16.782413,6.7343926,28,GraphSAGE,PCA
164102,5.953782,-0.741717,28,GraphSAGE,PCA
153011,-3.502758,4.1053586,16,GraphSAGE,PCA
15571,12.231889,3.9332829,28,GraphSAGE,PCA
81340,-6.003336,-2.444159,30,GraphSAGE,PCA
153373,-2.439417,4.2177553,24,GraphSAGE,PCA
11234,-5.8871555,5.8694863,16,GraphSAGE,PCA
50912,0.77259105,-0.9825674,24,GraphSAGE,PCA
126158,-4.0729294,0.8905959,24,GraphSAGE,PCA
133100,1.7211759,-3.7313533,5,GraphSAGE,PCA
166544,-4.95878,-1.5418253,30,GraphSAGE,PCA
126578,-5.4736886,-1.9943898,30,GraphSAGE,PCA
20109,-3.0735207,3.7872977,16,GraphSAGE,PCA
71693,3.7287126,-3.104114,8,GraphSAGE,PCA
28032,-4.231481,6.268459,13,GraphSAGE,PCA
147813,1.3514278,0.43177128,27,GraphSAGE,PCA
79052,-0.6635172,-2.130531,26,GraphSAGE,PCA
139358,-4.54628,-1.7764568,30,GraphSAGE,PCA
121061,-1.6130276,4.2876496,24,GraphSAGE,PCA
165263,-1.4242651,-3.3795052,23,GraphSAGE,PCA
11225,-1.1280894,-0.9603909,10,GraphSAGE,PCA
127752,-4.749406,2.931602,16,GraphSAGE,PCA
5502,0.64510065,3.762004,16,GraphSAGE,PCA
51927,11.763793,2.195828,28,GraphSAGE,PCA
154062,-4.779519,-2.667307,24,GraphSAGE,PCA
87789,-0.067414284,-1.4402659,4,GraphSAGE,PCA
131868,-1.5514762,-2.6015263,13,GraphSAGE,PCA
83233,0.122419655,-2.7141583,5,GraphSAGE,PCA
7414,-0.16591266,-2.090721,14,GraphSAGE,PCA
153277,-1.5877068,2.303041,25,GraphSAGE,PCA
57974,-0.039194882,-0.98846126,24,GraphSAGE,PCA
163560,-2.6806424,-0.16068482,24,GraphSAGE,PCA
98964,-2.7803888,-1.8239456,30,GraphSAGE,PCA
124907,-1.3932948,-2.718311,23,GraphSAGE,PCA
48119,0.16557145,3.4281735,16,GraphSAGE,PCA
33365,-1.0744474,-1.4182838,37,GraphSAGE,PCA
37300,0.5036512,0.4522407,24,GraphSAGE,PCA
4160,6.3382063,-1.1425107,8,GraphSAGE,PCA
99756,9.032499,1.1271715,28,GraphSAGE,PCA
14813,-1.3808856,-2.1298618,34,GraphSAGE,PCA
53977,9.802019,2.5330734,28,GraphSAGE,PCA
54136,-0.16123185,-2.8631697,39,GraphSAGE,PCA
56408,-0.3757626,-3.7065134,2,GraphSAGE,PCA
55966,-5.9231772,-2.3959908,3,GraphSAGE,PCA
161825,-2.4843488,-1.5941446,26,GraphSAGE,PCA
63588,-0.19399583,-2.4264214,34,GraphSAGE,PCA
69042,-0.7997997,-2.601058,24,GraphSAGE,PCA
62508,-3.3869357,-0.71923745,24,GraphSAGE,PCA
150640,9.377471,1.346456,28,GraphSAGE,PCA
31853,-2.4708512,-3.912518,10,GraphSAGE,PCA
45064,-5.5249877,-1.141044,30,GraphSAGE,PCA
46120,-0.5498323,6.522305,16,GraphSAGE,PCA
58162,0.40148467,-3.9309268,2,GraphSAGE,PCA
5416,-1.0496253,0.9430592,4,GraphSAGE,PCA
136129,-1.2469254,-0.30150795,24,GraphSAGE,PCA
45222,-2.9584243,-2.034316,26,GraphSAGE,PCA
55412,-3.6417458,1.8121276,25,GraphSAGE,PCA
39666,-0.8475254,-3.6577163,37,GraphSAGE,PCA
125390,-4.034668,6.05395,16,GraphSAGE,PCA
17872,-3.4649866,0.3540721,13,GraphSAGE,PCA
155989,-4.239631,-2.1462412,10,GraphSAGE,PCA
6531,2.5804336,0.4230008,34,GraphSAGE,PCA
42733,-4.5420513,0.5981889,30,GraphSAGE,PCA
43683,-3.727159,1.4460351,16,GraphSAGE,PCA
99914,-2.163289,0.46299052,16,GraphSAGE,PCA
153169,-2.0279422,-3.2185786,23,GraphSAGE,PCA
12127,-1.5262635,-2.392101,3,GraphSAGE,PCA
2332,3.7160802,-3.0420802,4,GraphSAGE,PCA
57406,1.2087307,-0.89271986,26,GraphSAGE,PCA
101234,-4.0532494,-1.438809,10,GraphSAGE,PCA
74202,-3.6913776,-0.19684696,24,GraphSAGE,PCA
29376,-1.7707913,2.525797,25,GraphSAGE,PCA
129110,5.109613,-0.5343816,8,GraphSAGE,PCA
88050,16.929377,6.15167,28,GraphSAGE,PCA
136291,-1.1617812,-1.9809892,26,GraphSAGE,PCA
85725,-0.80455995,-0.8213563,39,GraphSAGE,PCA
18454,-1.7408042,-3.2043948,36,GraphSAGE,PCA
26891,-2.1330807,-2.3670857,31,GraphSAGE,PCA
86980,-0.8070913,-2.5003655,34,GraphSAGE,PCA
56396,-1.4661245,-2.2779381,24,GraphSAGE,PCA
80688,-4.563473,9.038328,16,GraphSAGE,PCA
163940,-1.5881081,-2.3442392,24,GraphSAGE,PCA
113134,-2.8718195,4.7082486,16,GraphSAGE,PCA
117834,1.0200095,-1.2344972,24,GraphSAGE,PCA
68672,11.659117,4.228264,28,GraphSAGE,PCA
117303,-4.1623898,6.8631167,16,GraphSAGE,PCA
24941,-2.5155063,-4.126418,10,GraphSAGE,PCA
100159,-3.176919,-2.342437,30,GraphSAGE,PCA
37371,5.9677444,0.57842064,28,GraphSAGE,PCA
154717,-4.0769286,-2.5682542,30,GraphSAGE,PCA
149695,-1.2969093,9.06406,1,GraphSAGE,PCA
133257,13.01032,3.0883403,28,GraphSAGE,PCA
48991,-1.6544526,-1.9562922,24,GraphSAGE,PCA
168338,3.8108063,-2.2598348,24,GraphSAGE,PCA
56805,-3.462506,2.2159486,16,GraphSAGE,PCA
123379,-3.1598053,5.9294124,16,GraphSAGE,PCA
112041,3.1235516,-2.5926,26,GraphSAGE,PCA
39381,-2.7434263,2.7724857,16,GraphSAGE,PCA
157307,-0.91245806,0.47365022,24,GraphSAGE,PCA
20467,-2.3547463,-1.2486734,10,GraphSAGE,PCA
91398,-6.0787997,0.32516694,24,GraphSAGE,PCA
81682,-1.1705761,-3.8198113,28,GraphSAGE,PCA
93234,-4.088688,-2.0515666,7,GraphSAGE,PCA
6437,-1.0791357,-4.0170593,9,GraphSAGE,PCA
122414,-0.5050549,-3.352849,24,GraphSAGE,PCA
56589,0.52324075,-3.901302,36,GraphSAGE,PCA
70884,0.46168286,-2.4613743,8,GraphSAGE,PCA
148653,0.17187369,-3.0655942,23,GraphSAGE,PCA
6929,2.6496875,-0.27559304,8,GraphSAGE,PCA
35315,-0.33980888,3.6032906,27,GraphSAGE,PCA
43902,1.0067625,-3.5870671,5,GraphSAGE,PCA
94462,0.1573801,-3.774784,2,GraphSAGE,PCA
9200,5.201473,-1.1451865,8,GraphSAGE,PCA
140819,5.7914553,0.021858215,8,GraphSAGE,PCA
16686,7.9599133,-0.92797434,28,GraphSAGE,PCA
59672,-3.54474,2.9377627,16,GraphSAGE,PCA
107865,-1.9372561,-2.1235116,31,GraphSAGE,PCA
77050,-0.9354803,5.5658565,16,GraphSAGE,PCA
76015,-8.305861,-0.22156,30,GraphSAGE,PCA
118383,-6.630579,-0.29371738,30,GraphSAGE,PCA
50122,8.227253,3.0958705,8,GraphSAGE,PCA
57620,0.56775504,-2.9407797,5,GraphSAGE,PCA
66152,-5.326934,-2.0695858,30,GraphSAGE,PCA
58671,1.2533488,0.9381633,28,GraphSAGE,PCA
83660,9.515798,3.3019896,28,GraphSAGE,PCA
43518,-0.84019035,-2.913777,23,GraphSAGE,PCA
61562,-0.32644382,-1.1025698,20,GraphSAGE,PCA
111461,-6.1011024,-0.99451876,30,GraphSAGE,PCA
83736,-0.48269653,5.7138467,16,GraphSAGE,PCA
29949,-4.484548,3.181334,16,GraphSAGE,PCA
76369,-4.8592587,-1.951975,30,GraphSAGE,PCA
112326,4.957843,0.79009676,27,GraphSAGE,PCA
117998,-1.568485,-0.18738914,13,GraphSAGE,PCA
33066,-1.3487146,-3.4287846,10,GraphSAGE,PCA
93006,9.3315115,2.9600735,8,GraphSAGE,PCA
64724,8.27539,1.6475592,28,GraphSAGE,PCA
66603,-1.3984139,-3.1997495,21,GraphSAGE,PCA
5132,-2.2465763,6.5611377,16,GraphSAGE,PCA
32997,-0.47547418,-2.9899344,23,GraphSAGE,PCA
49787,-3.6900592,0.8422437,24,GraphSAGE,PCA
116749,3.749218,-1.7268182,5,GraphSAGE,PCA
30804,-1.0453961,-1.0420336,20,GraphSAGE,PCA
37458,-2.230126,-0.5179329,26,GraphSAGE,PCA
161312,-2.8621204,-0.8336998,24,GraphSAGE,PCA
150632,-0.7026365,-2.3242657,34,GraphSAGE,PCA
87671,-2.1351335,-1.1064799,10,GraphSAGE,PCA
54380,-3.4738941,8.498421,16,GraphSAGE,PCA
64407,-3.046771,7.5693116,16,GraphSAGE,PCA
142508,13.053721,5.046922,28,GraphSAGE,PCA
141321,-0.18519911,-3.819952,33,GraphSAGE,PCA
68311,-4.070999,0.4886284,24,GraphSAGE,PCA
46170,-1.6093099,-0.21849537,34,GraphSAGE,PCA
166646,-0.43924963,-0.90441966,34,GraphSAGE,PCA
74051,0.35904837,-3.0117166,32,GraphSAGE,PCA
26981,-2.5988662,4.458754,16,GraphSAGE,PCA
141996,-1.5463307,-3.0176778,10,GraphSAGE,PCA
119943,-0.22565272,0.69349813,27,GraphSAGE,PCA
83352,-0.2649622,-3.574183,15,GraphSAGE,PCA
145527,-2.9631963,-1.2954844,24,GraphSAGE,PCA
42761,-1.5771756,-1.8171813,6,GraphSAGE,PCA
160903,-1.0058775,-1.4793093,26,GraphSAGE,PCA
160439,-2.4687176,-0.9902909,24,GraphSAGE,PCA
163060,16.849737,6.379226,28,GraphSAGE,PCA
83003,-4.2682486,1.5148866,10,GraphSAGE,PCA
120659,-0.20346281,2.7076712,16,GraphSAGE,PCA
153664,1.0239277,-1.532735,19,GraphSAGE,PCA
1384,10.827428,3.8793082,28,GraphSAGE,PCA
69993,8.856109,0.4926622,28,GraphSAGE,PCA
90502,6.9788322,1.00558,28,GraphSAGE,PCA
14985,0.036771953,-2.4015336,15,GraphSAGE,PCA
7576,-1.6073716,4.5646954,16,GraphSAGE,PCA
83280,2.8989272,-1.8295622,28,GraphSAGE,PCA
130315,-3.1088314,-1.5972984,24,GraphSAGE,PCA
43917,-3.2093155,0.61219835,24,GraphSAGE,PCA
162801,-1.8166487,-3.5748162,10,GraphSAGE,PCA
156203,6.701559,1.9282007,28,GraphSAGE,PCA
119950,4.6145854,-4.116643,34,GraphSAGE,PCA
8545,-4.3392496,-0.7888969,30,GraphSAGE,PCA
34281,-3.4485233,3.080083,24,GraphSAGE,PCA
21631,-1.3797793,0.37361622,27,GraphSAGE,PCA
3076,0.5155578,-3.7219539,36,GraphSAGE,PCA
78462,-3.6560824,5.128689,16,GraphSAGE,PCA
48096,-2.9476528,0.4474225,13,GraphSAGE,PCA
161602,1.3355012,-4.1340103,5,GraphSAGE,PCA
25000,-2.2736475,4.9068513,16,GraphSAGE,PCA
79278,-1.7907882,8.263308,16,GraphSAGE,PCA
520,-4.39254,3.7689848,16,GraphSAGE,PCA
53519,0.6659244,-3.407352,34,GraphSAGE,PCA
84674,-2.7902138,5.4647307,16,GraphSAGE,PCA
139236,0.61486214,-3.80243,33,GraphSAGE,PCA
17003,-2.6318316,0.06566119,26,GraphSAGE,PCA
74771,-4.696489,-1.8590752,30,GraphSAGE,PCA
12861,-3.2038233,-1.1106435,31,GraphSAGE,PCA
2681,0.21166414,-2.2300522,34,GraphSAGE,PCA
31407,2.465257,-4.262413,36,GraphSAGE,PCA
163200,-4.246874,2.5052757,16,GraphSAGE,PCA
15181,0.073144674,-1.4847968,34,GraphSAGE,PCA
55569,-1.9138443,0.40239787,24,GraphSAGE,PCA
131158,-1.5812416,-4.344763,36,GraphSAGE,PCA
24248,-0.5411128,-2.9542916,10,GraphSAGE,PCA
88600,9.294091,2.4502344,28,GraphSAGE,PCA
90388,-6.2039585,0.6836469,30,GraphSAGE,PCA
158612,2.8970692,-2.230831,5,GraphSAGE,PCA
73525,-1.937144,2.5440416,16,GraphSAGE,PCA
60557,-1.4085351,-3.550971,10,GraphSAGE,PCA
6997,-1.0352598,-0.7874938,24,GraphSAGE,PCA
121812,-1.15754,-3.117955,10,GraphSAGE,PCA
162114,-3.321704,-2.2474825,10,GraphSAGE,PCA
162462,-1.6515687,-3.1354954,9,GraphSAGE,PCA
153549,3.454947,-2.0827513,8,GraphSAGE,PCA
44540,-1.1097004,0.010202885,16,GraphSAGE,PCA
104501,11.327419,3.6405296,28,GraphSAGE,PCA
82907,6.555591,0.09910798,28,GraphSAGE,PCA
130151,12.388575,5.1840286,28,GraphSAGE,PCA
127196,0.85086864,-2.1390958,19,GraphSAGE,PCA
47067,-1.6284254,-1.3964931,27,GraphSAGE,PCA
149380,-2.5330427,-2.184363,10,GraphSAGE,PCA
126235,-2.0887935,-2.620956,24,GraphSAGE,PCA
40840,-0.5659032,3.4320397,16,GraphSAGE,PCA
99386,12.306188,3.8487668,28,GraphSAGE,PCA
166801,11.161453,2.0125022,4,GraphSAGE,PCA
165538,0.53315276,-3.4939263,22,GraphSAGE,PCA
53650,-1.7274754,-4.439726,5,GraphSAGE,PCA
155751,15.318074,3.4601145,28,GraphSAGE,PCA
137833,2.1119573,-3.2299793,4,GraphSAGE,PCA
129378,-0.06500667,-2.0546544,34,GraphSAGE,PCA
16056,5.4865284,-1.2572458,28,GraphSAGE,PCA
16574,0.8684127,-3.6100981,14,GraphSAGE,PCA
121976,-1.1128914,-1.7853141,10,GraphSAGE,PCA
69627,-2.4249325,7.545239,16,GraphSAGE,PCA
141193,1.9595947,-3.1515176,19,GraphSAGE,PCA
56993,-0.2747679,-2.3576598,24,GraphSAGE,PCA
125033,-0.72298765,-2.712287,24,GraphSAGE,PCA
85141,-4.3656306,7.459905,31,GraphSAGE,PCA
104527,11.6142235,3.5257573,8,GraphSAGE,PCA
3608,15.216544,4.243105,28,GraphSAGE,PCA
23954,5.322644,0.9239993,28,GraphSAGE,PCA
98098,3.0389402,1.1368997,28,GraphSAGE,PCA
33929,-2.612128,-0.75226116,30,GraphSAGE,PCA
87674,10.14751,2.176362,8,GraphSAGE,PCA
139979,0.42407042,0.23222733,27,GraphSAGE,PCA
62452,-2.8354948,11.051737,16,GraphSAGE,PCA
969,4.048688,2.8899393,39,GraphSAGE,PCA
133934,-4.5171084,-0.21489525,10,GraphSAGE,PCA
126409,-4.3056674,-2.5302424,30,GraphSAGE,PCA
65136,-0.7150885,-1.5217762,26,GraphSAGE,PCA
53509,0.080240846,-3.9015827,34,GraphSAGE,PCA
75464,-1.7522671,-0.3939209,24,GraphSAGE,PCA
55506,-2.5653408,-1.1368442,24,GraphSAGE,PCA
41042,-2.9851854,-0.8043419,16,GraphSAGE,PCA
74755,1.4192476,-2.4099813,4,GraphSAGE,PCA
2277,0.21877748,-3.0798554,9,GraphSAGE,PCA
68321,3.1050181,-0.116053104,24,GraphSAGE,PCA
17962,2.985696,-1.901686,24,GraphSAGE,PCA
125582,-2.1755736,-2.9458098,24,GraphSAGE,PCA
107666,0.894641,-2.9686332,26,GraphSAGE,PCA
54335,-1.7275345,-2.0647466,3,GraphSAGE,PCA
61777,-2.481897,1.0820267,25,GraphSAGE,PCA
50605,0.83793217,-2.223746,0,GraphSAGE,PCA
101561,0.07824552,-2.51836,29,GraphSAGE,PCA
113300,0.8314356,-2.63784,20,GraphSAGE,PCA
5297,-0.46359736,-2.500139,35,GraphSAGE,PCA
70376,1.3574908,-3.767176,4,GraphSAGE,PCA
46226,2.2741945,-3.2941968,29,GraphSAGE,PCA
44445,-2.4971955,5.101257,16,GraphSAGE,PCA
86272,-2.2626004,-0.54674613,24,GraphSAGE,PCA
89552,2.2789636,-3.638364,34,GraphSAGE,PCA
68498,2.267999,-3.0687747,8,GraphSAGE,PCA
114071,-0.33291224,-3.73428,22,GraphSAGE,PCA
72917,1.6568999,0.3219173,28,GraphSAGE,PCA
34712,8.151866,1.5531769,28,GraphSAGE,PCA
23109,2.9833264,-2.5685751,11,GraphSAGE,PCA
75174,3.9525151,-2.077215,28,GraphSAGE,PCA
47379,0.28627795,-1.9340968,26,GraphSAGE,PCA
89660,-2.0924065,-3.7276788,10,GraphSAGE,PCA
7831,10.569089,2.370482,8,GraphSAGE,PCA
21938,-2.4658897,-2.8072915,24,GraphSAGE,PCA
113665,-1.65909,-2.6322336,10,GraphSAGE,PCA
30929,-4.1912723,-2.5931938,30,GraphSAGE,PCA
25243,8.430537,4.8273344,28,GraphSAGE,PCA
44764,5.731985,-1.2635849,8,GraphSAGE,PCA
23416,-3.0807056,6.780701,16,GraphSAGE,PCA
46758,2.3389542,2.6691365,16,GraphSAGE,PCA
80890,9.819234,1.7602115,28,GraphSAGE,PCA
113991,-4.1721067,-1.8094709,30,GraphSAGE,PCA
146334,-4.185051,-0.0013535023,24,GraphSAGE,PCA
58366,-3.8944523,-0.24937439,31,GraphSAGE,PCA
19162,-5.4637136,4.956809,24,GraphSAGE,PCA
31361,2.4643145,-2.8143213,19,GraphSAGE,PCA
107599,-0.60520554,-1.525657,24,GraphSAGE,PCA
41568,-1.8977108,1.9593468,16,GraphSAGE,PCA
168873,-2.9894187,-2.9250512,38,GraphSAGE,PCA
132430,0.95103353,-3.2243981,9,GraphSAGE,PCA
73806,-1.078269,-1.9250274,3,GraphSAGE,PCA
5833,-5.4469957,5.42834,16,GraphSAGE,PCA
139338,6.517314,-0.047271013,28,GraphSAGE,PCA
52494,0.29125136,2.9042125,24,GraphSAGE,PCA
85990,-0.8520318,-2.228452,24,GraphSAGE,PCA
120912,0.97230273,-3.1776154,19,GraphSAGE,PCA
139833,-3.6375873,-1.0376936,31,GraphSAGE,PCA
4224,2.4260716,-0.7422389,19,GraphSAGE,PCA
55399,-2.4661841,2.8438258,16,GraphSAGE,PCA
84571,-5.9857526,-0.039502382,30,GraphSAGE,PCA
47144,-0.98224854,-3.125212,23,GraphSAGE,PCA
23190,2.3846877,-2.498326,21,GraphSAGE,PCA
124637,-1.0209718,5.040454,16,GraphSAGE,PCA
124756,-0.9801662,2.5204678,24,GraphSAGE,PCA
78593,-5.253833,0.19620156,30,GraphSAGE,PCA
68647,-7.343194,4.913711,13,GraphSAGE,PCA
11780,-0.19956788,-3.4848683,33,GraphSAGE,PCA
51280,-0.09703523,5.838884,27,GraphSAGE,PCA
56178,-0.10825926,-4.0801463,2,GraphSAGE,PCA
141820,-1.4908638,-2.3974476,25,GraphSAGE,PCA
111484,0.34019595,-1.2927139,34,GraphSAGE,PCA
110942,0.29707867,-2.361752,3,GraphSAGE,PCA
14618,-0.45412284,-4.1202383,22,GraphSAGE,PCA
74559,6.381654,1.0352082,8,GraphSAGE,PCA
24903,-1.4385493,5.6182275,16,GraphSAGE,PCA
89679,1.55882,-2.3415642,8,GraphSAGE,PCA
163267,-1.6890657,-0.56933427,24,GraphSAGE,PCA
106497,-3.2566044,-2.4556303,24,GraphSAGE,PCA
114587,-1.0725422,4.8694706,16,GraphSAGE,PCA
15714,-0.21283397,-3.0425704,24,GraphSAGE,PCA
42647,8.037128,0.725662,8,GraphSAGE,PCA
20522,-3.675782,-2.3644192,30,GraphSAGE,PCA
153245,-0.12129763,-2.6074195,36,GraphSAGE,PCA
78959,-0.1353277,-2.5427043,11,GraphSAGE,PCA
102310,-3.3075662,-0.90887225,31,GraphSAGE,PCA
97543,6.3005924,-0.37865567,36,GraphSAGE,PCA
39971,-1.608571,3.5166988,16,GraphSAGE,PCA
166894,0.08907628,-2.620977,32,GraphSAGE,PCA
140856,-1.7837772,-1.5397711,13,GraphSAGE,PCA
33043,-2.9813588,-0.62609744,16,GraphSAGE,PCA
62546,0.37517208,-2.5890481,18,GraphSAGE,PCA
108601,6.6585917,2.3291202,28,GraphSAGE,PCA
142155,7.0373926,1.4462874,28,GraphSAGE,PCA
156594,0.34984374,-3.171265,24,GraphSAGE,PCA
35597,-2.4313838,2.3169508,37,GraphSAGE,PCA
16192,-0.14871159,-2.6803956,28,GraphSAGE,PCA
121417,10.101934,1.3881593,28,GraphSAGE,PCA
86175,-0.8245604,-4.256274,2,GraphSAGE,PCA
155889,-1.8002651,-1.0457792,6,GraphSAGE,PCA
98095,-3.393452,10.699003,16,GraphSAGE,PCA
76728,0.97934574,-2.4434168,34,GraphSAGE,PCA
120441,1.5071809,-2.2767458,19,GraphSAGE,PCA
36316,-0.19858667,-1.7141018,24,GraphSAGE,PCA
62352,0.033121645,-2.1565824,4,GraphSAGE,PCA
28912,-4.3457575,2.0109715,24,GraphSAGE,PCA
160432,-1.6787374,-3.0745173,38,GraphSAGE,PCA
61029,-0.49391457,0.8599684,24,GraphSAGE,PCA
3859,-4.723342,2.4484248,16,GraphSAGE,PCA
121257,5.8530507,-0.5064422,28,GraphSAGE,PCA
21573,-3.3078244,-2.1476889,30,GraphSAGE,PCA
160348,-0.7306658,-2.3920853,27,GraphSAGE,PCA
153471,-3.1530085,4.489368,24,GraphSAGE,PCA
51640,-4.522522,0.45476985,24,GraphSAGE,PCA
90102,1.2966089,-4.298213,36,GraphSAGE,PCA
84327,1.097506,-0.67492115,4,GraphSAGE,PCA
119544,-0.8155186,-2.6425574,26,GraphSAGE,PCA
78149,0.7934603,-2.7142932,34,GraphSAGE,PCA
86647,-0.75583416,2.6802945,27,GraphSAGE,PCA
140427,-6.1247625,-1.2532047,30,GraphSAGE,PCA
30338,-0.9218768,-3.5859637,24,GraphSAGE,PCA
120713,0.6688548,2.1443734,27,GraphSAGE,PCA
116264,-1.7873948,8.810751,16,GraphSAGE,PCA
12408,-3.595956,-3.073957,24,GraphSAGE,PCA
166338,-1.4098089,8.628323,16,GraphSAGE,PCA
122368,-1.2193129,-3.8433459,23,GraphSAGE,PCA
109615,-2.4870746,4.4927216,16,GraphSAGE,PCA
25404,1.6932337,-1.6977698,28,GraphSAGE,PCA
83000,2.048287,-3.4840517,14,GraphSAGE,PCA
94592,-0.8057643,1.0504928,39,GraphSAGE,PCA
105564,-4.473251,-2.178301,30,GraphSAGE,PCA
69022,-0.69760543,-3.0740044,23,GraphSAGE,PCA
79567,9.14644,2.9448266,28,GraphSAGE,PCA
101690,-2.367706,-0.84205186,27,GraphSAGE,PCA
155203,10.305878,3.5232368,28,GraphSAGE,PCA
101541,-0.971308,-0.7078347,20,GraphSAGE,PCA
9996,-5.1472673,1.0928762,30,GraphSAGE,PCA
140577,0.7236206,-2.9492362,34,GraphSAGE,PCA
11034,-3.2822201,-2.7244911,24,GraphSAGE,PCA
12929,2.1416125,2.9470344,28,GraphSAGE,PCA
130580,-3.6554224,8.206936,16,GraphSAGE,PCA
167206,-0.46824896,5.848472,16,GraphSAGE,PCA
31668,-5.2508354,7.2098994,16,GraphSAGE,PCA
160586,1.7526233,-1.2361394,34,GraphSAGE,PCA
38483,-1.7974114,-1.9868803,22,GraphSAGE,PCA
149867,1.3876042,-2.6396508,4,GraphSAGE,PCA
32457,-2.8802974,5.6895347,25,GraphSAGE,PCA
160506,0.24118954,-3.2659,29,GraphSAGE,PCA
118328,-0.36425537,-3.6699824,10,GraphSAGE,PCA
126232,-0.98200744,-3.5058203,23,GraphSAGE,PCA
144436,-0.4123037,-3.9491234,20,GraphSAGE,PCA
1993,-4.011605,3.5037885,24,GraphSAGE,PCA
84254,0.059620738,-4.0978723,36,GraphSAGE,PCA
157489,-5.5755806,3.8317199,16,GraphSAGE,PCA
85757,7.6251574,0.89026,28,GraphSAGE,PCA
153029,12.782577,3.5051136,28,GraphSAGE,PCA
50232,-0.21164775,-2.1445026,30,GraphSAGE,PCA
2955,10.058546,1.9660363,28,GraphSAGE,PCA
88115,2.8140576,-1.0004255,28,GraphSAGE,PCA
153795,-5.2129846,0.24322104,30,GraphSAGE,PCA
100690,1.4313056,-3.149352,7,GraphSAGE,PCA
33313,1.7547188,-1.2163045,18,GraphSAGE,PCA
72134,-3.247532,8.359478,16,GraphSAGE,PCA
153156,4.7408404,-0.8827541,8,GraphSAGE,PCA
93881,-1.5307472,4.9827447,16,GraphSAGE,PCA
167147,-1.1821529,0.61254,24,GraphSAGE,PCA
23113,-1.281064,-2.5441442,6,GraphSAGE,PCA
29230,1.8357091,-1.4443212,8,GraphSAGE,PCA
13766,-1.0270581,1.8552494,16,GraphSAGE,PCA
68488,-0.58117735,-2.0053766,13,GraphSAGE,PCA
26863,-3.9960887,2.3939352,16,GraphSAGE,PCA
75266,8.444775,1.6561394,8,GraphSAGE,PCA
95168,-4.401572,-1.1899611,30,GraphSAGE,PCA
36995,-4.1443243,0.72464705,24,GraphSAGE,PCA
143087,8.881855,0.93403196,19,GraphSAGE,PCA
7040,-0.7189361,-4.9250836,2,GraphSAGE,PCA
29495,-4.433143,-1.5877414,10,GraphSAGE,PCA
40632,-1.8149724,1.3630819,10,GraphSAGE,PCA
114976,-3.3634892,-1.8474978,6,GraphSAGE,PCA
99844,0.3763752,-3.65792,5,GraphSAGE,PCA
102730,-1.0297647,-3.6547399,23,GraphSAGE,PCA
78601,0.26519012,-2.5079741,28,GraphSAGE,PCA
143086,-2.6780515,-2.5836873,38,GraphSAGE,PCA
17010,-5.3342004,4.475534,24,GraphSAGE,PCA
7586,-2.2938,-3.327333,37,GraphSAGE,PCA
117768,-0.57921064,-0.12526512,39,GraphSAGE,PCA
36669,-1.6364264,10.670494,16,GraphSAGE,PCA
134121,-1.6540554,-1.8795063,24,GraphSAGE,PCA
86387,-0.6609131,-3.5990233,9,GraphSAGE,PCA
128518,-0.06118375,-4.8063602,2,GraphSAGE,PCA
104514,-0.99814606,-3.1631525,10,GraphSAGE,PCA
101009,11.72644,3.2667265,28,GraphSAGE,PCA
40983,2.4900582,-0.3808999,1,GraphSAGE,PCA
106571,2.8779495,-3.1357374,19,GraphSAGE,PCA
89976,-3.3511007,7.0777,16,GraphSAGE,PCA
72677,-0.37368032,-1.6420672,24,GraphSAGE,PCA
53847,-2.8482604,-0.9146178,24,GraphSAGE,PCA
3051,1.8189111,-2.400811,4,GraphSAGE,PCA
59418,-1.8137233,0.9951179,24,GraphSAGE,PCA
117729,-4.239181,4.767251,16,GraphSAGE,PCA
79771,-3.9495702,-2.2363815,33,GraphSAGE,PCA
58287,-1.3469493,4.992182,16,GraphSAGE,PCA
17346,-1.1371297,-4.247511,22,GraphSAGE,PCA
7606,4.599893,-1.076034,8,GraphSAGE,PCA
121438,-2.758892,8.11974,16,GraphSAGE,PCA
37139,0.2871157,-3.3516254,36,GraphSAGE,PCA
122536,11.559319,4.2560925,28,GraphSAGE,PCA
59523,-5.4063797,6.7900577,16,GraphSAGE,PCA
127701,-3.5238833,0.20196962,26,GraphSAGE,PCA
78981,-3.340663,0.13256812,24,GraphSAGE,PCA
152417,7.0150766,0.64660454,8,GraphSAGE,PCA
49695,-4.936602,4.7761183,16,GraphSAGE,PCA
92604,-0.1544688,-3.3406196,22,GraphSAGE,PCA
81768,-1.7253497,-3.2000544,10,GraphSAGE,PCA
144192,-4.6329374,2.4773388,24,GraphSAGE,PCA
157749,-3.5548704,2.54276,16,GraphSAGE,PCA
158832,-2.3673224,0.40831685,13,GraphSAGE,PCA
99208,-3.151351,-1.4473498,24,GraphSAGE,PCA
32517,-2.8826208,-1.6660738,26,GraphSAGE,PCA
119962,-4.892354,2.2572374,24,GraphSAGE,PCA
23330,10.760248,3.5997043,28,GraphSAGE,PCA
109234,-0.2452505,-3.0745041,4,GraphSAGE,PCA
133778,-1.2482572,-1.5747098,20,GraphSAGE,PCA
33564,-0.52616996,4.7307014,16,GraphSAGE,PCA
148527,-0.5625088,-2.0875819,3,GraphSAGE,PCA
24833,2.1429589,-2.144138,36,GraphSAGE,PCA
167530,-4.163187,2.1465302,24,GraphSAGE,PCA
90949,-3.966262,1.5741191,27,GraphSAGE,PCA
55801,-0.41034833,-3.4128776,5,GraphSAGE,PCA
149612,-1.6867137,-1.5940464,9,GraphSAGE,PCA
98316,-3.0317655,0.17977786,24,GraphSAGE,PCA
29562,2.6502519,-0.17822218,24,GraphSAGE,PCA
90731,-4.3847313,7.0619035,16,GraphSAGE,PCA
1823,-3.9650297,6.129722,16,GraphSAGE,PCA
20884,10.456302,2.6614537,28,GraphSAGE,PCA
147821,1.9514995,-4.4179196,36,GraphSAGE,PCA
103744,-1.2118031,-1.6256065,34,GraphSAGE,PCA
132876,-4.364002,1.6195374,16,GraphSAGE,PCA
74797,-0.65289557,-0.8262918,9,GraphSAGE,PCA
11884,11.18079,3.4595618,28,GraphSAGE,PCA
63340,-0.44867337,-2.622488,9,GraphSAGE,PCA
73305,0.9622107,-2.8402176,22,GraphSAGE,PCA
111712,-1.3620169,0.3503971,24,GraphSAGE,PCA
73610,-3.656453,2.522399,24,GraphSAGE,PCA
37888,-2.6852012,3.4556665,16,GraphSAGE,PCA
100407,-2.1715908,-0.13503838,24,GraphSAGE,PCA
85903,-3.6486325,4.2730656,16,GraphSAGE,PCA
25723,-0.513906,-2.662924,26,GraphSAGE,PCA
16985,-2.1119833,-3.3162615,10,GraphSAGE,PCA
140507,8.277932,1.5494866,28,GraphSAGE,PCA
3680,-3.120324,3.6139793,16,GraphSAGE,PCA
3596,-0.52551633,-2.0018237,34,GraphSAGE,PCA
133288,10.148921,2.7659783,28,GraphSAGE,PCA
96300,3.8512645,-2.2963772,28,GraphSAGE,PCA
152817,-2.154342,0.26253462,16,GraphSAGE,PCA
9094,-1.4993548,1.3932111,34,GraphSAGE,PCA
1672,12.707038,4.655936,28,GraphSAGE,PCA
10751,-0.14570183,-3.5752468,5,GraphSAGE,PCA
113770,-0.72973794,-2.2299476,26,GraphSAGE,PCA
45530,1.1524537,-3.179781,5,GraphSAGE,PCA
147633,-0.9997929,-2.0056496,26,GraphSAGE,PCA
108579,1.5868194,-1.1011695,15,GraphSAGE,PCA
42257,2.8799655,-2.2417393,8,GraphSAGE,PCA
29302,5.8364487,3.4708452,28,GraphSAGE,PCA
18543,-0.5850765,0.20562053,4,GraphSAGE,PCA
52374,-4.273468,7.415135,24,GraphSAGE,PCA
161596,-3.6008,6.8237386,27,GraphSAGE,PCA
3502,-0.14090258,-3.5112236,34,GraphSAGE,PCA
166973,-1.1145746,-0.65482295,13,GraphSAGE,PCA
91716,-4.7617154,9.922249,16,GraphSAGE,PCA
163021,0.6525622,-4.0265093,22,GraphSAGE,PCA
125716,1.5857191,-2.1118689,26,GraphSAGE,PCA
17353,0.24208498,-1.6889552,34,GraphSAGE,PCA
37726,-4.7060623,1.0862582,24,GraphSAGE,PCA
9326,-1.2056315,-0.76138866,5,GraphSAGE,PCA
73888,-1.7210722,-2.2936673,23,GraphSAGE,PCA
163147,-4.168415,-1.7450132,26,GraphSAGE,PCA
140817,5.5653567,-0.52419424,8,GraphSAGE,PCA
88149,14.69179,4.8671293,8,GraphSAGE,PCA
31244,-2.654362,6.3498893,16,GraphSAGE,PCA
71209,0.09759724,-3.9674811,2,GraphSAGE,PCA
21064,-2.4835174,-1.7357881,30,GraphSAGE,PCA
87345,-0.7411758,2.538342,5,GraphSAGE,PCA
54750,-1.7143891,-0.2849126,6,GraphSAGE,PCA
70215,-6.435308,5.2735014,24,GraphSAGE,PCA
55227,-1.9343338,-1.2105227,24,GraphSAGE,PCA
168704,6.62914,-0.37576127,28,GraphSAGE,PCA
124045,-2.4002986,2.2153544,16,GraphSAGE,PCA
112356,0.5106972,-3.5119112,18,GraphSAGE,PCA
165858,-1.8830905,-1.8806536,34,GraphSAGE,PCA
68310,-1.4422278,-2.7820299,10,GraphSAGE,PCA
105419,2.362919,-1.7758982,6,GraphSAGE,PCA
95325,1.5618448,-0.80265546,8,GraphSAGE,PCA
83702,-5.2344074,7.4507346,16,GraphSAGE,PCA
28877,-2.9648066,-1.3318951,25,GraphSAGE,PCA
92855,4.2197666,-2.4313054,8,GraphSAGE,PCA
13343,2.0522552,-1.4104909,28,GraphSAGE,PCA
90622,2.4792237,-2.3069296,8,GraphSAGE,PCA
105462,4.664322,-0.5502529,18,GraphSAGE,PCA
53128,-1.0138416,-0.1691773,24,GraphSAGE,PCA
6250,0.28935176,-0.6663438,28,GraphSAGE,PCA
44565,0.15850198,-2.8506012,24,GraphSAGE,PCA
159059,0.73869973,-3.5909653,34,GraphSAGE,PCA
132216,-3.5270946,-2.9050598,30,GraphSAGE,PCA
96348,1.5356278,-2.8149214,37,GraphSAGE,PCA
150045,-2.7579892,6.0890994,16,GraphSAGE,PCA
152234,-0.10052383,-4.2226725,22,GraphSAGE,PCA
163119,-1.6133876,6.999597,16,GraphSAGE,PCA
74348,0.32917166,-4.0415072,4,GraphSAGE,PCA
163216,-2.758079,9.869219,16,GraphSAGE,PCA
40003,0.26769102,-4.3340387,34,GraphSAGE,PCA
72832,1.5678086,1.7479005,28,GraphSAGE,PCA
155446,-4.1641784,-2.0377398,24,GraphSAGE,PCA
50210,-0.5684702,-2.3947723,18,GraphSAGE,PCA
37237,-0.100720644,-4.340258,5,GraphSAGE,PCA
137921,3.4105349,0.011713266,19,GraphSAGE,PCA
110650,3.597382,-1.7980232,8,GraphSAGE,PCA
87529,6.1860504,-2.3656964,28,GraphSAGE,PCA
62786,-0.8882195,-1.8149472,5,GraphSAGE,PCA
33760,0.502024,-0.31290698,19,GraphSAGE,PCA
53398,-2.9590516,5.6848483,16,GraphSAGE,PCA
154503,1.4624674,-3.000979,36,GraphSAGE,PCA
66572,6.0453477,0.8213222,28,GraphSAGE,PCA
142421,-2.6094804,-3.514989,2,GraphSAGE,PCA
167288,-0.19863182,-2.1709378,18,GraphSAGE,PCA
105831,5.0178475,0.7467115,28,GraphSAGE,PCA
165856,-0.3238806,-3.59582,2,GraphSAGE,PCA
87242,-0.57852376,-2.9657784,5,GraphSAGE,PCA
18110,-2.4271615,7.5157256,16,GraphSAGE,PCA
164007,-1.9885011,-0.9160278,24,GraphSAGE,PCA
1460,-1.0956297,-3.1152303,23,GraphSAGE,PCA
164547,-0.53029054,-2.5683274,19,GraphSAGE,PCA
124348,-1.1306336,1.8445578,20,GraphSAGE,PCA
96465,-1.268511,0.44295788,27,GraphSAGE,PCA
105799,0.25609958,-3.5086918,10,GraphSAGE,PCA
43537,8.040323,0.9654751,28,GraphSAGE,PCA
112992,-3.5042696,-1.2652613,24,GraphSAGE,PCA
41478,-2.802004,4.907938,16,GraphSAGE,PCA
57934,0.22976005,-2.3364186,5,GraphSAGE,PCA
47517,-2.890898,8.020441,16,GraphSAGE,PCA
120171,-6.3239107,3.8785152,24,GraphSAGE,PCA
37092,-0.030432105,-3.6535683,23,GraphSAGE,PCA
133664,4.450623,-1.1496667,8,GraphSAGE,PCA
165437,-4.560338,-1.8068709,30,GraphSAGE,PCA
59626,-1.7051854,2.9439068,16,GraphSAGE,PCA
140744,-2.7538652,6.2274737,16,GraphSAGE,PCA
81507,2.0353203,-3.5685885,36,GraphSAGE,PCA
125236,6.9527907,0.41225863,28,GraphSAGE,PCA
25905,-4.863557,-1.0050224,31,GraphSAGE,PCA
82853,5.595853,2.8708978,28,GraphSAGE,PCA
156442,5.412537,-0.1923883,28,GraphSAGE,PCA
150035,-3.0210588,2.1879888,16,GraphSAGE,PCA
41408,13.274258,4.062766,28,GraphSAGE,PCA
38210,0.8232259,-2.9806867,3,GraphSAGE,PCA
168239,-0.16472602,-2.5396307,5,GraphSAGE,PCA
125830,-0.3361766,3.0029974,31,GraphSAGE,PCA
47967,1.3329728,-2.1171277,34,GraphSAGE,PCA
68288,1.3809483,0.2496996,27,GraphSAGE,PCA
51029,2.6193848,-0.85773516,18,GraphSAGE,PCA
106273,0.3828706,-3.2308717,5,GraphSAGE,PCA
65479,2.4481664,-0.52617836,28,GraphSAGE,PCA
54041,-0.38012803,-2.7926733,8,GraphSAGE,PCA
32339,-2.3152351,0.30393577,24,GraphSAGE,PCA
103804,-0.09771967,2.020319,27,GraphSAGE,PCA
66544,-0.33686587,-4.7711153,2,GraphSAGE,PCA
27724,-5.560232,8.457329,16,GraphSAGE,PCA
160155,6.1354523,-1.0688576,28,GraphSAGE,PCA
155894,-2.053628,10.46805,16,GraphSAGE,PCA
17486,0.6613497,-1.9821864,26,GraphSAGE,PCA
25558,-1.5648885,9.872484,16,GraphSAGE,PCA
161607,-0.97718346,-3.193205,23,GraphSAGE,PCA
94423,-3.9908676,1.2369423,24,GraphSAGE,PCA
35698,-4.2007246,-2.4057224,30,GraphSAGE,PCA
5325,4.3936257,1.1736605,28,GraphSAGE,PCA
117533,-1.5598645,-2.0087972,13,GraphSAGE,PCA
167325,-4.562103,2.590568,10,GraphSAGE,PCA
89251,6.3308473,1.0811286,28,GraphSAGE,PCA
127437,-4.9132185,6.468633,16,GraphSAGE,PCA
60714,-0.669317,-3.2056408,28,GraphSAGE,PCA
71559,-0.94413763,3.7806349,16,GraphSAGE,PCA
107050,-5.0185256,-2.1221344,10,GraphSAGE,PCA
94,-2.8890646,1.6596575,24,GraphSAGE,PCA
97260,-0.52547824,-1.8729358,39,GraphSAGE,PCA
15769,-1.3057677,-0.4212985,24,GraphSAGE,PCA
23865,-1.4892716,0.14809155,16,GraphSAGE,PCA
35937,8.129631,0.17225218,28,GraphSAGE,PCA
70574,10.721348,2.660695,28,GraphSAGE,PCA
29968,-2.1145296,-3.779298,2,GraphSAGE,PCA
97578,-2.6767511,0.92555237,6,GraphSAGE,PCA
74650,-0.5125731,-3.2496278,23,GraphSAGE,PCA
85013,-3.8231802,0.33707833,13,GraphSAGE,PCA
159417,-2.1600943,0.8957379,24,GraphSAGE,PCA
160399,3.8039494,-0.97240484,8,GraphSAGE,PCA
77592,-4.8498645,-0.40199065,24,GraphSAGE,PCA
169314,-1.9109659,1.138315,16,GraphSAGE,PCA
81766,-1.3226511,-1.6148335,25,GraphSAGE,PCA
55484,-2.3315833,-4.1571007,10,GraphSAGE,PCA
152710,7.09239,1.0948071,28,GraphSAGE,PCA
85269,-3.252872,-1.3127989,31,GraphSAGE,PCA
79793,2.0202231,-2.9885263,28,GraphSAGE,PCA
110783,-0.53388375,-2.1180391,34,GraphSAGE,PCA
85444,-3.3297813,-2.4778907,6,GraphSAGE,PCA
67913,-3.9894803,5.5215073,16,GraphSAGE,PCA
11905,3.168233,-0.35832787,26,GraphSAGE,PCA
19883,-3.2110775,2.5732422,24,GraphSAGE,PCA
169169,-0.8212875,-2.812749,39,GraphSAGE,PCA
165476,-0.6492919,-4.967368,22,GraphSAGE,PCA
99748,-2.9459252,3.9881535,24,GraphSAGE,PCA
106384,-1.2153549,-2.9261813,10,GraphSAGE,PCA
87597,-2.8566828,-1.8168396,26,GraphSAGE,PCA
158902,11.315402,2.126718,28,GraphSAGE,PCA
81493,-0.3783545,1.5419319,24,GraphSAGE,PCA
154066,-5.0781803,1.7904696,24,GraphSAGE,PCA
153766,-6.0965734,0.4963634,30,GraphSAGE,PCA
119545,-2.1069021,-1.9953065,24,GraphSAGE,PCA
102689,8.049318,0.55309725,28,GraphSAGE,PCA
13694,-0.9940274,-2.3176534,23,GraphSAGE,PCA
82719,-3.7487736,7.300485,16,GraphSAGE,PCA
89564,-0.27895704,-3.110211,9,GraphSAGE,PCA
78306,0.96651405,-2.8573363,4,GraphSAGE,PCA
159233,-2.1343248,-1.8459827,3,GraphSAGE,PCA
126009,6.4461093,-1.2855871,5,GraphSAGE,PCA
6154,-0.94524574,-2.272277,10,GraphSAGE,PCA
90445,-3.1530924,5.7030177,16,GraphSAGE,PCA
76867,-2.722071,-1.3444555,24,GraphSAGE,PCA
137501,-3.4893906,-1.970104,37,GraphSAGE,PCA
140101,1.6767783,-0.5691203,4,GraphSAGE,PCA
39284,-5.892896,-1.5587014,30,GraphSAGE,PCA
127761,-0.17944032,-2.962807,36,GraphSAGE,PCA
123112,5.3020015,0.9616256,28,GraphSAGE,PCA
137962,4.056063,-1.681479,19,GraphSAGE,PCA
73076,-4.290437,-1.9154284,31,GraphSAGE,PCA
54796,-2.1212206,-2.8983297,33,GraphSAGE,PCA
36851,-4.7912436,0.013345242,24,GraphSAGE,PCA
165074,6.0466013,1.2381318,28,GraphSAGE,PCA
14370,-1.2021892,-0.45920122,24,GraphSAGE,PCA
72120,-3.513801,15.991352,16,GraphSAGE,PCA
67787,-5.2812214,-1.1690898,30,GraphSAGE,PCA
8526,8.602701,2.7166977,28,GraphSAGE,PCA
74053,3.321789,-3.2248645,36,GraphSAGE,PCA
124509,-0.29431194,-3.7045603,9,GraphSAGE,PCA
12275,-1.1551473,-0.51637805,24,GraphSAGE,PCA
100994,-3.4167154,8.961359,16,GraphSAGE,PCA
113126,-3.7715592,1.6250906,24,GraphSAGE,PCA
92738,-0.39554867,-3.4536788,34,GraphSAGE,PCA
111829,-1.0908055,3.1535134,16,GraphSAGE,PCA
102325,-0.20052573,0.7515199,27,GraphSAGE,PCA
114944,-3.6687436,-1.5291524,24,GraphSAGE,PCA
54269,-6.2612486,0.38539767,30,GraphSAGE,PCA
22387,-4.422573,9.670763,16,GraphSAGE,PCA
153265,1.119631,-1.9737117,4,GraphSAGE,PCA
103346,7.7443304,1.7377539,28,GraphSAGE,PCA
25709,11.774707,4.2383504,28,GraphSAGE,PCA
101158,-4.483451,-0.8469398,30,GraphSAGE,PCA
73799,1.1913273,-1.6796412,4,GraphSAGE,PCA
103069,-2.052046,3.288763,6,GraphSAGE,PCA
47161,-0.14348483,-1.3177532,0,GraphSAGE,PCA
91870,-4.2137375,-2.0824902,30,GraphSAGE,PCA
56223,4.3046927,-1.3793297,8,GraphSAGE,PCA
48039,2.8719087,-2.0426838,19,GraphSAGE,PCA
41222,18.427599,6.481128,28,GraphSAGE,PCA
94284,-1.0153059,-3.444219,10,GraphSAGE,PCA
166807,-1.1384044,-1.7130265,10,GraphSAGE,PCA
48900,0.97306854,-3.4302337,5,GraphSAGE,PCA
18487,-1.9983518,0.37429047,24,GraphSAGE,PCA
150802,-1.3944509,2.2686343,16,GraphSAGE,PCA
107821,-2.152347,1.7261071,16,GraphSAGE,PCA
114189,-3.2329023,6.7069316,16,GraphSAGE,PCA
74990,-4.477274,-0.3643787,31,GraphSAGE,PCA
35906,-1.954031,-3.5506968,37,GraphSAGE,PCA
124761,-0.36516,1.0269272,27,GraphSAGE,PCA
50998,-0.8351201,-1.2778763,22,GraphSAGE,PCA
34233,-1.434506,1.0313256,24,GraphSAGE,PCA
126811,-5.672787,-1.5667986,30,GraphSAGE,PCA
146127,0.129713,-2.3674943,26,GraphSAGE,PCA
12887,3.0649076,-1.6342134,26,GraphSAGE,PCA
146116,2.4221745,-3.4604359,5,GraphSAGE,PCA
141963,-2.8579423,4.93356,16,GraphSAGE,PCA
107058,-5.8161535,-1.7942841,30,GraphSAGE,PCA
113725,3.0950243,-3.8949485,36,GraphSAGE,PCA
157962,1.6035838,-2.6269646,19,GraphSAGE,PCA
54737,-0.2799111,-2.000678,18,GraphSAGE,PCA
114230,9.534765,2.6399198,28,GraphSAGE,PCA
139591,0.41422874,1.718174,27,GraphSAGE,PCA
132539,0.49314934,-2.931654,21,GraphSAGE,PCA
40838,2.4440608,2.2253098,20,GraphSAGE,PCA
125200,4.170227,3.4066958,28,GraphSAGE,PCA
25451,8.840113,0.10990763,28,GraphSAGE,PCA
69945,0.0408715,-1.934932,24,GraphSAGE,PCA
43218,1.1419668,-1.6766815,34,GraphSAGE,PCA
129542,3.3938646,-0.96898866,28,GraphSAGE,PCA
132055,-2.283832,9.773176,16,GraphSAGE,PCA
69745,-0.17290416,-1.0804741,20,GraphSAGE,PCA
28135,8.480063,0.8151002,28,GraphSAGE,PCA
11310,-1.8550549,-3.9086437,2,GraphSAGE,PCA
77529,-6.1740136,-2.353956,30,GraphSAGE,PCA
27828,-0.32760832,-4.4392405,37,GraphSAGE,PCA
57372,9.700804,2.1282892,28,GraphSAGE,PCA
116808,0.8775969,-1.7539392,3,GraphSAGE,PCA
74172,-3.1619349,5.102401,24,GraphSAGE,PCA
68728,-2.1242266,6.1493087,16,GraphSAGE,PCA
118166,11.459663,3.2522264,28,GraphSAGE,PCA
155644,-2.055435,-2.3365543,24,GraphSAGE,PCA
86564,-3.2702038,-2.1796458,10,GraphSAGE,PCA
72948,0.0407784,-3.0372994,39,GraphSAGE,PCA
105854,-2.967604,-0.72829425,24,GraphSAGE,PCA
50987,-4.378935,7.3009143,16,GraphSAGE,PCA
146261,-2.3268838,-0.7273874,24,GraphSAGE,PCA
67865,5.530879,-1.9567041,28,GraphSAGE,PCA
104603,-4.59986,-2.42974,26,GraphSAGE,PCA
6176,-1.6756096,-4.167208,37,GraphSAGE,PCA
128398,7.670499,1.1452363,28,GraphSAGE,PCA
14097,-4.457301,8.992626,16,GraphSAGE,PCA
96204,-0.8351947,-2.6645608,2,GraphSAGE,PCA
121847,1.5809481,-1.9524497,34,GraphSAGE,PCA
137162,-1.9826248,-2.9197836,30,GraphSAGE,PCA
87531,6.380826,-0.6606977,28,GraphSAGE,PCA
21976,0.086494565,-2.4147775,34,GraphSAGE,PCA
4991,-1.1574149,-2.4038215,34,GraphSAGE,PCA
12279,-4.767073,-0.9163184,25,GraphSAGE,PCA
14540,15.747914,6.0245767,28,GraphSAGE,PCA
164122,9.7834425,3.2874975,28,GraphSAGE,PCA
10160,-1.2610159,-5.2344646,10,GraphSAGE,PCA
11823,-6.6281676,7.285729,16,GraphSAGE,PCA
63079,-3.2638156,-1.9368541,3,GraphSAGE,PCA
19916,7.4516478,0.29659986,4,GraphSAGE,PCA
31073,-3.64599,-1.1320047,30,GraphSAGE,PCA
14923,-2.7221165,0.4525175,16,GraphSAGE,PCA
22081,10.524395,2.2561684,28,GraphSAGE,PCA
168608,1.1052558,-1.7210389,5,GraphSAGE,PCA
48248,0.30821586,-3.1069007,5,GraphSAGE,PCA
28045,-3.4971747,4.9372187,16,GraphSAGE,PCA
137282,1.1377075,-1.3106142,11,GraphSAGE,PCA
55079,-0.56024176,-2.805726,10,GraphSAGE,PCA
136971,-1.3288339,-2.317182,13,GraphSAGE,PCA
152872,10.270771,3.7508955,8,GraphSAGE,PCA
112431,1.0276511,-2.7669547,9,GraphSAGE,PCA
149723,0.11971468,-2.8513117,2,GraphSAGE,PCA
28126,-5.766981,5.3690147,24,GraphSAGE,PCA
161242,-2.1386127,3.8102865,27,GraphSAGE,PCA
43631,-1.0499773,10.370468,16,GraphSAGE,PCA
23386,0.7404348,-3.5455866,36,GraphSAGE,PCA
21308,2.9006026,-1.773015,28,GraphSAGE,PCA
95951,-1.8475189,-2.0214894,24,GraphSAGE,PCA
161081,-3.3113985,-2.5613053,38,GraphSAGE,PCA
57969,1.8545868,1.3947875,8,GraphSAGE,PCA
9641,-1.6366291,-0.48400688,24,GraphSAGE,PCA
134617,10.750933,2.895905,28,GraphSAGE,PCA
138838,-0.96759623,-0.24925041,5,GraphSAGE,PCA
147273,-2.0882378,-3.6111062,30,GraphSAGE,PCA
2869,-0.5576913,-3.126254,22,GraphSAGE,PCA
33422,0.070331335,-4.735749,36,GraphSAGE,PCA
51485,18.769062,6.589497,28,GraphSAGE,PCA
106211,-3.491255,4.4304423,16,GraphSAGE,PCA
10140,-0.25031316,-2.719617,5,GraphSAGE,PCA
74552,-1.2568771,0.76930666,9,GraphSAGE,PCA
20416,-2.2985165,5.455081,24,GraphSAGE,PCA
78964,-0.30303112,1.4739451,20,GraphSAGE,PCA
17053,-1.2073402,-0.51452684,34,GraphSAGE,PCA
88166,-2.007907,-2.7093441,38,GraphSAGE,PCA
153911,-5.0763297,7.0619082,16,GraphSAGE,PCA
123391,1.0555017,-4.180465,9,GraphSAGE,PCA
61626,-2.6951294,1.2130554,27,GraphSAGE,PCA
105408,-0.50219536,-4.391142,2,GraphSAGE,PCA
17899,-4.1244607,4.782203,16,GraphSAGE,PCA
117759,-2.4146442,-1.5213095,34,GraphSAGE,PCA
73401,8.80707,2.811624,28,GraphSAGE,PCA
158975,11.728712,2.1908379,28,GraphSAGE,PCA
56456,7.6570024,0.7151983,28,GraphSAGE,PCA
4508,-3.7648427,-1.071427,30,GraphSAGE,PCA
67609,-1.8428166,-3.9385924,10,GraphSAGE,PCA
38271,-1.4294811,-2.2513945,21,GraphSAGE,PCA
131947,-6.05692,0.47384453,30,GraphSAGE,PCA
40752,-0.5725694,-2.7885365,34,GraphSAGE,PCA
132532,-3.564995,-2.093934,38,GraphSAGE,PCA
129252,1.0125744,-2.6922462,4,GraphSAGE,PCA
67927,0.90667003,-3.4731653,36,GraphSAGE,PCA
88123,0.045244336,-3.3656368,3,GraphSAGE,PCA
90837,0.72608143,-2.9855514,2,GraphSAGE,PCA
35815,-0.22314397,-2.3799298,24,GraphSAGE,PCA
49419,1.5882788,-1.9924495,34,GraphSAGE,PCA
146911,-2.1276913,7.2742724,16,GraphSAGE,PCA
121875,0.9399627,-2.338069,5,GraphSAGE,PCA
123751,-3.5525718,-1.6271911,30,GraphSAGE,PCA
37037,-4.032367,5.1488013,24,GraphSAGE,PCA
143747,-3.9601967,-1.0700139,24,GraphSAGE,PCA
87047,6.3398027,-0.408113,39,GraphSAGE,PCA
42731,-4.413511,-2.4693944,31,GraphSAGE,PCA
89382,10.964824,2.3733482,28,GraphSAGE,PCA
124359,-4.259648,-0.057193756,31,GraphSAGE,PCA
59688,0.5141136,0.23970008,26,GraphSAGE,PCA
8440,-1.0392154,0.5938926,24,GraphSAGE,PCA
143867,0.70343095,-4.2495875,36,GraphSAGE,PCA
156783,8.930203,1.6850305,28,GraphSAGE,PCA
69068,-0.10804403,-4.578848,2,GraphSAGE,PCA
65762,-1.6042082,2.1578612,16,GraphSAGE,PCA
139546,-1.46562,-1.4451396,26,GraphSAGE,PCA
5124,-0.9411758,0.4966364,27,GraphSAGE,PCA
124484,-1.156964,-2.9610171,23,GraphSAGE,PCA
143509,-3.7789302,-2.6267014,30,GraphSAGE,PCA
135738,-1.494374,-1.577414,34,GraphSAGE,PCA
57775,8.601089,0.5868826,28,GraphSAGE,PCA
75059,0.17191613,0.70638394,25,GraphSAGE,PCA
9158,4.6603613,1.8799801,39,GraphSAGE,PCA
78691,-3.0687864,-0.48046792,24,GraphSAGE,PCA
82217,3.67453,-1.2461716,28,GraphSAGE,PCA
100438,1.496489,-1.9043796,4,GraphSAGE,PCA
93486,2.1172419,-3.8245306,36,GraphSAGE,PCA
53123,4.5904794,0.6682768,28,GraphSAGE,PCA
118105,-2.925161,-3.9413362,2,GraphSAGE,PCA
152273,-0.67540026,-3.1483479,2,GraphSAGE,PCA
36524,-4.4139795,-1.4601619,30,GraphSAGE,PCA
75560,-2.8449218,-0.9792788,23,GraphSAGE,PCA
4056,6.821568,-0.2738695,8,GraphSAGE,PCA
157268,0.27952975,0.65032387,24,GraphSAGE,PCA
137633,-0.5690403,2.2338552,39,GraphSAGE,PCA
155095,-3.791905,8.166273,16,GraphSAGE,PCA
109245,-3.3820462,1.8441949,16,GraphSAGE,PCA
48799,4.0593486,-1.4105238,8,GraphSAGE,PCA
100600,0.38903308,-2.9979897,34,GraphSAGE,PCA
39054,3.5802636,0.3714738,28,GraphSAGE,PCA
55887,-2.1632771,-2.0647933,24,GraphSAGE,PCA
34423,-5.829897,2.504405,16,GraphSAGE,PCA
127784,-2.5781357,6.58524,16,GraphSAGE,PCA
41395,-3.6739755,3.759983,16,GraphSAGE,PCA
49993,5.787547,0.6713836,4,GraphSAGE,PCA
129406,1.7164268,-2.2348547,4,GraphSAGE,PCA
146591,9.901788,2.4781404,28,GraphSAGE,PCA
79649,-2.3783216,2.11829,24,GraphSAGE,PCA
162596,1.8512938,-1.2819835,13,GraphSAGE,PCA
101220,0.26571816,-3.8533566,35,GraphSAGE,PCA
63511,8.5462055,3.0702443,28,GraphSAGE,PCA
99659,-0.038921475,2.1028051,8,GraphSAGE,PCA
130712,-1.6890419,-2.2384558,24,GraphSAGE,PCA
85711,-2.0701494,8.43145,16,GraphSAGE,PCA
47130,1.8701131,-1.5561187,24,GraphSAGE,PCA
16148,-1.1318812,-2.231728,34,GraphSAGE,PCA
145274,-1.0147312,-2.950361,7,GraphSAGE,PCA
102139,-4.0070767,-2.4514909,30,GraphSAGE,PCA
68424,0.6555849,-3.360353,5,GraphSAGE,PCA
99123,0.43973464,-0.24394679,26,GraphSAGE,PCA
15565,2.712798,-1.3993809,8,GraphSAGE,PCA
36853,-2.49658,-2.2457151,23,GraphSAGE,PCA
163713,-4.5700903,0.12356138,16,GraphSAGE,PCA
11787,4.814567,-1.1446395,8,GraphSAGE,PCA
78641,0.8830913,-3.0224147,9,GraphSAGE,PCA
109399,-2.3895278,-3.1518621,10,GraphSAGE,PCA
105904,-0.99093163,-2.1856353,30,GraphSAGE,PCA
58997,-4.395368,2.394678,16,GraphSAGE,PCA
58418,1.6551805,-3.074163,9,GraphSAGE,PCA
65094,2.11634,0.5692811,27,GraphSAGE,PCA
163315,-5.376829,-1.1533597,30,GraphSAGE,PCA
26011,-1.0884261,-1.1721268,26,GraphSAGE,PCA
152311,7.13939,1.6688843,28,GraphSAGE,PCA
135110,-2.1933637,-1.4392506,24,GraphSAGE,PCA
119784,-0.83607304,-1.8930016,27,GraphSAGE,PCA
1320,-3.7269394,10.068253,16,GraphSAGE,PCA
159412,-4.970371,7.982405,16,GraphSAGE,PCA
75305,1.0562143,-2.0735066,24,GraphSAGE,PCA
131967,-3.8087373,-2.5433004,30,GraphSAGE,PCA
55916,-0.5997645,-3.1887698,5,GraphSAGE,PCA
31286,-4.780815,3.4684668,16,GraphSAGE,PCA
132221,-2.62304,-1.9562063,24,GraphSAGE,PCA
86807,-2.5142705,-0.88862956,24,GraphSAGE,PCA
41981,-1.6084352,-2.4085996,26,GraphSAGE,PCA
112512,-0.83550227,-2.7342272,24,GraphSAGE,PCA
48044,16.55396,5.99935,28,GraphSAGE,PCA
122230,-6.055056,4.462336,24,GraphSAGE,PCA
128500,-3.5696394,5.293241,16,GraphSAGE,PCA
40945,-4.8745866,1.6191344,24,GraphSAGE,PCA
132465,-0.06555313,-2.7258902,15,GraphSAGE,PCA
151546,0.27164835,-1.7311327,4,GraphSAGE,PCA
159489,-4.26844,8.280828,16,GraphSAGE,PCA
130594,-0.15909904,-3.0341675,34,GraphSAGE,PCA
138102,-3.721352,1.6807194,24,GraphSAGE,PCA
65572,-1.8809013,2.2284083,16,GraphSAGE,PCA
142347,-3.1529758,2.5438142,10,GraphSAGE,PCA
166268,-5.0305705,2.376916,16,GraphSAGE,PCA
83836,-0.70981634,-2.079648,26,GraphSAGE,PCA
83859,-6.4584603,-0.5564629,30,GraphSAGE,PCA
111594,-2.0918171,-3.1286178,10,GraphSAGE,PCA
83462,6.480325,-1.1335478,28,GraphSAGE,PCA
51231,-0.49580535,7.387235,27,GraphSAGE,PCA
39557,-0.33603588,-3.578413,23,GraphSAGE,PCA
163779,0.36435115,-4.127002,2,GraphSAGE,PCA
19559,-2.0902197,8.899748,16,GraphSAGE,PCA
70308,-4.8711624,-1.36133,4,GraphSAGE,PCA
47777,-3.0252295,-1.741345,30,GraphSAGE,PCA
103064,-2.192916,7.58929,16,GraphSAGE,PCA
124376,3.8384986,-1.6024064,28,GraphSAGE,PCA
26762,8.697885,0.185637,28,GraphSAGE,PCA
136187,-0.2705728,-2.6974783,24,GraphSAGE,PCA
7687,-1.6230023,-2.4682243,10,GraphSAGE,PCA
123618,-0.94660366,-0.9677881,26,GraphSAGE,PCA
163416,-1.6555302,-2.6374683,4,GraphSAGE,PCA
87549,1.7905128,-4.836876,9,GraphSAGE,PCA
31090,-0.4836641,-1.8070678,27,GraphSAGE,PCA
145516,0.40446728,-3.4315805,24,GraphSAGE,PCA
9413,-4.247034,1.5931373,16,GraphSAGE,PCA
73237,13.791434,5.7342257,28,GraphSAGE,PCA
161877,-3.1830633,3.273652,16,GraphSAGE,PCA
120902,0.8036187,-3.489132,3,GraphSAGE,PCA
17586,-0.643335,-3.4292521,2,GraphSAGE,PCA
155785,0.07265943,-1.2777534,24,GraphSAGE,PCA
26396,-2.838113,4.153547,16,GraphSAGE,PCA
129614,-2.7235851,-1.8356032,24,GraphSAGE,PCA
20212,-0.04433298,-1.7467008,5,GraphSAGE,PCA
21296,-3.2110553,-0.06779933,24,GraphSAGE,PCA
100018,-5.202722,6.139789,24,GraphSAGE,PCA
126152,-1.8096776,-1.7591481,3,GraphSAGE,PCA
89252,-0.47617882,-0.5827389,3,GraphSAGE,PCA
102740,-4.72661,-1.9265258,30,GraphSAGE,PCA
16428,4.573991,-0.7355393,28,GraphSAGE,PCA
50763,-3.221312,1.156959,24,GraphSAGE,PCA
89885,-2.3917918,1.3540671,16,GraphSAGE,PCA
143995,-3.4201062,7.3851047,16,GraphSAGE,PCA
142475,-5.7033234,8.205952,16,GraphSAGE,PCA
8389,-2.3551626,6.044123,16,GraphSAGE,PCA
86825,-0.6418185,-2.7113295,9,GraphSAGE,PCA
37793,-1.747551,-2.2253318,6,GraphSAGE,PCA
12032,-0.9066285,-4.3578706,2,GraphSAGE,PCA
140839,-4.4856896,5.0752654,24,GraphSAGE,PCA
41197,-1.2696171,9.4217415,16,GraphSAGE,PCA
141275,0.17025745,-4.2174406,22,GraphSAGE,PCA
101970,-3.1827745,-2.801107,10,GraphSAGE,PCA
152300,-0.19031301,-3.8339152,2,GraphSAGE,PCA
65198,-5.0000086,-1.9791036,24,GraphSAGE,PCA
35018,-3.6338506,-0.34788418,10,GraphSAGE,PCA
26692,8.036631,3.253965,24,GraphSAGE,PCA
129976,0.04124832,-2.9753237,15,GraphSAGE,PCA
71963,-5.3387876,-1.593488,30,GraphSAGE,PCA
106128,-1.3848764,-1.9613302,10,GraphSAGE,PCA
130595,-3.405207,-0.92252827,24,GraphSAGE,PCA
26885,-2.965363,-3.0277805,30,GraphSAGE,PCA
14120,-0.6766889,-4.2761793,33,GraphSAGE,PCA
5830,-4.2040305,5.8350196,16,GraphSAGE,PCA
42473,3.2743633,-2.6489155,4,GraphSAGE,PCA
66276,-5.240118,-1.6870432,30,GraphSAGE,PCA
104934,-0.9395751,-1.4745771,27,GraphSAGE,PCA
140571,-0.25145444,-1.1854538,24,GraphSAGE,PCA
66888,-5.70033,0.7614455,30,GraphSAGE,PCA
37305,-1.6384695,-2.6216457,23,GraphSAGE,PCA
154400,7.821906,2.028678,8,GraphSAGE,PCA
66752,-5.857131,-1.3091664,30,GraphSAGE,PCA
85245,-0.47603193,1.2981656,24,GraphSAGE,PCA
156702,1.2169547,-3.8947034,36,GraphSAGE,PCA
3919,-2.57614,-2.9346957,38,GraphSAGE,PCA
22421,1.1585212,4.690069,24,GraphSAGE,PCA
45766,-2.5905008,-0.49508607,26,GraphSAGE,PCA
42294,-0.8963789,-3.4771872,4,GraphSAGE,PCA
19685,-3.14087,2.0205212,24,GraphSAGE,PCA
45517,2.5366318,-2.0858214,19,GraphSAGE,PCA
99850,-1.041401,-4.2539644,22,GraphSAGE,PCA
44172,2.9851186,0.27806568,4,GraphSAGE,PCA
105668,3.5628624,-2.4476848,4,GraphSAGE,PCA
133286,3.4775486,-1.4553466,8,GraphSAGE,PCA
167790,1.569967,-3.4662228,5,GraphSAGE,PCA
150704,-4.168127,5.2744627,16,GraphSAGE,PCA
35161,-2.7281525,9.98341,16,GraphSAGE,PCA
132184,-4.4430695,3.3070197,16,GraphSAGE,PCA
31920,-2.8187525,-2.8427234,38,GraphSAGE,PCA
48059,-0.24517944,-3.7258382,9,GraphSAGE,PCA
39517,0.60181516,-3.5321665,9,GraphSAGE,PCA
77019,-1.0583988,0.6421282,24,GraphSAGE,PCA
67007,0.36022168,-1.5320108,24,GraphSAGE,PCA
30782,0.82572776,-3.5344815,5,GraphSAGE,PCA
28852,-4.2350883,3.2054343,16,GraphSAGE,PCA
33304,2.1758158,-2.5524094,5,GraphSAGE,PCA
21755,-0.66096044,-1.2241477,0,GraphSAGE,PCA
77753,-0.2511732,-3.7323434,10,GraphSAGE,PCA
68757,-1.5015333,1.6995692,27,GraphSAGE,PCA
16238,0.9750609,-3.1772811,39,GraphSAGE,PCA
160997,-1.4597147,-1.8304572,10,GraphSAGE,PCA
125305,0.5949165,-3.4502068,33,GraphSAGE,PCA
166478,-2.7239065,5.8880515,16,GraphSAGE,PCA
121196,-4.052361,-2.7799017,37,GraphSAGE,PCA
164902,-1.0851611,-1.4535761,39,GraphSAGE,PCA
40831,0.5300775,-2.6427436,34,GraphSAGE,PCA
11878,-0.777201,-2.3395662,13,GraphSAGE,PCA
153338,-3.6534882,4.4573627,1,GraphSAGE,PCA
40376,-3.1240027,-2.1604261,24,GraphSAGE,PCA
66985,7.68923,1.6981187,28,GraphSAGE,PCA
108378,-4.199702,-0.69354415,30,GraphSAGE,PCA
68395,-1.6467547,4.684273,24,GraphSAGE,PCA
27370,-0.72022426,-2.9406276,8,GraphSAGE,PCA
163248,-5.9811754,3.0566287,16,GraphSAGE,PCA
22297,-0.75783765,0.8244095,16,GraphSAGE,PCA
114659,-3.0852628,2.1070414,16,GraphSAGE,PCA
166943,-2.5303595,5.5439076,16,GraphSAGE,PCA
106663,-1.3139137,-2.4713092,38,GraphSAGE,PCA
87429,-1.6008096,-1.842704,26,GraphSAGE,PCA
143130,11.258946,2.861291,28,GraphSAGE,PCA
123075,-0.6325867,-1.7242635,26,GraphSAGE,PCA
79622,4.487187,-0.7212441,8,GraphSAGE,PCA
72293,-2.4322,4.100429,16,GraphSAGE,PCA
68102,2.4996965,-3.388636,36,GraphSAGE,PCA
93733,-2.4812326,0.9854021,16,GraphSAGE,PCA
32469,-5.8787346,9.141779,16,GraphSAGE,PCA
28700,-2.0237248,-0.81195056,39,GraphSAGE,PCA
167998,0.068047225,-1.0861622,4,GraphSAGE,PCA
39292,0.9492015,-1.4397731,19,GraphSAGE,PCA
61709,-2.5509994,5.284687,24,GraphSAGE,PCA
25949,-4.1953244,6.750995,16,GraphSAGE,PCA
124083,-3.9290543,7.575234,16,GraphSAGE,PCA
56202,-3.3881457,-2.4186237,3,GraphSAGE,PCA
65646,-4.3077984,13.407412,16,GraphSAGE,PCA
23308,4.3277464,-1.5230148,34,GraphSAGE,PCA
168615,-1.585576,-1.9773802,5,GraphSAGE,PCA
127499,-2.8118813,-0.032842875,6,GraphSAGE,PCA
134529,12.695535,4.3216653,28,GraphSAGE,PCA
121065,-4.2156014,4.8050566,16,GraphSAGE,PCA
86191,2.4086356,1.8632131,1,GraphSAGE,PCA
149085,-2.5557811,-0.08717847,28,GraphSAGE,PCA
34548,5.2752333,-0.083800554,4,GraphSAGE,PCA
34688,8.637187,1.0633099,28,GraphSAGE,PCA
6418,0.046646833,-3.4520962,35,GraphSAGE,PCA
146664,-0.35876197,-4.7600813,2,GraphSAGE,PCA
165122,-1.9394555,-3.67011,37,GraphSAGE,PCA
60379,1.9317477,-2.906026,4,GraphSAGE,PCA
94875,-4.095271,7.469562,16,GraphSAGE,PCA
95014,-5.2096376,2.4998565,24,GraphSAGE,PCA
715,-4.295355,5.279434,16,GraphSAGE,PCA
169181,-4.2191386,3.977717,16,GraphSAGE,PCA
35394,-0.7723349,-2.776043,9,GraphSAGE,PCA
139711,-1.1149262,0.41768909,16,GraphSAGE,PCA
138726,5.381827,0.4867065,8,GraphSAGE,PCA
122572,0.7466511,-3.7098978,5,GraphSAGE,PCA
62844,-0.4362087,-3.963763,9,GraphSAGE,PCA
96152,-0.16493395,-2.842405,34,GraphSAGE,PCA
128218,-0.33142525,-1.8403246,24,GraphSAGE,PCA
101050,0.86098176,-1.5276864,24,GraphSAGE,PCA
128874,2.2916229,-1.9425863,19,GraphSAGE,PCA
128845,-0.30019516,-4.5477123,2,GraphSAGE,PCA
42034,-3.6374433,-2.9132762,6,GraphSAGE,PCA
116207,-0.68874055,-4.794832,5,GraphSAGE,PCA
71851,-1.2278879,3.0813584,16,GraphSAGE,PCA
163799,2.1679163,0.7930443,27,GraphSAGE,PCA
71427,-0.7704926,-1.0529867,34,GraphSAGE,PCA
888,2.0573363,-2.0672052,8,GraphSAGE,PCA
43957,-3.105832,-1.4673847,31,GraphSAGE,PCA
93308,-2.3455641,5.992658,16,GraphSAGE,PCA
160235,-3.0008292,2.9204435,24,GraphSAGE,PCA
56853,1.9290571,-0.601338,28,GraphSAGE,PCA
45886,0.41810805,-3.0452652,24,GraphSAGE,PCA
159543,-2.5753555,5.8281207,27,GraphSAGE,PCA
39084,0.12090826,-2.6836662,6,GraphSAGE,PCA
69821,3.0869653,-2.123226,4,GraphSAGE,PCA
135313,0.17592484,-2.4786963,18,GraphSAGE,PCA
166007,-4.4270644,-2.3505282,30,GraphSAGE,PCA
112593,2.6543934,-1.9999516,9,GraphSAGE,PCA
49745,-5.6015806,-1.1750958,30,GraphSAGE,PCA
23268,-3.5401661,7.8160768,16,GraphSAGE,PCA
127830,-0.392908,2.0584626,24,GraphSAGE,PCA
151735,-1.1936811,0.8253825,20,GraphSAGE,PCA
153073,0.40540224,-3.8899646,36,GraphSAGE,PCA
43980,0.37671643,-3.0096302,18,GraphSAGE,PCA
162677,8.827713,2.4492278,28,GraphSAGE,PCA
134908,-4.161629,5.4343777,16,GraphSAGE,PCA
37490,-0.55528,-2.0823793,34,GraphSAGE,PCA
29152,4.4404793,-1.5209682,4,GraphSAGE,PCA
122928,1.4996996,-2.8233383,34,GraphSAGE,PCA
31887,-2.6668842,-2.7980545,23,GraphSAGE,PCA
111478,1.5819187,-2.664063,8,GraphSAGE,PCA
113204,-4.4835505,-0.9360986,6,GraphSAGE,PCA
523,-0.710035,-3.0619478,36,GraphSAGE,PCA
138592,-2.857457,-1.976658,30,GraphSAGE,PCA
9870,-1.1603143,-2.801406,9,GraphSAGE,PCA
66940,0.18624753,-0.49977493,27,GraphSAGE,PCA
127201,6.1804614,-0.06900716,8,GraphSAGE,PCA
157732,7.5771513,0.8908918,28,GraphSAGE,PCA
104577,12.102259,4.290952,28,GraphSAGE,PCA
9628,-4.0683093,0.39360142,24,GraphSAGE,PCA
124075,0.57132894,-2.1673656,4,GraphSAGE,PCA
32432,-2.683543,-0.79962623,24,GraphSAGE,PCA
37147,-0.13608587,-2.300303,34,GraphSAGE,PCA
28214,-4.3644485,6.557017,16,GraphSAGE,PCA
35798,0.76991886,-3.5614767,9,GraphSAGE,PCA
49234,-1.3829274,-3.9226177,9,GraphSAGE,PCA
102126,-2.7314844,-2.550454,31,GraphSAGE,PCA
92555,-0.16017392,-0.49216998,24,GraphSAGE,PCA
165264,-0.53554744,-1.9608032,5,GraphSAGE,PCA
57268,-0.3518575,-3.975061,39,GraphSAGE,PCA
71760,4.097859,-1.2535448,8,GraphSAGE,PCA
156003,-3.970961,-0.19949651,26,GraphSAGE,PCA
104510,-0.79582566,-3.4790072,39,GraphSAGE,PCA
100751,1.2615676,-2.0534868,26,GraphSAGE,PCA
136628,-0.5763387,-2.5586488,2,GraphSAGE,PCA
44549,-2.5671337,-1.7810831,23,GraphSAGE,PCA
124466,2.3642454,-2.9898043,8,GraphSAGE,PCA
66747,-2.5596285,7.016194,16,GraphSAGE,PCA
21303,6.6901746,-0.018339396,28,GraphSAGE,PCA
52238,1.3355353,-2.8874943,34,GraphSAGE,PCA
26643,0.34887546,-2.4660802,34,GraphSAGE,PCA
147885,13.091634,4.447178,28,GraphSAGE,PCA
19698,-4.4640913,1.3751783,6,GraphSAGE,PCA
145064,0.9364498,-2.0476408,8,GraphSAGE,PCA
111002,-2.5225496,1.0522935,24,GraphSAGE,PCA
165325,1.7330155,-2.4340973,28,GraphSAGE,PCA
128054,-1.8392694,5.647981,16,GraphSAGE,PCA
140900,-3.7061183,4.124189,16,GraphSAGE,PCA
11415,5.2095613,0.022315264,28,GraphSAGE,PCA
131789,0.46248645,-4.7860184,10,GraphSAGE,PCA
32703,-3.8807688,-2.17205,30,GraphSAGE,PCA
37422,-1.5427893,-2.5973208,24,GraphSAGE,PCA
118483,-1.4389427,-0.55621386,24,GraphSAGE,PCA
18058,-4.518795,6.366133,16,GraphSAGE,PCA
164451,-1.0580797,1.974226,27,GraphSAGE,PCA
139041,4.134245,2.1196923,28,GraphSAGE,PCA
106785,-4.125282,9.901995,16,GraphSAGE,PCA
91768,0.2574517,-0.8502058,4,GraphSAGE,PCA
126887,0.16756225,0.78417873,25,GraphSAGE,PCA
94429,-0.497569,-3.141971,27,GraphSAGE,PCA
75015,0.89783007,-4.1475725,23,GraphSAGE,PCA
67704,4.1363497,-4.2058706,36,GraphSAGE,PCA
81760,4.714466,-0.4100337,4,GraphSAGE,PCA
82157,-1.2614641,-3.8287194,37,GraphSAGE,PCA
77896,0.8237098,-1.8526042,24,GraphSAGE,PCA
79313,-1.2699012,6.353644,16,GraphSAGE,PCA
96508,-3.0350392,3.65479,16,GraphSAGE,PCA
2627,-2.5628352,3.8997827,16,GraphSAGE,PCA
169335,-5.998349,-0.31620955,30,GraphSAGE,PCA
13488,4.2408175,-0.28118086,28,GraphSAGE,PCA
126356,-2.6829603,6.66052,16,GraphSAGE,PCA
76612,4.875121,-1.042503,8,GraphSAGE,PCA
59636,-3.5860186,4.182665,16,GraphSAGE,PCA
131550,-5.3765435,0.118115425,10,GraphSAGE,PCA
83819,-5.2466593,6.9973054,16,GraphSAGE,PCA
151025,-1.7698798,-2.642733,34,GraphSAGE,PCA
138356,-2.3409026,3.8518338,24,GraphSAGE,PCA
147897,-1.4631302,-1.2347816,26,GraphSAGE,PCA
73313,-1.0759453,10.843077,16,GraphSAGE,PCA
101978,-0.25200966,-3.2658052,2,GraphSAGE,PCA
78375,0.3418889,-3.6811166,24,GraphSAGE,PCA
166027,0.0553056,-2.812831,39,GraphSAGE,PCA
103657,-1.1998193,-1.2549484,24,GraphSAGE,PCA
144144,-6.450662,-0.36723542,30,GraphSAGE,PCA
3934,1.1333683,-2.5562923,36,GraphSAGE,PCA
106883,0.57966036,-3.533831,33,GraphSAGE,PCA
104463,10.452031,1.5025575,28,GraphSAGE,PCA
82770,-4.1425457,6.02599,16,GraphSAGE,PCA
60666,-2.2677584,-3.0815544,10,GraphSAGE,PCA
154594,0.07676238,-2.2281544,34,GraphSAGE,PCA
9814,-3.7181659,-2.234051,30,GraphSAGE,PCA
126860,-3.3861852,-1.6615751,30,GraphSAGE,PCA
168836,3.188574,-3.2200475,36,GraphSAGE,PCA
39230,-3.8552709,1.3243504,37,GraphSAGE,PCA
149744,21.26912,8.711258,28,GraphSAGE,PCA
61386,0.6788674,-3.9899545,9,GraphSAGE,PCA
143039,-0.50270146,-2.0577357,39,GraphSAGE,PCA
50364,2.5723405,-2.3333127,4,GraphSAGE,PCA
116532,-0.5895087,-3.88759,23,GraphSAGE,PCA
72949,-3.9274018,-2.2067301,16,GraphSAGE,PCA
2399,-4.9236975,-3.1799004,30,GraphSAGE,PCA
21759,-0.25633505,-3.1511052,4,GraphSAGE,PCA
60761,-2.0948567,12.358072,16,GraphSAGE,PCA
45352,0.92792135,-2.5578506,32,GraphSAGE,PCA
30514,3.6677012,-1.969983,19,GraphSAGE,PCA
52175,0.7205805,-3.079348,10,GraphSAGE,PCA
29041,-1.5618694,-1.9195592,24,GraphSAGE,PCA
124982,6.76823,1.3417928,28,GraphSAGE,PCA
151268,0.41342324,-2.7338772,39,GraphSAGE,PCA
40054,-2.7988443,-0.1657114,26,GraphSAGE,PCA
119543,5.026317,-0.44404078,28,GraphSAGE,PCA
65180,-1.6752601,-3.901349,39,GraphSAGE,PCA
57083,8.868165,1.1317167,28,GraphSAGE,PCA
77721,-3.7521298,4.2185917,25,GraphSAGE,PCA
38461,2.545932,-1.7337499,4,GraphSAGE,PCA
29320,-1.4849777,-1.8046622,34,GraphSAGE,PCA
30206,-4.095284,0.14245582,26,GraphSAGE,PCA
59987,-0.662606,-1.8381205,0,GraphSAGE,PCA
56466,6.3907514,-0.5061122,28,GraphSAGE,PCA
40027,-1.0609043,-2.9934847,5,GraphSAGE,PCA
46028,-2.2606301,-2.1975646,30,GraphSAGE,PCA
136427,13.009216,1.2248425,28,GraphSAGE,PCA
73051,10.120217,2.177558,28,GraphSAGE,PCA
74526,3.5893016,-1.4179163,28,GraphSAGE,PCA
34265,-4.952302,-1.6732235,30,GraphSAGE,PCA
135518,-3.9103577,-1.4668999,10,GraphSAGE,PCA
18124,7.6135473,-0.03885913,28,GraphSAGE,PCA
124366,18.62925,6.1314387,28,GraphSAGE,PCA
96699,-2.6454654,-2.922529,10,GraphSAGE,PCA
130058,-0.6062114,-2.0635371,39,GraphSAGE,PCA
39946,-1.1947594,-4.8779655,22,GraphSAGE,PCA
79997,-0.37276953,-4.0200872,39,GraphSAGE,PCA
70301,-0.08608383,-3.9188843,9,GraphSAGE,PCA
11627,-4.896242,5.912109,16,GraphSAGE,PCA
24782,-0.1567818,-2.5060875,34,GraphSAGE,PCA
117229,-4.151374,7.7212377,16,GraphSAGE,PCA
137888,-2.721188,5.931684,16,GraphSAGE,PCA
91492,15.76566,4.523641,28,GraphSAGE,PCA
117572,-2.0125031,-1.526186,24,GraphSAGE,PCA
21163,0.92011744,3.6594448,27,GraphSAGE,PCA
63591,1.9256349,-4.9822664,5,GraphSAGE,PCA
51270,-2.9853847,-3.811029,10,GraphSAGE,PCA
41298,-1.0257156,-2.54407,7,GraphSAGE,PCA
45466,-0.6238269,-1.4498816,21,GraphSAGE,PCA
64698,0.5332164,-0.46701777,4,GraphSAGE,PCA
24514,-4.653752,-1.1261239,30,GraphSAGE,PCA
133396,1.5995915,-3.1871233,5,GraphSAGE,PCA
79552,-0.05473703,-4.4733467,2,GraphSAGE,PCA
130965,9.257983,2.9424038,8,GraphSAGE,PCA
59479,-6.0235925,2.5243225,24,GraphSAGE,PCA
124930,-5.7212377,0.59763217,31,GraphSAGE,PCA
29131,-0.2989369,1.4402082,20,GraphSAGE,PCA
139061,-2.140118,-2.4473243,23,GraphSAGE,PCA
117762,-2.2106848,-1.6496005,13,GraphSAGE,PCA
28183,0.63412493,14.68128,16,GraphSAGE,PCA
126475,-6.7412596,-0.64716923,30,GraphSAGE,PCA
121006,-6.30299,-0.87007654,30,GraphSAGE,PCA
146812,-3.4312456,4.992725,16,GraphSAGE,PCA
31439,9.365433,2.207191,28,GraphSAGE,PCA
88037,9.426388,0.6217425,28,GraphSAGE,PCA
54557,0.90703076,-4.2175446,36,GraphSAGE,PCA
48448,-2.2400408,-1.8285143,26,GraphSAGE,PCA
65716,0.13445204,0.9400027,27,GraphSAGE,PCA
32872,2.5701993,-1.1290057,19,GraphSAGE,PCA
47012,-4.299868,-1.0266056,13,GraphSAGE,PCA
25681,-3.0549402,2.022345,27,GraphSAGE,PCA
133449,-2.7381094,0.82733345,24,GraphSAGE,PCA
158998,-2.7522748,-2.4911764,38,GraphSAGE,PCA
16587,-2.581402,-0.7824087,24,GraphSAGE,PCA
18414,-3.5918512,-1.3264252,10,GraphSAGE,PCA
93670,-1.2134258,-2.8031194,10,GraphSAGE,PCA
45334,0.31898314,-5.5259895,2,GraphSAGE,PCA
121814,6.945672,-0.575634,28,GraphSAGE,PCA
148799,-2.1528034,-0.76861465,16,GraphSAGE,PCA
37356,-1.4677234,5.665562,16,GraphSAGE,PCA
124282,-1.4050775,0.35425782,24,GraphSAGE,PCA
18859,1.3603277,-2.8023772,4,GraphSAGE,PCA
104252,-2.3231514,4.3982983,20,GraphSAGE,PCA
62193,-1.3472975,-1.1579051,4,GraphSAGE,PCA
33028,0.4939614,-3.7267904,31,GraphSAGE,PCA
64338,-4.7863255,7.9086556,16,GraphSAGE,PCA
21813,-3.6956081,5.1769753,24,GraphSAGE,PCA
58159,0.26321757,-3.9027011,2,GraphSAGE,PCA
123945,2.6769245,-2.1492133,28,GraphSAGE,PCA
99456,1.7669771,-2.7696073,33,GraphSAGE,PCA
35842,-1.6846623,-0.9172646,39,GraphSAGE,PCA
88557,-5.8201284,1.7228527,30,GraphSAGE,PCA
76462,-0.9272679,-2.482594,34,GraphSAGE,PCA
81476,-4.9760327,-1.3151102,30,GraphSAGE,PCA
122514,-7.3048215,-0.5478457,30,GraphSAGE,PCA
7590,2.5041916,-3.1101446,8,GraphSAGE,PCA
84124,1.9764552,-1.1853641,19,GraphSAGE,PCA
61432,0.57603854,1.4658408,28,GraphSAGE,PCA
135083,-4.973865,-0.80031013,30,GraphSAGE,PCA
104640,-0.10057068,-2.8348386,17,GraphSAGE,PCA
70706,-5.8198338,-0.38789582,30,GraphSAGE,PCA
99647,6.207882,0.6253176,28,GraphSAGE,PCA
61696,0.5176441,-3.3194275,34,GraphSAGE,PCA
117253,-0.36440146,-3.7297943,37,GraphSAGE,PCA
159784,-1.3970139,-2.4392889,24,GraphSAGE,PCA
154685,-1.0793033,-4.3295937,37,GraphSAGE,PCA
111757,-5.077354,-1.2748997,30,GraphSAGE,PCA
129420,2.2957077,-4.3309107,9,GraphSAGE,PCA
110207,-1.3002372,-0.24796319,24,GraphSAGE,PCA
72355,0.11931324,-2.401534,7,GraphSAGE,PCA
57834,-5.012796,-0.53672445,30,GraphSAGE,PCA
50178,-5.604906,-1.8802323,30,GraphSAGE,PCA
104976,-0.9168389,-3.3681736,23,GraphSAGE,PCA
128174,-2.0538924,0.78084636,24,GraphSAGE,PCA
142433,10.324581,3.6241364,28,GraphSAGE,PCA
32120,-0.24213418,-4.382354,2,GraphSAGE,PCA
106122,-5.176403,6.1481767,16,GraphSAGE,PCA
75866,0.6825442,-3.348197,9,GraphSAGE,PCA
71227,1.5937343,-3.2617054,36,GraphSAGE,PCA
150284,-0.3736505,-4.844722,22,GraphSAGE,PCA
130049,-1.7421408,0.06293774,24,GraphSAGE,PCA
124370,-0.89251167,-1.4728135,34,GraphSAGE,PCA
107830,-2.0330162,-2.498432,3,GraphSAGE,PCA
119719,-1.3603779,-1.7779516,31,GraphSAGE,PCA
136783,-4.594711,-2.2111912,30,GraphSAGE,PCA
133270,9.43795,2.4920774,28,GraphSAGE,PCA
10036,-0.15593362,-3.8566368,36,GraphSAGE,PCA
119314,-0.29644334,1.653276,20,GraphSAGE,PCA
79116,4.561961,-1.2713797,4,GraphSAGE,PCA
47055,0.077910066,-1.7391868,11,GraphSAGE,PCA
149189,3.0024788,-2.1863644,19,GraphSAGE,PCA
82248,10.597728,2.8727622,28,GraphSAGE,PCA
78027,-0.2356773,-3.8115458,36,GraphSAGE,PCA
2882,-0.91789883,-2.4940772,23,GraphSAGE,PCA
163273,-0.6990241,-3.165321,2,GraphSAGE,PCA
99470,-1.1817776,-4.6681175,33,GraphSAGE,PCA
8457,-4.274714,2.8676481,17,GraphSAGE,PCA
101682,-3.9710524,-0.24564648,16,GraphSAGE,PCA
106081,3.5325432,-1.0199835,8,GraphSAGE,PCA
119736,-1.2703481,-1.7484901,10,GraphSAGE,PCA
37928,11.068651,1.8584733,28,GraphSAGE,PCA
40021,0.27150995,0.47355962,25,GraphSAGE,PCA
98654,-1.9260259,5.325213,16,GraphSAGE,PCA
122111,-0.2353864,-2.7736914,18,GraphSAGE,PCA
11118,-5.096205,-2.1490908,30,GraphSAGE,PCA
161938,8.850219,0.8803358,28,GraphSAGE,PCA
70174,-5.472807,3.4834433,16,GraphSAGE,PCA
153359,-2.9875014,3.613574,16,GraphSAGE,PCA
79522,-0.5755724,-2.8198862,10,GraphSAGE,PCA
85288,-1.3833029,1.335227,16,GraphSAGE,PCA
80910,-0.60888815,-4.408107,2,GraphSAGE,PCA
16471,-5.0346966,6.2530055,16,GraphSAGE,PCA
165525,-0.6021156,-2.3718197,18,GraphSAGE,PCA
46075,11.752064,3.1415758,28,GraphSAGE,PCA
72657,-3.757768,-0.27539158,24,GraphSAGE,PCA
155865,-1.0812439,-3.3205476,10,GraphSAGE,PCA
84559,-0.38698503,-3.5003874,2,GraphSAGE,PCA
5237,0.005757153,-3.009384,21,GraphSAGE,PCA
86449,1.1234722,-0.64740276,26,GraphSAGE,PCA
88368,-1.685662,0.5703311,24,GraphSAGE,PCA
82806,-3.3867977,-1.870547,10,GraphSAGE,PCA
97981,1.274646,-4.238799,36,GraphSAGE,PCA
17856,-4.048699,4.813236,16,GraphSAGE,PCA
136806,-1.8906176,6.49787,27,GraphSAGE,PCA
31267,0.23045605,-4.047721,2,GraphSAGE,PCA
126967,-3.0200157,-1.9216576,31,GraphSAGE,PCA
155863,11.358288,2.9022946,28,GraphSAGE,PCA
118997,-4.097641,1.6298633,16,GraphSAGE,PCA
28101,-0.7704601,-3.761724,2,GraphSAGE,PCA
150206,5.011955,0.6344607,28,GraphSAGE,PCA
120129,-2.7683325,3.8393908,16,GraphSAGE,PCA
127738,-6.942788,-3.2367501,30,GraphSAGE,PCA
38048,-1.6009748,8.60524,16,GraphSAGE,PCA
134457,-2.6554787,5.52314,24,GraphSAGE,PCA
72348,-3.996373,0.34787798,24,GraphSAGE,PCA
26974,-0.84613216,-3.0967925,36,GraphSAGE,PCA
111970,3.3842099,-4.0067024,36,GraphSAGE,PCA
28988,-4.42234,-0.982949,30,GraphSAGE,PCA
108700,-0.59157395,-3.0349927,34,GraphSAGE,PCA
30886,2.7657468,-2.9515202,19,GraphSAGE,PCA
53375,-2.4004154,2.9029303,27,GraphSAGE,PCA
102587,6.2053075,-0.9865161,28,GraphSAGE,PCA
30422,12.26555,3.7796092,28,GraphSAGE,PCA
70397,0.17320013,-2.5424614,5,GraphSAGE,PCA
89946,0.6104371,-2.5470912,34,GraphSAGE,PCA
20578,4.618945,-1.7080017,28,GraphSAGE,PCA
169109,-0.725949,-2.435295,13,GraphSAGE,PCA
54184,-5.342841,-1.5726899,30,GraphSAGE,PCA
62959,0.6785274,-3.2623405,36,GraphSAGE,PCA
141359,-3.866513,5.751739,16,GraphSAGE,PCA
157388,7.3159676,0.42795825,28,GraphSAGE,PCA
103338,11.429763,2.213736,28,GraphSAGE,PCA
72869,1.9423666,-3.0527408,4,GraphSAGE,PCA
67762,1.7070534,-1.1343012,8,GraphSAGE,PCA
37601,-2.4830437,-2.6398795,23,GraphSAGE,PCA
78545,-2.0945988,0.49874997,27,GraphSAGE,PCA
15075,-2.0258532,1.02949,24,GraphSAGE,PCA
18670,3.3002064,-3.86335,34,GraphSAGE,PCA
57902,-1.3000146,-2.3114498,9,GraphSAGE,PCA
21236,-0.24710765,-2.1924188,26,GraphSAGE,PCA
157921,-6.9752436,-0.60132766,30,GraphSAGE,PCA
104001,-0.40955198,-3.325132,5,GraphSAGE,PCA
143825,-2.154034,2.5308208,27,GraphSAGE,PCA
108500,5.91378,2.1183996,28,GraphSAGE,PCA
102824,9.354014,2.0382848,15,GraphSAGE,PCA
143641,-0.25645456,-3.426944,13,GraphSAGE,PCA
133250,6.5048265,0.27535295,8,GraphSAGE,PCA
84462,-2.748657,-0.6511457,3,GraphSAGE,PCA
33599,3.830596,-1.1553104,26,GraphSAGE,PCA
132553,-3.773565,4.387022,16,GraphSAGE,PCA
104193,0.71864253,-3.2631245,15,GraphSAGE,PCA
109869,1.3833263,-3.6832938,0,GraphSAGE,PCA
89419,9.774339,2.479988,4,GraphSAGE,PCA
43412,-3.1525154,2.9448395,16,GraphSAGE,PCA
151877,3.104673,-2.1634753,8,GraphSAGE,PCA
60646,5.584272,-0.04525709,28,GraphSAGE,PCA
94639,3.4056401,-1.7312036,24,GraphSAGE,PCA
24733,-4.181992,1.2011602,24,GraphSAGE,PCA
32479,-1.7189662,-2.4064176,10,GraphSAGE,PCA
24702,-0.12640539,-4.1016035,33,GraphSAGE,PCA
10541,-1.4660583,-2.1290612,26,GraphSAGE,PCA
155291,-1.8724406,0.9600344,24,GraphSAGE,PCA
25568,-2.3233953,1.5354486,16,GraphSAGE,PCA
59149,4.2685537,-0.23560882,8,GraphSAGE,PCA
8176,-4.381513,-1.5193764,30,GraphSAGE,PCA
93717,2.0880811,-2.9123805,3,GraphSAGE,PCA
39345,-1.0293351,-4.3049245,2,GraphSAGE,PCA
6765,-2.3753524,3.0195146,25,GraphSAGE,PCA
162667,-2.0790854,0.5297241,24,GraphSAGE,PCA
145011,0.501515,-3.1669574,5,GraphSAGE,PCA
155841,-0.64154303,-2.8913424,10,GraphSAGE,PCA
110579,-4.4463253,8.509275,16,GraphSAGE,PCA
85856,-1.5152392,-2.7533484,24,GraphSAGE,PCA
63848,0.62281865,-4.0794706,36,GraphSAGE,PCA
36407,2.170273,-2.7615244,11,GraphSAGE,PCA
136216,-1.2081535,-1.3539662,27,GraphSAGE,PCA
162432,-2.242118,6.1178365,16,GraphSAGE,PCA
47053,1.5874205,-1.9071237,24,GraphSAGE,PCA
169004,-2.4979644,-1.3010362,13,GraphSAGE,PCA
143227,0.036705077,-0.2810712,34,GraphSAGE,PCA
26223,-4.1430445,-2.3229382,30,GraphSAGE,PCA
52476,-3.8342147,4.349259,16,GraphSAGE,PCA
5856,10.03861,2.6058273,28,GraphSAGE,PCA
14443,-3.154215,-0.9948195,31,GraphSAGE,PCA
101922,-2.9885929,-3.505487,37,GraphSAGE,PCA
139038,0.015455604,-1.9562316,26,GraphSAGE,PCA
154942,13.795809,4.052314,28,GraphSAGE,PCA
32236,4.4037056,-1.9735571,28,GraphSAGE,PCA
74263,-1.84988,0.44715405,16,GraphSAGE,PCA
120615,2.0683005,-2.3343265,39,GraphSAGE,PCA
129837,13.356232,2.9455466,28,GraphSAGE,PCA
94598,-1.1642449,-0.7830057,16,GraphSAGE,PCA
168288,-2.6639607,1.7893691,16,GraphSAGE,PCA
120513,8.256565,3.4364462,28,GraphSAGE,PCA
14943,0.93343073,-0.15219784,28,GraphSAGE,PCA
18993,-4.256512,-1.312543,24,GraphSAGE,PCA
65182,2.2931452,-2.1377373,19,GraphSAGE,PCA
32446,0.081261694,6.0009236,20,GraphSAGE,PCA
60204,-2.2271352,9.104544,16,GraphSAGE,PCA
46605,13.707558,3.9033804,28,GraphSAGE,PCA
166915,1.5386226,-0.18380427,34,GraphSAGE,PCA
143611,0.26956397,0.46664238,27,GraphSAGE,PCA
75990,-4.4852886,7.9237123,16,GraphSAGE,PCA
76032,2.405953,-2.0164,8,GraphSAGE,PCA
80409,-4.9706035,0.08528447,31,GraphSAGE,PCA
127243,-0.7298945,-2.1435184,26,GraphSAGE,PCA
117356,-0.14745474,-2.6579967,39,GraphSAGE,PCA
72919,-0.7050901,-2.585037,24,GraphSAGE,PCA
161809,0.6742125,-2.3689785,34,GraphSAGE,PCA
35888,8.635307,2.3047729,28,GraphSAGE,PCA
149675,-0.82524425,-1.4578773,24,GraphSAGE,PCA
160741,-0.6146526,2.1905384,24,GraphSAGE,PCA
90496,-2.7498004,3.4431005,6,GraphSAGE,PCA
64615,-4.913219,7.353646,16,GraphSAGE,PCA
90860,13.234913,3.9838529,28,GraphSAGE,PCA
49986,11.384643,2.9748807,28,GraphSAGE,PCA
132508,7.7954893,0.6002588,8,GraphSAGE,PCA
153675,3.2376788,-2.3928893,34,GraphSAGE,PCA
21136,-2.9002597,4.0717797,16,GraphSAGE,PCA
104298,-1.9268696,-1.6277609,10,GraphSAGE,PCA
157088,-2.4905717,-2.1403437,22,GraphSAGE,PCA
60272,-0.46930158,-2.984856,23,GraphSAGE,PCA
167693,-0.77273035,-1.7437866,5,GraphSAGE,PCA
103093,-0.0050106645,-5.271899,2,GraphSAGE,PCA
162506,10.505012,2.0261297,28,GraphSAGE,PCA
21140,-1.6165507,6.454868,16,GraphSAGE,PCA
138216,0.4611084,-0.2964127,27,GraphSAGE,PCA
90054,1.4353108,-1.8677013,8,GraphSAGE,PCA
169168,0.5878268,0.14203715,24,GraphSAGE,PCA
21231,0.0101444125,-3.8091507,2,GraphSAGE,PCA
144428,-0.09130043,-3.7377925,10,GraphSAGE,PCA
112228,-0.06671572,-2.7078476,24,GraphSAGE,PCA
15701,1.0814023,-3.502557,34,GraphSAGE,PCA
33288,2.365093,-0.50200295,28,GraphSAGE,PCA
160597,-5.108446,8.808634,16,GraphSAGE,PCA
32962,-1.7508426,-2.0424066,30,GraphSAGE,PCA
47636,1.0066514,-2.8675194,2,GraphSAGE,PCA
85521,-0.15650967,-2.5699375,5,GraphSAGE,PCA
31535,-2.7159708,6.2087216,16,GraphSAGE,PCA
169293,-3.5597398,2.9014878,16,GraphSAGE,PCA
51735,-0.9698969,4.788266,24,GraphSAGE,PCA
48092,-2.3159394,2.864387,27,GraphSAGE,PCA
161334,-3.4538105,-1.9746995,10,GraphSAGE,PCA
28669,-0.63868403,-2.6980188,36,GraphSAGE,PCA
10511,1.5457993,-0.59414566,24,GraphSAGE,PCA
164738,-4.067509,0.6795256,24,GraphSAGE,PCA
74113,-2.135193,-2.5601218,10,GraphSAGE,PCA
132041,10.985153,3.4182305,28,GraphSAGE,PCA
66156,-3.2078578,0.71195984,16,GraphSAGE,PCA
117895,1.7151687,-2.0773528,37,GraphSAGE,PCA
94506,0.46295947,-2.0758908,34,GraphSAGE,PCA
145102,-1.4619725,-3.0959077,33,GraphSAGE,PCA
152515,0.9452513,-2.2909853,4,GraphSAGE,PCA
11529,0.9455803,-3.276729,9,GraphSAGE,PCA
89087,3.751799,-0.3073163,28,GraphSAGE,PCA
120277,-2.543203,0.07821345,3,GraphSAGE,PCA
25941,3.1603909,-3.0505333,4,GraphSAGE,PCA
156051,-0.32418355,-3.3030798,23,GraphSAGE,PCA
169194,-3.757865,-1.4541893,30,GraphSAGE,PCA
788,-1.7881663,-0.4114163,24,GraphSAGE,PCA
9964,-3.5345654,-1.3202848,13,GraphSAGE,PCA
47081,-2.706422,2.680842,16,GraphSAGE,PCA
19571,9.138486,3.09838,28,GraphSAGE,PCA
151836,3.4317188,-3.7346141,2,GraphSAGE,PCA
139489,-1.4796349,-3.372766,34,GraphSAGE,PCA
126882,0.7736797,-2.6953888,14,GraphSAGE,PCA
155881,0.7437478,-0.8578012,27,GraphSAGE,PCA
51794,-2.729206,-1.3156497,13,GraphSAGE,PCA
7514,-0.853982,-2.3001354,13,GraphSAGE,PCA
64745,-0.739746,0.96528864,30,GraphSAGE,PCA
150407,-0.08061713,-3.2895262,5,GraphSAGE,PCA
86962,6.9274735,-0.63904154,8,GraphSAGE,PCA
50264,-4.205823,4.945137,16,GraphSAGE,PCA
90799,6.547145,-0.9458654,28,GraphSAGE,PCA
117564,3.3780692,-3.1523244,29,GraphSAGE,PCA
33888,2.990801,-2.3077002,5,GraphSAGE,PCA
6729,-0.5814259,-2.0587788,5,GraphSAGE,PCA
110056,0.24037546,-3.111475,8,GraphSAGE,PCA
159695,0.4422974,-2.798808,34,GraphSAGE,PCA
79710,1.0091987,0.62190413,27,GraphSAGE,PCA
165500,-0.09902483,-4.1048155,22,GraphSAGE,PCA
61524,-2.0651693,-1.8464439,37,GraphSAGE,PCA
89052,4.098229,-1.2661484,28,GraphSAGE,PCA
34060,0.90656775,1.1949356,0,GraphSAGE,PCA
5980,-1.4187366,11.101742,16,GraphSAGE,PCA
60708,6.3452945,0.04966259,28,GraphSAGE,PCA
71809,7.5851755,-0.9653332,8,GraphSAGE,PCA
22279,-2.3682206,5.7088447,16,GraphSAGE,PCA
71468,-2.382089,8.855629,16,GraphSAGE,PCA
59939,8.451377,1.2395759,28,GraphSAGE,PCA
105654,2.5392158,-2.2140646,4,GraphSAGE,PCA
147291,-0.13728252,-1.4383792,20,GraphSAGE,PCA
145166,-4.424444,0.7865696,16,GraphSAGE,PCA
165046,-1.6166317,-2.804495,38,GraphSAGE,PCA
108561,-0.08598548,-3.3715034,36,GraphSAGE,PCA
97042,-3.9973576,-0.007810354,27,GraphSAGE,PCA
13449,-0.6475581,2.4082131,6,GraphSAGE,PCA
40843,1.3665497,-3.1268208,10,GraphSAGE,PCA
162332,-0.601416,-3.6621542,3,GraphSAGE,PCA
69120,-1.0378542,-3.5276737,22,GraphSAGE,PCA
134771,-3.920865,0.41989827,24,GraphSAGE,PCA
37418,-1.4923449,2.1396933,16,GraphSAGE,PCA
67471,-0.18182498,-2.1029253,13,GraphSAGE,PCA
33111,0.40836674,-4.089035,36,GraphSAGE,PCA
157823,11.405202,3.2382565,28,GraphSAGE,PCA
85308,-0.13085955,2.0180917,24,GraphSAGE,PCA
16128,12.483209,4.381748,28,GraphSAGE,PCA
30943,-1.5753164,3.3096833,24,GraphSAGE,PCA
57335,-1.4787016,3.4402595,17,GraphSAGE,PCA
82013,-4.6171303,8.674541,16,GraphSAGE,PCA
31400,-1.6907351,-4.138897,2,GraphSAGE,PCA
95670,1.7954941,-2.7375774,9,GraphSAGE,PCA
23262,-2.5520673,7.36585,16,GraphSAGE,PCA
74530,-0.5159245,-0.021422148,9,GraphSAGE,PCA
35708,-1.8243618,4.938368,16,GraphSAGE,PCA
155196,3.7779317,2.8536072,0,GraphSAGE,PCA
87013,0.47610062,-1.08766,27,GraphSAGE,PCA
160123,4.6351466,-0.7578658,28,GraphSAGE,PCA
76930,0.008119822,-4.496832,2,GraphSAGE,PCA
96838,0.74294597,-3.3352184,34,GraphSAGE,PCA
6680,1.6749978,0.25490665,16,GraphSAGE,PCA
22721,-1.7873969,-2.6094081,37,GraphSAGE,PCA
103089,-1.8521013,-2.169828,24,GraphSAGE,PCA
169133,-3.8587632,-1.4089712,31,GraphSAGE,PCA
62771,-3.9286404,-3.010443,30,GraphSAGE,PCA
18928,-4.3070717,-1.203245,30,GraphSAGE,PCA
111358,2.6905549,0.802691,24,GraphSAGE,PCA
104412,-2.1239195,-2.5303357,31,GraphSAGE,PCA
27224,-4.1585717,5.561188,16,GraphSAGE,PCA
166664,-4.842719,3.5611558,16,GraphSAGE,PCA
114993,-5.17952,4.743004,24,GraphSAGE,PCA
72251,1.8598325,-3.0511703,36,GraphSAGE,PCA
77261,-3.3401291,3.7618413,16,GraphSAGE,PCA
84393,-1.194941,1.6009498,16,GraphSAGE,PCA
86723,12.765367,3.407148,28,GraphSAGE,PCA
156633,1.1209917,-3.1891632,24,GraphSAGE,PCA
3994,7.57043,0.34954643,28,GraphSAGE,PCA
11008,-2.860397,6.5313287,16,GraphSAGE,PCA
145693,13.519974,4.8180737,28,GraphSAGE,PCA
121727,-3.979067,1.9388142,37,GraphSAGE,PCA
50623,2.2292461,-0.49266148,28,GraphSAGE,PCA
117662,-5.333275,-2.0438738,30,GraphSAGE,PCA
47391,1.3268883,0.66692257,34,GraphSAGE,PCA
11481,-1.1154401,9.212502,16,GraphSAGE,PCA
139597,-3.3357298,-2.0605276,10,GraphSAGE,PCA
166949,-2.2071772,0.11371517,24,GraphSAGE,PCA
132438,0.58443505,-3.4035714,9,GraphSAGE,PCA
146847,0.75440377,-2.9950194,20,GraphSAGE,PCA
19730,-2.854352,-1.1076311,24,GraphSAGE,PCA
21458,-0.9912677,5.4453077,16,GraphSAGE,PCA
69594,7.353909,-0.8342669,28,GraphSAGE,PCA
21294,-1.6673968,-1.5923636,28,GraphSAGE,PCA
61657,6.735219,0.5951793,28,GraphSAGE,PCA
155808,1.8531649,-3.493544,4,GraphSAGE,PCA
70822,-1.5334642,-2.3779635,24,GraphSAGE,PCA
151665,0.50084585,-2.193175,26,GraphSAGE,PCA
101192,-5.4185343,-0.6102382,10,GraphSAGE,PCA
121559,-2.9631019,-1.1436207,10,GraphSAGE,PCA
163678,0.48425823,-3.521933,2,GraphSAGE,PCA
168232,-1.6486816,-1.2135097,24,GraphSAGE,PCA
94059,3.1940455,-1.8223987,5,GraphSAGE,PCA
40739,0.24176472,-0.6577221,14,GraphSAGE,PCA
80289,-5.711048,-0.13009667,30,GraphSAGE,PCA
84220,-2.7312102,-2.930793,31,GraphSAGE,PCA
135155,8.611472,-0.96274626,28,GraphSAGE,PCA
64949,0.13524318,-1.3290733,24,GraphSAGE,PCA
16850,-0.78664875,-2.0350497,39,GraphSAGE,PCA
19547,11.9015255,4.170515,28,GraphSAGE,PCA
62409,-2.4329648,-2.3157191,3,GraphSAGE,PCA
96600,-5.205503,-0.5416205,10,GraphSAGE,PCA
146357,-3.0045226,-1.7308264,24,GraphSAGE,PCA
160359,0.23221934,-3.5887494,5,GraphSAGE,PCA
99046,-0.38174027,-2.148461,3,GraphSAGE,PCA
155184,0.15649414,-2.437442,3,GraphSAGE,PCA
31268,-0.3766091,2.7772918,16,GraphSAGE,PCA
141921,-0.7387183,-2.9952178,23,GraphSAGE,PCA
142611,-3.3641045,4.836762,16,GraphSAGE,PCA
131984,17.536394,5.3647366,28,GraphSAGE,PCA
160603,-1.5690477,-2.8756511,19,GraphSAGE,PCA
12784,-1.0682483,10.188303,16,GraphSAGE,PCA
160911,-0.7566218,0.63864136,24,GraphSAGE,PCA
40121,7.1811247,0.33243322,28,GraphSAGE,PCA
89420,6.0141597,-0.63041055,28,GraphSAGE,PCA
35812,2.6692247,-2.882068,34,GraphSAGE,PCA
82771,-3.7623997,7.125876,16,GraphSAGE,PCA
24962,-1.0980691,0.6686263,16,GraphSAGE,PCA
129163,-1.3100919,-2.8621175,34,GraphSAGE,PCA
72462,4.1883287,-0.8528688,19,GraphSAGE,PCA
26767,-1.7931039,8.53694,16,GraphSAGE,PCA
112020,-0.1953483,-2.3430753,39,GraphSAGE,PCA
45062,-3.509114,7.7644963,16,GraphSAGE,PCA
9712,-1.9758096,0.12294006,24,GraphSAGE,PCA
94191,2.283999,-1.1980785,8,GraphSAGE,PCA
141834,4.3337464,2.7828045,28,GraphSAGE,PCA
62185,-0.38524932,0.9448216,24,GraphSAGE,PCA
164754,-4.8259892,-0.04592681,24,GraphSAGE,PCA
146482,3.871532,-2.0818584,8,GraphSAGE,PCA
146787,-2.6243596,7.0938287,16,GraphSAGE,PCA
55128,-4.6578107,3.093307,16,GraphSAGE,PCA
156072,-3.7042224,2.0955071,24,GraphSAGE,PCA
131131,3.2487469,0.6149194,8,GraphSAGE,PCA
94652,-1.2931802,1.0601647,20,GraphSAGE,PCA
912,-1.2910354,-2.2751815,34,GraphSAGE,PCA
75376,0.8351341,-3.4505975,5,GraphSAGE,PCA
77641,5.744566,1.12416,28,GraphSAGE,PCA
33853,6.2112026,-2.3108976,5,GraphSAGE,PCA
82753,-2.6427393,4.5171905,13,GraphSAGE,PCA
39922,7.090684,0.26220632,28,GraphSAGE,PCA
142056,-1.4530154,-2.4593055,23,GraphSAGE,PCA
25177,-0.35548317,-4.196333,36,GraphSAGE,PCA
123939,-2.3837788,-0.50961614,20,GraphSAGE,PCA
55942,2.8307033,-1.8662715,8,GraphSAGE,PCA
4423,0.020687163,-2.435906,4,GraphSAGE,PCA
13880,-4.1265116,-0.9059297,30,GraphSAGE,PCA
93802,-5.5531955,9.605473,16,GraphSAGE,PCA
152278,1.607116,-1.5193113,28,GraphSAGE,PCA
113433,-2.6446364,0.78667617,24,GraphSAGE,PCA
155992,-0.7914021,-3.0045002,23,GraphSAGE,PCA
6425,2.1132388,-2.3203828,24,GraphSAGE,PCA
102798,-0.2210254,-4.0005226,37,GraphSAGE,PCA
770,-0.082954645,1.3579938,24,GraphSAGE,PCA
163198,1.7865407,-2.2114983,34,GraphSAGE,PCA
96525,-3.7380064,6.8754973,16,GraphSAGE,PCA
153601,-4.0127883,-1.8205253,30,GraphSAGE,PCA
154032,-3.0876265,4.5290065,16,GraphSAGE,PCA
17325,2.90762,1.9451547,28,GraphSAGE,PCA
65435,-3.2768378,5.441585,16,GraphSAGE,PCA
141245,3.4460306,-1.0141208,8,GraphSAGE,PCA
157640,-0.35994333,-3.7627788,2,GraphSAGE,PCA
109467,-1.3592536,-4.031497,2,GraphSAGE,PCA
8765,-0.2486889,-4.311831,2,GraphSAGE,PCA
165449,0.39730567,0.62804985,13,GraphSAGE,PCA
111532,-1.999706,-4.0683136,33,GraphSAGE,PCA
17439,-1.0769677,-0.5963627,24,GraphSAGE,PCA
99603,9.907729,2.7723122,28,GraphSAGE,PCA
30256,-2.902891,1.2768342,24,GraphSAGE,PCA
154644,-3.2060905,-0.3341081,24,GraphSAGE,PCA
161840,-5.3949156,-0.40463018,30,GraphSAGE,PCA
137853,-1.6312242,2.272143,24,GraphSAGE,PCA
87733,-0.30767843,-2.8534434,18,GraphSAGE,PCA
42921,-3.949972,6.862205,16,GraphSAGE,PCA
88776,-2.4594955,-3.504407,10,GraphSAGE,PCA
125977,-3.6136377,-0.91423047,24,GraphSAGE,PCA
126417,4.1594863,-2.8054338,19,GraphSAGE,PCA
93819,-3.9400744,-2.4714925,23,GraphSAGE,PCA
130140,-0.9457902,1.3553929,4,GraphSAGE,PCA
35772,-0.11332899,-3.235472,37,GraphSAGE,PCA
143942,-0.93758297,-3.265201,10,GraphSAGE,PCA
64879,-5.492967,-1.7675526,30,GraphSAGE,PCA
161489,-0.16060004,-2.422961,26,GraphSAGE,PCA
120576,-1.9277472,-3.2819684,3,GraphSAGE,PCA
83481,6.1641393,1.2996333,28,GraphSAGE,PCA
27690,-1.1684318,-1.5001076,24,GraphSAGE,PCA
50972,0.8927919,-2.9910295,34,GraphSAGE,PCA
15781,1.6385517,-2.9419062,8,GraphSAGE,PCA
88735,-0.020195305,-2.8708725,15,GraphSAGE,PCA
63131,0.52133936,-3.4108953,5,GraphSAGE,PCA
11759,-0.8330985,-2.3737319,13,GraphSAGE,PCA
57651,-1.6690156,4.7771525,16,GraphSAGE,PCA
161791,-4.251253,-1.4529632,30,GraphSAGE,PCA
53481,2.5862772,-1.4348913,8,GraphSAGE,PCA
61669,3.121145,-1.1012506,8,GraphSAGE,PCA
92450,-3.678762,11.288595,16,GraphSAGE,PCA
58436,-0.6580412,-2.7460032,10,GraphSAGE,PCA
109853,8.218749,1.1227639,19,GraphSAGE,PCA
48563,-2.3205144,6.3794,17,GraphSAGE,PCA
77013,11.8199625,3.8615894,28,GraphSAGE,PCA
63985,-1.133515,-1.6026404,34,GraphSAGE,PCA
94710,-1.3885233,3.524013,16,GraphSAGE,PCA
161645,-3.6987238,0.7225828,13,GraphSAGE,PCA
75219,-0.18084031,-2.352112,10,GraphSAGE,PCA
45181,-2.7009482,-1.4719965,24,GraphSAGE,PCA
54910,-0.41784346,-2.3992326,19,GraphSAGE,PCA
128902,-1.6735287,4.3969703,16,GraphSAGE,PCA
65289,0.61033565,-1.4037124,4,GraphSAGE,PCA
121826,-2.1231854,-1.2827499,24,GraphSAGE,PCA
155561,-1.7488432,-2.0438194,24,GraphSAGE,PCA
133761,-1.3907605,-3.7910986,2,GraphSAGE,PCA
154561,-0.6161861,-2.2838483,34,GraphSAGE,PCA
63215,-0.057572484,-3.21739,5,GraphSAGE,PCA
105594,-2.6252024,-1.9556217,30,GraphSAGE,PCA
133534,-2.0538857,-2.0285065,24,GraphSAGE,PCA
71967,-2.4310565,5.0812793,16,GraphSAGE,PCA
73331,10.776799,2.9772053,28,GraphSAGE,PCA
68157,13.180229,4.6210456,28,GraphSAGE,PCA
111195,0.48697084,-2.7098475,19,GraphSAGE,PCA
59820,-1.8347964,-3.0029128,10,GraphSAGE,PCA
96301,6.574566,-0.4091003,14,GraphSAGE,PCA
98291,9.65181,1.7209435,28,GraphSAGE,PCA
5179,-2.1441453,-2.376721,10,GraphSAGE,PCA
144460,-2.1633515,3.359817,16,GraphSAGE,PCA
133183,-2.849959,-1.5949063,24,GraphSAGE,PCA
17226,-2.052327,3.3530278,24,GraphSAGE,PCA
163766,-1.1339216,-2.8047104,23,GraphSAGE,PCA
32225,-2.7086675,10.7283535,16,GraphSAGE,PCA
36170,2.1287165,-0.2820208,10,GraphSAGE,PCA
53554,-0.93806404,-4.050438,10,GraphSAGE,PCA
109181,-0.46272433,-3.8491454,2,GraphSAGE,PCA
21358,6.35656,0.1560924,28,GraphSAGE,PCA
78421,-2.2358632,-1.8122876,10,GraphSAGE,PCA
97534,-1.2160404,-2.222669,23,GraphSAGE,PCA
132572,-2.2705941,0.6296482,16,GraphSAGE,PCA
66306,-3.8751764,-1.1089493,13,GraphSAGE,PCA
134321,1.8823829,-3.5193396,19,GraphSAGE,PCA
63506,-4.100496,6.813812,16,GraphSAGE,PCA
159544,-0.9425021,-2.3643088,34,GraphSAGE,PCA
161945,-2.3221388,9.925598,16,GraphSAGE,PCA
48336,-3.1112828,-0.8852707,10,GraphSAGE,PCA
82346,-1.1605393,-2.750848,23,GraphSAGE,PCA
88546,-3.90929,-0.12019205,24,GraphSAGE,PCA
168325,1.008157,2.8416681,25,GraphSAGE,PCA
54384,-1.2594507,-0.9967829,24,GraphSAGE,PCA
163244,-1.6830733,-1.200409,39,GraphSAGE,PCA
133671,-6.216652,-1.5750918,30,GraphSAGE,PCA
28414,-3.035887,2.791986,25,GraphSAGE,PCA
154290,-3.431499,5.958587,16,GraphSAGE,PCA
134482,-0.3813859,-2.191589,26,GraphSAGE,PCA
152760,-3.8356779,1.2457223,24,GraphSAGE,PCA
96228,0.15263957,-2.150049,39,GraphSAGE,PCA
14408,-2.0574148,2.4542656,25,GraphSAGE,PCA
158249,1.3574517,-3.8608294,8,GraphSAGE,PCA
78137,-0.24024692,-2.9936569,34,GraphSAGE,PCA
54038,-3.2587042,-3.4280274,10,GraphSAGE,PCA
10397,-0.054689884,-5.044797,2,GraphSAGE,PCA
66939,3.2760577,-1.8217978,19,GraphSAGE,PCA
35027,1.3418405,-1.8602743,7,GraphSAGE,PCA
7369,8.40721,0.18285036,28,GraphSAGE,PCA
73836,6.0582557,-0.087032795,28,GraphSAGE,PCA
166269,-1.7054877,-2.9818811,23,GraphSAGE,PCA
23895,-2.0877793,0.5977144,24,GraphSAGE,PCA
87760,4.736267,-0.95776904,9,GraphSAGE,PCA
115442,-0.9601983,2.4643226,16,GraphSAGE,PCA
136767,-4.108791,1.2306659,16,GraphSAGE,PCA
17252,1.6304166,1.183033,27,GraphSAGE,PCA
125835,1.0326884,-3.1145723,9,GraphSAGE,PCA
160595,0.51798207,-3.267096,34,GraphSAGE,PCA
142204,-4.752136,7.205418,1,GraphSAGE,PCA
33227,0.6036596,-3.1233506,19,GraphSAGE,PCA
20348,-1.918781,10.779253,16,GraphSAGE,PCA
67956,-0.38714224,-2.33898,5,GraphSAGE,PCA
103366,1.0714607,-2.5358377,4,GraphSAGE,PCA
76717,-0.81311667,-2.9847329,38,GraphSAGE,PCA
19240,-5.581195,7.4038606,16,GraphSAGE,PCA
8485,0.7576522,-2.9557004,37,GraphSAGE,PCA
17919,-5.880373,-1.4280999,31,GraphSAGE,PCA
125657,-0.1984174,-1.8893371,33,GraphSAGE,PCA
16656,-2.2175994,-3.950448,10,GraphSAGE,PCA
116693,0.377118,-4.288843,2,GraphSAGE,PCA
155109,-2.2608697,-1.1860178,10,GraphSAGE,PCA
5392,1.0969393,-4.9433656,36,GraphSAGE,PCA
148220,4.123607,-2.4046853,4,GraphSAGE,PCA
133665,-0.67888856,-2.0346467,26,GraphSAGE,PCA
34268,-1.2815653,0.46076584,34,GraphSAGE,PCA
69858,8.0902815,3.44417,28,GraphSAGE,PCA
101859,-4.4415727,2.3253975,24,GraphSAGE,PCA
155061,0.9499262,-1.4329249,19,GraphSAGE,PCA
44183,0.21950775,-3.408343,23,GraphSAGE,PCA
57106,2.701099,2.860261,16,GraphSAGE,PCA
59628,-3.9423392,-0.2542081,24,GraphSAGE,PCA
87624,-1.0074897,0.13580465,16,GraphSAGE,PCA
9222,14.322179,4.6947327,28,GraphSAGE,PCA
40763,1.1409962,-2.4531229,34,GraphSAGE,PCA
60195,12.349284,4.526356,28,GraphSAGE,PCA
57368,-5.944613,3.5099912,24,GraphSAGE,PCA
53461,-1.2968419,0.3009379,24,GraphSAGE,PCA
30083,-4.103278,4.77839,24,GraphSAGE,PCA
143548,-3.121539,-1.3902129,24,GraphSAGE,PCA
108718,-1.695884,-2.8196537,26,GraphSAGE,PCA
22475,-1.2466438,-3.1352668,23,GraphSAGE,PCA
12981,-5.515152,1.3571179,30,GraphSAGE,PCA
29391,-4.564793,0.31781507,24,GraphSAGE,PCA
87011,-0.20995972,-3.9976006,10,GraphSAGE,PCA
70540,-1.1131332,-2.5759902,39,GraphSAGE,PCA
17462,3.0065167,5.679812,16,GraphSAGE,PCA
34539,-1.8644128,-3.5196743,37,GraphSAGE,PCA
69209,4.902313,1.0958884,28,GraphSAGE,PCA
16546,-2.5583742,7.6941514,16,GraphSAGE,PCA
148907,-3.3966584,4.431298,16,GraphSAGE,PCA
35726,-0.69642186,0.7325547,24,GraphSAGE,PCA
4502,9.720454,2.0590897,28,GraphSAGE,PCA
113396,0.81663007,-0.46158218,5,GraphSAGE,PCA
50257,-0.094739795,-0.9500568,4,GraphSAGE,PCA
32622,-0.7065202,3.8556728,16,GraphSAGE,PCA
77414,-6.4445305,6.6756845,16,GraphSAGE,PCA
97753,-0.32300538,0.020579338,27,GraphSAGE,PCA
79120,-4.1009226,4.8486443,16,GraphSAGE,PCA
35909,-6.513903,2.673955,10,GraphSAGE,PCA
56749,0.9848216,-3.1816304,5,GraphSAGE,PCA
9927,-2.417358,1.1776843,31,GraphSAGE,PCA
79214,8.063364,5.6923404,28,GraphSAGE,PCA
156128,-0.05886358,-1.5876265,24,GraphSAGE,PCA
140263,2.4129784,-3.1891015,28,GraphSAGE,PCA
79454,-1.8512895,4.626878,16,GraphSAGE,PCA
138524,3.627195,2.3619943,28,GraphSAGE,PCA
78430,16.613516,5.896442,28,GraphSAGE,PCA
15863,-0.40616077,1.7446537,7,GraphSAGE,PCA
148577,-4.9916267,3.8975363,16,GraphSAGE,PCA
140162,-6.0709496,4.121181,24,GraphSAGE,PCA
28699,-1.938952,6.085075,16,GraphSAGE,PCA
129871,-0.3838269,-3.2692835,2,GraphSAGE,PCA
107863,-5.3170004,6.040014,16,GraphSAGE,PCA
129101,2.774282,-3.524977,34,GraphSAGE,PCA
149292,3.8789282,-0.7856667,8,GraphSAGE,PCA
99829,-2.309245,-2.5716288,24,GraphSAGE,PCA
35429,-1.1015298,-3.389885,10,GraphSAGE,PCA
1575,-3.6098373,6.5698943,16,GraphSAGE,PCA
178,0.4713263,0.04386592,19,GraphSAGE,PCA
60472,-5.517351,7.4452586,24,GraphSAGE,PCA
11028,-1.9077642,-1.0665771,24,GraphSAGE,PCA
140915,0.32138622,-2.3992448,8,GraphSAGE,PCA
112937,3.984528,1.1532419,28,GraphSAGE,PCA
106716,-2.8354876,13.191778,16,GraphSAGE,PCA
94151,2.2292287,-2.9900355,34,GraphSAGE,PCA
75185,0.13825202,-3.2751653,9,GraphSAGE,PCA
52534,-0.055151045,-2.7377915,34,GraphSAGE,PCA
27121,1.5596886,-3.2614973,24,GraphSAGE,PCA
87114,-3.466303,1.4130952,16,GraphSAGE,PCA
22078,13.773997,6.2911916,28,GraphSAGE,PCA
45183,-1.7814362,-2.7583914,38,GraphSAGE,PCA
125953,-1.4371471,-2.0978262,26,GraphSAGE,PCA
64324,2.2591968,-1.7619551,4,GraphSAGE,PCA
26332,-2.0630014,-0.03414178,24,GraphSAGE,PCA
93678,-0.06668663,-3.387535,34,GraphSAGE,PCA
58175,4.4570932,-0.19181752,28,GraphSAGE,PCA
137977,-2.0618591,-2.9028685,37,GraphSAGE,PCA
17328,8.21516,1.4827778,28,GraphSAGE,PCA
126511,-1.7045364,-2.0637417,13,GraphSAGE,PCA
43161,-3.016231,4.450933,16,GraphSAGE,PCA
69883,1.6903584,-0.9037814,24,GraphSAGE,PCA
48140,1.2064211,-1.3886756,39,GraphSAGE,PCA
43431,-5.401876,-1.5521084,30,GraphSAGE,PCA
103357,0.8260402,-2.9407465,5,GraphSAGE,PCA
81159,11.155721,2.9058127,28,GraphSAGE,PCA
62102,-1.5445467,-2.6924176,38,GraphSAGE,PCA
100418,0.954027,-3.5501685,5,GraphSAGE,PCA
155405,-4.657628,2.0499578,30,GraphSAGE,PCA
8256,-0.7059867,-3.8774858,2,GraphSAGE,PCA
88560,-2.7766435,-1.4238,24,GraphSAGE,PCA
4436,-2.436392,-0.07070494,6,GraphSAGE,PCA
77481,-5.9043202,12.667988,16,GraphSAGE,PCA
118613,-2.082505,-0.33329344,26,GraphSAGE,PCA
61939,0.77826995,-4.708599,36,GraphSAGE,PCA
138315,-4.007468,8.663849,16,GraphSAGE,PCA
64097,-1.680331,-2.3299234,24,GraphSAGE,PCA
91968,-2.1443374,7.7000813,17,GraphSAGE,PCA
124523,-3.4300075,-1.9463005,10,GraphSAGE,PCA
94559,-2.496447,3.5115585,27,GraphSAGE,PCA
1078,-5.5780015,-3.2625527,30,GraphSAGE,PCA
122657,-3.6822064,17.459862,24,GraphSAGE,PCA
42055,2.4268014,-3.0250032,4,GraphSAGE,PCA
48261,-1.7134433,-2.4351726,10,GraphSAGE,PCA
158028,-0.69389313,-1.3337269,24,GraphSAGE,PCA
109530,2.101639,-2.7695389,4,GraphSAGE,PCA
78992,7.042816,0.20038581,28,GraphSAGE,PCA
36862,-1.8385739,5.6107917,25,GraphSAGE,PCA
103034,-5.594989,1.4643207,30,GraphSAGE,PCA
32104,-3.8446267,-1.6235425,30,GraphSAGE,PCA
75878,-0.7229129,-2.0470476,23,GraphSAGE,PCA
145727,0.251983,-1.5651261,34,GraphSAGE,PCA
159560,-0.19477513,0.4572661,16,GraphSAGE,PCA
162881,-0.70367,-1.4304686,24,GraphSAGE,PCA
159105,-0.6902709,-0.6962737,6,GraphSAGE,PCA
146102,0.09174317,-4.534872,33,GraphSAGE,PCA
30659,2.5060532,-2.4842927,39,GraphSAGE,PCA
65601,0.85406905,-3.6258864,5,GraphSAGE,PCA
153250,-0.7832546,-3.3022573,34,GraphSAGE,PCA
74920,-0.8242574,-1.7833941,19,GraphSAGE,PCA
29981,5.058489,-2.0823128,28,GraphSAGE,PCA
109117,-3.2753575,8.175848,16,GraphSAGE,PCA
164917,16.554369,5.734389,28,GraphSAGE,PCA
22909,-1.070296,-0.8319421,26,GraphSAGE,PCA
142540,0.77517873,-2.4386888,34,GraphSAGE,PCA
165363,6.9824824,0.9145868,8,GraphSAGE,PCA
116738,1.9395852,-0.20672798,34,GraphSAGE,PCA
66538,11.855278,4.2576165,28,GraphSAGE,PCA
10206,-4.470353,-0.30557156,23,GraphSAGE,PCA
137435,-2.5870395,3.7699876,16,GraphSAGE,PCA
7336,-4.623271,10.401886,16,GraphSAGE,PCA
29278,-0.38233498,-4.493369,2,GraphSAGE,PCA
27097,-6.500368,-1.4916893,30,GraphSAGE,PCA
29436,-0.17388356,-2.4516857,29,GraphSAGE,PCA
56312,-6.463161,-1.8670394,30,GraphSAGE,PCA
14357,0.8741413,2.090735,27,GraphSAGE,PCA
126859,-1.8677609,-3.30183,22,GraphSAGE,PCA
19855,-1.9317148,6.161038,16,GraphSAGE,PCA
160608,3.1175768,-0.4589553,18,GraphSAGE,PCA
125485,0.3254673,-3.0344267,4,GraphSAGE,PCA
108318,-4.514948,-0.6540004,30,GraphSAGE,PCA
34796,-2.8490243,2.90872,16,GraphSAGE,PCA
104433,-0.6702506,-4.3074026,22,GraphSAGE,PCA
36601,0.7494728,-3.230731,34,GraphSAGE,PCA
68730,2.4648118,-1.227907,24,GraphSAGE,PCA
61435,-0.61381984,-2.860433,10,GraphSAGE,PCA
51627,-3.1728723,-0.48332834,26,GraphSAGE,PCA
77596,0.27719158,-2.5551126,5,GraphSAGE,PCA
119290,-1.5552908,-2.8719282,37,GraphSAGE,PCA
125288,5.182964,-1.0640013,8,GraphSAGE,PCA
89974,-0.73583347,-2.9318402,10,GraphSAGE,PCA
84194,5.4920497,-0.91533184,28,GraphSAGE,PCA
33644,1.1206801,-2.4319348,26,GraphSAGE,PCA
125635,-3.0783315,5.0869517,16,GraphSAGE,PCA
54656,-3.5775735,3.8088818,16,GraphSAGE,PCA
42993,-2.022005,-1.067648,30,GraphSAGE,PCA
98119,-6.0488906,-0.74065137,30,GraphSAGE,PCA
123212,-0.5659321,-3.804645,22,GraphSAGE,PCA
91115,0.00098598,-2.1369307,24,GraphSAGE,PCA
65879,-2.983358,1.1411965,24,GraphSAGE,PCA
70707,-3.6903946,5.1458817,16,GraphSAGE,PCA
15490,-3.7343397,4.6379266,16,GraphSAGE,PCA
7256,-1.9328487,1.2278695,34,GraphSAGE,PCA
136811,-4.3908124,7.3647,16,GraphSAGE,PCA
75953,-6.657096,5.7646995,16,GraphSAGE,PCA
90007,0.19235933,-1.627607,24,GraphSAGE,PCA
92382,0.50479776,-1.0484045,34,GraphSAGE,PCA
137470,0.3522784,-5.074598,2,GraphSAGE,PCA
44827,1.0256011,-2.7336597,28,GraphSAGE,PCA
143764,6.762442,1.1066356,28,GraphSAGE,PCA
10882,-1.3070779,-2.0485435,26,GraphSAGE,PCA
24528,0.18497813,-2.4138668,10,GraphSAGE,PCA
4400,-5.6391106,0.70846343,30,GraphSAGE,PCA
28058,-0.049346387,-0.82072055,20,GraphSAGE,PCA
57154,-3.070938,-2.0818796,10,GraphSAGE,PCA
137477,5.1281915,2.1869245,8,GraphSAGE,PCA
124718,-0.77272344,-2.4873478,26,GraphSAGE,PCA
108940,-3.438375,8.665558,16,GraphSAGE,PCA
56467,-5.456086,-1.0091752,30,GraphSAGE,PCA
5818,-4.691186,7.5965877,16,GraphSAGE,PCA
16506,-2.9951816,1.6217637,16,GraphSAGE,PCA
129380,-3.8012767,10.465273,16,GraphSAGE,PCA
142090,0.78942937,-2.6342626,10,GraphSAGE,PCA
72876,6.4079375,0.8553419,8,GraphSAGE,PCA
14501,1.7865615,-2.374208,34,GraphSAGE,PCA
86,0.034036636,-3.5225315,23,GraphSAGE,PCA
37864,-4.3281693,-1.7699071,31,GraphSAGE,PCA
8820,-4.5377517,3.5667934,24,GraphSAGE,PCA
85190,-0.8463342,-1.4743261,4,GraphSAGE,PCA
11277,-0.84676105,-1.1678377,34,GraphSAGE,PCA
46864,-0.48362577,-3.6680288,2,GraphSAGE,PCA
89169,-3.513362,-2.7760766,31,GraphSAGE,PCA
51424,-4.8623114,-2.293691,30,GraphSAGE,PCA
25644,3.915166,-1.812434,28,GraphSAGE,PCA
54436,-1.4191504,-0.5238881,4,GraphSAGE,PCA
16051,-0.85436934,-2.3850172,13,GraphSAGE,PCA
152962,-1.527498,-2.5545485,31,GraphSAGE,PCA
146839,1.0169415,-4.685087,34,GraphSAGE,PCA
95190,1.149991,-3.4282677,5,GraphSAGE,PCA
24038,-6.519897,-0.2509544,30,GraphSAGE,PCA
44669,3.088254,-4.3145256,2,GraphSAGE,PCA
149175,-0.50090766,-1.1736389,10,GraphSAGE,PCA
37077,4.292391,-0.3232622,8,GraphSAGE,PCA
168312,8.41656,1.5419612,28,GraphSAGE,PCA
27962,-1.268374,0.57666683,24,GraphSAGE,PCA
133870,-1.0462652,-0.5429821,20,GraphSAGE,PCA
119348,-0.23988044,-1.7668011,20,GraphSAGE,PCA
125090,-3.9528346,3.6301398,24,GraphSAGE,PCA
39294,-3.2848134,-1.5773444,24,GraphSAGE,PCA
53714,1.7222259,-2.2182999,8,GraphSAGE,PCA
65931,-0.30361426,-3.5378804,2,GraphSAGE,PCA
69605,-0.08853686,-1.5857506,23,GraphSAGE,PCA
156444,-1.3013586,-2.3905463,39,GraphSAGE,PCA
137191,-0.62653875,-2.6810963,10,GraphSAGE,PCA
151370,-4.3197026,-1.0642319,30,GraphSAGE,PCA
139012,-3.1545227,-2.6213546,38,GraphSAGE,PCA
113798,-0.33746514,-1.6972759,26,GraphSAGE,PCA
131553,-3.4385397,-2.1279476,30,GraphSAGE,PCA
54085,0.72787625,-0.7452923,9,GraphSAGE,PCA
59029,-3.4763365,0.598222,24,GraphSAGE,PCA
127484,-1.907556,-2.6211283,38,GraphSAGE,PCA
112311,-1.157537,3.2900586,20,GraphSAGE,PCA
61603,0.045755744,-3.0449371,31,GraphSAGE,PCA
8590,2.80895,-2.3172078,9,GraphSAGE,PCA
35080,-2.6847978,12.623611,16,GraphSAGE,PCA
70966,-4.214762,-0.52804446,30,GraphSAGE,PCA
29710,-0.57563156,-3.1012523,10,GraphSAGE,PCA
77054,9.101129,1.8179889,28,GraphSAGE,PCA
49616,-0.013161838,-2.0702252,34,GraphSAGE,PCA
53183,-0.6281988,-3.2663987,9,GraphSAGE,PCA
53540,-1.1571088,-3.0960965,3,GraphSAGE,PCA
168877,-1.339601,-4.0154505,2,GraphSAGE,PCA
19754,-1.7224345,-2.576902,24,GraphSAGE,PCA
121605,-3.0391512,-0.68191516,31,GraphSAGE,PCA
114179,-0.9123157,-1.5735509,5,GraphSAGE,PCA
15905,-6.2515044,0.7428489,30,GraphSAGE,PCA
17705,1.7127635,-1.2751557,19,GraphSAGE,PCA
86290,6.598093,-0.057663202,28,GraphSAGE,PCA
5308,10.590347,1.0180264,28,GraphSAGE,PCA
166985,8.022203,1.9384127,28,GraphSAGE,PCA
3971,1.9927759,3.6048765,5,GraphSAGE,PCA
165754,0.7090644,-2.655413,26,GraphSAGE,PCA
208,23.172035,8.683739,28,GraphSAGE,PCA
109054,0.42216986,4.1616635,1,GraphSAGE,PCA
133080,-1.8925507,0.58404064,24,GraphSAGE,PCA
114649,1.0471063,-0.78295684,9,GraphSAGE,PCA
49304,0.26258242,3.6912656,16,GraphSAGE,PCA
83673,9.257408,2.0237126,8,GraphSAGE,PCA
40712,-1.225348,-4.6333294,36,GraphSAGE,PCA
92265,-0.7121322,-3.4691408,10,GraphSAGE,PCA
84619,-1.4943273,-1.5060694,6,GraphSAGE,PCA
70763,-2.5891817,-1.8521926,10,GraphSAGE,PCA
26020,12.321417,3.7141776,28,GraphSAGE,PCA
29468,10.423212,1.4169126,28,GraphSAGE,PCA
96186,8.083431,-0.24686718,28,GraphSAGE,PCA
139113,2.3260648,-2.4076567,8,GraphSAGE,PCA
118786,-4.2852163,-0.8036437,30,GraphSAGE,PCA
18689,0.025179982,-4.6503654,2,GraphSAGE,PCA
75628,0.15592659,-2.3340738,7,GraphSAGE,PCA
110864,-0.16176602,-3.8794765,9,GraphSAGE,PCA
37364,-5.278952,0.09204364,30,GraphSAGE,PCA
147861,-0.41935113,-4.9567943,2,GraphSAGE,PCA
79571,-3.939657,8.071468,16,GraphSAGE,PCA
45224,-3.4910367,-2.2066123,7,GraphSAGE,PCA
41682,-3.2198544,1.2616036,25,GraphSAGE,PCA
132138,-3.8582227,-1.0123821,30,GraphSAGE,PCA
98359,-5.826666,-0.9714006,30,GraphSAGE,PCA
23060,2.0725288,-2.4927697,4,GraphSAGE,PCA
156824,-4.037122,2.2011333,16,GraphSAGE,PCA
11637,-4.3890433,1.4907143,24,GraphSAGE,PCA
105725,-3.8185945,2.5555515,24,GraphSAGE,PCA
163908,-1.2360749,2.539619,27,GraphSAGE,PCA
48403,6.4879155,0.8313627,28,GraphSAGE,PCA
155902,-3.192344,-0.28733468,26,GraphSAGE,PCA
146684,17.382408,5.1758547,28,GraphSAGE,PCA
103557,-1.163423,-3.1702363,3,GraphSAGE,PCA
67028,-1.7692931,0.5071919,24,GraphSAGE,PCA
70658,1.9539862,-1.8453698,4,GraphSAGE,PCA
4412,-0.8069668,-4.539048,2,GraphSAGE,PCA
25730,-4.141112,7.491217,16,GraphSAGE,PCA
158081,-3.8592057,3.2538967,16,GraphSAGE,PCA
32186,-0.8832859,-4.643605,2,GraphSAGE,PCA
47877,-0.07940036,-2.3006186,9,GraphSAGE,PCA
166893,-0.81395763,-2.527819,34,GraphSAGE,PCA
75307,-0.7669521,-4.2684298,2,GraphSAGE,PCA
65190,0.19991708,-1.0617695,24,GraphSAGE,PCA
19277,-0.9847375,-0.5858902,24,GraphSAGE,PCA
19337,0.1320318,-2.2262337,24,GraphSAGE,PCA
101099,-3.512003,1.1969178,24,GraphSAGE,PCA
129416,-4.7534595,3.5403466,30,GraphSAGE,PCA
116975,3.602511,-4.5726385,36,GraphSAGE,PCA
23119,-1.7730165,-3.496066,3,GraphSAGE,PCA
39196,-4.394412,5.2049584,24,GraphSAGE,PCA
140256,0.73351413,0.6368818,1,GraphSAGE,PCA
22446,-3.0587444,2.4204297,24,GraphSAGE,PCA
133294,2.364401,-1.5140256,34,GraphSAGE,PCA
75958,-1.3599784,-3.667579,10,GraphSAGE,PCA
56180,-1.7318377,-3.1582222,2,GraphSAGE,PCA
6546,-3.3748577,2.163095,16,GraphSAGE,PCA
1254,-1.284389,-2.5174375,24,GraphSAGE,PCA
61174,0.25221765,-1.1679583,14,GraphSAGE,PCA
28029,2.0082371,-2.0827138,5,GraphSAGE,PCA
95436,2.158761,-2.0673492,4,GraphSAGE,PCA
143840,-0.43711346,-2.985604,38,GraphSAGE,PCA
48590,-1.1776164,-0.30679107,26,GraphSAGE,PCA
136402,-1.2714567,-3.871286,22,GraphSAGE,PCA
109890,-4.3205996,5.240446,16,GraphSAGE,PCA
36581,0.06707013,-4.4584126,36,GraphSAGE,PCA
168134,-5.0014296,4.724288,16,GraphSAGE,PCA
68529,11.259346,2.6918821,28,GraphSAGE,PCA
60598,-2.3246808,0.0035347939,24,GraphSAGE,PCA
97945,9.159969,1.0951588,8,GraphSAGE,PCA
77188,-0.8688414,-3.4731247,2,GraphSAGE,PCA
43094,-1.1831973,-2.170168,24,GraphSAGE,PCA
51046,8.321941,0.9166446,28,GraphSAGE,PCA
48362,-3.898825,11.175253,16,GraphSAGE,PCA
105944,-0.34342074,-3.6768632,38,GraphSAGE,PCA
107787,3.8865156,-0.86362696,18,GraphSAGE,PCA
101336,9.572625,1.9978528,28,GraphSAGE,PCA
40156,5.2440376,-0.36814976,8,GraphSAGE,PCA
116986,0.0772565,1.7064581,17,GraphSAGE,PCA
76302,-1.431323,-3.5027018,2,GraphSAGE,PCA
104683,-5.7569976,-0.75252295,30,GraphSAGE,PCA
80341,11.898035,3.9142866,28,GraphSAGE,PCA
17593,2.6470268,3.0791135,8,GraphSAGE,PCA
127480,-1.0910902,-1.3370185,13,GraphSAGE,PCA
38979,-1.2630708,1.5348518,16,GraphSAGE,PCA
127829,-4.1043496,5.233718,16,GraphSAGE,PCA
166626,7.360947,1.6384506,28,GraphSAGE,PCA
124541,0.7906856,-3.7934349,36,GraphSAGE,PCA
3494,-2.7877471,4.8869,16,GraphSAGE,PCA
163530,-4.9784064,5.8583255,24,GraphSAGE,PCA
156490,3.9019723,-1.6377119,8,GraphSAGE,PCA
140983,-0.42058337,1.1107974,6,GraphSAGE,PCA
52835,-1.2304782,-2.4182644,10,GraphSAGE,PCA
154451,-2.1648228,3.629655,16,GraphSAGE,PCA
159564,0.5094308,-3.2488341,2,GraphSAGE,PCA
152580,-5.3960834,-0.9832754,30,GraphSAGE,PCA
67345,-0.6918512,-2.5879211,38,GraphSAGE,PCA
40826,-0.1951544,-3.1644487,34,GraphSAGE,PCA
135275,0.1318366,1.3509881,20,GraphSAGE,PCA
55858,12.647289,3.729391,28,GraphSAGE,PCA
135918,1.2899935,-3.6968777,10,GraphSAGE,PCA
105695,-3.6270423,0.8341441,24,GraphSAGE,PCA
74025,2.2030509,-2.55455,36,GraphSAGE,PCA
81892,-0.08447766,1.090482,6,GraphSAGE,PCA
117810,8.200355,1.6688232,28,GraphSAGE,PCA
91043,0.15416777,-3.8349667,9,GraphSAGE,PCA
143218,-0.96973825,-3.100016,11,GraphSAGE,PCA
53871,-2.3565876,7.5986276,16,GraphSAGE,PCA
54859,-2.8844776,-0.20613241,24,GraphSAGE,PCA
142781,-3.1577399,0.003560543,30,GraphSAGE,PCA
141666,2.8016827,1.8051724,28,GraphSAGE,PCA
156485,-2.5451043,1.3139749,16,GraphSAGE,PCA
29503,2.582914,1.2320435,28,GraphSAGE,PCA
74226,-1.2432139,-1.3648074,24,GraphSAGE,PCA
60620,-5.4958305,0.26086664,30,GraphSAGE,PCA
102030,1.429693,-1.5351517,34,GraphSAGE,PCA
160922,-2.9770768,-0.44296598,24,GraphSAGE,PCA
146319,-5.656597,7.5507855,16,GraphSAGE,PCA
117176,0.37084597,-2.6292057,24,GraphSAGE,PCA
66891,-3.5013182,5.151265,16,GraphSAGE,PCA
90163,-3.3799706,-2.7031639,10,GraphSAGE,PCA
3883,-3.3752518,4.6073976,16,GraphSAGE,PCA
91040,-2.7203553,6.2949843,16,GraphSAGE,PCA
114608,-2.041684,-0.6525036,20,GraphSAGE,PCA
73634,10.078622,3.5192928,28,GraphSAGE,PCA
66829,-1.8396382,-0.31674433,34,GraphSAGE,PCA
86865,-5.963456,-2.7896287,30,GraphSAGE,PCA
163220,-5.0168242,6.8637443,16,GraphSAGE,PCA
120058,-2.315865,-2.3186755,24,GraphSAGE,PCA
53590,-0.75243473,2.996224,16,GraphSAGE,PCA
10723,6.80275,3.7224135,28,GraphSAGE,PCA
104589,8.256952,0.4969766,28,GraphSAGE,PCA
51454,3.3383348,-1.7310319,29,GraphSAGE,PCA
42658,7.645234,-0.50927234,28,GraphSAGE,PCA
124666,2.9234169,-1.3565546,28,GraphSAGE,PCA
102014,-0.22543663,-3.499947,10,GraphSAGE,PCA
97386,1.0364261,-0.3574202,28,GraphSAGE,PCA
159349,0.15606177,-2.5369048,24,GraphSAGE,PCA
128610,2.6683285,-3.6735134,5,GraphSAGE,PCA
117289,20.686941,6.04419,28,GraphSAGE,PCA
91299,-0.8346978,-1.2255988,24,GraphSAGE,PCA
90649,4.035081,-0.43925428,28,GraphSAGE,PCA
160634,-0.40808398,-3.463188,22,GraphSAGE,PCA
33867,-0.36601302,-2.7642,37,GraphSAGE,PCA
124008,-1.2944776,-2.8765886,10,GraphSAGE,PCA
152233,-1.5116527,-4.6935325,10,GraphSAGE,PCA
152914,2.964702,-1.6979029,24,GraphSAGE,PCA
112837,-1.4254442,-1.2974079,26,GraphSAGE,PCA
47009,-2.1706982,-2.2959547,26,GraphSAGE,PCA
47414,-1.0741044,1.8853583,16,GraphSAGE,PCA
46915,-4.7682915,6.837301,24,GraphSAGE,PCA
23188,-2.708378,4.705108,16,GraphSAGE,PCA
128085,-2.4046905,-1.9868791,26,GraphSAGE,PCA
46015,-0.024229288,-4.9491267,2,GraphSAGE,PCA
145692,6.43354,0.10899544,28,GraphSAGE,PCA
21634,-0.5345327,-3.3339298,4,GraphSAGE,PCA
28792,1.4645491,-2.0689402,39,GraphSAGE,PCA
111692,12.325652,4.997645,28,GraphSAGE,PCA
152728,-4.8750777,-0.84399223,30,GraphSAGE,PCA
41255,1.6308274,-1.9942553,36,GraphSAGE,PCA
125642,-2.9001384,1.1025689,24,GraphSAGE,PCA
143936,-4.4302883,1.6378226,16,GraphSAGE,PCA
157167,-0.52266574,-2.3828895,4,GraphSAGE,PCA
130144,-4.572874,8.014141,16,GraphSAGE,PCA
27162,-1.0759095,-2.0207167,24,GraphSAGE,PCA
33083,5.5125656,0.26801348,28,GraphSAGE,PCA
134638,13.816416,5.2531023,28,GraphSAGE,PCA
54615,1.7422554,-1.0156972,28,GraphSAGE,PCA
148412,3.75254,-3.060011,8,GraphSAGE,PCA
3306,-0.46780387,-0.28241897,31,GraphSAGE,PCA
51018,0.4326747,-2.6902554,34,GraphSAGE,PCA
110875,-1.7027926,-0.4795276,34,GraphSAGE,PCA
122610,-1.0000734,-1.714838,26,GraphSAGE,PCA
109640,-1.0174584,-2.490188,24,GraphSAGE,PCA
21960,-4.1299863,2.5411706,31,GraphSAGE,PCA
111644,-1.6994278,-2.9042168,23,GraphSAGE,PCA
54339,-2.1275802,-2.762079,24,GraphSAGE,PCA
15341,0.8847502,-4.8299494,36,GraphSAGE,PCA
138365,-0.59309936,-0.047419548,4,GraphSAGE,PCA
21042,-0.78258276,-1.9674051,24,GraphSAGE,PCA
43244,-2.0437808,-3.4644303,23,GraphSAGE,PCA
73605,0.6656185,-0.3717878,19,GraphSAGE,PCA
77673,-2.2057097,1.4220302,24,GraphSAGE,PCA
68271,0.091412306,-1.3922204,24,GraphSAGE,PCA
116506,-0.9623548,-1.4069219,10,GraphSAGE,PCA
57266,5.1518183,-1.6802125,8,GraphSAGE,PCA
67362,-2.7069757,-1.2556102,6,GraphSAGE,PCA
108236,-6.3569694,-0.31411958,30,GraphSAGE,PCA
31697,-0.9633507,-2.0344853,27,GraphSAGE,PCA
70138,-3.3255792,7.2967277,16,GraphSAGE,PCA
55273,-4.7391005,-1.8583584,30,GraphSAGE,PCA
151733,-0.38574463,-3.8394573,22,GraphSAGE,PCA
121293,-4.3471375,-2.0378127,30,GraphSAGE,PCA
85133,0.36444044,-4.1833634,0,GraphSAGE,PCA
98622,-1.107181,-0.41263747,34,GraphSAGE,PCA
120405,4.6697874,-0.94490206,28,GraphSAGE,PCA
25011,-1.2740047,-2.1475618,24,GraphSAGE,PCA
93982,-0.31471044,-3.3339107,26,GraphSAGE,PCA
149600,1.5038605,-2.2521882,4,GraphSAGE,PCA
67438,-5.2817883,4.4053354,16,GraphSAGE,PCA
65947,0.09842098,-3.3310227,39,GraphSAGE,PCA
123542,2.782603,-2.330524,4,GraphSAGE,PCA
122909,-1.2348657,2.023538,25,GraphSAGE,PCA
61283,-3.8387852,-1.6251473,31,GraphSAGE,PCA
119528,9.920095,1.1211324,28,GraphSAGE,PCA
158513,-2.7246642,-0.56607497,24,GraphSAGE,PCA
60423,-3.8953793,9.208454,16,GraphSAGE,PCA
50602,-0.34050947,-2.5150356,18,GraphSAGE,PCA
28822,0.46439213,-2.4256442,34,GraphSAGE,PCA
110413,-1.4930706,4.8859887,16,GraphSAGE,PCA
125631,-3.2176557,2.717226,16,GraphSAGE,PCA
88903,0.15772128,-1.0172564,10,GraphSAGE,PCA
75763,-2.246337,-4.3140244,2,GraphSAGE,PCA
165927,-5.245038,-1.1749817,30,GraphSAGE,PCA
46467,-4.3154225,2.5773287,24,GraphSAGE,PCA
125411,1.6918921,-0.6576108,27,GraphSAGE,PCA
124873,3.0467882,-0.5418054,8,GraphSAGE,PCA
149314,-4.512374,-0.36278462,30,GraphSAGE,PCA
48461,-7.103022,-1.0506866,30,GraphSAGE,PCA
75225,-4.357498,6.6328197,16,GraphSAGE,PCA
165292,-5.3349085,-0.7708051,31,GraphSAGE,PCA
6734,-0.34640068,-0.43337274,24,GraphSAGE,PCA
97650,11.09289,3.273614,28,GraphSAGE,PCA
141543,13.178369,4.074731,28,GraphSAGE,PCA
164997,-0.71198595,1.6780353,27,GraphSAGE,PCA
113451,2.666716,-3.159408,4,GraphSAGE,PCA
15174,-0.26575404,-2.0565245,13,GraphSAGE,PCA
29653,9.662082,2.7853203,28,GraphSAGE,PCA
92991,-3.4345942,4.5872397,13,GraphSAGE,PCA
57340,-4.517017,-2.0947065,31,GraphSAGE,PCA
87934,-4.5344787,7.497144,16,GraphSAGE,PCA
158960,3.771618,-1.8767612,28,GraphSAGE,PCA
102719,0.30533582,-2.0005012,28,GraphSAGE,PCA
79105,-0.47625393,-3.464223,10,GraphSAGE,PCA
12189,6.8586884,1.8100209,8,GraphSAGE,PCA
100341,0.7729041,-1.6717763,8,GraphSAGE,PCA
110136,-3.5155883,3.9202714,16,GraphSAGE,PCA
168066,-0.9049929,-3.2972784,23,GraphSAGE,PCA
50682,-0.09015453,-2.8095589,18,GraphSAGE,PCA
77153,0.5812263,-3.9161987,33,GraphSAGE,PCA
120401,0.7847099,-2.6797688,3,GraphSAGE,PCA
121508,9.14353,1.641293,28,GraphSAGE,PCA
69262,7.9663315,1.4502556,28,GraphSAGE,PCA
53403,-5.019358,-1.0648425,30,GraphSAGE,PCA
108372,-1.1084187,6.6542144,27,GraphSAGE,PCA
154253,-5.1826606,5.941217,24,GraphSAGE,PCA
25630,-2.597847,-1.4603482,24,GraphSAGE,PCA
65749,-1.6674085,3.8278666,6,GraphSAGE,PCA
83120,1.3092835,-2.3740447,24,GraphSAGE,PCA
105802,1.7916434,-3.4264357,39,GraphSAGE,PCA
131798,-0.5201835,0.9303243,27,GraphSAGE,PCA
25489,-1.472795,4.7749767,16,GraphSAGE,PCA
72634,-4.127024,-1.9697133,30,GraphSAGE,PCA
21591,-2.1683106,-2.1225302,8,GraphSAGE,PCA
133516,-4.2995515,-2.0374935,30,GraphSAGE,PCA
76685,0.013661683,1.3016961,34,GraphSAGE,PCA
66521,-4.4024863,-2.5710666,31,GraphSAGE,PCA
10385,-0.99988836,-3.441114,22,GraphSAGE,PCA
146948,0.042407513,-1.3379469,14,GraphSAGE,PCA
47006,-1.256821,1.8514795,4,GraphSAGE,PCA
46963,3.3494935,-3.0609233,4,GraphSAGE,PCA
166236,-4.545549,1.5665569,30,GraphSAGE,PCA
92482,-4.6341496,-1.4161395,30,GraphSAGE,PCA
386,-5.8856015,-0.35836315,30,GraphSAGE,PCA
126174,-0.20153019,-0.9287249,28,GraphSAGE,PCA
106938,-2.6700532,4.8737583,3,GraphSAGE,PCA
168809,4.157012,-0.0027577877,27,GraphSAGE,PCA
73298,-1.4831545,-2.049282,24,GraphSAGE,PCA
88868,14.113873,4.141915,28,GraphSAGE,PCA
154598,-1.7494628,-1.0260634,24,GraphSAGE,PCA
35251,-0.30366084,-1.2413687,27,GraphSAGE,PCA
35471,-1.1852351,-2.5499823,31,GraphSAGE,PCA
138459,-4.8338995,5.305356,16,GraphSAGE,PCA
132821,2.3047402,-2.454472,8,GraphSAGE,PCA
106660,1.3340423,-2.14143,34,GraphSAGE,PCA
125660,-0.39138505,-2.5148122,9,GraphSAGE,PCA
9053,-1.0734141,-1.4909737,24,GraphSAGE,PCA
104217,-3.0513036,-2.1728346,30,GraphSAGE,PCA
110050,-0.13642523,-3.0276842,23,GraphSAGE,PCA
132963,-2.8508346,-0.34538364,24,GraphSAGE,PCA
9556,-3.7510674,3.692668,16,GraphSAGE,PCA
57306,5.9030395,0.5761244,28,GraphSAGE,PCA
155953,-1.1124973,-2.6423833,3,GraphSAGE,PCA
8386,2.335317,-0.5965718,27,GraphSAGE,PCA
93584,9.065937,0.3533888,28,GraphSAGE,PCA
57137,-4.397632,0.8482735,16,GraphSAGE,PCA
114125,-6.039727,0.6810963,30,GraphSAGE,PCA
154093,-0.08649558,0.29652405,24,GraphSAGE,PCA
138709,-2.6223562,-1.7525034,24,GraphSAGE,PCA
25587,-5.6092963,13.550388,16,GraphSAGE,PCA
140463,0.15626341,-1.9651512,36,GraphSAGE,PCA
78459,-2.683576,-2.225675,3,GraphSAGE,PCA
62076,-3.8598585,8.66135,16,GraphSAGE,PCA
124129,-4.9571667,8.756134,16,GraphSAGE,PCA
136733,1.9372594,-3.8236523,5,GraphSAGE,PCA
136968,-2.666279,-1.4148507,24,GraphSAGE,PCA
23860,0.60193866,-4.015093,34,GraphSAGE,PCA
165474,13.199669,4.9383163,29,GraphSAGE,PCA
140548,-4.5554357,5.6355567,16,GraphSAGE,PCA
31340,-0.053871453,-2.7608542,0,GraphSAGE,PCA
110548,-5.1349998,1.3740895,24,GraphSAGE,PCA
89030,-0.7434677,-0.7714484,13,GraphSAGE,PCA
88486,-4.1174173,6.0823665,16,GraphSAGE,PCA
67030,-2.0026038,-0.4231193,13,GraphSAGE,PCA
162525,0.95093983,-3.4017613,36,GraphSAGE,PCA
77838,9.531943,1.2950914,28,GraphSAGE,PCA
12011,-3.0128343,1.0990195,16,GraphSAGE,PCA
101795,-5.077801,4.3027105,30,GraphSAGE,PCA
153235,4.0932584,-1.2638406,28,GraphSAGE,PCA
53822,-0.076544166,2.0365915,27,GraphSAGE,PCA
167861,-4.588391,8.994553,16,GraphSAGE,PCA
153476,-5.1013002,7.508858,16,GraphSAGE,PCA
26293,1.7110314,-2.8562725,5,GraphSAGE,PCA
19912,-0.19298115,-3.2900183,3,GraphSAGE,PCA
63633,-3.4450018,5.5177207,16,GraphSAGE,PCA
5031,-0.40617353,-4.4430523,33,GraphSAGE,PCA
146361,13.884893,5.197129,28,GraphSAGE,PCA
42383,-1.0311499,0.1247015,24,GraphSAGE,PCA
27520,2.2526515,-1.471755,28,GraphSAGE,PCA
34772,-2.614558,0.7704606,24,GraphSAGE,PCA
160676,-1.5949452,3.7501535,24,GraphSAGE,PCA
92812,-0.4434866,-2.7969143,3,GraphSAGE,PCA
62375,-2.1928005,-3.2138467,10,GraphSAGE,PCA
27384,8.278455,-0.09836173,28,GraphSAGE,PCA
24561,-4.8569927,-1.48701,26,GraphSAGE,PCA
159576,-3.064593,-2.112246,30,GraphSAGE,PCA
139671,-2.8731682,0.9310367,24,GraphSAGE,PCA
80697,0.29627216,-0.8991382,8,GraphSAGE,PCA
14969,-0.49696022,-2.4158525,9,GraphSAGE,PCA
159419,1.0910821,-0.37778807,4,GraphSAGE,PCA
30553,12.181556,2.0710945,28,GraphSAGE,PCA
21038,-2.55538,4.793405,24,GraphSAGE,PCA
60222,-2.6251185,-0.45377898,13,GraphSAGE,PCA
22058,2.3351607,-3.0404725,8,GraphSAGE,PCA
60501,2.4531357,-3.919313,36,GraphSAGE,PCA
72754,2.2711363,-1.8677614,24,GraphSAGE,PCA
138199,0.5255249,3.4303656,24,GraphSAGE,PCA
89833,6.0823274,-0.50395584,28,GraphSAGE,PCA
65844,0.09764904,-4.7339,2,GraphSAGE,PCA
88692,-1.173635,-1.379649,25,GraphSAGE,PCA
168460,8.741054,1.7478814,28,GraphSAGE,PCA
82140,0.89045817,4.0026913,4,GraphSAGE,PCA
47251,1.2735488,-3.6554093,5,GraphSAGE,PCA
86671,-2.8300102,4.457355,16,GraphSAGE,PCA
54984,-6.58389,-0.22985125,31,GraphSAGE,PCA
130153,-0.7321503,0.68148065,24,GraphSAGE,PCA
515,4.7824807,-1.4973207,28,GraphSAGE,PCA
148677,-4.100796,-1.433184,30,GraphSAGE,PCA
12442,-4.256088,3.3124542,16,GraphSAGE,PCA
157391,-0.248108,-2.8169236,36,GraphSAGE,PCA
6119,15.205815,6.3956437,28,GraphSAGE,PCA
26999,-1.5825505,-3.6912966,2,GraphSAGE,PCA
49585,9.703816,1.054208,28,GraphSAGE,PCA
40988,-0.953984,-2.5793772,24,GraphSAGE,PCA
55771,-2.7268295,-2.3209183,37,GraphSAGE,PCA
41593,-4.6986547,-0.61963654,30,GraphSAGE,PCA
120547,-0.35045102,-2.2797596,34,GraphSAGE,PCA
88886,0.5959663,-3.7992158,39,GraphSAGE,PCA
89559,-0.4431185,-0.6288525,39,GraphSAGE,PCA
56817,1.5993385,-2.2345238,9,GraphSAGE,PCA
125094,-3.4382267,-1.960257,24,GraphSAGE,PCA
146444,0.0066860914,-1.5078821,24,GraphSAGE,PCA
96166,1.1566722,-3.720767,36,GraphSAGE,PCA
168478,1.4023392,-2.9595056,5,GraphSAGE,PCA
22453,-0.29254,-0.4968071,24,GraphSAGE,PCA
118930,-1.0472207,-2.9319158,23,GraphSAGE,PCA
147189,-0.19617668,-4.4609966,2,GraphSAGE,PCA
41069,-4.2769656,-2.2190144,30,GraphSAGE,PCA
31017,-1.6631119,5.988993,31,GraphSAGE,PCA
75330,-4.6007824,-2.0599346,30,GraphSAGE,PCA
10294,-2.6707199,7.175078,16,GraphSAGE,PCA
69254,0.045292974,1.0120177,25,GraphSAGE,PCA
108963,-2.8574762,5.5040946,24,GraphSAGE,PCA
30057,-2.316608,-4.3031597,10,GraphSAGE,PCA
103441,-4.9598813,8.724253,16,GraphSAGE,PCA
141751,-0.85484254,-3.2619054,36,GraphSAGE,PCA
29779,-5.721332,6.8281236,24,GraphSAGE,PCA
44300,-2.4837015,1.0302289,16,GraphSAGE,PCA
64456,3.1699243,-1.6703506,8,GraphSAGE,PCA
16812,-1.5092366,-3.1261063,24,GraphSAGE,PCA
121702,-0.42165768,8.68185,16,GraphSAGE,PCA
150069,6.5665894,0.6307435,28,GraphSAGE,PCA
39004,-0.0054575205,15.349613,16,GraphSAGE,PCA
20205,-2.729742,6.1132064,16,GraphSAGE,PCA
68407,-2.9192824,-2.6090717,10,GraphSAGE,PCA
157679,1.6116309,-2.2428842,28,GraphSAGE,PCA
101046,-3.8073196,-0.5509622,13,GraphSAGE,PCA
34635,1.5903459,-2.0793526,19,GraphSAGE,PCA
7228,-2.8986335,-2.018529,10,GraphSAGE,PCA
129349,-1.3875726,-0.7898499,26,GraphSAGE,PCA
5051,-1.8623295,8.806942,16,GraphSAGE,PCA
127284,2.2758882,-2.132,11,GraphSAGE,PCA
18588,2.5977588,-3.750474,33,GraphSAGE,PCA
67804,0.65457815,-2.8452773,14,GraphSAGE,PCA
139879,5.8971953,-1.3932712,28,GraphSAGE,PCA
62177,-1.2639349,-1.4033241,27,GraphSAGE,PCA
142008,-1.0696778,0.6429138,34,GraphSAGE,PCA
49580,0.38890928,-2.5444605,18,GraphSAGE,PCA
123905,6.294437,-0.8767748,8,GraphSAGE,PCA
123122,-0.7301295,-3.3504462,22,GraphSAGE,PCA
87766,-1.2587109,-2.817967,6,GraphSAGE,PCA
97849,-2.2290328,-2.4757516,26,GraphSAGE,PCA
62807,-5.6612396,-1.3715153,30,GraphSAGE,PCA
142688,1.3657098,-2.6715884,3,GraphSAGE,PCA
17865,7.875658,0.5272341,28,GraphSAGE,PCA
26850,3.8061447,-1.120016,8,GraphSAGE,PCA
76096,-2.132167,-1.1568577,3,GraphSAGE,PCA
42418,-2.4274673,-3.8439596,6,GraphSAGE,PCA
13703,-1.5472808,-4.1112022,10,GraphSAGE,PCA
27688,7.242453,1.7552314,28,GraphSAGE,PCA
87264,-1.6999159,0.65128636,16,GraphSAGE,PCA
90843,-3.0467782,9.862095,16,GraphSAGE,PCA
67427,-3.0200562,8.187916,16,GraphSAGE,PCA
103305,-0.72867906,-1.6267092,10,GraphSAGE,PCA
124445,3.0763328,-2.1380363,4,GraphSAGE,PCA
141670,0.41691285,-3.3674815,39,GraphSAGE,PCA
136763,-0.29382148,-3.1416097,22,GraphSAGE,PCA
16243,-1.3215132,-3.1616461,10,GraphSAGE,PCA
71215,2.4184196,-1.0327327,34,GraphSAGE,PCA
92612,0.39161366,3.2656898,27,GraphSAGE,PCA
37246,2.9306276,-2.3536773,4,GraphSAGE,PCA
50999,-3.5956092,2.199551,16,GraphSAGE,PCA
157670,-3.53516,-1.4546171,13,GraphSAGE,PCA
23081,1.7760365,-2.7364259,19,GraphSAGE,PCA
68699,-5.063853,-1.3561233,30,GraphSAGE,PCA
12030,0.759674,-3.4111123,4,GraphSAGE,PCA
98597,0.4713996,-0.26372743,10,GraphSAGE,PCA
159638,-4.3131876,-1.217353,30,GraphSAGE,PCA
59440,7.50877,0.8822484,20,GraphSAGE,PCA
164560,-0.7924469,-0.483518,15,GraphSAGE,PCA
102847,-4.756238,-1.1981071,30,GraphSAGE,PCA
164930,-0.25738332,0.24325252,20,GraphSAGE,PCA
17626,-4.400842,2.237555,30,GraphSAGE,PCA
151041,-2.8246114,-0.94661725,10,GraphSAGE,PCA
129437,-0.71499944,-1.5726341,20,GraphSAGE,PCA
146866,1.4528646,-0.82344663,18,GraphSAGE,PCA
50528,3.079195,-3.305834,28,GraphSAGE,PCA
128121,1.8937311,-4.033055,36,GraphSAGE,PCA
52382,-2.877437,-2.8774865,30,GraphSAGE,PCA
49381,0.4311537,-3.0307474,19,GraphSAGE,PCA
22685,0.27310783,-0.9799547,24,GraphSAGE,PCA
42289,-4.7807198,0.7625127,24,GraphSAGE,PCA
39206,-0.12812662,-2.119319,34,GraphSAGE,PCA
18544,-3.272564,0.34032726,24,GraphSAGE,PCA
148030,20.550472,7.5462766,28,GraphSAGE,PCA
83012,-3.4401226,5.1755815,16,GraphSAGE,PCA
112830,-1.1217911,-3.0438569,37,GraphSAGE,PCA
109317,-3.1667836,1.8012271,4,GraphSAGE,PCA
41003,-1.5156691,2.841465,16,GraphSAGE,PCA
160720,0.49528128,-2.5748432,26,GraphSAGE,PCA
15051,-0.99968946,-1.8072958,10,GraphSAGE,PCA
80667,-3.0407932,3.9986663,16,GraphSAGE,PCA
168168,-0.3611136,-4.862464,9,GraphSAGE,PCA
7568,10.439693,0.30144334,28,GraphSAGE,PCA
21439,-1.1920757,-3.1200473,8,GraphSAGE,PCA
43466,-3.5939987,11.003092,16,GraphSAGE,PCA
76181,-4.043815,4.9692554,16,GraphSAGE,PCA
78479,-4.2751694,-1.8657914,30,GraphSAGE,PCA
9557,1.6103835,-3.524125,22,GraphSAGE,PCA
87460,0.7158782,-3.941823,2,GraphSAGE,PCA
80231,-1.8781536,-1.768289,16,GraphSAGE,PCA
31124,-4.010311,1.2368038,24,GraphSAGE,PCA
163466,-3.3127077,2.2710643,16,GraphSAGE,PCA
33859,3.8113265,-1.5645602,19,GraphSAGE,PCA
80097,-2.5247283,2.3677692,16,GraphSAGE,PCA
46597,0.10445768,-2.071499,5,GraphSAGE,PCA
57607,1.7865002,2.779696,27,GraphSAGE,PCA
147619,11.301765,2.7197623,28,GraphSAGE,PCA
97886,0.57671076,-3.4156322,37,GraphSAGE,PCA
126252,-2.7173572,2.1208396,24,GraphSAGE,PCA
79233,1.4915502,-3.0812159,9,GraphSAGE,PCA
16575,-3.7975624,-2.71601,23,GraphSAGE,PCA
33209,2.636098,-0.99765694,28,GraphSAGE,PCA
40816,-5.7166624,1.87151,24,GraphSAGE,PCA
121858,-0.4404027,-3.8595257,2,GraphSAGE,PCA
160002,-3.4661314,4.234677,24,GraphSAGE,PCA
3968,-2.719679,3.6449552,16,GraphSAGE,PCA
56883,4.115968,-1.2931906,28,GraphSAGE,PCA
7835,-0.38038433,-3.4685063,22,GraphSAGE,PCA
114707,0.6802525,-3.7151859,5,GraphSAGE,PCA
51575,-3.1016462,1.8363447,16,GraphSAGE,PCA
27291,-4.07919,1.4531298,30,GraphSAGE,PCA
55675,-3.4767895,5.491468,16,GraphSAGE,PCA
21969,0.5673328,-3.9049032,22,GraphSAGE,PCA
128846,-4.749289,5.4703403,16,GraphSAGE,PCA
66040,-2.048256,-0.89824307,23,GraphSAGE,PCA
60775,-3.9536564,7.718696,16,GraphSAGE,PCA
63209,11.021773,1.9455686,8,GraphSAGE,PCA
56645,13.292427,1.508523,28,GraphSAGE,PCA
32968,-4.701844,-0.573992,30,GraphSAGE,PCA
11341,0.14101541,-3.0261643,15,GraphSAGE,PCA
78365,-2.313333,1.0038793,24,GraphSAGE,PCA
167964,-1.8566275,0.30161333,24,GraphSAGE,PCA
156749,-1.7335236,-1.1734506,24,GraphSAGE,PCA
96489,-2.4491014,-0.108962774,24,GraphSAGE,PCA
100845,-2.4345818,-1.1784521,13,GraphSAGE,PCA
1707,1.1954186,-2.0477579,27,GraphSAGE,PCA
68564,-0.3878434,-3.141663,37,GraphSAGE,PCA
64465,-3.1181087,4.3777666,16,GraphSAGE,PCA
97364,-4.706192,-2.4776826,30,GraphSAGE,PCA
95757,13.1793585,3.1163378,28,GraphSAGE,PCA
102016,-1.1050119,-3.8852248,2,GraphSAGE,PCA
58335,3.9024458,-1.2155612,28,GraphSAGE,PCA
53482,-0.03834915,0.79203343,17,GraphSAGE,PCA
105021,-0.79149765,-0.89614,26,GraphSAGE,PCA
66136,9.407475,1.236686,28,GraphSAGE,PCA
105371,-1.8923597,-1.2064847,13,GraphSAGE,PCA
148749,-3.0446906,-1.3813288,30,GraphSAGE,PCA
168757,-0.15957108,-3.9147844,0,GraphSAGE,PCA
120552,0.2991104,-4.462716,2,GraphSAGE,PCA
134911,-3.2697926,-0.35033083,4,GraphSAGE,PCA
63207,0.44454247,-2.2552307,26,GraphSAGE,PCA
165589,2.4323733,-1.2741457,28,GraphSAGE,PCA
164116,-0.49677682,-0.052658796,20,GraphSAGE,PCA
35253,-1.3893592,0.070159435,24,GraphSAGE,PCA
3878,-5.658146,-1.9929594,30,GraphSAGE,PCA
76393,-2.2663138,6.6664853,16,GraphSAGE,PCA
124628,-2.4643183,-3.811629,37,GraphSAGE,PCA
72241,0.33471096,-4.132372,2,GraphSAGE,PCA
34257,-2.52085,-0.06571102,25,GraphSAGE,PCA
544,-1.6239421,1.4650774,24,GraphSAGE,PCA
16737,0.2866196,-3.6962428,34,GraphSAGE,PCA
84286,-2.3632822,-0.46312022,30,GraphSAGE,PCA
133767,5.935552,-0.7695068,8,GraphSAGE,PCA
144344,1.5352185,-2.1264648,4,GraphSAGE,PCA
145078,-1.2765248,-0.0165689,24,GraphSAGE,PCA
117242,1.2635276,-2.3292677,24,GraphSAGE,PCA
151516,0.5947724,-1.3278248,1,GraphSAGE,PCA
130516,1.9034979,-4.2787576,37,GraphSAGE,PCA
17534,-2.3944745,0.84391975,25,GraphSAGE,PCA
74485,13.381193,4.1529746,28,GraphSAGE,PCA
95530,-1.2083054,-4.158587,2,GraphSAGE,PCA
159194,-0.49474096,-1.8038797,27,GraphSAGE,PCA
131238,-2.0300996,-1.9572873,31,GraphSAGE,PCA
89498,-5.275453,-1.4134164,30,GraphSAGE,PCA
122553,0.5756238,-1.8122971,34,GraphSAGE,PCA
109418,0.6310834,-3.9408092,34,GraphSAGE,PCA
124327,0.5855146,-3.849195,36,GraphSAGE,PCA
14880,-7.4145756,-1.7494156,30,GraphSAGE,PCA
86664,-1.0493476,-3.1910608,37,GraphSAGE,PCA
69229,-0.40317875,3.4822145,24,GraphSAGE,PCA
63539,-1.1637657,4.211815,16,GraphSAGE,PCA
108268,-5.553877,9.716169,16,GraphSAGE,PCA
147238,-2.12522,4.527783,16,GraphSAGE,PCA
108025,0.626831,-3.0752792,10,GraphSAGE,PCA
122955,-2.6304753,9.409151,16,GraphSAGE,PCA
147514,-1.53286,1.3355398,16,GraphSAGE,PCA
78753,-0.19711101,3.536964,28,GraphSAGE,PCA
57437,-3.287605,-2.8637245,30,GraphSAGE,PCA
35563,-1.53193,11.764387,16,GraphSAGE,PCA
40863,-2.8376732,3.477972,16,GraphSAGE,PCA
152981,-1.8705714,3.2194886,16,GraphSAGE,PCA
164876,-0.8681546,0.4851079,27,GraphSAGE,PCA
143998,-2.0796652,-2.0304084,24,GraphSAGE,PCA
154212,5.7704854,-0.6039237,8,GraphSAGE,PCA
33451,-2.326698,2.3353305,24,GraphSAGE,PCA
114327,-4.7300406,4.3031135,16,GraphSAGE,PCA
29914,-0.29888192,-2.376271,9,GraphSAGE,PCA
44490,4.318367,-1.4635868,5,GraphSAGE,PCA
161198,-1.6897755,4.208381,16,GraphSAGE,PCA
60293,-1.4096057,-3.1340868,10,GraphSAGE,PCA
25041,-4.071708,5.286929,16,GraphSAGE,PCA
78592,-2.947581,9.527487,16,GraphSAGE,PCA
114433,-1.6278932,4.700386,24,GraphSAGE,PCA
26826,-3.177393,4.9742103,16,GraphSAGE,PCA
66222,-4.4501004,-0.5944096,30,GraphSAGE,PCA
110215,-4.8250575,-2.3599753,30,GraphSAGE,PCA
149152,-1.5078633,-5.104874,10,GraphSAGE,PCA
129464,-7.038582,5.6820025,24,GraphSAGE,PCA
15771,-4.5682273,3.7965765,16,GraphSAGE,PCA
157507,-1.3710815,-3.155316,23,GraphSAGE,PCA
68397,-4.4843345,4.784777,16,GraphSAGE,PCA
71758,-0.78879505,-4.3020196,2,GraphSAGE,PCA
87220,-4.1550975,2.0130649,24,GraphSAGE,PCA
60094,-5.8371544,-0.093594074,30,GraphSAGE,PCA
133462,-3.041497,-1.4333835,24,GraphSAGE,PCA
5896,0.6739188,0.31417322,27,GraphSAGE,PCA
2090,-4.767619,-0.94502676,30,GraphSAGE,PCA
158042,-4.244974,2.8492193,16,GraphSAGE,PCA
86277,-2.4960442,-2.2306337,24,GraphSAGE,PCA
154960,-0.13655457,-5.059058,2,GraphSAGE,PCA
70297,1.2121739,-3.42879,5,GraphSAGE,PCA
25113,-0.09346956,-1.2398984,4,GraphSAGE,PCA
164887,-1.7890818,1.4461038,16,GraphSAGE,PCA
120321,2.9774942,-2.1060023,8,GraphSAGE,PCA
127164,9.055786,1.4645786,28,GraphSAGE,PCA
44881,-2.6309726,12.040264,16,GraphSAGE,PCA
95059,4.985736,-1.550596,28,GraphSAGE,PCA
127952,-6.8432813,5.391811,16,GraphSAGE,PCA
121692,-0.008363724,-2.1167445,4,GraphSAGE,PCA
89312,-1.3865259,-2.4690406,24,GraphSAGE,PCA
113620,1.4097872,-4.2921414,36,GraphSAGE,PCA
126036,-1.0151389,-2.9868686,37,GraphSAGE,PCA
66428,-0.64507383,-1.9674329,34,GraphSAGE,PCA
88074,-3.1802359,8.7749405,16,GraphSAGE,PCA
92817,-0.33024696,-2.5587025,4,GraphSAGE,PCA
31062,1.4314456,-0.2885561,4,GraphSAGE,PCA
102415,11.411277,3.992299,28,GraphSAGE,PCA
103910,-2.9101508,0.39506435,24,GraphSAGE,PCA
42535,0.26037782,-2.986082,26,GraphSAGE,PCA
140692,8.85666,2.2410784,28,GraphSAGE,PCA
146538,0.5040298,3.6549916,4,GraphSAGE,PCA
142096,-3.626572,8.442995,16,GraphSAGE,PCA
38782,2.0815718,4.221114,16,GraphSAGE,PCA
26203,-3.9439692,-3.5419912,22,GraphSAGE,PCA
99895,-2.5469868,-4.331899,10,GraphSAGE,PCA
8705,-3.4343832,-0.1679511,30,GraphSAGE,PCA
3045,10.208175,3.352203,28,GraphSAGE,PCA
31822,5.0650144,-1.310252,8,GraphSAGE,PCA
140233,-3.856572,0.13173747,30,GraphSAGE,PCA
163789,-0.41800565,-1.827228,15,GraphSAGE,PCA
111286,10.570127,3.0236282,28,GraphSAGE,PCA
57604,-2.762323,5.0318794,16,GraphSAGE,PCA
49429,7.8154736,-0.6241081,28,GraphSAGE,PCA
22141,2.7785408,-1.1349558,8,GraphSAGE,PCA
99708,-4.038302,2.9287543,30,GraphSAGE,PCA
74992,-1.1852434,0.051945925,4,GraphSAGE,PCA
8472,2.7761447,-2.547045,34,GraphSAGE,PCA
121016,-0.2325949,-3.9573066,2,GraphSAGE,PCA
45814,0.11885828,-3.085042,24,GraphSAGE,PCA
30581,7.679984,1.3007188,28,GraphSAGE,PCA
104278,-4.324843,-0.71511865,24,GraphSAGE,PCA
27739,-2.193348,-1.2287282,24,GraphSAGE,PCA
89925,1.6469424,-2.856489,5,GraphSAGE,PCA
69607,6.651678,-0.82982457,28,GraphSAGE,PCA
147648,-1.5704658,-2.5288393,24,GraphSAGE,PCA
15278,-3.6871054,5.4873977,16,GraphSAGE,PCA
150488,-3.2624664,-1.059868,24,GraphSAGE,PCA
96047,-0.3729292,-2.471258,34,GraphSAGE,PCA
21284,-0.166188,-0.54053926,34,GraphSAGE,PCA
65102,-0.46386415,-3.8960643,34,GraphSAGE,PCA
98053,-3.8822067,0.31029987,13,GraphSAGE,PCA
96908,-3.2305093,-0.058987856,24,GraphSAGE,PCA
166558,-5.283621,4.0182586,16,GraphSAGE,PCA
92808,7.708274,2.1267653,28,GraphSAGE,PCA
2780,-0.90195405,-3.9302607,2,GraphSAGE,PCA
168674,-3.9630744,-0.76253366,31,GraphSAGE,PCA
672,-1.0386603,2.6280937,16,GraphSAGE,PCA
44444,-6.1290774,3.473155,16,GraphSAGE,PCA
166344,-4.163214,-2.492514,10,GraphSAGE,PCA
20353,-0.470321,-3.2422378,34,GraphSAGE,PCA
85086,-4.738672,4.096591,16,GraphSAGE,PCA
133236,-0.70386547,-4.0646925,10,GraphSAGE,PCA
29007,-4.9486895,2.543347,16,GraphSAGE,PCA
10101,-1.306076,2.5662494,16,GraphSAGE,PCA
116252,-1.4281344,2.8851542,20,GraphSAGE,PCA
112417,-0.32094213,-2.6031275,34,GraphSAGE,PCA
24106,-5.7234073,0.10603881,30,GraphSAGE,PCA
130230,-0.19084415,-2.2003345,0,GraphSAGE,PCA
21138,-0.14310169,-2.4532933,24,GraphSAGE,PCA
39632,0.16656971,-4.742506,2,GraphSAGE,PCA
99606,-4.2424626,-1.0403376,30,GraphSAGE,PCA
24815,-2.1711884,5.617121,16,GraphSAGE,PCA
149290,-1.065956,-2.8062525,24,GraphSAGE,PCA
20829,-3.3589537,-2.140498,16,GraphSAGE,PCA
53199,5.5337267,1.2569025,28,GraphSAGE,PCA
138545,13.759028,3.7674084,28,GraphSAGE,PCA
123890,-1.3367596,-1.9707247,24,GraphSAGE,PCA
50574,9.678587,2.090374,28,GraphSAGE,PCA
118778,6.59683,0.8534322,8,GraphSAGE,PCA
141784,0.49988133,-3.1020875,10,GraphSAGE,PCA
121646,5.215756,2.9692693,28,GraphSAGE,PCA
110571,-2.4676576,-2.3826528,13,GraphSAGE,PCA
27760,-1.5847061,-3.6238375,23,GraphSAGE,PCA
117776,12.3006935,4.4840884,28,GraphSAGE,PCA
3192,-3.5741138,3.4743686,16,GraphSAGE,PCA
64304,-6.1810527,-0.31747103,30,GraphSAGE,PCA
58122,-0.8514838,-3.4425175,9,GraphSAGE,PCA
123448,5.887447,1.157074,28,GraphSAGE,PCA
5004,-0.9190216,-0.9823196,18,GraphSAGE,PCA
144584,-1.4268118,2.6551056,4,GraphSAGE,PCA
13103,9.485804,1.8142033,8,GraphSAGE,PCA
138110,0.23716295,-2.9160156,5,GraphSAGE,PCA
53285,-5.1830106,-1.6146319,31,GraphSAGE,PCA
106646,-3.9523134,5.463666,16,GraphSAGE,PCA
69457,0.23703045,-2.7521486,10,GraphSAGE,PCA
86463,-0.6971623,-0.20250535,4,GraphSAGE,PCA
36296,11.376983,3.806625,28,GraphSAGE,PCA
49732,5.672362,1.3971989,8,GraphSAGE,PCA
100781,4.6556115,0.5806036,28,GraphSAGE,PCA
18951,1.9403701,-1.2634865,34,GraphSAGE,PCA
134080,-3.7639673,-0.24303818,24,GraphSAGE,PCA
91965,-1.0050254,-2.9997787,10,GraphSAGE,PCA
53417,-3.885273,-0.01548481,13,GraphSAGE,PCA
24911,-1.9232106,-1.460035,26,GraphSAGE,PCA
136423,12.438837,3.6330647,28,GraphSAGE,PCA
123167,-1.4573734,-4.0507727,2,GraphSAGE,PCA
60655,8.740083,1.2594419,15,GraphSAGE,PCA
13328,3.1510792,-1.2564621,28,GraphSAGE,PCA
165198,-0.40995425,-1.3648969,27,GraphSAGE,PCA
152579,-1.8340983,-2.862914,10,GraphSAGE,PCA
101240,-5.029079,6.941672,16,GraphSAGE,PCA
162451,9.262233,2.2612424,28,GraphSAGE,PCA
76247,-1.015928,-1.2348659,28,GraphSAGE,PCA
93442,-0.58694357,-0.80415046,20,GraphSAGE,PCA
154155,-1.2247467,6.7331777,16,GraphSAGE,PCA
41689,1.382524,-2.1264086,26,GraphSAGE,PCA
42660,14.211582,4.444303,28,GraphSAGE,PCA
48847,16.727116,5.6002593,28,GraphSAGE,PCA
143537,3.0223863,-2.6358244,28,GraphSAGE,PCA
166976,10.104829,2.8943295,28,GraphSAGE,PCA
129688,1.6779268,-2.9999456,21,GraphSAGE,PCA
150455,7.1542006,-1.6806965,4,GraphSAGE,PCA
27306,8.986217,2.5936074,28,GraphSAGE,PCA
76817,0.8860832,-2.850858,34,GraphSAGE,PCA
103881,-4.498332,10.625553,16,GraphSAGE,PCA
89474,-0.90464973,-1.5155319,6,GraphSAGE,PCA
143188,3.039668,2.7393818,24,GraphSAGE,PCA
47093,-3.45043,-0.06495786,24,GraphSAGE,PCA
795,-1.4450305,-0.3139441,24,GraphSAGE,PCA
82888,-1.3107527,4.294014,24,GraphSAGE,PCA
142531,-0.8736059,-3.0587459,22,GraphSAGE,PCA
115355,-4.5947485,6.3493266,16,GraphSAGE,PCA
99033,-3.667282,-0.98978555,30,GraphSAGE,PCA
38713,4.617531,-1.3168975,28,GraphSAGE,PCA
95513,1.2969475,-1.7053639,19,GraphSAGE,PCA
14910,2.7816546,3.434804,34,GraphSAGE,PCA
40547,-3.4606426,-1.3693563,31,GraphSAGE,PCA
79790,-6.057579,-1.5903112,30,GraphSAGE,PCA
104063,-2.347178,1.7726054,16,GraphSAGE,PCA
118514,-4.999243,-2.2471876,30,GraphSAGE,PCA
18564,-0.906649,-2.473727,23,GraphSAGE,PCA
25767,-0.11280331,-4.517701,22,GraphSAGE,PCA
5249,1.8415155,-3.0556433,3,GraphSAGE,PCA
137025,-0.09148985,-3.4078608,37,GraphSAGE,PCA
31602,-2.0770695,0.37804627,25,GraphSAGE,PCA
156549,0.8374352,-1.7177199,4,GraphSAGE,PCA
1553,1.1694016,-3.1144285,34,GraphSAGE,PCA
15073,0.23057568,-2.9877527,34,GraphSAGE,PCA
154191,-5.0632844,-1.424716,24,GraphSAGE,PCA
3450,-2.5588307,10.790138,16,GraphSAGE,PCA
23193,-0.94483495,8.349562,17,GraphSAGE,PCA
53536,-0.84600866,-2.2290165,4,GraphSAGE,PCA
7950,0.4983346,2.9962883,25,GraphSAGE,PCA
101294,1.0495553,-2.8371758,7,GraphSAGE,PCA
25249,-2.0146694,-3.0293972,38,GraphSAGE,PCA
32113,-1.9816732,0.55605817,24,GraphSAGE,PCA
119415,-3.284751,7.524075,16,GraphSAGE,PCA
144993,0.49119514,-2.3185713,33,GraphSAGE,PCA
77328,-1.6950762,-0.25199842,16,GraphSAGE,PCA
83034,8.745915,0.6967952,8,GraphSAGE,PCA
8151,2.8275738,-2.7972066,8,GraphSAGE,PCA
80998,-1.4813077,-3.0866544,2,GraphSAGE,PCA
156144,-1.6473062,1.1119051,24,GraphSAGE,PCA
41431,1.3530126,-1.8308905,39,GraphSAGE,PCA
55507,2.5624154,-2.2065299,34,GraphSAGE,PCA
124856,0.9437278,-4.02868,2,GraphSAGE,PCA
38308,-2.4632487,-1.850852,24,GraphSAGE,PCA
55947,0.98875886,-0.25738978,19,GraphSAGE,PCA
114673,-0.70264876,-4.3877077,2,GraphSAGE,PCA
144887,-2.476748,-1.7000867,24,GraphSAGE,PCA
80538,-3.8104403,9.369431,16,GraphSAGE,PCA
153432,-5.330683,7.0784535,16,GraphSAGE,PCA
40697,0.6735273,-3.3791542,34,GraphSAGE,PCA
100277,-1.7617278,1.0474639,24,GraphSAGE,PCA
54126,-4.710251,6.37567,16,GraphSAGE,PCA
38438,1.8698468,-4.1195846,2,GraphSAGE,PCA
43697,0.5401793,0.84437084,8,GraphSAGE,PCA
88912,4.0867567,-0.0019898415,28,GraphSAGE,PCA
141190,-1.2226998,-2.8776138,10,GraphSAGE,PCA
78422,2.2019727,-1.605922,19,GraphSAGE,PCA
131017,-3.27785,-1.0338256,24,GraphSAGE,PCA
92510,-2.774401,4.2687106,16,GraphSAGE,PCA
72397,-1.3171322,-0.08389664,24,GraphSAGE,PCA
68840,-4.7589846,-2.4377174,31,GraphSAGE,PCA
55909,-2.0237973,-2.9949193,23,GraphSAGE,PCA
4909,1.6463103,-2.6902554,8,GraphSAGE,PCA
82163,9.1168,2.027197,28,GraphSAGE,PCA
46132,-4.3497825,3.6841068,16,GraphSAGE,PCA
85297,0.9650511,-2.5415652,4,GraphSAGE,PCA
18647,-1.9531949,-3.661879,11,GraphSAGE,PCA
206,-1.5661545,-1.4490489,26,GraphSAGE,PCA
27288,-1.2015836,0.58621716,10,GraphSAGE,PCA
144821,-6.1339126,8.068008,16,GraphSAGE,PCA
69624,-4.9151244,3.690086,16,GraphSAGE,PCA
18812,-4.5085554,0.37693405,13,GraphSAGE,PCA
48678,-0.89175916,6.0203996,16,GraphSAGE,PCA
278,-2.6837614,-4.329402,37,GraphSAGE,PCA
25428,0.07760823,0.009442329,24,GraphSAGE,PCA
69933,-3.6401873,-2.5868473,22,GraphSAGE,PCA
38701,9.659294,2.0018954,28,GraphSAGE,PCA
66160,-6.1026306,-0.9000423,30,GraphSAGE,PCA
82340,-2.9044816,5.630544,16,GraphSAGE,PCA
50708,-0.22355342,-2.6636224,26,GraphSAGE,PCA
164031,-0.27856827,-2.7768285,34,GraphSAGE,PCA
34752,-0.14476857,-0.9409255,24,GraphSAGE,PCA
75420,0.34762406,-4.4065046,2,GraphSAGE,PCA
117206,-1.9045963,-1.0841668,24,GraphSAGE,PCA
150715,-4.935013,-1.4894837,30,GraphSAGE,PCA
10161,0.5747412,-3.110032,34,GraphSAGE,PCA
130525,-4.004678,-0.31212687,24,GraphSAGE,PCA
64549,5.564295,4.35866,28,GraphSAGE,PCA
106696,6.943808,-0.10344672,28,GraphSAGE,PCA
18735,4.5457263,2.3182173,28,GraphSAGE,PCA
143030,-4.2541833,-1.8087323,26,GraphSAGE,PCA
8555,-0.17823803,-2.5054758,24,GraphSAGE,PCA
7976,-0.5189069,-0.92591727,4,GraphSAGE,PCA
52474,2.89062,-3.325053,4,GraphSAGE,PCA
132653,10.739928,2.970923,28,GraphSAGE,PCA
86642,-6.320618,-1.7137058,30,GraphSAGE,PCA
44295,-5.5443473,-0.3986814,26,GraphSAGE,PCA
76407,11.078751,4.2331057,28,GraphSAGE,PCA
165301,0.9266955,-2.7407181,26,GraphSAGE,PCA
11001,-5.926482,7.5257745,24,GraphSAGE,PCA
96056,-0.4194969,-4.657927,33,GraphSAGE,PCA
41312,-1.859776,-0.29834175,24,GraphSAGE,PCA
8604,-4.248241,-1.8497971,10,GraphSAGE,PCA
6896,-4.4589148,-1.3637189,10,GraphSAGE,PCA
49301,7.3490467,1.1242619,28,GraphSAGE,PCA
17293,3.572075,-3.6530695,34,GraphSAGE,PCA
124116,-2.6816869,8.198673,16,GraphSAGE,PCA
161142,-1.0271122,-2.1691444,34,GraphSAGE,PCA
157491,1.1755023,-1.9928715,4,GraphSAGE,PCA
6017,-4.587266,0.3491671,30,GraphSAGE,PCA
23450,-0.9958508,1.7859478,24,GraphSAGE,PCA
72696,4.3440146,-2.2717116,28,GraphSAGE,PCA
156929,6.6351385,-0.68108106,28,GraphSAGE,PCA
86088,-2.6326172,-1.8832216,30,GraphSAGE,PCA
130888,-1.9368083,0.16500974,24,GraphSAGE,PCA
160406,1.5714688,-4.3330183,2,GraphSAGE,PCA
53553,2.1079564,-2.4885383,19,GraphSAGE,PCA
109629,-1.6226013,-2.410439,24,GraphSAGE,PCA
71720,6.617093,-0.30092978,28,GraphSAGE,PCA
17108,-2.3793054,3.2208319,16,GraphSAGE,PCA
53638,-2.1977541,6.0427737,16,GraphSAGE,PCA
94394,-0.60422325,-3.0818417,22,GraphSAGE,PCA
28745,6.840707,-1.5816364,28,GraphSAGE,PCA
31093,-0.9769449,-2.9013429,39,GraphSAGE,PCA
78965,-3.9719,6.499739,16,GraphSAGE,PCA
132247,0.5406926,-3.8078332,24,GraphSAGE,PCA
44834,-0.19464487,-1.2773367,24,GraphSAGE,PCA
151553,-2.3064244,-1.7307923,24,GraphSAGE,PCA
112771,1.3687284,6.3321176,0,GraphSAGE,PCA
136792,-3.676285,-0.51027954,30,GraphSAGE,PCA
42930,-1.2749182,1.0182803,30,GraphSAGE,PCA
113278,-3.6259134,7.387998,16,GraphSAGE,PCA
98909,0.028187215,-2.5885184,24,GraphSAGE,PCA
167032,-4.8887796,4.3429046,24,GraphSAGE,PCA
159515,-2.0907936,-2.8752196,10,GraphSAGE,PCA
79975,-2.5236135,13.805876,16,GraphSAGE,PCA
144577,0.20310175,-3.1869571,21,GraphSAGE,PCA
73616,-3.6074376,-1.5940303,24,GraphSAGE,PCA
106618,-1.269982,2.864078,16,GraphSAGE,PCA
131626,1.0396616,-1.9536424,19,GraphSAGE,PCA
98241,0.5552338,-3.7114153,39,GraphSAGE,PCA
132996,-1.9708948,10.127188,16,GraphSAGE,PCA
42083,10.810465,2.6188102,28,GraphSAGE,PCA
94292,3.6753092,-1.3986608,27,GraphSAGE,PCA
10181,-3.1039746,7.9939046,16,GraphSAGE,PCA
47566,-2.1011584,4.682842,16,GraphSAGE,PCA
257,-1.8758414,-3.9596438,2,GraphSAGE,PCA
146828,-4.9571056,-1.8427976,10,GraphSAGE,PCA
58276,-4.7559514,-2.1560009,30,GraphSAGE,PCA
26104,2.015053,-2.45648,33,GraphSAGE,PCA
29790,0.92646164,-2.1993334,4,GraphSAGE,PCA
54159,-0.15261403,-1.9332993,26,GraphSAGE,PCA
50331,0.7115393,-2.3871937,26,GraphSAGE,PCA
40536,-4.8401313,0.24578476,30,GraphSAGE,PCA
143526,-0.26652926,-2.1501684,13,GraphSAGE,PCA
50279,-6.18695,2.279728,24,GraphSAGE,PCA
4200,0.53661555,0.27957654,24,GraphSAGE,PCA
109742,3.50456,-1.0847342,4,GraphSAGE,PCA
104108,0.26565206,-2.0928016,28,GraphSAGE,PCA
99214,11.58683,4.2193184,28,GraphSAGE,PCA
36214,2.9675517,-2.7752044,24,GraphSAGE,PCA
124672,13.247539,3.0193825,28,GraphSAGE,PCA
165262,0.43476933,-2.1530943,14,GraphSAGE,PCA
88937,5.5768337,-0.52981865,28,GraphSAGE,PCA
51395,2.7856019,-3.4928741,34,GraphSAGE,PCA
152681,6.4952326,-0.88908136,28,GraphSAGE,PCA
149626,-0.7138185,-2.971796,2,GraphSAGE,PCA
54643,0.16092205,-2.5624917,26,GraphSAGE,PCA
94134,4.181968,-0.82263005,8,GraphSAGE,PCA
39486,4.1977725,-1.8564236,8,GraphSAGE,PCA
64886,2.7677863,2.0991015,16,GraphSAGE,PCA
150659,-2.6688256,-1.5643829,24,GraphSAGE,PCA
58233,-4.576182,-1.735203,30,GraphSAGE,PCA
47792,-3.294311,5.0610466,16,GraphSAGE,PCA
164689,-1.5417283,1.6998353,24,GraphSAGE,PCA
90844,-2.3931262,-3.2417884,31,GraphSAGE,PCA
84505,-1.1618766,-1.8461055,5,GraphSAGE,PCA
126304,-5.6765976,-0.9018674,30,GraphSAGE,PCA
161640,-0.12246436,-4.4702315,33,GraphSAGE,PCA
161116,-0.5433078,-2.232855,10,GraphSAGE,PCA
149054,-2.416614,1.3311875,16,GraphSAGE,PCA
70611,3.6606631,-1.2331251,4,GraphSAGE,PCA
75538,-3.7722085,-2.3391328,30,GraphSAGE,PCA
57663,-1.9241097,-1.611213,24,GraphSAGE,PCA
147937,-4.708404,0.18840456,30,GraphSAGE,PCA
106586,0.4187687,-0.91126084,19,GraphSAGE,PCA
161784,12.743958,4.332227,28,GraphSAGE,PCA
76140,2.3351789,-1.371321,28,GraphSAGE,PCA
50697,-0.27579388,-3.0687137,20,GraphSAGE,PCA
2967,-4.8266745,-1.0622475,30,GraphSAGE,PCA
93196,-4.010928,8.632587,16,GraphSAGE,PCA
33928,-0.59469664,-0.6917038,37,GraphSAGE,PCA
58939,2.5234354,-2.2036197,4,GraphSAGE,PCA
11282,2.5041056,1.2711105,34,GraphSAGE,PCA
13845,0.04470563,-3.0761585,24,GraphSAGE,PCA
61377,1.8939528,-2.9359794,3,GraphSAGE,PCA
17305,1.5677426,-0.9141382,39,GraphSAGE,PCA
22571,0.15290117,-4.1150446,33,GraphSAGE,PCA
57798,-4.6034365,1.7953143,16,GraphSAGE,PCA
83476,9.048301,1.6387978,28,GraphSAGE,PCA
36872,-1.9069159,-2.9507482,11,GraphSAGE,PCA
153761,2.7462835,1.5759768,25,GraphSAGE,PCA
83290,-0.86670643,-3.088121,32,GraphSAGE,PCA
65914,-3.4984298,-1.0051978,30,GraphSAGE,PCA
10128,-0.14309683,-3.1231484,3,GraphSAGE,PCA
99992,-1.3418107,7.9704347,16,GraphSAGE,PCA
123425,-2.8029246,-2.9309192,10,GraphSAGE,PCA
117745,-0.84205675,-1.3715947,24,GraphSAGE,PCA
143750,1.4734979,-2.9714544,8,GraphSAGE,PCA
167591,-0.5107186,12.415415,27,GraphSAGE,PCA
31363,-0.44489974,-3.580875,10,GraphSAGE,PCA
96578,-1.7810061,-1.7754238,24,GraphSAGE,PCA
20049,7.0018687,0.2904594,28,GraphSAGE,PCA
22986,-1.7309282,-1.148304,24,GraphSAGE,PCA
89741,0.30702543,-4.0729446,36,GraphSAGE,PCA
68535,-3.6098256,11.321491,16,GraphSAGE,PCA
130252,4.746266,-0.7340282,28,GraphSAGE,PCA
49790,10.137169,1.4129469,28,GraphSAGE,PCA
107228,-0.2450481,-0.9841447,24,GraphSAGE,PCA
167796,-0.34619477,-4.8858,2,GraphSAGE,PCA
89646,2.9450803,-2.4354243,4,GraphSAGE,PCA
135656,-0.49810076,-2.3894327,18,GraphSAGE,PCA
71385,-0.7181212,-2.4738443,34,GraphSAGE,PCA
120571,2.6020393,-3.0308743,5,GraphSAGE,PCA
75580,-2.6927383,0.5059421,24,GraphSAGE,PCA
57448,-1.2067814,-1.5872784,24,GraphSAGE,PCA
113412,-5.549977,-0.82709956,24,GraphSAGE,PCA
14249,-4.590971,4.8705754,16,GraphSAGE,PCA
114137,-2.1023254,7.7999253,27,GraphSAGE,PCA
31519,-0.016860366,-4.0250964,36,GraphSAGE,PCA
145561,-3.2557259,-2.42701,30,GraphSAGE,PCA
148959,-1.8562942,-1.4016684,23,GraphSAGE,PCA
92355,-0.6794846,-0.7053658,20,GraphSAGE,PCA
46176,11.956297,3.7904902,28,GraphSAGE,PCA
19247,-0.70407856,-1.8303089,4,GraphSAGE,PCA
66695,-0.15053183,4.8737416,27,GraphSAGE,PCA
75438,3.7955718,-2.346,4,GraphSAGE,PCA
99189,-0.61607337,-2.2673287,24,GraphSAGE,PCA
119238,5.274953,-3.117123,8,GraphSAGE,PCA
50230,-2.8272753,3.7858028,16,GraphSAGE,PCA
151651,-0.5631305,-2.1882572,9,GraphSAGE,PCA
143387,9.752739,1.2439015,28,GraphSAGE,PCA
130998,4.718051,1.4812918,28,GraphSAGE,PCA
58480,-2.631841,-4.0369287,10,GraphSAGE,PCA
88081,-1.3478203,-3.00117,2,GraphSAGE,PCA
143296,12.020511,3.4705877,28,GraphSAGE,PCA
69734,-5.8164496,7.421763,24,GraphSAGE,PCA
39935,5.8716545,-0.61236846,4,GraphSAGE,PCA
42790,-7.661788,9.704052,16,GraphSAGE,PCA
112856,0.48498827,-3.495575,5,GraphSAGE,PCA
102606,-3.652507,-1.4149442,24,GraphSAGE,PCA
150502,0.2544576,-3.4848952,9,GraphSAGE,PCA
117598,-4.053883,6.556415,24,GraphSAGE,PCA
67444,-3.2849126,5.0070043,16,GraphSAGE,PCA
127653,1.289288,-4.1103215,39,GraphSAGE,PCA
4975,-3.2426825,-1.6998086,24,GraphSAGE,PCA
89166,-1.3503093,-5.2957845,2,GraphSAGE,PCA
113815,5.905787,-0.47188663,4,GraphSAGE,PCA
44192,-0.5972074,-1.9585688,24,GraphSAGE,PCA
86482,0.032509923,-4.1768446,37,GraphSAGE,PCA
159935,-3.149012,0.35557652,24,GraphSAGE,PCA
756,-5.184179,4.7942123,16,GraphSAGE,PCA
74572,1.2742648,-3.7297006,9,GraphSAGE,PCA
144209,-3.8449695,0.91423845,24,GraphSAGE,PCA
39266,-0.73534864,-1.6779945,26,GraphSAGE,PCA
104512,-4.0764976,6.777435,16,GraphSAGE,PCA
17124,-3.5182402,2.9032574,16,GraphSAGE,PCA
39415,2.659419,-1.5040989,4,GraphSAGE,PCA
152565,-3.6035297,2.0478454,24,GraphSAGE,PCA
8228,4.450486,-2.008741,19,GraphSAGE,PCA
64168,-0.17485523,-3.2516632,34,GraphSAGE,PCA
134594,-2.5476692,5.4838557,16,GraphSAGE,PCA
66121,-0.6403559,-1.4178784,20,GraphSAGE,PCA
124270,-1.0204258,-0.39148164,6,GraphSAGE,PCA
124343,-2.6678112,-2.7304592,10,GraphSAGE,PCA
145452,-6.5839624,-1.5418785,30,GraphSAGE,PCA
1365,2.0230093,-5.1565514,36,GraphSAGE,PCA
130036,3.4176073,-2.0022645,28,GraphSAGE,PCA
110424,-0.018388212,-3.3157911,4,GraphSAGE,PCA
119875,-4.161919,3.7613053,16,GraphSAGE,PCA
128184,0.42312652,-1.746434,11,GraphSAGE,PCA
113498,-2.3299148,-0.76489973,24,GraphSAGE,PCA
156568,3.549882,-1.274615,4,GraphSAGE,PCA
18367,-2.0147681,-2.373483,24,GraphSAGE,PCA
62015,-1.0029732,0.6883111,16,GraphSAGE,PCA
8184,9.432782,2.659289,28,GraphSAGE,PCA
160201,2.591789,-1.7293019,29,GraphSAGE,PCA
62642,-0.77252996,-4.137064,10,GraphSAGE,PCA
9253,-2.0843225,8.179337,16,GraphSAGE,PCA
6213,-1.277684,-2.9722128,10,GraphSAGE,PCA
40066,-5.6756744,8.1923485,16,GraphSAGE,PCA
138259,-3.6439478,0.2619779,13,GraphSAGE,PCA
74707,-3.24374,2.3398876,10,GraphSAGE,PCA
155425,-4.944018,1.6560435,31,GraphSAGE,PCA
44726,4.702507,1.3837795,28,GraphSAGE,PCA
134813,-2.0215337,0.7612648,27,GraphSAGE,PCA
90835,-1.1723921,4.2707562,16,GraphSAGE,PCA
93365,-1.4272325,-0.95673585,24,GraphSAGE,PCA
37303,0.740861,-0.10420513,19,GraphSAGE,PCA
14257,-5.107691,-1.9236495,31,GraphSAGE,PCA
109230,-2.003969,6.8337502,16,GraphSAGE,PCA
133410,2.073584,-3.832687,37,GraphSAGE,PCA
12443,-0.25738096,0.46053696,1,GraphSAGE,PCA
69182,2.726164,-2.279125,19,GraphSAGE,PCA
40663,-0.5978771,-2.21846,24,GraphSAGE,PCA
164381,-0.882332,-1.7515378,4,GraphSAGE,PCA
54674,-0.53802454,-2.5295362,18,GraphSAGE,PCA
78160,3.417788,-2.0205708,19,GraphSAGE,PCA
144534,-1.8034074,2.747047,24,GraphSAGE,PCA
165667,0.23813576,-2.994883,34,GraphSAGE,PCA
147087,-3.1864681,2.0808582,16,GraphSAGE,PCA
82318,0.10777575,-2.748519,39,GraphSAGE,PCA
161924,-3.9697795,2.1634192,25,GraphSAGE,PCA
130672,-2.3648841,3.7852802,20,GraphSAGE,PCA
85426,-0.49689868,-1.8275627,3,GraphSAGE,PCA
6883,-3.0868998,0.76153517,13,GraphSAGE,PCA
50057,-3.6053448,6.0276866,16,GraphSAGE,PCA
20823,2.1550848,-2.3715558,5,GraphSAGE,PCA
792,-1.5080359,0.3161955,24,GraphSAGE,PCA
58248,-0.625201,-2.0390801,27,GraphSAGE,PCA
107086,-2.1957393,-1.8367071,26,GraphSAGE,PCA
126079,0.69759744,0.018086195,20,GraphSAGE,PCA
163127,1.3813233,-2.6341767,36,GraphSAGE,PCA
123352,2.5297737,-1.1210966,19,GraphSAGE,PCA
138099,-2.2049422,-0.10501528,4,GraphSAGE,PCA
48455,-1.0664799,-2.9655974,27,GraphSAGE,PCA
25891,-3.8002026,-1.8853202,13,GraphSAGE,PCA
165523,0.13772666,-4.6646757,36,GraphSAGE,PCA
18031,-1.1263059,2.6054182,20,GraphSAGE,PCA
163043,-1.1529641,-2.8859663,23,GraphSAGE,PCA
70079,-3.0008554,7.7013497,16,GraphSAGE,PCA
109967,0.16392541,-5.088789,2,GraphSAGE,PCA
161652,1.4594095,-3.2586215,9,GraphSAGE,PCA
92988,0.53169984,-3.174378,5,GraphSAGE,PCA
109225,-1.2990365,-2.3226895,39,GraphSAGE,PCA
73989,-2.4997787,9.024199,16,GraphSAGE,PCA
136049,-3.8115857,-2.5188103,30,GraphSAGE,PCA
123137,0.4023823,-3.7621007,9,GraphSAGE,PCA
85259,-4.250858,-2.4228427,30,GraphSAGE,PCA
19184,8.9699545,1.3104913,28,GraphSAGE,PCA
12471,3.786055,-2.1601229,4,GraphSAGE,PCA
145735,2.6750245,-0.76556563,34,GraphSAGE,PCA
77464,-3.0196543,9.498896,16,GraphSAGE,PCA
131480,-0.34523565,3.444726,27,GraphSAGE,PCA
104808,0.32056797,-3.979968,9,GraphSAGE,PCA
161948,-1.8206549,-3.5120385,30,GraphSAGE,PCA
47873,0.30394095,-3.4053698,36,GraphSAGE,PCA
121174,-0.33596122,-4.1177893,2,GraphSAGE,PCA
86603,-1.4635955,-2.0100894,24,GraphSAGE,PCA
151883,-1.312442,2.8722444,20,GraphSAGE,PCA
109438,-4.3658943,2.9177284,24,GraphSAGE,PCA
128027,-0.16028818,-2.518845,34,GraphSAGE,PCA
165579,10.486468,1.9492388,28,GraphSAGE,PCA
80288,-0.37385452,-1.6697545,34,GraphSAGE,PCA
147801,-4.9202185,-1.7516582,30,GraphSAGE,PCA
104309,-0.21933532,7.2614627,27,GraphSAGE,PCA
134980,-0.076682866,0.4430697,24,GraphSAGE,PCA
165086,0.17892033,-4.1523447,2,GraphSAGE,PCA
119969,-2.07928,-2.9571807,31,GraphSAGE,PCA
106567,-4.862845,5.705384,16,GraphSAGE,PCA
88417,0.70911103,0.7074852,27,GraphSAGE,PCA
118215,-1.9985893,12.058083,16,GraphSAGE,PCA
28633,-1.6829283,-1.8762469,31,GraphSAGE,PCA
46749,-0.68576664,-1.5929627,20,GraphSAGE,PCA
69871,-3.9769974,6.2263303,16,GraphSAGE,PCA
1229,4.9347506,1.8097506,28,GraphSAGE,PCA
95263,-0.46405128,-3.8996944,2,GraphSAGE,PCA
100637,-3.021388,-0.17109466,31,GraphSAGE,PCA
23946,-0.6842608,-3.8329933,2,GraphSAGE,PCA
51714,-3.172114,-2.830144,30,GraphSAGE,PCA
70671,-4.2258573,6.2295127,16,GraphSAGE,PCA
75370,-1.7452276,4.6749473,16,GraphSAGE,PCA
116165,3.5268254,-1.8809266,5,GraphSAGE,PCA
155963,1.4452782,-3.2392704,36,GraphSAGE,PCA
102236,-2.380714,-2.953413,10,GraphSAGE,PCA
4174,-4.8256173,4.0447745,16,GraphSAGE,PCA
43582,9.076349,0.5729928,28,GraphSAGE,PCA
32221,1.7045493,-2.8586292,19,GraphSAGE,PCA
53219,0.8921364,-2.0601115,19,GraphSAGE,PCA
56984,-0.77082336,-2.2098067,36,GraphSAGE,PCA
1437,6.280866,-0.95967567,28,GraphSAGE,PCA
29851,1.650615,7.1060166,27,GraphSAGE,PCA
65839,-2.6992972,5.938844,16,GraphSAGE,PCA
106088,1.8927865,-1.0988076,24,GraphSAGE,PCA
105777,4.6435547,0.12981462,28,GraphSAGE,PCA
154272,-1.911109,-0.9773849,26,GraphSAGE,PCA
167873,1.2930503,1.4402676,27,GraphSAGE,PCA
67026,8.757804,1.6986895,24,GraphSAGE,PCA
3689,-0.67110515,-2.3391774,24,GraphSAGE,PCA
17655,8.3892,1.0915985,28,GraphSAGE,PCA
86947,-4.814718,-2.0813498,30,GraphSAGE,PCA
89372,-0.43158436,-3.4374816,9,GraphSAGE,PCA
142613,-5.4309373,5.5797925,24,GraphSAGE,PCA
83892,-2.6096652,-0.36785507,24,GraphSAGE,PCA
98036,-0.18099162,-4.0968604,2,GraphSAGE,PCA
57281,-0.20565009,-2.5244524,5,GraphSAGE,PCA
64619,11.478617,3.5950675,28,GraphSAGE,PCA
143004,-5.4311337,2.726262,13,GraphSAGE,PCA
20210,-3.7352526,-1.2145368,30,GraphSAGE,PCA
98747,-0.8075889,-2.177109,9,GraphSAGE,PCA
51294,5.2340026,-0.2437594,8,GraphSAGE,PCA
152977,-0.6172713,-2.5222383,34,GraphSAGE,PCA
72467,1.9002678,-0.971292,28,GraphSAGE,PCA
84901,-2.6328359,9.244585,16,GraphSAGE,PCA
62209,-0.2880168,0.15440702,27,GraphSAGE,PCA
143303,-0.87443703,-2.871643,22,GraphSAGE,PCA
115912,-2.065925,-0.4029789,24,GraphSAGE,PCA
129280,6.789225,-0.04956174,8,GraphSAGE,PCA
89371,5.5777607,0.17363238,28,GraphSAGE,PCA
81167,-0.79296803,-2.372578,5,GraphSAGE,PCA
55691,1.352819,-2.1625082,4,GraphSAGE,PCA
142041,-4.0442214,10.472811,16,GraphSAGE,PCA
156661,-2.6209145,-2.5053947,23,GraphSAGE,PCA
56929,-4.0913587,6.9266496,16,GraphSAGE,PCA
148218,-4.2199903,-2.5199795,30,GraphSAGE,PCA
90750,-5.1502414,0.9744003,24,GraphSAGE,PCA
125088,3.2847476,-3.1251206,9,GraphSAGE,PCA
61665,-0.41584915,-1.5645735,34,GraphSAGE,PCA
121941,-1.4549465,-2.128036,6,GraphSAGE,PCA
9774,2.6350853,-1.7905054,28,GraphSAGE,PCA
103251,3.4608727,-3.2199726,8,GraphSAGE,PCA
128327,-1.6427257,-1.176129,34,GraphSAGE,PCA
133634,-1.529775,3.0754304,16,GraphSAGE,PCA
112736,2.3919768,-4.1924415,36,GraphSAGE,PCA
68430,12.039669,3.844461,28,GraphSAGE,PCA
109195,-0.25211704,3.182724,20,GraphSAGE,PCA
93556,8.143452,0.80434537,28,GraphSAGE,PCA
107252,2.5268605,0.5561967,28,GraphSAGE,PCA
143677,-3.215763,3.1729445,16,GraphSAGE,PCA
141906,-0.4471782,-4.4666796,2,GraphSAGE,PCA
141401,-3.5795097,7.679892,16,GraphSAGE,PCA
40989,-0.24853474,-3.2460086,5,GraphSAGE,PCA
45230,-1.0997956,-2.8733861,24,GraphSAGE,PCA
14150,-1.4903796,-2.655534,38,GraphSAGE,PCA
2339,-2.9767272,4.296383,24,GraphSAGE,PCA
82983,1.3004675,-2.77224,5,GraphSAGE,PCA
121667,-2.8927772,-2.8305929,24,GraphSAGE,PCA
98655,-3.13924,-0.9864273,24,GraphSAGE,PCA
167488,-2.7927346,2.2090602,25,GraphSAGE,PCA
82464,3.6075954,-1.9593282,19,GraphSAGE,PCA
32701,2.2832346,-3.1529381,8,GraphSAGE,PCA
49133,-0.88252354,-2.8235602,24,GraphSAGE,PCA
32394,0.15838295,-2.7223935,32,GraphSAGE,PCA
39173,-2.299291,-0.95003486,24,GraphSAGE,PCA
106338,-1.5625563,-2.5930018,3,GraphSAGE,PCA
7511,2.5054305,-3.7964728,5,GraphSAGE,PCA
158262,0.4105994,1.2900021,27,GraphSAGE,PCA
152607,0.5877456,-2.7667415,26,GraphSAGE,PCA
41064,-3.6636558,4.7210875,16,GraphSAGE,PCA
30438,-3.1481023,-3.9562466,2,GraphSAGE,PCA
51539,-1.1684251,-0.6480917,20,GraphSAGE,PCA
25349,10.119025,3.508521,28,GraphSAGE,PCA
154601,1.147804,-0.52248645,28,GraphSAGE,PCA
78960,-5.790531,-1.1009023,30,GraphSAGE,PCA
80709,-0.5987801,-2.3613389,23,GraphSAGE,PCA
72980,0.03200549,-0.8215363,10,GraphSAGE,PCA
6936,0.7806459,-4.272304,36,GraphSAGE,PCA
127081,5.0791316,-1.7801033,28,GraphSAGE,PCA
140563,-0.9578555,-1.5832129,16,GraphSAGE,PCA
13468,-1.5613884,0.7824254,17,GraphSAGE,PCA
55285,-4.831361,-1.0027726,30,GraphSAGE,PCA
66050,1.7214055,5.5458837,27,GraphSAGE,PCA
141826,-0.93919384,-3.2287493,37,GraphSAGE,PCA
75418,-4.3772206,3.7231588,16,GraphSAGE,PCA
84614,-4.005123,-1.1043255,26,GraphSAGE,PCA
23824,2.5810878,-4.515501,37,GraphSAGE,PCA
109525,0.9131984,-3.218455,5,GraphSAGE,PCA
166627,-1.6473835,-0.08908796,25,GraphSAGE,PCA
134879,-4.9795666,1.2851546,38,GraphSAGE,PCA
141180,-1.0984144,-2.9260557,22,GraphSAGE,PCA
33732,-2.5053813,-1.4269537,26,GraphSAGE,PCA
93547,-2.3123975,1.847507,24,GraphSAGE,PCA
161196,10.515446,2.001099,8,GraphSAGE,PCA
166433,-0.11391285,-3.0091798,34,GraphSAGE,PCA
154863,0.21024984,-0.562534,24,GraphSAGE,PCA
140719,7.6067505,1.6800022,28,GraphSAGE,PCA
70293,5.0433984,-0.059372187,4,GraphSAGE,PCA
27916,3.5852175,-2.1332085,36,GraphSAGE,PCA
119722,-3.1492984,10.053062,16,GraphSAGE,PCA
27554,0.4497854,3.176125,27,GraphSAGE,PCA
78535,6.545582,-0.70467615,28,GraphSAGE,PCA
88356,2.0000064,-2.858806,34,GraphSAGE,PCA
127301,-3.4176624,0.17375207,24,GraphSAGE,PCA
35178,-4.1559715,0.09075856,30,GraphSAGE,PCA
113577,-4.5992203,-1.2999482,24,GraphSAGE,PCA
1805,-3.2177722,-0.28089523,31,GraphSAGE,PCA
56141,3.8368092,-3.120466,4,GraphSAGE,PCA
107846,-4.2244287,8.815058,16,GraphSAGE,PCA
155765,-5.757513,0.74178934,24,GraphSAGE,PCA
65265,-1.0343097,-2.1304283,10,GraphSAGE,PCA
126727,-0.021010399,-0.60872185,24,GraphSAGE,PCA
118705,-5.91819,3.3508458,24,GraphSAGE,PCA
24242,-1.5172758,-2.0462549,26,GraphSAGE,PCA
115721,-3.166583,-2.0094523,30,GraphSAGE,PCA
129678,10.759411,1.8353968,28,GraphSAGE,PCA
52329,2.0926259,-3.2183332,8,GraphSAGE,PCA
71432,1.1297715,-2.862614,34,GraphSAGE,PCA
129934,-4.853217,8.550409,16,GraphSAGE,PCA
75658,-0.88243616,-2.3494627,38,GraphSAGE,PCA
167524,-3.968843,3.8836203,16,GraphSAGE,PCA
12892,-2.6188228,6.4402757,16,GraphSAGE,PCA
161294,-3.24793,2.8494878,24,GraphSAGE,PCA
84439,-4.153156,6.4063296,16,GraphSAGE,PCA
61413,-1.4543483,-3.7329092,24,GraphSAGE,PCA
85545,1.5465767,-2.8631058,5,GraphSAGE,PCA
20140,1.1067243,-3.110694,34,GraphSAGE,PCA
112497,-0.37427723,-4.569164,22,GraphSAGE,PCA
101119,-4.9823856,-1.4003639,30,GraphSAGE,PCA
40293,-0.9736764,-3.8044782,23,GraphSAGE,PCA
25852,-1.765054,-3.344485,9,GraphSAGE,PCA
119353,5.2738886,-0.29186416,28,GraphSAGE,PCA
62651,-1.8738604,-4.02137,37,GraphSAGE,PCA
69880,1.863528,-1.7932024,36,GraphSAGE,PCA
144158,-0.05632168,-1.2952175,20,GraphSAGE,PCA
118849,1.2046542,1.1355267,8,GraphSAGE,PCA
139216,0.6135312,-2.0827978,26,GraphSAGE,PCA
73494,0.6250637,-3.5320864,34,GraphSAGE,PCA
2471,-1.1364427,-0.89244723,24,GraphSAGE,PCA
151945,-1.3048342,-1.0442896,6,GraphSAGE,PCA
125001,-0.03898716,-0.54055846,24,GraphSAGE,PCA
11199,3.1002991,-1.3618927,8,GraphSAGE,PCA
52831,-3.1117334,0.73229575,24,GraphSAGE,PCA
122997,-1.293885,-2.9708126,10,GraphSAGE,PCA
29117,-2.4350915,-1.4295125,16,GraphSAGE,PCA
82062,-1.4199781,-3.7639236,2,GraphSAGE,PCA
56238,-3.9552135,-1.6263086,10,GraphSAGE,PCA
95147,-3.494689,-2.3396604,30,GraphSAGE,PCA
47231,-4.337587,2.8807926,24,GraphSAGE,PCA
13068,0.7886992,-3.621539,24,GraphSAGE,PCA
9353,-0.19743496,-1.5972152,19,GraphSAGE,PCA
138339,-1.9629986,0.20907068,16,GraphSAGE,PCA
141724,10.042644,1.8800473,28,GraphSAGE,PCA
146190,3.4443483,-3.1660373,9,GraphSAGE,PCA
12129,-2.2801726,-0.5665835,24,GraphSAGE,PCA
9417,1.1003914,-2.5665586,9,GraphSAGE,PCA
19501,4.237954,-1.7528698,19,GraphSAGE,PCA
7013,-0.13182795,-3.6275978,37,GraphSAGE,PCA
83176,-0.985142,-4.212667,2,GraphSAGE,PCA
64625,-2.5045943,-1.9439756,26,GraphSAGE,PCA
140954,-1.688757,0.6150279,24,GraphSAGE,PCA
87411,0.012046397,-3.5137324,10,GraphSAGE,PCA
52931,-4.2675037,-2.1911678,30,GraphSAGE,PCA
41396,1.9635901,-1.8494372,28,GraphSAGE,PCA
134643,0.25333327,-4.651178,2,GraphSAGE,PCA
45241,15.085396,5.3211675,28,GraphSAGE,PCA
87579,1.7168095,0.42520547,9,GraphSAGE,PCA
123455,-5.4114294,8.078749,16,GraphSAGE,PCA
84779,9.446374,2.4029303,28,GraphSAGE,PCA
143124,-4.677248,-1.1947566,30,GraphSAGE,PCA
155048,-2.4769104,0.99603486,24,GraphSAGE,PCA
21592,10.947321,1.2658963,4,GraphSAGE,PCA
149217,-0.25704974,-3.4653368,32,GraphSAGE,PCA
93987,3.958076,-3.6335235,8,GraphSAGE,PCA
124018,-3.9320722,2.3609362,16,GraphSAGE,PCA
136071,-1.3893695,11.797407,16,GraphSAGE,PCA
86316,6.854748,0.5691998,8,GraphSAGE,PCA
161909,-5.5706058,-0.507213,30,GraphSAGE,PCA
60715,1.6266279,-1.7323148,4,GraphSAGE,PCA
88613,-4.1105886,5.5128794,16,GraphSAGE,PCA
105387,0.8908543,-4.925337,2,GraphSAGE,PCA
89168,-3.1481454,-2.805221,10,GraphSAGE,PCA
72629,3.2161517,-0.94669175,4,GraphSAGE,PCA
33160,4.6914973,-1.1591809,8,GraphSAGE,PCA
92449,-4.950599,-1.6216071,30,GraphSAGE,PCA
57694,-3.8041837,4.497028,16,GraphSAGE,PCA
132567,-2.8013718,9.796158,16,GraphSAGE,PCA
41463,0.032708406,-4.3605385,2,GraphSAGE,PCA
53236,-1.1402383,4.5989237,16,GraphSAGE,PCA
103816,-0.9910139,-0.94851136,20,GraphSAGE,PCA
109842,-0.45856583,-3.2668252,37,GraphSAGE,PCA
98852,4.611393,-0.56007874,28,GraphSAGE,PCA
109088,-1.7291052,0.14212489,24,GraphSAGE,PCA
92099,-1.8750935,5.8326173,16,GraphSAGE,PCA
118190,-0.5565602,1.0335033,27,GraphSAGE,PCA
99286,7.3158636,1.2899504,8,GraphSAGE,PCA
95255,-3.3023515,10.255276,16,GraphSAGE,PCA
59074,-1.3779185,-1.1321392,24,GraphSAGE,PCA
96382,-1.1378443,-2.1563869,6,GraphSAGE,PCA
16035,8.564532,1.2071126,8,GraphSAGE,PCA
37982,10.534234,1.4018078,28,GraphSAGE,PCA
24905,-3.9536555,-1.5805173,30,GraphSAGE,PCA
79829,-0.90881,-3.684688,37,GraphSAGE,PCA
80359,-0.36077845,-2.6560926,23,GraphSAGE,PCA
70446,8.902084,-0.28001714,28,GraphSAGE,PCA
50288,-1.5147228,6.386928,27,GraphSAGE,PCA
6071,-0.7467649,-2.6436949,34,GraphSAGE,PCA
154981,5.8780475,0.5245757,28,GraphSAGE,PCA
53382,-1.4987773,-2.2261682,24,GraphSAGE,PCA
101291,-1.0586365,-1.5774509,24,GraphSAGE,PCA
99057,-4.413843,4.493964,25,GraphSAGE,PCA
159815,1.5730588,-2.194266,26,GraphSAGE,PCA
36644,-1.8424141,2.305737,20,GraphSAGE,PCA
141459,-1.728651,7.671762,16,GraphSAGE,PCA
68831,-6.7695208,0.05941844,31,GraphSAGE,PCA
25837,-2.8455172,-1.319993,0,GraphSAGE,PCA
69342,1.4044182,-3.9483523,4,GraphSAGE,PCA
163579,-0.54912883,-3.4609244,9,GraphSAGE,PCA
106862,0.082516074,-1.9630723,34,GraphSAGE,PCA
67486,-1.0665017,-2.9148343,10,GraphSAGE,PCA
102882,9.031094,-0.46963227,28,GraphSAGE,PCA
132283,5.6604004,-0.24124599,8,GraphSAGE,PCA
72054,0.94977397,-2.589315,24,GraphSAGE,PCA
103509,1.1906636,1.3041546,27,GraphSAGE,PCA
51309,-2.6613429,7.7942595,16,GraphSAGE,PCA
15729,-2.853757,3.9655848,16,GraphSAGE,PCA
46826,0.11919725,-3.0363417,34,GraphSAGE,PCA
159613,9.341816,2.2254763,28,GraphSAGE,PCA
22580,-4.283003,0.60192776,24,GraphSAGE,PCA
163918,-3.0830693,-0.7742821,10,GraphSAGE,PCA
20075,-0.07350469,0.6084194,24,GraphSAGE,PCA
21780,-2.4563856,1.0963211,25,GraphSAGE,PCA
79850,-2.7747183,5.6386933,16,GraphSAGE,PCA
153870,-5.007526,-1.2797682,30,GraphSAGE,PCA
68040,-1.7589176,-1.2369252,24,GraphSAGE,PCA
116345,-5.1617465,-1.7964374,30,GraphSAGE,PCA
85608,-0.10402918,-2.7233605,20,GraphSAGE,PCA
77745,-0.38316357,-2.6832485,4,GraphSAGE,PCA
24998,-5.8311286,-2.0426505,30,GraphSAGE,PCA
26595,7.945772,0.29525256,28,GraphSAGE,PCA
158403,-1.9915445,-4.3171787,2,GraphSAGE,PCA
74550,-2.5068681,-0.8476095,24,GraphSAGE,PCA
109337,7.3291802,1.4277232,8,GraphSAGE,PCA
43364,-4.4111676,5.8849874,16,GraphSAGE,PCA
117850,-0.8793496,0.2261262,24,GraphSAGE,PCA
90529,-0.22330841,5.8204913,27,GraphSAGE,PCA
97346,-2.6602104,0.87077713,24,GraphSAGE,PCA
70459,0.4380564,-3.256867,5,GraphSAGE,PCA
50750,-1.0386748,-0.5362282,24,GraphSAGE,PCA
91157,-2.5272899,-2.9307616,6,GraphSAGE,PCA
159327,6.05471,0.48002887,28,GraphSAGE,PCA
41816,-3.3799396,4.780314,16,GraphSAGE,PCA
24442,-1.8416731,-0.7041069,16,GraphSAGE,PCA
75206,0.73701006,-1.7976793,24,GraphSAGE,PCA
96406,9.138765,2.112846,28,GraphSAGE,PCA
146981,-4.985634,5.889852,16,GraphSAGE,PCA
107186,-0.77019036,-5.199607,22,GraphSAGE,PCA
42861,-1.7394195,7.1995053,16,GraphSAGE,PCA
132059,2.5765946,-2.5864055,8,GraphSAGE,PCA
91458,-2.1466222,-0.02118659,10,GraphSAGE,PCA
77234,2.1633725,-0.57163286,19,GraphSAGE,PCA
99703,14.363846,4.5645103,28,GraphSAGE,PCA
165065,-3.9177504,7.9810224,16,GraphSAGE,PCA
63393,8.727544,2.7251787,28,GraphSAGE,PCA
30912,-3.84268,3.0798254,25,GraphSAGE,PCA
129736,7.175994,0.85092854,28,GraphSAGE,PCA
15448,7.159348,0.7635424,8,GraphSAGE,PCA
62515,-0.95916164,-2.8609736,10,GraphSAGE,PCA
29160,2.5523777,-1.6562765,4,GraphSAGE,PCA
69322,-3.283611,0.7113266,16,GraphSAGE,PCA
119519,-1.5967387,3.2143025,16,GraphSAGE,PCA
77301,-4.47549,3.160056,16,GraphSAGE,PCA
148925,-1.7969258,-3.5105553,23,GraphSAGE,PCA
36911,-4.4931364,-1.8029556,30,GraphSAGE,PCA
7133,-2.6085737,10.462688,16,GraphSAGE,PCA
737,1.744534,-2.3328626,19,GraphSAGE,PCA
103813,1.3533537,-2.0203323,0,GraphSAGE,PCA
11825,7.7741995,1.1568012,28,GraphSAGE,PCA
9180,1.705898,4.554713,28,GraphSAGE,PCA
85792,-1.8730733,3.3146458,27,GraphSAGE,PCA
103013,-1.9844689,-0.9717233,13,GraphSAGE,PCA
126239,-0.72541386,2.7805295,25,GraphSAGE,PCA
165115,8.394814,2.7141623,28,GraphSAGE,PCA
88024,0.26799428,-1.4385412,4,GraphSAGE,PCA
119584,-3.7933934,-1.0526593,13,GraphSAGE,PCA
16841,-1.8641198,-2.2581706,31,GraphSAGE,PCA
45610,-2.3826191,1.5149767,24,GraphSAGE,PCA
2653,-0.1887379,-2.83546,10,GraphSAGE,PCA
32518,-1.4376262,8.043081,16,GraphSAGE,PCA
8932,-0.7298456,-2.7405562,10,GraphSAGE,PCA
123752,-1.9019864,0.22065234,24,GraphSAGE,PCA
137012,6.6472964,2.365272,28,GraphSAGE,PCA
26147,15.721259,5.382935,28,GraphSAGE,PCA
169124,-4.3551974,0.12480593,16,GraphSAGE,PCA
143383,-3.114823,3.0730371,16,GraphSAGE,PCA
14491,0.9445986,4.6682343,27,GraphSAGE,PCA
106134,3.0355804,1.8960028,34,GraphSAGE,PCA
92363,-0.06762189,-4.060916,2,GraphSAGE,PCA
125538,-5.405896,6.4103513,24,GraphSAGE,PCA
90945,8.532471,1.4502511,28,GraphSAGE,PCA
84997,10.839057,3.4455404,28,GraphSAGE,PCA
117485,-1.8204658,-1.5264964,34,GraphSAGE,PCA
21045,-0.7122966,-0.25888157,29,GraphSAGE,PCA
19160,-4.64904,3.9794207,16,GraphSAGE,PCA
33994,11.711934,3.2312174,28,GraphSAGE,PCA
76856,-3.2303135,1.9628015,25,GraphSAGE,PCA
6764,0.57185656,-3.457068,5,GraphSAGE,PCA
75232,-3.4612768,-0.7745805,3,GraphSAGE,PCA
141179,-3.957518,-0.45354986,23,GraphSAGE,PCA
138117,-0.65796685,-2.0853007,34,GraphSAGE,PCA
117617,-0.08010936,-2.3478432,18,GraphSAGE,PCA
142554,1.246752,-3.2564023,22,GraphSAGE,PCA
130084,0.3876449,-3.1074257,2,GraphSAGE,PCA
20256,-0.7248777,-1.1899688,39,GraphSAGE,PCA
156316,-0.31574923,-2.5767534,11,GraphSAGE,PCA
163124,2.6906927,-3.0934947,37,GraphSAGE,PCA
134949,-2.4580226,-0.8526337,26,GraphSAGE,PCA
112738,-1.4748491,-2.16882,26,GraphSAGE,PCA
9642,-4.367481,0.2553439,30,GraphSAGE,PCA
41259,11.732777,3.552073,28,GraphSAGE,PCA
143115,-0.22666013,-3.8254995,10,GraphSAGE,PCA
48491,-2.9590688,5.467256,24,GraphSAGE,PCA
40193,-4.0252404,2.589984,16,GraphSAGE,PCA
162288,8.230308,0.16856694,28,GraphSAGE,PCA
135043,0.43290251,-2.172063,39,GraphSAGE,PCA
165131,-2.0124009,8.760649,16,GraphSAGE,PCA
102094,-1.3125894,-2.0119452,13,GraphSAGE,PCA
138162,2.1054914,0.3498323,18,GraphSAGE,PCA
8704,0.65094906,-3.8807356,9,GraphSAGE,PCA
26340,-0.35449642,-1.6717464,24,GraphSAGE,PCA
914,11.515898,3.3358817,28,GraphSAGE,PCA
922,-2.2137804,-3.2652776,38,GraphSAGE,PCA
6093,-2.7821724,7.073074,16,GraphSAGE,PCA
153240,6.789145,2.4727397,28,GraphSAGE,PCA
110582,-2.003778,-2.7441874,24,GraphSAGE,PCA
48681,-1.2231598,0.7062025,24,GraphSAGE,PCA
153446,-0.53202367,-2.3307416,34,GraphSAGE,PCA
2455,-1.2470977,-1.707905,24,GraphSAGE,PCA
33398,0.12453306,-2.8862188,22,GraphSAGE,PCA
136212,4.136547,-0.66711783,28,GraphSAGE,PCA
130891,-4.1570673,5.803146,16,GraphSAGE,PCA
143965,-1.0814209,-4.204804,2,GraphSAGE,PCA
24100,12.785568,3.5696611,28,GraphSAGE,PCA
76384,-4.517239,5.611898,16,GraphSAGE,PCA
40582,2.8808684,-2.6953058,8,GraphSAGE,PCA
41440,-4.3624587,9.1466675,16,GraphSAGE,PCA
4886,1.0551832,-2.4231062,34,GraphSAGE,PCA
145503,16.739525,5.890763,28,GraphSAGE,PCA
151164,-1.776226,-3.3243954,3,GraphSAGE,PCA
114714,0.16596878,-3.6996655,10,GraphSAGE,PCA
15240,-2.022803,-1.4749253,26,GraphSAGE,PCA
105040,-3.8002794,0.8023484,30,GraphSAGE,PCA
109559,1.7320783,-0.15019274,4,GraphSAGE,PCA
23007,-4.359439,2.363141,16,GraphSAGE,PCA
112182,-3.2264254,8.110205,16,GraphSAGE,PCA
4038,6.8790426,2.379901,28,GraphSAGE,PCA
168373,-0.5129629,-2.7106364,9,GraphSAGE,PCA
112195,11.653791,2.516327,28,GraphSAGE,PCA
17934,-1.0385311,4.0608754,16,GraphSAGE,PCA
7283,2.9308994,-2.522687,28,GraphSAGE,PCA
141040,-2.5878882,-2.596978,31,GraphSAGE,PCA
131113,1.8201816,-2.164267,8,GraphSAGE,PCA
47847,-2.824839,-4.1418953,10,GraphSAGE,PCA
115358,-4.142069,-3.0533838,31,GraphSAGE,PCA
148173,5.202542,-0.9617337,4,GraphSAGE,PCA
7444,1.9131336,-3.6720233,34,GraphSAGE,PCA
168034,-2.9629526,2.1722488,16,GraphSAGE,PCA
65884,-0.37663636,-0.93824565,24,GraphSAGE,PCA
18638,-0.38346115,-2.4914541,34,GraphSAGE,PCA
91836,-1.6986969,-2.2276695,34,GraphSAGE,PCA
131677,-0.3727104,-1.2771139,5,GraphSAGE,PCA
124419,2.5241585,-2.6062658,4,GraphSAGE,PCA
154794,-2.268173,-1.298894,24,GraphSAGE,PCA
86892,-4.2674756,-0.974043,30,GraphSAGE,PCA
50887,2.5652237,-2.2588954,24,GraphSAGE,PCA
2037,-1.0393558,5.1619115,27,GraphSAGE,PCA
74549,-3.3039436,5.2851205,16,GraphSAGE,PCA
53157,0.3547089,-2.073252,39,GraphSAGE,PCA
77286,12.580978,4.3638673,28,GraphSAGE,PCA
163205,2.614333,-0.73302865,28,GraphSAGE,PCA
49782,-1.7388124,-1.1370902,16,GraphSAGE,PCA
72695,10.240868,3.274582,28,GraphSAGE,PCA
139121,-2.9852047,1.8518724,16,GraphSAGE,PCA
121792,0.49112886,-1.992043,26,GraphSAGE,PCA
76576,-1.8127029,-2.131174,10,GraphSAGE,PCA
16126,-2.5982203,0.5719099,24,GraphSAGE,PCA
2073,-3.0701323,3.2433019,24,GraphSAGE,PCA
91779,-0.36194623,-2.5475044,34,GraphSAGE,PCA
115645,-3.8671527,3.6034236,16,GraphSAGE,PCA
5457,-5.2627206,2.8860607,16,GraphSAGE,PCA
99155,-0.1747885,-3.0295851,5,GraphSAGE,PCA
80600,-0.796445,7.00518,27,GraphSAGE,PCA
20551,1.7804666,-3.0307126,5,GraphSAGE,PCA
20689,-0.37833005,-3.5005128,2,GraphSAGE,PCA
107386,-0.1553008,-2.0176015,32,GraphSAGE,PCA
147987,0.82869464,-4.591283,36,GraphSAGE,PCA
143369,1.5032887,-2.0996034,19,GraphSAGE,PCA
45675,-2.9884708,-0.9396272,26,GraphSAGE,PCA
19971,4.0008264,-2.1890395,4,GraphSAGE,PCA
71439,-4.5971546,6.588281,16,GraphSAGE,PCA
160340,0.5948904,-4.1016183,36,GraphSAGE,PCA
142666,10.671002,3.042275,28,GraphSAGE,PCA
120992,-0.36630857,-0.7106919,4,GraphSAGE,PCA
824,6.783642,-0.2730174,28,GraphSAGE,PCA
166318,-0.4670747,1.320164,20,GraphSAGE,PCA
109895,5.5748916,-1.4292886,36,GraphSAGE,PCA
63444,-3.7917645,3.809463,16,GraphSAGE,PCA
23588,5.6421824,-0.2001586,28,GraphSAGE,PCA
80810,-1.4269626,-3.136985,10,GraphSAGE,PCA
103283,-1.3090343,0.44552326,20,GraphSAGE,PCA
131541,2.3312414,1.5831637,27,GraphSAGE,PCA
60820,-1.9600465,4.2982173,16,GraphSAGE,PCA
157814,-4.056488,-1.8471023,30,GraphSAGE,PCA
159994,-3.2593083,-1.4718579,10,GraphSAGE,PCA
93224,-1.3534956,4.376458,16,GraphSAGE,PCA
29670,-4.4515715,3.0017724,24,GraphSAGE,PCA
123013,11.783381,3.6814227,28,GraphSAGE,PCA
21565,-0.16616559,-3.39249,24,GraphSAGE,PCA
64622,2.8412945,-2.9704406,9,GraphSAGE,PCA
124331,-0.45825255,-3.3584886,2,GraphSAGE,PCA
73825,3.0843506,-3.7393112,36,GraphSAGE,PCA
93569,-0.025494516,-2.847921,34,GraphSAGE,PCA
157821,0.7822172,-1.7897769,11,GraphSAGE,PCA
14542,-1.8686337,-2.9933672,6,GraphSAGE,PCA
24915,-5.3568735,2.9519973,31,GraphSAGE,PCA
162068,12.144632,3.0079622,28,GraphSAGE,PCA
26572,-1.9127715,-1.6895865,24,GraphSAGE,PCA
52773,5.186498,-0.32908273,28,GraphSAGE,PCA
53013,-0.85501057,-1.1146994,27,GraphSAGE,PCA
89726,-2.2496715,3.387836,16,GraphSAGE,PCA
61402,-4.4756436,-1.7667505,30,GraphSAGE,PCA
134073,-2.6101155,-1.2345201,26,GraphSAGE,PCA
45612,-1.0646529,-1.7620158,37,GraphSAGE,PCA
106976,-1.1413343,-2.4477966,10,GraphSAGE,PCA
128564,-1.8390455,-2.4216542,13,GraphSAGE,PCA
137767,-2.919683,2.8852444,24,GraphSAGE,PCA
151468,-1.0734805,-0.7914195,24,GraphSAGE,PCA
124469,1.405519,-2.7192245,5,GraphSAGE,PCA
56253,-4.1703024,8.701752,16,GraphSAGE,PCA
123173,-1.4233619,-3.214177,10,GraphSAGE,PCA
113174,2.5138798,-2.5503345,19,GraphSAGE,PCA
35115,-3.5791738,-1.8574524,24,GraphSAGE,PCA
130558,-4.7089815,-1.3619905,24,GraphSAGE,PCA
155395,-4.4323835,-1.5247551,30,GraphSAGE,PCA
70582,9.9566555,1.8640409,28,GraphSAGE,PCA
122886,3.1098018,-3.124739,4,GraphSAGE,PCA
110924,-5.4994636,6.1956544,16,GraphSAGE,PCA
82316,1.6491706,-3.9204955,10,GraphSAGE,PCA
14789,-1.9793425,-1.4866056,37,GraphSAGE,PCA
121610,-2.9914012,-0.0457654,16,GraphSAGE,PCA
19745,0.33870053,-1.9393976,24,GraphSAGE,PCA
132527,2.4353685,-1.8158724,28,GraphSAGE,PCA
20189,-1.9147141,-1.2971613,4,GraphSAGE,PCA
142492,-0.094905734,-3.0386028,9,GraphSAGE,PCA
157026,4.369548,-1.714107,8,GraphSAGE,PCA
23461,0.34587222,-2.6759567,23,GraphSAGE,PCA
101105,-2.1392593,13.548309,16,GraphSAGE,PCA
39746,-6.4640007,5.9779935,16,GraphSAGE,PCA
82989,-3.6185484,11.362118,16,GraphSAGE,PCA
87299,-0.7699559,-3.7477589,2,GraphSAGE,PCA
134775,-2.2316458,2.0122066,24,GraphSAGE,PCA
155158,0.89481086,-1.1437422,1,GraphSAGE,PCA
128820,-0.04008895,-0.5793333,24,GraphSAGE,PCA
122721,-1.6494203,-2.3793473,3,GraphSAGE,PCA
88132,0.4100055,-4.526537,36,GraphSAGE,PCA
114548,-1.0258548,2.5915384,24,GraphSAGE,PCA
78580,-4.151489,-1.0712312,30,GraphSAGE,PCA
80258,-3.7612882,2.1012726,16,GraphSAGE,PCA
96532,3.2873466,-2.1730244,28,GraphSAGE,PCA
1324,-3.950645,2.8513045,16,GraphSAGE,PCA
95272,-2.2719815,-1.0765758,24,GraphSAGE,PCA
21811,0.38532448,-1.9232423,4,GraphSAGE,PCA
28886,-0.27698958,-2.4145672,4,GraphSAGE,PCA
28284,1.6860125,-2.1071682,14,GraphSAGE,PCA
103911,-1.543728,-2.8372416,38,GraphSAGE,PCA
87786,-2.9906163,-0.09344196,30,GraphSAGE,PCA
16029,13.813188,4.5989614,28,GraphSAGE,PCA
8456,-2.433668,3.6784248,16,GraphSAGE,PCA
99513,12.808544,2.3134189,28,GraphSAGE,PCA
121738,11.827003,4.708683,28,GraphSAGE,PCA
42732,5.196537,2.8792253,28,GraphSAGE,PCA
15196,-1.7244637,3.905346,16,GraphSAGE,PCA
159547,-0.21745634,3.3413405,16,GraphSAGE,PCA
157076,-5.38478,-0.7463583,31,GraphSAGE,PCA
134097,1.6096995,-3.0119452,4,GraphSAGE,PCA
168089,-3.6405497,1.1057014,25,GraphSAGE,PCA
131992,-4.357868,8.1648655,16,GraphSAGE,PCA
75082,-3.7014866,3.0760875,24,GraphSAGE,PCA
100128,1.7848003,-2.8046966,36,GraphSAGE,PCA
68595,-1.7822363,5.4359727,16,GraphSAGE,PCA
135075,-4.5227094,2.9490657,24,GraphSAGE,PCA
28570,-4.427491,0.68523455,30,GraphSAGE,PCA
161724,-0.6491785,-2.5819962,10,GraphSAGE,PCA
161904,11.764761,2.863051,28,GraphSAGE,PCA
23175,-0.6138762,0.006002426,5,GraphSAGE,PCA
122013,-4.5787773,-2.6253247,30,GraphSAGE,PCA
157859,-2.370177,-3.0833755,37,GraphSAGE,PCA
88250,-1.1764624,-2.0568075,26,GraphSAGE,PCA
14251,-4.855609,-0.9497781,30,GraphSAGE,PCA
97960,-0.27030632,-3.2300663,10,GraphSAGE,PCA
122405,-5.2986393,8.714062,16,GraphSAGE,PCA
104890,-1.3236111,-2.7991493,13,GraphSAGE,PCA
16039,11.78049,3.851931,28,GraphSAGE,PCA
107311,8.233624,0.71053314,28,GraphSAGE,PCA
103628,-3.6407886,5.4560614,16,GraphSAGE,PCA
160662,-1.4467124,2.856091,27,GraphSAGE,PCA
22282,-2.448451,5.8227944,16,GraphSAGE,PCA
155002,0.09814739,-1.1098242,28,GraphSAGE,PCA
145182,-1.7485545,-0.26123166,20,GraphSAGE,PCA
84895,3.23485,-0.7722267,8,GraphSAGE,PCA
117197,-5.3866343,6.6197276,16,GraphSAGE,PCA
100776,-1.01574,-1.7271879,26,GraphSAGE,PCA
34141,-4.359607,8.42375,16,GraphSAGE,PCA
5928,0.74166924,0.782815,24,GraphSAGE,PCA
123963,-5.951607,3.8950763,13,GraphSAGE,PCA
29809,-0.99903476,-1.364994,24,GraphSAGE,PCA
48607,-4.653551,3.173213,25,GraphSAGE,PCA
12224,0.34065253,-2.859177,32,GraphSAGE,PCA
106764,-0.25593105,-3.647572,33,GraphSAGE,PCA
129262,-0.17644715,-4.1590643,2,GraphSAGE,PCA
89863,-0.05054307,-3.8244426,2,GraphSAGE,PCA
93291,-2.3842661,12.387821,16,GraphSAGE,PCA
135692,-1.046604,-1.8103375,27,GraphSAGE,PCA
34135,21.956272,9.034374,28,GraphSAGE,PCA
110086,0.6839585,-2.2265615,34,GraphSAGE,PCA
82533,5.7514524,0.05025959,28,GraphSAGE,PCA
143147,-0.41429073,-2.076164,20,GraphSAGE,PCA
162030,-1.1339478,-2.7183933,23,GraphSAGE,PCA
90325,1.0764024,-3.1333108,8,GraphSAGE,PCA
77684,-1.5509195,-1.4033972,10,GraphSAGE,PCA
55393,2.2413812,-2.1932178,36,GraphSAGE,PCA
129947,-1.4765098,-2.230176,26,GraphSAGE,PCA
81129,-5.296012,5.6518846,16,GraphSAGE,PCA
144102,-2.1553204,1.7178955,5,GraphSAGE,PCA
154589,7.399824,0.52319,28,GraphSAGE,PCA
113173,1.5298517,-1.7415612,19,GraphSAGE,PCA
160076,8.165501,1.2228644,28,GraphSAGE,PCA
133741,-1.4272091,-2.6568222,38,GraphSAGE,PCA
50084,-4.0507054,-1.5450776,30,GraphSAGE,PCA
39721,-1.0919452,-3.1688633,3,GraphSAGE,PCA
115690,-2.0874875,1.3094254,27,GraphSAGE,PCA
30859,-2.6591685,-2.1824188,10,GraphSAGE,PCA
64019,-2.5304866,9.988342,16,GraphSAGE,PCA
73203,-2.8719249,-2.3699987,37,GraphSAGE,PCA
55252,0.44773775,-4.785273,2,GraphSAGE,PCA
124332,-3.3428888,2.9160786,24,GraphSAGE,PCA
61815,1.4476509,4.6759963,27,GraphSAGE,PCA
85210,-1.7896199,11.710997,16,GraphSAGE,PCA
62005,-0.44137886,-1.536134,14,GraphSAGE,PCA
57066,-2.4102695,4.3478127,16,GraphSAGE,PCA
39238,-6.7621512,-1.476552,30,GraphSAGE,PCA
101936,-2.4962196,-1.6613225,14,GraphSAGE,PCA
70337,6.0806365,-1.1871359,8,GraphSAGE,PCA
27859,6.1288424,0.27370024,28,GraphSAGE,PCA
80628,-1.3165435,1.9628448,28,GraphSAGE,PCA
73161,-2.5776806,-2.9021842,24,GraphSAGE,PCA
23582,3.687327,-4.297284,28,GraphSAGE,PCA
10314,1.8416166,-3.0806665,3,GraphSAGE,PCA
44959,-2.5911343,0.80058384,24,GraphSAGE,PCA
42147,0.41617686,-3.6084151,9,GraphSAGE,PCA
107912,-4.751808,-1.1639138,30,GraphSAGE,PCA
115776,-0.60219383,-2.0506895,4,GraphSAGE,PCA
64976,1.7865429,-2.1337261,28,GraphSAGE,PCA
132308,-3.1329908,7.8872123,16,GraphSAGE,PCA
78089,6.1449203,1.3496094,28,GraphSAGE,PCA
140672,0.5842603,-1.7927473,10,GraphSAGE,PCA
144701,3.3442473,-2.4588032,4,GraphSAGE,PCA
163163,-0.7200327,-2.6014302,26,GraphSAGE,PCA
86767,-2.1072986,5.895139,16,GraphSAGE,PCA
54516,5.6937485,0.8861761,28,GraphSAGE,PCA
90455,10.452652,2.4567537,8,GraphSAGE,PCA
139387,-5.188879,4.258085,24,GraphSAGE,PCA
22704,0.16876692,-4.5994234,19,GraphSAGE,PCA
124706,-0.44150808,-1.548474,5,GraphSAGE,PCA
131449,-0.89719045,-1.984032,18,GraphSAGE,PCA
103993,-0.99574685,-2.5950613,39,GraphSAGE,PCA
108415,7.903225,1.4496322,8,GraphSAGE,PCA
105941,-1.1687396,-1.2486207,4,GraphSAGE,PCA
131533,-0.5320875,-1.7718483,10,GraphSAGE,PCA
97766,-0.63796103,-3.4615564,5,GraphSAGE,PCA
135340,-2.1390538,-1.1136172,21,GraphSAGE,PCA
54117,7.6473284,1.4179521,39,GraphSAGE,PCA
165302,-2.696557,-0.48963475,10,GraphSAGE,PCA
40479,-4.4776516,-1.750462,24,GraphSAGE,PCA
152324,-0.22949404,-3.6322842,5,GraphSAGE,PCA
135119,4.3142653,-0.19228339,28,GraphSAGE,PCA
142356,1.2091937,-2.5300713,5,GraphSAGE,PCA
141270,-0.032881975,-3.1996493,39,GraphSAGE,PCA
16725,-0.35610798,-3.1713328,10,GraphSAGE,PCA
116338,-2.3360329,-2.3288136,24,GraphSAGE,PCA
156074,0.6873135,-2.3998003,15,GraphSAGE,PCA
68194,-3.1745248,0.6126282,1,GraphSAGE,PCA
8769,1.9182553,-2.3513398,28,GraphSAGE,PCA
18013,2.8837917,-1.9182091,8,GraphSAGE,PCA
140656,-0.085871816,-2.2577481,9,GraphSAGE,PCA
15749,-6.1536274,-2.0216846,30,GraphSAGE,PCA
17158,-4.4255786,-0.087581396,30,GraphSAGE,PCA
150799,-3.3454912,4.5740995,16,GraphSAGE,PCA
88391,0.004428923,-3.1810045,5,GraphSAGE,PCA
156247,0.42226022,-3.392602,9,GraphSAGE,PCA
63054,-3.9919777,3.3899999,16,GraphSAGE,PCA
1194,0.6544691,-3.141452,2,GraphSAGE,PCA
8312,9.577337,1.2189934,28,GraphSAGE,PCA
47640,2.547099,-0.022925377,24,GraphSAGE,PCA
70253,-2.922494,-0.5895759,24,GraphSAGE,PCA
160138,1.4395411,-2.428651,39,GraphSAGE,PCA
96409,1.4869192,-2.7516315,4,GraphSAGE,PCA
108449,2.29875,-2.8469598,4,GraphSAGE,PCA
42090,-6.019856,3.4218078,16,GraphSAGE,PCA
38492,-0.43833262,-2.8260815,32,GraphSAGE,PCA
39957,-3.8954246,-0.31841826,10,GraphSAGE,PCA
150064,8.202912,0.53984284,28,GraphSAGE,PCA
30633,5.628444,-0.6554346,28,GraphSAGE,PCA
83223,-0.30384496,-3.004969,34,GraphSAGE,PCA
7337,0.9055287,-1.579042,19,GraphSAGE,PCA
90554,-5.9089155,7.901939,16,GraphSAGE,PCA
143657,0.5351997,-4.388093,33,GraphSAGE,PCA
133787,-1.0623066,-1.7621849,26,GraphSAGE,PCA
147688,0.070872664,-0.4537816,4,GraphSAGE,PCA
124229,-4.112477,-2.106215,30,GraphSAGE,PCA
85157,-3.2254803,8.802795,16,GraphSAGE,PCA
166159,-1.182349,0.12447548,24,GraphSAGE,PCA
53673,-4.3685384,3.7415142,16,GraphSAGE,PCA
139795,12.7186775,3.470838,28,GraphSAGE,PCA
66441,-1.9623768,-1.3551804,26,GraphSAGE,PCA
135557,10.951003,3.0867267,28,GraphSAGE,PCA
114900,-1.9729538,3.2670007,24,GraphSAGE,PCA
87097,0.38346374,-2.9785166,26,GraphSAGE,PCA
99782,2.353559,-2.5216973,8,GraphSAGE,PCA
72457,-3.8472004,0.003165245,31,GraphSAGE,PCA
9010,-2.2935865,-3.7324884,24,GraphSAGE,PCA
140270,4.060394,2.4314084,28,GraphSAGE,PCA
29479,-2.1616926,-2.9124713,38,GraphSAGE,PCA
32886,-5.6434402,0.44775534,30,GraphSAGE,PCA
9350,4.091239,-0.15508771,8,GraphSAGE,PCA
119687,-0.8892759,2.849697,24,GraphSAGE,PCA
3569,4.458653,4.0858297,25,GraphSAGE,PCA
91202,-0.31856912,-3.9485722,37,GraphSAGE,PCA
19495,-1.3614671,6.4041896,16,GraphSAGE,PCA
76918,6.4071956,-1.3102292,28,GraphSAGE,PCA
25931,-4.926872,1.5188615,31,GraphSAGE,PCA
97472,1.497257,-0.70656204,28,GraphSAGE,PCA
48063,0.40796238,-0.30196023,27,GraphSAGE,PCA
26311,0.09020835,-1.962882,24,GraphSAGE,PCA
27943,0.34386295,-2.2114124,24,GraphSAGE,PCA
101044,-1.3552983,-2.1279511,10,GraphSAGE,PCA
155472,-3.035837,-1.6477013,25,GraphSAGE,PCA
154510,-1.0106246,-3.293369,23,GraphSAGE,PCA
24287,13.302997,5.361477,28,GraphSAGE,PCA
155879,-4.7165766,5.1928325,24,GraphSAGE,PCA
52390,-4.067165,0.11287761,37,GraphSAGE,PCA
53806,0.09713298,-0.816833,24,GraphSAGE,PCA
139219,-2.1127188,6.116182,16,GraphSAGE,PCA
32464,-2.9437304,-1.972081,10,GraphSAGE,PCA
24677,1.083684,-2.762983,34,GraphSAGE,PCA
60415,0.055185378,-1.7708229,26,GraphSAGE,PCA
100354,-1.7337561,-1.4198519,26,GraphSAGE,PCA
80262,-0.6059753,-2.3424008,24,GraphSAGE,PCA
11236,-1.4999878,-4.1538935,37,GraphSAGE,PCA
148843,-1.6932967,4.8448153,20,GraphSAGE,PCA
17773,-2.7116387,5.9733777,16,GraphSAGE,PCA
161931,6.798888,4.002663,28,GraphSAGE,PCA
137861,-2.6816218,1.4725237,16,GraphSAGE,PCA
141962,2.5804343,-3.0201032,5,GraphSAGE,PCA
125951,-4.3454213,6.061009,16,GraphSAGE,PCA
167918,-4.118223,3.7222843,16,GraphSAGE,PCA
39956,0.56169003,-2.2886467,26,GraphSAGE,PCA
45364,-2.0903447,-1.9583266,30,GraphSAGE,PCA
41844,-4.3263307,2.305056,24,GraphSAGE,PCA
89655,-0.9051879,-4.6173835,22,GraphSAGE,PCA
76635,15.094407,5.506598,28,GraphSAGE,PCA
46274,-4.650357,4.7151613,16,GraphSAGE,PCA
146467,5.502624,0.6766274,8,GraphSAGE,PCA
162528,-0.66090006,-3.6545916,19,GraphSAGE,PCA
110073,0.73242503,-2.7448335,19,GraphSAGE,PCA
19202,0.16935945,0.18809104,24,GraphSAGE,PCA
71907,18.492943,7.543204,28,GraphSAGE,PCA
156430,14.401204,4.603224,28,GraphSAGE,PCA
63179,-0.4083416,-4.3325195,22,GraphSAGE,PCA
20074,2.8747973,-2.709906,28,GraphSAGE,PCA
69661,-1.809592,1.3336935,16,GraphSAGE,PCA
48941,-0.3883323,-0.36018348,17,GraphSAGE,PCA
101834,-0.9196806,-3.2077339,39,GraphSAGE,PCA
127204,-0.2611135,-2.4873643,34,GraphSAGE,PCA
146519,10.475267,2.3214312,28,GraphSAGE,PCA
157577,-0.77264273,-0.69584644,13,GraphSAGE,PCA
102328,3.7219377,-0.14634562,28,GraphSAGE,PCA
129198,-0.4082486,6.8106093,16,GraphSAGE,PCA
89623,15.194069,4.7977977,28,GraphSAGE,PCA
56439,-2.7050452,4.1611023,16,GraphSAGE,PCA
39283,0.46293777,-1.436767,4,GraphSAGE,PCA
78183,5.6050396,-1.7474229,9,GraphSAGE,PCA
134550,0.12581962,-4.829653,2,GraphSAGE,PCA
42301,-2.307185,2.0792856,24,GraphSAGE,PCA
140058,1.6817122,-2.6367505,4,GraphSAGE,PCA
48621,-0.4785996,0.41299462,24,GraphSAGE,PCA
18430,12.376549,3.7098489,28,GraphSAGE,PCA
112052,-2.9735482,-0.6294836,24,GraphSAGE,PCA
3012,-2.0585103,1.4971545,16,GraphSAGE,PCA
143026,-1.0646073,-1.788536,8,GraphSAGE,PCA
132521,-0.11600381,1.0432916,39,GraphSAGE,PCA
107113,-1.8117619,-0.24002004,7,GraphSAGE,PCA
78926,-1.1834955,-2.249744,24,GraphSAGE,PCA
72965,11.485719,2.1028223,28,GraphSAGE,PCA
135834,-3.1302776,-1.7573248,24,GraphSAGE,PCA
124683,-1.9565773,4.2977057,18,GraphSAGE,PCA
157563,1.750668,-3.3388062,36,GraphSAGE,PCA
30645,-1.5999923,-0.6290586,24,GraphSAGE,PCA
100657,0.17311579,-2.5918438,5,GraphSAGE,PCA
28028,-4.2530036,-2.007599,31,GraphSAGE,PCA
163175,1.2532899,-1.5673176,34,GraphSAGE,PCA
1099,-3.8684156,-1.8178264,30,GraphSAGE,PCA
70780,5.57687,0.18995214,8,GraphSAGE,PCA
126462,11.837181,3.8162003,8,GraphSAGE,PCA
23700,-3.96797,5.3251963,16,GraphSAGE,PCA
122156,-6.021581,0.76450133,24,GraphSAGE,PCA
17884,-5.5460234,0.96682405,30,GraphSAGE,PCA
141997,-0.947417,-2.8187616,10,GraphSAGE,PCA
107069,-2.5352669,0.67675424,27,GraphSAGE,PCA
25030,-4.1166234,-1.4715865,30,GraphSAGE,PCA
93766,-3.2207527,6.5415587,16,GraphSAGE,PCA
100815,-3.2211618,-1.859447,10,GraphSAGE,PCA
4198,6.446288,1.9302936,28,GraphSAGE,PCA
84304,-5.5483046,3.2608457,24,GraphSAGE,PCA
156192,4.869504,-0.99320734,28,GraphSAGE,PCA
162185,10.407058,1.5786366,28,GraphSAGE,PCA
48379,2.0673883,-0.65426886,8,GraphSAGE,PCA
87998,3.2502759,-1.9792806,8,GraphSAGE,PCA
161400,3.5350718,0.83125424,28,GraphSAGE,PCA
52989,1.1833515,-2.5946126,4,GraphSAGE,PCA
111956,7.318918,1.1974943,28,GraphSAGE,PCA
85863,-3.9388185,3.6737232,16,GraphSAGE,PCA
82521,-4.496378,-2.4820564,30,GraphSAGE,PCA
22331,2.557445,-1.8877975,9,GraphSAGE,PCA
50830,1.8151145,-2.1870143,26,GraphSAGE,PCA
164362,-0.21229547,-1.7593313,34,GraphSAGE,PCA
67152,4.3727646,2.2775702,24,GraphSAGE,PCA
13659,-2.027376,3.5014086,16,GraphSAGE,PCA
156670,-5.4005027,2.285131,30,GraphSAGE,PCA
95817,-1.5343614,-2.2615788,26,GraphSAGE,PCA
20903,0.3249761,-1.8176479,34,GraphSAGE,PCA
73278,0.4379136,-2.1533475,26,GraphSAGE,PCA
22136,11.312632,3.7391462,28,GraphSAGE,PCA
139512,9.134539,1.0937028,28,GraphSAGE,PCA
124823,0.083440065,-2.2446861,34,GraphSAGE,PCA
14254,-3.142101,9.165722,16,GraphSAGE,PCA
120842,-1.9469965,-1.6274834,24,GraphSAGE,PCA
4239,-0.98873985,-1.9701105,26,GraphSAGE,PCA
135829,4.5684342,-1.2019647,36,GraphSAGE,PCA
145997,-4.213532,0.5734353,30,GraphSAGE,PCA
33745,6.203127,-3.1939697,3,GraphSAGE,PCA
70445,3.5620828,-1.011706,19,GraphSAGE,PCA
98162,8.1227255,1.5030074,28,GraphSAGE,PCA
129425,-1.5084174,-2.2848687,23,GraphSAGE,PCA
117276,-4.34229,1.3924205,24,GraphSAGE,PCA
156676,-2.7387998,2.6826901,16,GraphSAGE,PCA
85531,-1.7055435,-2.4256434,10,GraphSAGE,PCA
50092,3.5572305,-4.709238,34,GraphSAGE,PCA
20580,-1.5653709,3.913558,24,GraphSAGE,PCA
163742,0.24232036,-3.2739117,5,GraphSAGE,PCA
114475,11.293775,3.313828,28,GraphSAGE,PCA
3034,1.869585,-1.5705826,24,GraphSAGE,PCA
22268,-2.3087943,4.0695076,16,GraphSAGE,PCA
47182,-0.5062186,-1.0151311,4,GraphSAGE,PCA
38796,-3.0367756,-2.6430118,37,GraphSAGE,PCA
29441,2.0180311,-1.9302129,28,GraphSAGE,PCA
2354,-1.7440991,-1.9795477,19,GraphSAGE,PCA
157848,-2.2944944,4.1958027,16,GraphSAGE,PCA
24309,-5.33162,7.974075,16,GraphSAGE,PCA
73267,7.0869703,0.36641955,28,GraphSAGE,PCA
84594,0.6680898,-2.9164891,8,GraphSAGE,PCA
84352,13.862629,4.1241374,28,GraphSAGE,PCA
164180,-0.89593685,-3.7832055,2,GraphSAGE,PCA
54131,-1.4093697,-0.15076566,20,GraphSAGE,PCA
131336,-2.8801827,-1.1456852,6,GraphSAGE,PCA
168609,-4.211578,12.766783,16,GraphSAGE,PCA
52427,-4.8890195,-1.8348137,30,GraphSAGE,PCA
47390,6.4603086,0.48390436,28,GraphSAGE,PCA
33186,-0.58272856,-3.3314886,22,GraphSAGE,PCA
7566,-0.8704873,-0.30901194,24,GraphSAGE,PCA
147755,10.4591055,4.201976,28,GraphSAGE,PCA
121630,0.6024973,0.19338751,27,GraphSAGE,PCA
101265,0.7577602,-1.9437531,28,GraphSAGE,PCA
62040,-2.945288,2.2009606,34,GraphSAGE,PCA
30287,-2.120858,-2.6583433,23,GraphSAGE,PCA
126163,-4.9828253,-1.1850694,30,GraphSAGE,PCA
25897,-3.2741458,7.9703946,16,GraphSAGE,PCA
150692,-2.4829457,4.492496,16,GraphSAGE,PCA
140421,5.227968,-0.56122947,29,GraphSAGE,PCA
11428,0.39807266,-1.2304566,4,GraphSAGE,PCA
20740,1.2527144,-3.5186343,4,GraphSAGE,PCA
5391,-0.76105034,-3.6598835,2,GraphSAGE,PCA
40714,-1.8620698,-2.6229444,38,GraphSAGE,PCA
160129,-1.2830611,-1.2343081,4,GraphSAGE,PCA
158285,-3.4727774,4.3898807,16,GraphSAGE,PCA
896,1.5675106,-1.5003786,4,GraphSAGE,PCA
44346,-3.7563798,5.919769,16,GraphSAGE,PCA
64205,-2.3470948,12.01314,16,GraphSAGE,PCA
126182,-3.2884047,0.6245549,16,GraphSAGE,PCA
124464,8.68373,1.8053522,28,GraphSAGE,PCA
15961,-3.0771387,-3.4852514,33,GraphSAGE,PCA
149756,0.41637772,-3.3359342,9,GraphSAGE,PCA
63136,-1.7200398,-1.2509911,26,GraphSAGE,PCA
69315,-0.8612305,-1.674406,7,GraphSAGE,PCA
111802,-2.203072,0.9051604,24,GraphSAGE,PCA
56704,0.06997311,-3.3440485,20,GraphSAGE,PCA
130450,-3.557813,2.346971,16,GraphSAGE,PCA
3736,1.5276875,-3.6198773,36,GraphSAGE,PCA
53384,1.1819284,-1.9738365,4,GraphSAGE,PCA
79342,-0.25111893,-3.187855,5,GraphSAGE,PCA
87675,-4.1912494,-1.42655,30,GraphSAGE,PCA
19598,-1.119993,-3.822914,10,GraphSAGE,PCA
150974,-5.5165567,0.42606091,30,GraphSAGE,PCA
37753,0.06865603,-2.4928305,24,GraphSAGE,PCA
150527,-0.096699476,-2.6732283,37,GraphSAGE,PCA
142899,-6.171487,-2.0553985,30,GraphSAGE,PCA
126502,14.001096,4.489572,28,GraphSAGE,PCA
15365,-5.099566,3.068667,24,GraphSAGE,PCA
150680,-6.3366714,-0.76739585,30,GraphSAGE,PCA
25608,0.6737128,-2.216785,19,GraphSAGE,PCA
167699,11.699237,3.025621,28,GraphSAGE,PCA
163813,-1.9241655,-0.9453051,10,GraphSAGE,PCA
73527,-5.690286,-0.14128542,30,GraphSAGE,PCA
50494,7.7618694,0.323133,4,GraphSAGE,PCA
7589,-2.8177588,-0.23341918,24,GraphSAGE,PCA
90099,-0.25915894,-1.3126407,4,GraphSAGE,PCA
27817,-0.12295389,-4.0486455,10,GraphSAGE,PCA
30537,-0.20664462,-2.8090138,19,GraphSAGE,PCA
158187,-2.5433075,-0.64378834,24,GraphSAGE,PCA
167540,13.089416,4.7262154,28,GraphSAGE,PCA
43257,-1.0257878,-2.7850835,9,GraphSAGE,PCA
153034,-3.9906645,0.9855609,24,GraphSAGE,PCA
87044,1.2307954,-3.342458,4,GraphSAGE,PCA
105094,-4.72838,-1.0257288,30,GraphSAGE,PCA
49165,-4.5968323,2.7025542,16,GraphSAGE,PCA
107288,-0.64809316,-1.4869094,11,GraphSAGE,PCA
161043,-3.0181198,2.8320184,16,GraphSAGE,PCA
34263,-4.553205,-1.3192751,30,GraphSAGE,PCA
53598,5.730346,0.36943364,28,GraphSAGE,PCA
162789,-3.4677577,9.264402,16,GraphSAGE,PCA
136600,-1.9646394,-2.9341042,38,GraphSAGE,PCA
77749,-0.80300784,-1.8849688,34,GraphSAGE,PCA
140242,-1.4386269,-1.7011104,26,GraphSAGE,PCA
52385,-2.713366,4.9445014,16,GraphSAGE,PCA
62690,-0.8417262,-2.8255997,23,GraphSAGE,PCA
92416,1.5724885,-2.8556206,34,GraphSAGE,PCA
93777,-1.336169,-2.8075044,24,GraphSAGE,PCA
23875,2.1130111,-2.306584,35,GraphSAGE,PCA
6323,-4.352501,5.770309,16,GraphSAGE,PCA
39964,5.3133063,-1.0909505,8,GraphSAGE,PCA
38910,1.0200965,-2.4519165,0,GraphSAGE,PCA
164819,-3.0124207,9.750656,16,GraphSAGE,PCA
154824,-2.6170344,-3.1239364,24,GraphSAGE,PCA
103887,-4.079956,1.7129669,24,GraphSAGE,PCA
18210,-2.7677722,3.3641868,27,GraphSAGE,PCA
54202,-3.4734282,-1.0217764,16,GraphSAGE,PCA
129919,-3.7776606,4.3546658,16,GraphSAGE,PCA
158674,-0.2726572,-0.441478,24,GraphSAGE,PCA
122880,-2.9596908,-3.0573542,30,GraphSAGE,PCA
123439,3.3967695,-4.0932813,4,GraphSAGE,PCA
111460,0.79623014,-3.2020645,5,GraphSAGE,PCA
41221,0.06641662,-3.9849553,2,GraphSAGE,PCA
47536,-2.5559533,6.4981685,16,GraphSAGE,PCA
20093,0.6642887,1.5967898,23,GraphSAGE,PCA
113630,-4.6077914,-1.3038874,30,GraphSAGE,PCA
112574,4.613473,-0.0021896362,28,GraphSAGE,PCA
18352,-5.4766827,6.0593686,16,GraphSAGE,PCA
53363,1.5902817,-1.6357538,11,GraphSAGE,PCA
93652,-3.03173,7.215753,16,GraphSAGE,PCA
51079,-4.1675167,-1.4289032,30,GraphSAGE,PCA
23707,-2.8914626,3.765647,4,GraphSAGE,PCA
91758,-1.089739,-0.29525518,34,GraphSAGE,PCA
151487,-2.0195143,-1.6688739,10,GraphSAGE,PCA
1676,4.2135344,-2.2511191,28,GraphSAGE,PCA
139678,2.1701446,-2.3712003,34,GraphSAGE,PCA
61477,0.35751998,-2.6420631,26,GraphSAGE,PCA
3653,-2.6777074,-1.2287753,26,GraphSAGE,PCA
48103,-3.5022242,-2.6568623,38,GraphSAGE,PCA
74196,-3.0233045,5.292586,16,GraphSAGE,PCA
143652,-2.0664573,-2.1167982,39,GraphSAGE,PCA
88018,0.4233412,-1.5650117,27,GraphSAGE,PCA
92132,-2.9508457,-2.4940794,6,GraphSAGE,PCA
56051,-1.5905683,-1.8597949,20,GraphSAGE,PCA
161236,-4.8704233,4.6153097,31,GraphSAGE,PCA
45132,0.0758782,-2.0934544,26,GraphSAGE,PCA
136526,-0.12252852,0.44283462,27,GraphSAGE,PCA
80045,-1.3651034,-2.749793,10,GraphSAGE,PCA
91669,-5.8495893,-1.7126181,30,GraphSAGE,PCA
96654,-2.7823284,-2.9696503,31,GraphSAGE,PCA
27221,-5.6383886,-1.7636961,30,GraphSAGE,PCA
158547,-5.5402985,-0.80902934,30,GraphSAGE,PCA
74583,-1.4590731,-2.861342,38,GraphSAGE,PCA
82958,0.85887605,-2.2308638,5,GraphSAGE,PCA
113460,0.71837085,-3.2363803,5,GraphSAGE,PCA
82275,1.8151064,-1.5199659,4,GraphSAGE,PCA
46635,1.1021245,-2.9883738,5,GraphSAGE,PCA
13986,-2.9054937,0.55158687,24,GraphSAGE,PCA
10981,-4.737632,4.99536,16,GraphSAGE,PCA
132333,-0.38101873,-2.7499595,26,GraphSAGE,PCA
78972,1.6979117,2.565507,16,GraphSAGE,PCA
81542,-2.907557,-0.09691501,30,GraphSAGE,PCA
70697,-2.3981636,-0.46607482,24,GraphSAGE,PCA
162063,-0.6475986,-3.7836514,2,GraphSAGE,PCA
25613,-3.74919,4.042277,16,GraphSAGE,PCA
3855,-1.8440211,8.966793,16,GraphSAGE,PCA
49834,-1.3200723,-0.5270834,16,GraphSAGE,PCA
99908,-4.9107633,-2.4756923,30,GraphSAGE,PCA
103550,-0.49561894,2.615026,24,GraphSAGE,PCA
58647,-5.385871,0.38318872,30,GraphSAGE,PCA
75583,0.29372394,-1.1997114,34,GraphSAGE,PCA
98244,-2.63633,-3.1483257,10,GraphSAGE,PCA
167334,3.0878217,-1.8978502,27,GraphSAGE,PCA
156419,-1.0207224,-2.079758,34,GraphSAGE,PCA
50723,-3.4274664,-0.06822109,26,GraphSAGE,PCA
28844,0.1892361,-3.724342,36,GraphSAGE,PCA
134164,-1.7918618,-2.9889872,37,GraphSAGE,PCA
99361,-0.6479833,1.4088128,24,GraphSAGE,PCA
29621,0.9369481,-3.0711312,31,GraphSAGE,PCA
17483,12.111766,3.0589356,28,GraphSAGE,PCA
114590,2.1886911,-0.3767476,19,GraphSAGE,PCA
24437,0.82426256,-3.7365463,4,GraphSAGE,PCA
111700,1.6807077,-1.8714877,4,GraphSAGE,PCA
55776,-4.0430527,-2.2031362,37,GraphSAGE,PCA
31827,-1.870848,-2.3007357,10,GraphSAGE,PCA
83529,2.7724462,-1.537683,24,GraphSAGE,PCA
30344,1.8926985,-4.0738544,4,GraphSAGE,PCA
7036,1.3242133,-2.4050014,9,GraphSAGE,PCA
133058,-1.165554,-3.1899595,27,GraphSAGE,PCA
70311,-4.229864,2.907278,3,GraphSAGE,PCA
128088,-0.042364657,2.5216289,27,GraphSAGE,PCA
14279,-4.649612,8.96611,16,GraphSAGE,PCA
106320,6.2048187,0.46602845,28,GraphSAGE,PCA
109889,-3.1667044,-2.2211297,26,GraphSAGE,PCA
16012,9.800563,1.7351651,28,GraphSAGE,PCA
98772,-3.2925022,2.9261584,16,GraphSAGE,PCA
23712,-2.6949103,1.6016836,24,GraphSAGE,PCA
106080,1.2866342,-2.3148475,4,GraphSAGE,PCA
52197,-3.1109495,0.67769814,16,GraphSAGE,PCA
73069,-1.3963333,-3.362761,2,GraphSAGE,PCA
112168,16.39678,5.5529304,28,GraphSAGE,PCA
121666,-0.9056127,-2.345327,34,GraphSAGE,PCA
83330,-1.617634,1.3103487,27,GraphSAGE,PCA
128273,-0.06366247,6.3277173,16,GraphSAGE,PCA
3301,-4.2327633,7.195168,16,GraphSAGE,PCA
144863,-2.3391824,5.3752036,16,GraphSAGE,PCA
78334,8.01422,0.5148463,28,GraphSAGE,PCA
29894,-6.4777575,-0.4052832,24,GraphSAGE,PCA
92490,-1.6133764,0.61535954,24,GraphSAGE,PCA
97955,-0.11679259,0.617419,24,GraphSAGE,PCA
136758,-0.16590291,-2.954003,11,GraphSAGE,PCA
51742,-0.008402944,-2.1875837,10,GraphSAGE,PCA
122039,-2.1106632,3.5695205,16,GraphSAGE,PCA
34223,-3.1667662,-1.7722163,10,GraphSAGE,PCA
119066,-1.2343394,1.4976804,6,GraphSAGE,PCA
77081,10.039895,3.4191108,28,GraphSAGE,PCA
21576,-2.2827992,-0.58341825,13,GraphSAGE,PCA
152651,3.829958,-0.2687657,28,GraphSAGE,PCA
75602,-0.7921602,-1.4757957,4,GraphSAGE,PCA
16302,0.5456577,4.3910184,27,GraphSAGE,PCA
13403,-1.7500467,-2.8636262,26,GraphSAGE,PCA
46043,0.36682332,0.114424706,14,GraphSAGE,PCA
124634,2.1480978,-4.705656,5,GraphSAGE,PCA
76000,-1.9968231,-2.214389,10,GraphSAGE,PCA
133445,-0.9716208,-2.7432678,6,GraphSAGE,PCA
121249,-0.043473363,-3.2755978,34,GraphSAGE,PCA
44167,-4.063152,0.25281072,16,GraphSAGE,PCA
131713,-4.2731347,1.2413008,16,GraphSAGE,PCA
44571,-1.6779792,-1.2417889,38,GraphSAGE,PCA
163922,-0.00110358,-2.9081006,3,GraphSAGE,PCA
129259,-6.724462,-0.014909029,30,GraphSAGE,PCA
44968,-2.0394914,1.9099789,24,GraphSAGE,PCA
77367,-1.238914,-0.20574117,24,GraphSAGE,PCA
118348,0.3789255,-1.9235141,26,GraphSAGE,PCA
83735,5.7764063,0.5754099,28,GraphSAGE,PCA
153679,5.8565316,-1.7079439,28,GraphSAGE,PCA
61950,3.2126887,-2.2617402,34,GraphSAGE,PCA
162699,1.160954,-2.6392214,8,GraphSAGE,PCA
57330,-2.090281,-2.6042058,3,GraphSAGE,PCA
19960,-1.3428903,-2.5478978,6,GraphSAGE,PCA
57948,-6.4775176,2.2420998,24,GraphSAGE,PCA
14825,-0.07500166,-1.4251851,24,GraphSAGE,PCA
162331,4.938003,-0.41892982,4,GraphSAGE,PCA
61200,-0.5035683,-2.9493062,34,GraphSAGE,PCA
102707,-0.7964886,-4.4095936,22,GraphSAGE,PCA
106613,-1.3813184,-2.029697,13,GraphSAGE,PCA
115650,8.821554,2.4294915,8,GraphSAGE,PCA
51001,-2.5543184,-3.401672,23,GraphSAGE,PCA
40388,0.4892947,-3.0535471,10,GraphSAGE,PCA
64452,-5.3050804,8.862919,16,GraphSAGE,PCA
28116,-4.962424,-1.917906,30,GraphSAGE,PCA
75470,-3.5011637,-2.6195593,31,GraphSAGE,PCA
83839,-0.7599106,-3.0382159,4,GraphSAGE,PCA
117789,0.52336913,-3.554259,20,GraphSAGE,PCA
84128,-3.6593683,0.15585685,24,GraphSAGE,PCA
25765,-1.6776509,-2.3841214,10,GraphSAGE,PCA
158683,-4.6253796,0.37405014,24,GraphSAGE,PCA
84758,-1.1987671,-1.9542139,34,GraphSAGE,PCA
152353,12.687569,3.6988668,28,GraphSAGE,PCA
27281,-5.639023,-1.1414948,30,GraphSAGE,PCA
121302,11.836737,4.1069746,8,GraphSAGE,PCA
78134,-1.7399065,5.8514056,27,GraphSAGE,PCA
117872,8.335237,1.5379646,28,GraphSAGE,PCA
122201,-0.32411534,-3.6029344,24,GraphSAGE,PCA
130524,8.096211,1.6719213,28,GraphSAGE,PCA
15233,0.6611591,-3.3467786,5,GraphSAGE,PCA
17956,-2.4261727,-1.1760212,24,GraphSAGE,PCA
3842,-2.7234337,-2.5555797,6,GraphSAGE,PCA
56553,-2.9463131,-1.6170039,1,GraphSAGE,PCA
28247,0.8866262,-2.4564414,5,GraphSAGE,PCA
54342,6.967765,0.93325853,8,GraphSAGE,PCA
137714,-2.6012776,-3.409809,38,GraphSAGE,PCA
70709,-3.0538893,1.0509379,25,GraphSAGE,PCA
68752,-5.187501,-1.2025808,30,GraphSAGE,PCA
69226,0.9410568,-4.198157,36,GraphSAGE,PCA
112389,-4.1876407,-2.7074158,30,GraphSAGE,PCA
168524,-1.9875057,-3.1910584,10,GraphSAGE,PCA
132623,-3.1032333,-2.8127863,17,GraphSAGE,PCA
85441,-1.8472927,-2.2964442,24,GraphSAGE,PCA
94242,0.115330756,-2.6127338,5,GraphSAGE,PCA
21365,2.9959247,3.3997421,27,GraphSAGE,PCA
111988,-1.23511,-2.8756847,10,GraphSAGE,PCA
73481,-4.006431,9.502434,16,GraphSAGE,PCA
49673,0.56345695,2.2548642,27,GraphSAGE,PCA
155258,1.0629332,-4.010428,5,GraphSAGE,PCA
47607,-3.8400476,-0.094338894,24,GraphSAGE,PCA
144773,-3.7438908,-1.5568366,24,GraphSAGE,PCA
9864,10.585855,2.3576722,28,GraphSAGE,PCA
139023,6.684138,0.09321451,18,GraphSAGE,PCA
39581,-2.121574,11.599279,16,GraphSAGE,PCA
5869,-1.1220028,-2.7841425,9,GraphSAGE,PCA
144394,-0.7880771,1.4213603,25,GraphSAGE,PCA
167958,-2.506669,-1.1491665,24,GraphSAGE,PCA
69123,-0.52361006,-1.6734471,14,GraphSAGE,PCA
46792,-0.55032045,-3.5354118,8,GraphSAGE,PCA
36308,1.9688077,-3.6329727,8,GraphSAGE,PCA
166282,-1.7722607,3.505341,16,GraphSAGE,PCA
73894,-4.2990913,3.8306146,16,GraphSAGE,PCA
58798,-5.5689898,6.5732827,24,GraphSAGE,PCA
5214,10.07819,2.7065973,28,GraphSAGE,PCA
102004,0.7956341,-2.7050662,13,GraphSAGE,PCA
51430,-1.5888823,-3.7396605,22,GraphSAGE,PCA
134506,-1.6017362,-3.660808,37,GraphSAGE,PCA
94623,-2.0386264,-1.3008738,6,GraphSAGE,PCA
15324,-1.0621299,-2.2528996,39,GraphSAGE,PCA
93672,0.16535199,-2.0081277,26,GraphSAGE,PCA
95668,1.5564728,-3.8318696,9,GraphSAGE,PCA
107403,1.5897033,-1.3774751,26,GraphSAGE,PCA
97231,-3.4377792,5.5234175,16,GraphSAGE,PCA
129450,-1.0512941,0.08051801,10,GraphSAGE,PCA
13401,-1.4141498,-2.8994713,34,GraphSAGE,PCA
95648,-4.1324673,-2.4377818,30,GraphSAGE,PCA
144695,-3.3863997,-2.1354768,30,GraphSAGE,PCA
79718,-0.35944816,-2.7670417,39,GraphSAGE,PCA
110743,6.4843683,-1.2169616,28,GraphSAGE,PCA
113108,-3.291564,5.294644,24,GraphSAGE,PCA
74392,0.44449347,-1.4181869,39,GraphSAGE,PCA
19381,2.7077427,-3.8261647,36,GraphSAGE,PCA
41541,-1.5247464,3.6008816,16,GraphSAGE,PCA
23657,-3.1984854,5.623589,16,GraphSAGE,PCA
6305,-0.6107346,-0.9620855,6,GraphSAGE,PCA
96246,0.39780432,-4.9395823,9,GraphSAGE,PCA
85563,-1.7182102,-2.8205295,10,GraphSAGE,PCA
77662,-0.3221659,0.2104156,34,GraphSAGE,PCA
94032,4.3536916,1.4158378,28,GraphSAGE,PCA
132124,5.0210214,0.3422897,28,GraphSAGE,PCA
46898,1.2215638,-2.5574398,5,GraphSAGE,PCA
119337,9.099277,1.7854638,28,GraphSAGE,PCA
79805,2.8388062,3.2565866,28,GraphSAGE,PCA
112516,5.392127,2.54843,16,GraphSAGE,PCA
132066,-4.6923833,-0.69572806,30,GraphSAGE,PCA
133177,2.586377,-2.8650384,39,GraphSAGE,PCA
134856,-2.3509433,-3.244413,24,GraphSAGE,PCA
1245,1.1880593,0.7804301,34,GraphSAGE,PCA
136221,-3.0013504,5.837933,16,GraphSAGE,PCA
33832,-5.6249037,-1.3420727,30,GraphSAGE,PCA
140934,-4.3464255,7.6414742,24,GraphSAGE,PCA
23652,-4.850236,1.2404597,24,GraphSAGE,PCA
107768,0.5782024,-0.78903246,34,GraphSAGE,PCA
115509,0.19965804,-4.3753996,2,GraphSAGE,PCA
40544,1.959578,-2.1711075,19,GraphSAGE,PCA
48798,-0.19955093,-3.0670152,34,GraphSAGE,PCA
152000,1.5638659,-3.4703677,5,GraphSAGE,PCA
65580,0.7387573,-2.5827408,23,GraphSAGE,PCA
142457,2.9256234,-3.046574,9,GraphSAGE,PCA
136207,1.6916783,-3.2346795,4,GraphSAGE,PCA
73661,-2.0467587,-2.0890217,10,GraphSAGE,PCA
140863,-0.82062656,-2.1616998,34,GraphSAGE,PCA
129961,3.333072,0.48771334,27,GraphSAGE,PCA
52869,0.6742298,8.505936,16,GraphSAGE,PCA
16456,-3.657922,-1.0676671,24,GraphSAGE,PCA
118525,-2.3118944,-1.666899,24,GraphSAGE,PCA
106593,-3.3998265,4.848261,16,GraphSAGE,PCA
140939,2.1286473,-2.498855,19,GraphSAGE,PCA
27198,9.170865,3.4682307,28,GraphSAGE,PCA
73993,-2.6350548,4.979696,16,GraphSAGE,PCA
159159,4.646041,0.16475749,28,GraphSAGE,PCA
113375,-4.3465395,7.3919797,17,GraphSAGE,PCA
95550,1.0317478,-2.8051937,34,GraphSAGE,PCA
38408,-2.1585288,-1.7532196,26,GraphSAGE,PCA
55891,0.008176744,-3.9220686,2,GraphSAGE,PCA
80521,-2.7703834,1.5589857,25,GraphSAGE,PCA
116199,-1.0555663,-2.7781324,34,GraphSAGE,PCA
21991,-5.7314386,-1.2530236,30,GraphSAGE,PCA
78362,2.6784809,0.90706706,1,GraphSAGE,PCA
32072,3.6949296,-0.71689415,8,GraphSAGE,PCA
134687,9.502816,1.6659465,28,GraphSAGE,PCA
79483,-1.709127,-3.0028715,23,GraphSAGE,PCA
12922,-4.6272907,7.4229703,16,GraphSAGE,PCA
62709,-2.1212854,2.0625753,16,GraphSAGE,PCA
153286,-4.3544974,6.4213758,16,GraphSAGE,PCA
55155,-5.416508,-1.6572137,30,GraphSAGE,PCA
69548,-4.3229485,-1.2089357,31,GraphSAGE,PCA
163780,2.1914957,-3.0946093,36,GraphSAGE,PCA
62065,-3.946827,6.9388003,16,GraphSAGE,PCA
126074,1.1031661,0.74851274,28,GraphSAGE,PCA
156168,3.681325,-0.93614006,8,GraphSAGE,PCA
115629,-1.984132,-2.6262858,38,GraphSAGE,PCA
125842,2.5691736,-3.4351978,9,GraphSAGE,PCA
26119,4.9726067,-0.025459051,28,GraphSAGE,PCA
92527,0.069270074,-2.7787116,4,GraphSAGE,PCA
7415,-3.6920505,2.6500254,24,GraphSAGE,PCA
84270,6.136158,0.80386925,8,GraphSAGE,PCA
79011,15.0875435,4.378602,28,GraphSAGE,PCA
61606,-2.969087,0.7070489,13,GraphSAGE,PCA
32950,-2.811668,-0.9304013,24,GraphSAGE,PCA
128645,2.8883677,-1.9641373,4,GraphSAGE,PCA
131775,-3.6468196,2.6365705,25,GraphSAGE,PCA
114768,-1.1780214,0.37050962,34,GraphSAGE,PCA
151201,-5.5572,-2.1138117,30,GraphSAGE,PCA
75453,-5.75139,-1.6330898,30,GraphSAGE,PCA
164337,-2.4189653,-0.79822934,13,GraphSAGE,PCA
11498,-3.4056554,0.35448885,24,GraphSAGE,PCA
60021,2.0266206,1.8769822,24,GraphSAGE,PCA
118599,4.4705534,-2.945929,19,GraphSAGE,PCA
128345,-0.5303978,-3.7315695,2,GraphSAGE,PCA
27973,5.018711e-05,-4.8929396,2,GraphSAGE,PCA
106943,-0.58572656,3.0059433,27,GraphSAGE,PCA
46856,5.128688,-0.6704742,28,GraphSAGE,PCA
140122,-4.23928,2.4738393,30,GraphSAGE,PCA
145314,0.5081145,-3.240079,34,GraphSAGE,PCA
10804,-4.135124,6.905639,16,GraphSAGE,PCA
150327,-2.077384,-0.7874534,24,GraphSAGE,PCA
93896,-3.4094613,4.1399884,16,GraphSAGE,PCA
15599,7.911084,0.6170778,4,GraphSAGE,PCA
38474,7.458866,1.1524103,28,GraphSAGE,PCA
76268,-1.9069126,0.6769662,24,GraphSAGE,PCA
75076,-4.9211826,5.2331033,16,GraphSAGE,PCA
92349,5.2574754,0.14351916,4,GraphSAGE,PCA
139306,-2.8131437,0.80422044,24,GraphSAGE,PCA
68135,-2.4930449,-2.521467,6,GraphSAGE,PCA
109017,-3.4638784,-1.502094,10,GraphSAGE,PCA
132334,-2.1167338,-0.23601532,24,GraphSAGE,PCA
156919,0.3446108,-4.772967,22,GraphSAGE,PCA
30909,-0.43969208,-2.0558844,13,GraphSAGE,PCA
62784,-0.6098087,-1.8458431,26,GraphSAGE,PCA
84721,-1.5118642,1.4095094,16,GraphSAGE,PCA
76261,-0.7527224,0.991061,6,GraphSAGE,PCA
142190,-3.0027695,0.6845372,16,GraphSAGE,PCA
21692,-1.4153135,-2.2719097,24,GraphSAGE,PCA
86903,-0.728748,-1.8100276,24,GraphSAGE,PCA
133102,3.1514726,-2.4576917,5,GraphSAGE,PCA
121489,-0.06895125,-1.3778979,24,GraphSAGE,PCA
128883,-0.49210304,1.1602771,16,GraphSAGE,PCA
124585,-1.6411746,9.751236,16,GraphSAGE,PCA
165204,3.1917493,-2.3188298,8,GraphSAGE,PCA
89150,-4.598614,4.493159,16,GraphSAGE,PCA
15947,-1.2165862,-3.3236346,0,GraphSAGE,PCA
34115,-0.377963,-3.6674156,2,GraphSAGE,PCA
118089,-0.92068076,-2.9424267,2,GraphSAGE,PCA
14553,7.728441,-0.3070767,28,GraphSAGE,PCA
145393,-2.3537595,-2.4285722,24,GraphSAGE,PCA
73326,-2.4581923,-0.105984926,24,GraphSAGE,PCA
74319,0.17811501,-3.984194,2,GraphSAGE,PCA
110845,-2.5826418,-1.0079892,13,GraphSAGE,PCA
131063,-0.17600912,-5.0160375,2,GraphSAGE,PCA
15114,1.6028922,-2.2648458,4,GraphSAGE,PCA
